uniprot_id	string_id	A	C	D	E	F	G	H	I	K	L	M	N	P	Q	R	S	T	V	W	Y	abundance
sp|P00401|COX1_YEAST	4932.Q0045	44	1	13	9	44	43	16	49	10	68	21	27	25	9	9	43	31	38	10	24	2.79442341405048
sp|P00854|ATP6_YEAST	4932.Q0085	15	1	4	4	22	17	4	34	5	46	11	14	8	5	4	18	18	13	5	11	29.8074405002277
sp|P03879|MBI4_YEAST	4932.Q0105	28	9	21	13	44	33	16	57	51	63	23	62	14	18	20	41	32	36	14	43	0.624369106049637
sp|Q9ZZW7|MBI3_YEAST	4932.Q0110	15	6	17	12	28	26	10	59	46	47	33	50	14	9	13	32	22	23	11	44	0.119375813930523
sp|Q9ZZW7|MBI3_YEAST	4932.Q0115	15	6	17	12	28	26	10	59	46	47	33	50	14	9	13	32	22	23	11	44	0.643126486629806
sp|Q9ZZW7|MBI3_YEAST	4932.Q0120	15	6	17	12	28	26	10	59	46	47	33	50	14	9	13	32	22	23	11	44	0.106320060824363
sp|P61829|ATP9_YEAST	4932.Q0130	10	1	1	1	6	10	0	9	2	12	3	2	2	1	1	5	3	6	0	1	0.407963499115588
sp|P02381|RMAR_YEAST	4932.Q0140	3	1	10	2	5	10	5	42	38	41	33	127	7	4	5	16	13	5	3	28	1.85776095839429
sp|P00410|COX2_YEAST	4932.Q0250	15	4	14	16	12	12	5	26	8	29	8	8	13	9	5	13	16	19	5	14	25.8263395633286
sp|P03871|REP1_YEAST	4932.R0020C	18	7	20	34	20	18	12	30	27	24	5	18	14	16	20	24	19	27	6	14	6.70142829705679
sp|Q06891|RAF_YEAST	4932.R0030W	7	6	14	10	9	1	1	14	7	28	2	6	12	10	16	11	11	8	1	7	0.147422702467978
sp|P03872|REP2_YEAST	4932.R0040C	23	2	20	22	6	11	1	17	22	28	10	14	15	10	25	25	19	20	1	5	3.5723770888889
sp|P34111|TFC3_YEAST	4932.YAL001C	52	7	79	73	42	59	16	87	125	97	17	66	30	37	64	97	75	87	15	35	7.76569056260509
sp|P39702|VPS8_YEAST	4932.YAL002W	50	26	69	80	59	45	30	102	79	161	15	75	47	53	41	129	67	82	14	50	0.595010421665522
sp|P32471|EF1B_YEAST	4932.YAL003W	32	1	22	22	10	6	3	12	18	12	4	6	6	9	2	15	8	12	3	3	2541.56648657266
sp|P10592|HSP72_YEAST	4932.YAL005C	59	3	48	53	28	49	5	38	52	48	8	32	28	24	26	39	45	43	1	10	8176.13147681691
sp|P10592|HSP72_YEAST	4932.YLL024C	59	3	48	53	28	49	5	38	52	48	8	32	28	24	26	39	45	43	1	10	7983.66632773458
sp|P39704|ERP2_YEAST	4932.YAL007C	16	2	12	13	11	8	1	22	14	22	3	14	4	5	6	19	16	16	2	9	155.908429880549
sp|P18411|FUN14_YEAST	4932.YAL008W	10	1	4	5	13	19	1	12	17	28	8	14	5	5	10	12	9	18	3	4	7.40892077878438
sp|P18409|MDM10_YEAST	4932.YAL010C	17	5	29	21	28	17	11	24	29	59	6	38	18	18	20	66	44	15	8	20	1.46825562611055
sp|P31376|SWC3_YEAST	4932.YAL011W	37	3	40	69	14	18	9	28	85	46	19	28	29	32	40	47	31	30	6	14	12.0643508267918
sp|P31373|CYS3_YEAST	4932.YAL012W	41	0	21	21	14	28	14	24	22	40	3	22	17	15	13	29	28	30	2	10	1250.80272114829
sp|P31385|DEP1_YEAST	4932.YAL013W	25	6	33	55	7	9	10	21	28	37	9	24	18	23	20	26	22	14	2	16	4.43253742685154
sp|P31378|NTG1_YEAST	4932.YAL015C	15	5	21	30	6	19	5	28	36	42	12	14	23	22	17	26	24	33	10	11	1.11458942159106
sp|P31383|2AAA_YEAST	4932.YAL016W	53	7	53	39	27	17	4	47	35	91	9	35	21	27	23	50	29	49	7	12	201.503699653526
sp|P31374|PSK1_YEAST	4932.YAL017W	60	12	96	97	61	60	35	89	102	142	25	85	73	39	52	147	75	66	8	32	8.92674044240268
sp|P31380|FUN30_YEAST	4932.YAL019W	66	7	104	85	39	38	22	64	102	103	22	82	50	46	50	95	63	55	6	32	24.2911441815092
sp|P31386|ATS1_YEAST	4932.YAL020C	16	12	19	14	10	43	11	10	10	22	6	15	14	22	19	18	17	37	9	9	0.699818173051572
sp|P31384|CCR4_YEAST	4932.YAL021C	51	9	50	35	40	44	26	34	52	92	22	74	46	61	25	55	51	34	10	26	42.1152081604468
sp|P31381|FUN26_YEAST	4932.YAL022C	26	4	25	32	40	29	9	44	20	51	19	23	16	12	18	48	36	42	8	15	6.23949275010859
sp|P31382|PMT2_YEAST	4932.YAL023C	45	11	36	30	51	50	21	39	34	79	24	37	35	22	33	67	37	47	27	34	67.4232595395391
sp|P07866|LTE1_YEAST	4932.YAL024C	55	9	91	99	48	28	30	101	106	136	27	117	60	56	67	191	88	76	12	38	0.499212748229993
sp|P10962|MAK16_YEAST	4932.YAL025C	21	6	22	45	5	11	7	10	32	18	6	14	7	14	20	23	11	18	6	10	30.7680667410308
sp|P39524|ATC3_YEAST	4932.YAL026C	87	13	85	89	79	76	27	109	78	126	28	82	45	47	58	97	84	75	18	52	34.7501433557882
sp|P39735|SAW1_YEAST	4932.YAL027W	15	2	14	14	9	6	8	26	24	30	4	17	14	12	12	17	14	16	1	6	1.85328477994221
sp|P32492|MYO4_YEAST	4932.YAL029C	78	15	69	115	69	63	26	120	120	159	33	98	44	68	65	104	74	78	15	58	36.0036263090693
sp|P31109|SNC1_YEAST	4932.YAL030W	11	1	8	8	3	4	2	10	8	9	5	5	4	4	9	9	4	10	1	2	14.0019553035476
sp|P28005|POP5_YEAST	4932.YAL033W	6	4	13	10	6	7	4	20	14	17	5	12	4	4	10	20	5	9	0	3	65.7476788595945
sp|P39731|MTW1_YEAST	4932.YAL034W-A	11	2	25	30	6	9	1	17	32	43	6	16	7	9	15	18	15	19	0	8	18.2515494317716
sp|P39730|IF2P_YEAST	4932.YAL035W	84	7	61	123	20	54	12	48	122	92	17	33	36	50	44	63	47	65	6	18	583.974931131493
sp|P39729|RBG1_YEAST	4932.YAL036C	23	4	24	22	10	28	7	31	29	39	6	13	14	11	20	26	21	30	2	9	169.015660623074
sp|P00549|KPYK1_YEAST	4932.YAL038W	43	7	32	28	15	34	7	37	37	35	11	26	25	10	24	27	38	48	1	15	12225.1815719919
sp|P06182|CCHL_YEAST	4932.YAL039C	13	4	19	18	11	20	8	7	14	17	14	10	25	12	13	29	7	17	7	4	11.1846671467266
sp|P11433|CDC24_YEAST	4932.YAL041W	37	7	36	54	41	17	25	62	62	84	22	70	31	40	34	127	46	35	6	18	26.1425172851856
sp|P39727|ERV46_YEAST	4932.YAL042W	24	10	27	20	22	37	16	20	21	35	9	27	17	19	21	26	22	27	4	11	49.1963173899218
sp|Q01329|PTA1_YEAST	4932.YAL043C	38	4	48	51	29	26	12	46	61	104	21	40	36	40	29	92	47	36	7	18	24.6975716538644
sp|P39726|GCSH_YEAST	4932.YAL044C	10	0	8	17	3	14	3	6	9	16	5	9	7	8	5	12	14	15	3	6	582.859303645126
sp|Q3E793|YA044_YEAST	4932.YAL044W-A	9	1	4	7	6	8	6	3	11	10	5	4	4	6	6	7	4	5	0	4	7.72892153627938
sp|P39724|AIM1_YEAST	4932.YAL046C	3	2	4	5	2	8	3	8	12	12	6	3	5	8	6	12	9	6	3	1	3.73615916629662
sp|P39723|SPC72_YEAST	4932.YAL047C	19	0	40	69	19	10	14	52	53	79	10	59	15	39	23	65	27	15	3	11	3.79181704020876
sp|P39722|GEM1_YEAST	4932.YAL048C	29	17	50	36	37	28	13	46	50	82	8	31	30	22	24	55	38	38	7	21	0.556873726057563
sp|P39721|AIM2_YEAST	4932.YAL049C	25	4	18	14	17	19	9	19	20	17	3	9	11	5	6	15	8	17	2	8	28.1675929242591
sp|P39720|OAF1_YEAST	4932.YAL051W	47	18	55	65	57	45	26	80	66	114	33	76	48	30	48	107	53	42	6	31	3.38074988584551
sp|P39719|FLC2_YEAST	4932.YAL053W	63	10	36	23	62	30	5	51	35	85	15	58	26	30	27	72	56	63	9	27	9.37637339470379
sp|Q01574|ACS1_YEAST	4932.YAL054C	56	7	48	38	26	50	20	44	47	58	8	23	40	22	30	51	47	55	12	31	12.7837617141707
sp|P39718|PEX22_YEAST	4932.YAL055W	11	5	14	9	5	12	2	14	16	10	4	6	8	4	10	17	10	16	2	5	6.56537066674135
sp|P27825|CALX_YEAST	4932.YAL058W	26	6	25	41	17	30	13	39	27	47	13	31	36	18	19	30	28	28	14	14	3.08970279069546
sp|P39715|ECM1_YEAST	4932.YAL059W	21	0	13	19	5	7	0	11	28	21	3	14	5	7	15	18	11	10	2	2	34.6948386031917
sp|P39714|BDH1_YEAST	4932.YAL060W	24	11	22	25	14	36	17	28	31	27	11	10	19	10	8	26	16	36	5	6	222.81528211027
sp|P39713|BDH2_YEAST	4932.YAL061W	36	14	25	34	12	37	18	32	23	32	10	17	18	6	22	17	21	26	5	12	20.2418006487234
sp|P39708|DHE5_YEAST	4932.YAL062W	40	6	21	34	21	46	4	30	31	27	10	21	14	18	16	37	23	37	6	15	32.2328195654932
sp|Q05359|ERP1_YEAST	4932.YAR002C-A	19	5	15	12	11	14	6	15	19	22	4	5	2	14	8	12	11	15	4	6	185.783547197068
sp|P39705|NUP60_YEAST	4932.YAR002W	40	0	19	41	23	20	6	23	52	25	6	46	35	18	21	87	31	31	0	15	40.2854182398004
sp|P22336|RFA1_YEAST	4932.YAR007C	47	5	42	37	32	31	9	41	39	48	10	55	21	32	33	45	36	31	7	20	88.8210811845094
sp|P27637|BUD14_YEAST	4932.YAR014C	35	3	83	68	21	33	16	28	44	43	13	50	30	25	25	102	32	33	4	21	38.3679041086564
sp|P27616|PUR7_YEAST	4932.YAR015W	19	1	21	26	11	19	6	22	29	29	3	9	13	9	12	20	19	21	5	12	458.125838353943
sp|P22209|KIN3_YEAST	4932.YAR018C	13	6	19	37	14	23	14	30	35	38	10	17	20	28	26	29	17	25	4	30	0.765101758360483
sp|P27636|CDC15_YEAST	4932.YAR019C	53	13	58	42	51	28	23	82	70	111	17	64	42	27	33	103	60	53	11	33	6.83833330359698
sp|P39547|UIP3_YEAST	4932.YAR027W	13	4	8	19	14	7	8	25	15	25	5	12	13	5	6	15	13	14	4	10	3.06415048872857
sp|P39548|YAJ8_YEAST	4932.YAR028W	17	3	11	16	11	8	6	18	14	20	11	10	10	7	4	23	14	16	3	12	14.7858558636749
sp|P39551|PRM9_YEAST	4932.YAR031W	17	5	14	22	25	10	7	17	25	25	6	11	11	11	13	24	16	16	5	18	0.767150670898821
sp|P80235|CACM_YEAST	4932.YAR035W	53	11	48	29	33	33	19	32	26	67	9	31	30	36	46	56	52	39	10	27	1.34040021904296
sp|P35845|OSH1_YEAST	4932.YAR042W	71	8	96	89	36	54	35	56	90	111	22	89	52	47	52	95	70	59	21	35	5.34486586147032
sp|P38693|PPAC_YEAST	4932.YAR071W	29	9	33	24	26	30	9	23	25	35	8	33	13	16	15	39	37	28	7	28	45.998508758839
sp|P38693|PPAC_YEAST	4932.YHR215W	29	9	33	24	26	30	9	23	25	35	8	33	13	16	15	39	37	28	7	28	68.5174360159862
sp|P50095|IMDH3_YEAST	4932.YAR073W	36	7	27	27	20	53	7	32	33	49	20	28	16	22	21	40	35	36	1	13	55.2364533064937
sp|P50095|IMDH3_YEAST	4932.YHR216W	36	7	27	27	20	53	7	32	33	49	20	28	16	22	21	40	35	36	1	13	181.314944238309
sp|P50095|IMDH3_YEAST	4932.YLR432W	36	7	27	27	20	53	7	32	33	49	20	28	16	22	21	40	35	36	1	13	616.051145351545
sp|P50094|IMDH4_YEAST	4932.YAR075W	36	9	24	27	19	53	7	29	40	49	20	26	17	21	15	42	35	40	1	14	36.805327234343
sp|P50094|IMDH4_YEAST	4932.YML056C	36	9	24	27	19	53	7	29	40	49	20	26	17	21	15	42	35	40	1	14	363.08907880853
sp|P35195|ECM15_YEAST	4932.YBL001C	5	2	9	6	2	8	5	11	9	6	3	0	4	3	4	7	8	9	1	2	29.8444820912045
sp|P02294|H2B2_YEAST	4932.YBL002W	17	0	3	8	2	4	2	8	19	6	2	3	5	4	6	19	11	7	0	5	2177.45282442799
sp|P02294|H2B2_YEAST	4932.YDR224C	17	0	3	8	2	4	2	8	19	6	2	3	5	4	6	19	11	7	0	5	2286.88248665587
sp|P04912|H2A2_YEAST	4932.YBL003C	19	0	3	5	1	14	3	7	11	17	1	8	5	6	10	8	5	6	0	3	1251.96769893339
sp|P04912|H2A2_YEAST	4932.YDR225W	19	0	3	5	1	14	3	7	11	17	1	8	5	6	10	8	5	6	0	3	375.905830501559
sp|P35194|UTP20_YEAST	4932.YBL004W	115	19	139	173	132	71	55	189	179	331	52	138	70	84	121	232	137	142	22	92	43.7377004619033
sp|Q12266|YB11A_YEAST	4932.YBL005W-A	24	5	21	17	14	15	16	22	21	26	13	32	41	33	17	48	39	17	3	16	5.67189784867499
sp|Q12266|YB11A_YEAST	4932.YDR170W-A	24	5	21	17	14	15	16	22	21	26	13	32	41	33	17	48	39	17	3	16	131.915380902271
sp|Q12266|YB11A_YEAST	4932.YMR046C	24	5	21	17	14	15	16	22	21	26	13	32	41	33	17	48	39	17	3	16	15.1881731596723
sp|Q12490|YB11B_YEAST	4932.YBL005W-B	80	17	104	88	52	66	63	126	125	146	33	117	110	81	75	178	133	73	14	74	2.01469545474181
sp|Q12490|YB11B_YEAST	4932.YGR027W-B	80	17	104	88	52	66	63	126	125	146	33	117	110	81	75	178	133	73	14	74	10.3979969611448
sp|Q12490|YB11B_YEAST	4932.YMR045C	80	17	104	88	52	66	63	126	125	146	33	117	110	81	75	178	133	73	14	74	3.8555532764804
sp|Q12490|YB11B_YEAST	4932.YNL284C-B	80	17	104	88	52	66	63	126	125	146	33	117	110	81	75	178	133	73	14	74	4.46690938099084
sp|P38210|LDB7_YEAST	4932.YBL006C	16	4	6	12	6	13	10	5	12	17	2	3	4	12	11	23	5	14	0	5	8.51229219162716
sp|P32790|SLA1_YEAST	4932.YBL007C	91	5	66	74	49	97	12	47	77	80	46	76	88	83	49	104	106	60	11	23	159.775988316011
sp|P32479|HIR1_YEAST	4932.YBL008W	39	13	63	46	28	48	20	65	66	79	10	46	41	21	40	83	49	53	16	14	1.87309489865326
sp|P32784|GPT1_YEAST	4932.YBL011W	50	9	36	63	38	38	19	55	59	65	19	33	37	21	38	64	37	50	4	24	38.5602680779819
sp|P32786|RRN6_YEAST	4932.YBL014C	33	6	76	56	41	33	20	72	52	83	11	53	41	50	43	96	41	53	14	20	0.629707385871243
sp|P32316|ACH1_YEAST	4932.YBL015W	40	4	34	33	22	34	20	33	34	44	13	30	34	14	26	28	27	38	5	13	110.933209267111
sp|P16892|FUS3_YEAST	4932.YBL016W	20	6	21	24	18	14	12	32	22	35	9	14	24	12	21	21	16	15	3	14	86.6626351407143
sp|P32319|VPS10_YEAST	4932.YBL017C	72	37	131	115	99	112	24	98	109	108	28	92	57	42	54	131	112	79	17	62	76.3374030198594
sp|P38207|APN2_YEAST	4932.YBL019W	18	11	35	27	26	30	8	42	45	44	11	33	22	18	34	45	25	26	5	15	0.247518064807357
sp|P36775|LONM_YEAST	4932.YBL022C	76	7	84	102	36	55	19	72	107	95	23	46	54	40	51	91	70	69	7	29	60.9796660271922
sp|P29469|MCM2_YEAST	4932.YBL023C	52	9	69	86	25	46	17	55	38	73	18	43	36	32	77	68	36	59	3	26	29.748599443543
sp|P38205|NCL1_YEAST	4932.YBL024W	45	14	40	58	30	30	18	31	61	59	12	48	34	21	36	39	37	49	12	10	249.759151894048
sp|P38204|RRN10_YEAST	4932.YBL025W	8	3	11	13	5	8	5	16	10	10	1	8	6	4	6	6	7	11	1	6	0.755013449598507
sp|P38203|LSM2_YEAST	4932.YBL026W	1	1	7	6	6	3	1	5	8	11	3	7	1	4	6	5	7	10	0	3	241.554822106881
sp|Q3E756|YB029_YEAST	4932.YBL029C-A	0	5	4	3	7	4	3	7	7	5	2	8	8	9	3	5	2	6	3	3	34.4998121851518
sp|P18239|ADT2_YEAST	4932.YBL030C	34	4	14	8	20	35	0	13	27	34	10	9	10	10	15	23	15	21	3	13	569.904678383697
sp|P38199|HEK2_YEAST	4932.YBL032W	31	2	20	35	13	24	8	39	30	25	3	26	16	7	18	34	22	22	0	6	189.000094890311
sp|P38066|RIB1_YEAST	4932.YBL033C	22	7	26	22	6	31	11	20	16	35	6	20	13	14	25	21	22	15	3	10	68.3077887079627
sp|P38198|STU1_YEAST	4932.YBL034C	59	14	91	102	83	28	26	112	131	170	44	140	55	58	44	154	90	56	9	47	0.978303272168789
sp|P38121|DPOA2_YEAST	4932.YBL035C	32	4	37	44	36	36	14	48	51	63	9	41	47	35	27	71	47	41	2	20	13.6717237692322
sp|P38197|YBD6_YEAST	4932.YBL036C	17	4	16	23	10	13	5	21	26	22	4	17	7	9	10	17	11	16	3	6	85.2420124839933
sp|P38065|AP2A_YEAST	4932.YBL037W	53	12	49	52	39	38	11	92	72	125	18	63	38	43	41	104	78	57	7	33	18.7816361720787
sp|P28274|URA7_YEAST	4932.YBL039C	30	8	35	48	19	48	20	40	45	55	17	20	23	15	21	30	35	46	6	18	280.853032881339
sp|P0C268|YB39B_YEAST	4932.YBL039W-B	2	1	2	1	8	2	1	5	6	2	4	5	3	0	2	7	4	2	1	1	0.41677464776825
sp|P18414|ERD2_YEAST	4932.YBL040C	11	0	6	5	18	10	8	21	15	33	7	6	4	5	8	15	17	10	5	15	259.269842853342
sp|P23724|PSB6_YEAST	4932.YBL041W	19	2	18	15	13	21	6	16	17	15	3	15	8	6	11	16	10	16	1	13	52.7965947738586
sp|P38196|FUI1_YEAST	4932.YBL042C	49	11	30	24	43	41	5	58	34	56	10	35	22	11	21	52	40	41	20	36	98.3111243634996
sp|P07256|QCR1_YEAST	4932.YBL045C	38	1	22	25	20	26	9	21	31	53	6	36	13	19	15	47	27	33	7	8	302.068944074874
sp|P38193|PP4R2_YEAST	4932.YBL046W	11	6	61	47	18	21	7	22	32	31	16	35	15	12	17	36	23	17	3	11	19.8866505958965
sp|P34216|EDE1_YEAST	4932.YBL047C	125	3	81	111	46	51	21	53	71	117	20	111	81	107	38	148	106	69	8	14	235.143263540421
sp|P32602|SEC17_YEAST	4932.YBL050W	30	7	24	24	15	17	3	14	27	30	4	15	3	15	10	25	6	9	3	11	59.1411701349224
sp|P34217|PIN4_YEAST	4932.YBL051C	43	1	24	30	15	27	16	39	22	59	15	86	38	67	21	90	36	17	1	21	38.7936667096491
sp|P34219|TOD6_YEAST	4932.YBL054W	24	3	26	31	16	15	28	30	42	34	9	44	35	17	28	72	37	20	4	10	1.97919741165636
sp|P34220|YBF5_YEAST	4932.YBL055C	28	9	26	26	20	18	11	22	34	43	9	18	16	18	14	40	20	23	4	19	9.18518372820467
sp|P34221|PP2C3_YEAST	4932.YBL056W	27	14	47	37	19	34	12	31	26	42	13	25	10	14	15	51	23	20	3	5	125.304996767805
sp|P34222|PTH2_YEAST	4932.YBL057C	26	4	13	14	4	13	4	13	14	18	7	8	6	7	7	18	17	8	2	5	7.88096458013355
sp|P34223|UBX1_YEAST	4932.YBL058W	28	2	32	35	17	33	6	11	23	28	7	29	24	25	25	38	25	20	3	12	100.514057879723
sp|Q3E7A4|COXM2_YEAST	4932.YBL059C-A	9	4	8	13	3	2	3	7	17	9	1	8	1	4	7	5	1	2	1	4	31.4728504914557
sp|P34224|YBF9_YEAST	4932.YBL059W	9	4	8	7	12	7	4	14	16	15	8	11	4	9	14	15	20	11	3	2	1.42610707866849
sp|P34226|SKT5_YEAST	4932.YBL061C	59	4	34	38	22	43	16	22	60	65	17	49	25	36	30	80	36	29	5	26	32.7630189819185
sp|P34227|PRX1_YEAST	4932.YBL064C	17	3	20	11	18	11	3	20	25	17	2	12	15	11	11	17	18	21	4	5	74.100820598122
sp|P34228|SEF1_YEAST	4932.YBL066C	62	16	59	48	45	44	34	57	62	113	22	94	77	57	45	128	94	50	10	31	2.20426839092416
sp|P38187|UBP13_YEAST	4932.YBL067C	28	16	49	55	33	38	14	41	65	59	11	61	39	24	28	85	39	36	3	23	1.9251081717831
sp|P38063|KPR4_YEAST	4932.YBL068W	31	5	24	17	9	16	10	29	21	32	7	16	12	10	14	23	19	24	0	7	56.6699409090864
sp|P35183|AST1_YEAST	4932.YBL069W	24	5	27	22	15	29	11	31	41	34	11	24	21	12	12	30	16	35	5	24	9.42799966892873
sp|P09435|HSP73_YEAST	4932.YBL075C	59	2	51	49	27	53	6	39	46	46	9	32	25	20	34	44	54	39	1	13	290.677451232373
sp|P09436|SYIC_YEAST	4932.YBL076C	56	9	78	79	53	57	20	67	93	99	18	46	45	24	46	71	58	84	22	47	1080.59124373127
sp|P38182|ATG8_YEAST	4932.YBL078C	8	1	7	10	8	4	1	10	13	6	3	3	8	2	8	6	6	7	0	6	8.29383255401051
sp|P38181|NU170_YEAST	4932.YBL079W	83	13	80	93	85	66	27	132	98	144	28	97	56	60	53	153	87	82	10	55	36.297597126533
sp|P38179|ALG3_YEAST	4932.YBL082C	32	10	14	13	25	16	13	28	20	74	21	16	22	19	18	31	19	32	13	22	0.488774807394999
sp|P38042|CDC27_YEAST	4932.YBL084C	51	16	28	30	27	23	20	45	50	86	16	84	31	38	22	84	42	24	5	36	9.01110167499298
sp|P38041|BOB1_YEAST	4932.YBL085W	50	4	46	69	38	40	26	44	88	65	15	62	55	42	44	154	70	36	6	26	18.9863633349303
sp|P38177|YBI6_YEAST	4932.YBL086C	18	2	25	24	14	30	12	22	40	39	7	46	23	15	17	49	46	16	7	14	6.79044647585148
sp|P38175|RT21_YEAST	4932.YBL090W	9	1	9	10	7	9	1	16	18	13	9	13	5	8	19	18	5	5	0	2	1.9431306196695
sp|P38174|MAP2_YEAST	4932.YBL091C	29	4	33	35	12	31	14	22	37	31	10	22	17	14	21	19	24	26	2	18	74.8831916892921
sp|P38061|RL32_YEAST	4932.YBL092W	12	0	3	4	4	7	8	8	19	9	2	7	5	2	11	8	8	9	1	3	2504.49270034898
sp|P25046|MED19_YEAST	4932.YBL093C	11	1	18	9	8	14	3	9	12	14	6	15	13	20	13	24	12	7	2	9	14.7439015377203
sp|P38172|YBJ5_YEAST	4932.YBL095W	16	4	12	19	16	20	11	16	21	34	5	11	14	8	11	13	11	18	5	5	1.72384577587667
sp|P38170|CND2_YEAST	4932.YBL097W	31	5	89	67	35	35	16	44	56	55	16	65	14	26	35	57	51	37	6	14	5.42239034922331
sp|P38169|KMO_YEAST	4932.YBL098W	28	7	32	26	24	28	13	37	37	48	16	17	15	12	26	35	23	16	3	17	6.556499151738
sp|P07251|ATPA_YEAST	4932.YBL099W	61	1	21	37	15	47	6	30	29	65	3	18	21	26	35	43	27	44	2	14	859.363562525416
sp|Q99195|YF21A_YEAST	4932.YBL100W-A	25	3	18	23	11	9	18	22	24	31	10	38	32	33	14	48	34	20	4	21	0.497144445258856
sp|Q12503|YG22B_YEAST	4932.YBL100W-B	79	15	112	89	49	60	64	127	133	151	30	134	96	85	73	166	138	72	15	82	0.495523865919126
sp|Q12503|YG22B_YEAST	4932.YCL019W	79	15	112	89	49	60	64	127	133	151	30	134	96	85	73	166	138	72	15	82	0.618685621706443
sp|Q12503|YG22B_YEAST	4932.YDR034C-D	79	15	112	89	49	60	64	127	133	151	30	134	96	85	73	166	138	72	15	82	0.445875076877655
sp|Q12503|YG22B_YEAST	4932.YDR210W-B	79	15	112	89	49	60	64	127	133	151	30	134	96	85	73	166	138	72	15	82	2.53311710319174
sp|Q12503|YG22B_YEAST	4932.YDR261W-B	79	15	112	89	49	60	64	127	133	151	30	134	96	85	73	166	138	72	15	82	0.535366639741552
sp|Q12503|YG22B_YEAST	4932.YGR161W-B	79	15	112	89	49	60	64	127	133	151	30	134	96	85	73	166	138	72	15	82	0.616702508959637
sp|Q12503|YG22B_YEAST	4932.YLR410W-B	79	15	112	89	49	60	64	127	133	151	30	134	96	85	73	166	138	72	15	82	0.605526789432348
sp|Q12503|YG22B_YEAST	4932.YOR192C-B	79	15	112	89	49	60	64	127	133	151	30	134	96	85	73	166	138	72	15	82	0.532409455697464
sp|Q12503|YG22B_YEAST	4932.YOR343W-B	79	15	112	89	49	60	64	127	133	151	30	134	96	85	73	166	138	72	15	82	0.426273145232155
sp|P38167|ECM21_YEAST	4932.YBL101C	54	7	65	67	38	56	24	62	65	85	18	86	76	33	60	147	75	61	3	35	17.1406648654775
sp|P38166|SFT2_YEAST	4932.YBL102W	19	5	6	7	20	10	1	6	5	30	7	8	9	11	13	19	16	13	4	6	37.0197803280716
sp|P38165|RTG3_YEAST	4932.YBL103C	25	0	26	37	13	27	18	23	24	45	14	40	27	23	22	65	27	13	1	16	11.6494857314607
sp|P38164|SEA4_YEAST	4932.YBL104C	59	23	75	62	33	60	19	72	57	85	23	85	36	29	64	97	55	45	19	40	13.4295042718472
sp|P24583|KPC1_YEAST	4932.YBL105C	64	24	72	87	48	55	30	71	98	98	25	58	49	72	56	86	73	43	13	29	26.9852044956134
sp|Q3E7Y5|YB111_YEAST	4932.YBL111C	38	14	37	48	38	36	14	34	50	65	12	29	26	15	46	51	35	48	6	25	19.0607056987945
sp|Q7M4S9|YB113_YEAST	4932.YBL113C	67	12	32	50	20	26	11	26	32	49	14	63	12	24	47	100	136	40	9	22	0.186233502300692
sp|P35172|TREB_YEAST	4932.YBR001C	47	7	47	58	34	50	18	39	49	74	17	42	39	21	46	51	43	38	12	48	1.86708512328112
sp|P35196|RER2_YEAST	4932.YBR002C	16	5	15	27	14	18	7	20	21	30	7	10	8	3	22	21	16	16	4	6	77.0270600655165
sp|P18900|COQ1_YEAST	4932.YBR003W	35	5	27	28	17	24	15	34	34	57	8	21	27	13	28	43	22	25	2	8	29.8485502610344
sp|P38212|RCR1_YEAST	4932.YBR005W	17	1	9	14	6	12	5	9	5	13	2	11	16	12	16	18	15	18	3	11	5.3068004036874
sp|P38067|UGA2_YEAST	4932.YBR006W	42	11	19	36	24	39	7	30	37	41	9	23	26	9	15	33	35	40	4	17	12.919204667078
sp|P00817|IPYR_YEAST	4932.YBR011C	22	1	24	19	11	16	6	27	29	17	3	16	20	7	6	13	19	14	6	11	1125.13877462485
sp|Q99209|YP13A_YEAST	4932.YBR012W-A	22	3	22	16	13	15	13	23	25	23	12	38	43	27	14	52	39	18	3	19	15.4910467550856
sp|Q99209|YP13A_YEAST	4932.YDR098C-A	22	3	22	16	13	15	13	23	25	23	12	38	43	27	14	52	39	18	3	19	16.371455489811
sp|Q99209|YP13A_YEAST	4932.YPR158W-A	22	3	22	16	13	15	13	23	25	23	12	38	43	27	14	52	39	18	3	19	15.5023337733185
sp|Q12193|YB12B_YEAST	4932.YBR012W-B	80	15	106	83	53	68	60	127	129	145	32	124	111	75	73	179	132	73	14	77	4.21331296005354
sp|P38068|GLRX7_YEAST	4932.YBR014C	13	1	12	15	8	10	7	11	14	14	3	15	6	6	7	19	16	19	1	6	5.19976271925262
sp|P38069|MNN2_YEAST	4932.YBR015C	34	7	48	34	34	35	11	29	57	60	10	35	25	9	17	43	36	33	4	36	49.2864848596958
sp|P38216|YBM6_YEAST	4932.YBR016W	7	5	2	3	1	14	3	1	2	4	3	11	10	33	3	6	3	2	0	15	18.7644763843955
sp|P38217|IMB2_YEAST	4932.YBR017C	56	16	70	64	47	35	19	76	44	111	28	57	37	37	23	68	46	51	12	21	71.2468514225183
sp|P08431|GAL7_YEAST	4932.YBR018C	21	6	18	24	18	12	13	16	23	38	6	23	23	19	19	30	15	20	7	15	7.90771031965195
sp|P04397|GAL10_YEAST	4932.YBR019C	44	10	40	44	30	54	14	44	43	57	9	48	31	21	28	42	45	50	6	39	9.15151225767183
sp|P04385|GAL1_YEAST	4932.YBR020W	47	14	24	34	26	32	11	24	38	48	10	29	26	12	16	45	24	45	3	20	42.4473633222907
sp|P38218|POA1_YEAST	4932.YBR022W	6	6	7	13	6	16	3	13	16	19	3	9	6	4	5	17	8	6	2	12	4.27602899716019
sp|P29465|CHS3_YEAST	4932.YBR023C	59	22	84	54	56	62	23	73	83	102	30	59	55	35	46	105	73	80	23	41	29.5291322986678
sp|P38072|SCO2_YEAST	4932.YBR024W	15	7	21	20	20	19	4	18	21	29	1	12	16	11	23	23	12	9	3	17	3.47693265963591
sp|P38219|OLA1_YEAST	4932.YBR025C	30	6	24	33	14	25	7	35	38	35	8	14	18	13	19	21	16	25	3	10	1274.35956277192
sp|P38071|ETR1_YEAST	4932.YBR026C	19	2	21	19	11	24	5	25	37	32	6	24	14	14	10	41	28	29	6	13	30.8780124381651
sp|P38221|CDS1_YEAST	4932.YBR029C	24	12	15	19	45	24	12	40	33	54	7	20	16	9	10	30	38	29	5	15	25.839385864791
sp|P38222|RKM3_YEAST	4932.YBR030W	32	9	48	59	25	25	15	32	39	61	9	30	19	13	15	52	20	26	9	14	4.75637803097856
sp|P49626|RL4B_YEAST	4932.YBR031W	46	1	7	16	8	28	10	15	32	28	3	16	17	12	25	25	27	34	6	6	1903.45593087152
sp|P49626|RL4B_YEAST	4932.YDR012W	46	1	7	16	8	28	10	15	32	28	3	16	17	12	25	25	27	34	6	6	2348.68816218638
sp|P38074|HMT1_YEAST	4932.YBR034C	14	3	29	24	18	21	12	25	28	30	10	18	13	7	10	25	19	22	4	16	152.468983492842
sp|P38075|PDX3_YEAST	4932.YBR035C	13	1	15	22	13	9	4	14	16	15	1	9	14	9	21	12	17	10	7	6	132.03799860694
sp|P35206|CSG2_YEAST	4932.YBR036C	24	7	14	15	23	24	4	36	18	49	15	25	17	11	11	41	26	30	8	12	90.2254220733071
sp|P23833|SCO1_YEAST	4932.YBR037C	17	4	15	17	20	26	4	11	25	33	3	13	17	9	15	20	14	16	3	13	12.2374603922073
sp|P14180|CHS2_YEAST	4932.YBR038W	66	12	48	50	57	45	21	53	61	89	24	50	43	36	49	89	50	60	17	43	0.333471126106263
sp|P38077|ATPG_YEAST	4932.YBR039W	32	2	15	18	8	13	4	28	28	24	11	21	11	11	14	25	22	15	0	9	384.161020318755
sp|P38224|FIG1_YEAST	4932.YBR040W	15	4	9	6	18	8	3	28	18	38	10	20	10	6	9	37	17	23	5	14	6.82126900970551
sp|P38225|FAT1_YEAST	4932.YBR041W	38	9	36	35	42	38	15	44	47	69	14	30	27	27	30	38	41	42	13	34	14.0578615365164
sp|P38226|CST26_YEAST	4932.YBR042C	18	4	15	21	20	21	9	40	35	49	4	18	16	10	15	34	20	21	9	18	3.59482929980676
sp|P38228|TCM62_YEAST	4932.YBR044C	31	12	30	31	14	27	8	42	50	64	11	46	24	12	26	47	34	35	2	26	3.63199756681969
sp|P38230|QOR_YEAST	4932.YBR046C	25	2	15	23	13	27	2	25	34	32	3	12	14	10	9	23	17	25	1	22	38.6633124925016
sp|P21538|REB1_YEAST	4932.YBR049C	59	6	94	55	9	26	29	35	63	57	17	86	16	53	36	79	30	33	11	16	157.071842275271
sp|P38234|RFS1_YEAST	4932.YBR052C	19	3	12	16	8	23	4	15	17	15	4	7	7	3	4	13	11	14	4	11	137.007040995161
sp|P38235|YBQ3_YEAST	4932.YBR053C	11	9	26	26	20	25	9	26	26	33	4	19	20	8	8	31	16	23	7	11	14.6322719340734
sp|P38079|YRO2_YEAST	4932.YBR054W	27	5	14	15	22	22	6	29	31	30	11	11	18	7	9	21	20	24	8	14	191.165945072926
sp|P19735|PRP6_YEAST	4932.YBR055C	59	11	59	67	33	27	11	50	77	113	17	54	36	46	53	58	43	39	17	29	19.7072903470935
sp|P38081|YBQ6_YEAST	4932.YBR056W	27	4	41	32	24	37	18	35	48	33	8	23	19	18	15	35	17	26	20	21	14.3828407990629
sp|P38236|MUM2_YEAST	4932.YBR057C	27	1	11	34	9	10	11	12	25	34	20	49	14	18	10	37	21	10	1	12	6.10046261433974
sp|P38237|UBP14_YEAST	4932.YBR058C	33	27	50	56	30	33	16	44	55	74	15	72	42	37	22	62	34	44	11	24	10.3656973870908
sp|Q3E790|TSC3_YEAST	4932.YBR058C-A	2	1	1	5	10	3	3	6	6	9	3	2	2	1	2	7	6	4	1	6	40.0605552183093
sp|P38080|AKL1_YEAST	4932.YBR059C	63	6	52	69	34	59	26	51	64	81	31	87	46	97	57	137	60	51	1	36	48.9998110921924
sp|P32833|ORC2_YEAST	4932.YBR060C	25	3	29	43	29	22	11	35	62	54	17	47	34	27	31	52	46	30	4	19	1.87639365041309
sp|P38238|TRM7_YEAST	4932.YBR061C	19	8	26	12	15	16	6	12	25	35	5	10	17	14	15	32	14	17	3	9	17.8384003570105
sp|P38241|SLT11_YEAST	4932.YBR065C	16	10	17	20	13	16	6	31	43	40	6	28	16	9	15	34	23	13	4	4	3.21996552222903
sp|P38084|BAP2_YEAST	4932.YBR068C	50	10	23	24	45	48	11	52	30	54	17	26	19	16	22	55	29	39	10	29	506.089172329064
sp|P38085|TAT1_YEAST	4932.YBR069C	46	14	22	29	40	43	13	47	30	60	12	26	23	19	23	60	25	52	11	24	160.956395179163
sp|P38242|ALG14_YEAST	4932.YBR070C	11	4	6	10	14	16	7	20	19	33	5	5	7	7	11	17	12	19	4	10	14.5912408863264
sp|P15992|HSP26_YEAST	4932.YBR072W	11	0	21	12	11	15	3	9	20	16	1	18	14	5	8	16	7	18	2	7	530.538550767089
sp|P38086|RDH54_YEAST	4932.YBR073W	41	17	56	50	38	50	12	61	88	102	24	56	42	38	48	83	72	49	6	25	10.0391673285051
sp|P38244|M28P1_YEAST	4932.YBR074W	46	9	52	51	55	45	26	67	51	113	17	58	35	36	39	105	61	53	13	44	9.77984604160646
sp|P38247|SLM4_YEAST	4932.YBR077C	5	2	10	12	6	7	4	12	12	19	7	13	5	3	2	17	10	8	1	7	42.8609012521118
sp|P38248|ECM33_YEAST	4932.YBR078W	42	4	19	10	20	29	0	27	19	42	4	38	5	16	3	85	37	27	1	1	191.621539528427
sp|P38249|EIF3A_YEAST	4932.YBR079C	92	1	55	113	27	26	18	54	96	88	19	30	36	42	59	64	51	56	6	31	629.417103965455
sp|P18759|SEC18_YEAST	4932.YBR080C	50	5	48	42	39	53	9	60	52	71	19	55	32	24	40	55	40	47	3	14	90.5277097879146
sp|P35177|SPT7_YEAST	4932.YBR081C	58	6	125	139	47	49	22	74	129	128	28	104	39	57	46	108	80	51	8	34	21.5082021404657
sp|P15732|UBC5_YEAST	4932.YBR082C	12	3	12	4	5	7	3	10	13	13	2	5	14	3	2	16	8	6	3	7	1148.30315826118
sp|P15732|UBC5_YEAST	4932.YDR059C	12	3	12	4	5	7	3	10	13	13	2	5	14	3	2	16	8	6	3	7	33.5962157047859
sp|P18412|TEC1_YEAST	4932.YBR083W	24	3	20	40	17	18	13	34	42	34	5	37	25	24	18	61	28	18	3	22	3.22259101766127
sp|P05735|RL19A_YEAST	4932.YBR084C-A	26	0	7	12	1	9	7	7	23	16	1	8	2	7	28	9	6	14	2	4	1559.45749773234
sp|P09440|C1TM_YEAST	4932.YBR084W	86	8	53	57	29	73	26	77	78	83	20	41	52	28	42	64	52	78	3	25	129.435983460569
sp|O43137|YB085_YEAST	4932.YBR085C-A	6	0	4	7	3	6	2	4	8	9	1	3	1	6	0	9	6	5	0	5	277.839109360608
sp|P18238|ADT3_YEAST	4932.YBR085W	30	4	14	7	21	35	0	17	28	29	11	10	5	11	13	24	15	19	3	11	49.2047070271596
sp|P38250|IST2_YEAST	4932.YBR086C	63	8	38	43	55	31	27	68	81	86	10	65	48	33	17	108	64	57	11	33	55.0380903885386
sp|P38251|RFC5_YEAST	4932.YBR087W	20	9	19	22	8	10	7	32	25	48	10	21	14	9	20	34	15	21	2	8	24.0958459251947
sp|P15873|PCNA_YEAST	4932.YBR088C	13	4	27	19	17	12	2	24	18	32	6	6	8	9	8	24	12	13	0	4	153.092347229724
sp|P11633|NHP6B_YEAST	4932.YBR089C-A	12	0	4	11	3	4	0	2	14	4	2	5	6	4	10	4	6	3	1	4	145.652586218992
sp|P32830|TIM12_YEAST	4932.YBR091C	5	6	6	8	8	9	3	5	7	8	3	6	3	6	6	8	4	6	0	2	9.17552610738555
sp|P24031|PPA3_YEAST	4932.YBR092C	35	8	42	25	28	31	6	19	21	39	10	30	14	16	15	30	36	25	7	30	86.0582060571703
sp|P00635|PPA5_YEAST	4932.YBR093C	31	10	41	22	27	28	9	21	23	35	7	31	13	16	14	37	37	27	7	31	26.3067967558138
sp|P38254|TTL_YEAST	4932.YBR094W	38	8	62	56	37	29	17	56	55	68	14	57	37	20	20	52	38	45	13	31	18.8495580405953
sp|P38255|RXT2_YEAST	4932.YBR095C	18	0	27	45	11	19	5	39	23	42	7	41	15	15	27	42	23	21	1	9	12.9860899641597
sp|P38256|YBU6_YEAST	4932.YBR096W	8	9	7	16	18	9	3	14	22	24	5	11	8	4	7	19	13	11	3	19	39.5978199347188
sp|P38257|MMS4_YEAST	4932.YBR098W	35	7	50	50	26	24	13	48	67	58	12	47	28	34	33	74	29	31	3	22	0.600011772883341
sp|P38260|FES1_YEAST	4932.YBR101C	20	2	23	22	9	12	4	22	24	42	8	23	10	9	9	20	9	14	2	6	185.648493151768
sp|P38261|EXO84_YEAST	4932.YBR102C	34	6	53	46	27	22	11	45	58	83	20	66	31	37	43	81	38	36	4	12	15.8366242405131
sp|P38262|SIF2_YEAST	4932.YBR103W	27	5	38	37	15	42	14	38	30	52	7	34	13	19	15	55	27	40	12	15	39.4148579653657
sp|P38087|YMC2_YEAST	4932.YBR104W	18	4	11	18	20	30	1	16	20	35	8	16	16	15	18	18	27	25	3	10	2.64588326296528
sp|P38264|PHO88_YEAST	4932.YBR106W	12	1	8	11	5	14	3	19	16	12	16	7	9	6	8	13	10	9	1	8	674.36386343509
sp|P38265|IML3_YEAST	4932.YBR107C	11	3	11	20	9	13	3	21	13	25	9	13	10	10	11	17	16	15	4	11	4.5718687505725
sp|P38266|AIM3_YEAST	4932.YBR108W	48	1	37	51	20	60	19	26	65	44	15	59	131	105	39	103	45	49	1	29	1.96207040867094
sp|P06787|CALM_YEAST	4932.YBR109C	12	0	12	18	8	8	2	8	8	18	5	9	1	6	3	18	4	7	0	0	523.616462967424
sp|P16661|ALG1_YEAST	4932.YBR110W	17	7	25	20	22	22	11	40	38	58	12	16	21	15	16	31	17	29	8	24	37.3959854255837
sp|Q01976|ADPP_YEAST	4932.YBR111C	10	4	16	19	8	16	3	18	21	19	6	9	11	10	12	12	13	17	2	5	164.851077222649
sp|Q6WNK7|SUS1_YEAST	4932.YBR111W-A	3	0	5	12	2	2	0	6	7	11	4	5	1	8	3	8	9	7	1	2	10.5962653305207
sp|P14922|CYC8_YEAST	4932.YBR112C	122	5	34	68	11	29	22	33	32	71	15	50	67	166	28	69	59	43	10	32	50.5916091206513
sp|P31244|RAD16_YEAST	4932.YBR114W	33	16	55	53	34	32	19	51	67	72	18	51	28	36	49	50	50	45	9	22	0.949664893622511
sp|P07702|LYS2_YEAST	4932.YBR115C	91	14	97	75	61	90	26	81	86	142	21	80	74	42	61	95	86	101	18	51	501.660753803601
sp|P33315|TKT2_YEAST	4932.YBR117C	53	3	41	41	30	61	18	35	40	57	12	26	34	27	28	59	34	44	9	29	6.52563239208976
sp|P07253|CBP6_YEAST	4932.YBR120C	7	0	10	9	6	8	2	12	21	14	5	11	6	6	11	12	6	10	0	6	58.144057531645
sp|P38088|SYG_YEAST	4932.YBR121C	49	6	49	61	36	41	13	40	64	56	13	24	30	17	39	43	30	53	7	19	877.77090231436
sp|P36531|RM36_YEAST	4932.YBR122C	7	0	13	11	6	9	1	9	21	14	3	8	8	8	13	24	7	9	1	5	47.63906870577
sp|P32367|TFC1_YEAST	4932.YBR123C	30	3	55	50	31	31	10	43	67	52	16	35	41	19	19	51	27	43	5	21	23.6914626610333
sp|P38089|PP2C4_YEAST	4932.YBR125C	17	7	22	20	21	33	15	26	22	33	6	31	9	14	19	30	26	24	3	15	2.23147432427916
sp|Q00764|TPS1_YEAST	4932.YBR126C	23	4	24	35	24	31	15	30	32	46	8	30	19	18	15	39	26	45	10	21	447.495044992569
sp|Q8TGU7|YB126_YEAST	4932.YBR126W-A	5	2	4	4	4	4	4	5	6	5	3	1	5	8	1	0	2	4	0	1	7.22614030746116
sp|P16140|VATB_YEAST	4932.YBR127C	36	1	36	44	20	37	7	42	26	42	12	23	27	16	33	33	31	31	1	19	1045.23130532804
sp|P38271|OPY1_YEAST	4932.YBR129C	18	4	25	20	16	14	13	23	34	25	7	21	11	11	13	29	18	11	6	9	4.87978284134037
sp|P38272|SHE3_YEAST	4932.YBR130C	15	1	22	29	5	9	8	15	43	51	9	50	13	21	12	69	26	18	1	8	51.8965228968793
sp|P38274|HSL7_YEAST	4932.YBR133C	32	12	47	54	34	25	24	56	50	98	14	52	49	36	36	81	37	45	14	31	2.54275670339203
sp|P20486|CKS1_YEAST	4932.YBR135W	10	1	7	11	4	5	9	7	4	12	4	4	8	24	9	9	6	5	2	9	60.8241326294256
sp|P38111|ATR_YEAST	4932.YBR136W	109	34	140	132	120	85	48	183	186	304	45	142	71	96	105	198	127	114	32	97	3.79813145239522
sp|P38276|YBY7_YEAST	4932.YBR137W	11	4	13	16	12	10	4	7	15	20	4	6	6	4	8	13	9	9	1	7	26.7840618777241
sp|P38109|YBY9_YEAST	4932.YBR139W	27	11	34	27	29	37	12	27	24	50	12	32	26	16	19	41	24	22	9	29	7.26170923886183
sp|P18963|IRA1_YEAST	4932.YBR140C	148	40	172	172	173	93	70	236	195	375	69	216	115	83	115	349	176	164	23	108	16.275851166586
sp|P38112|MAK5_YEAST	4932.YBR142W	31	5	60	51	23	36	15	57	81	81	11	47	30	32	35	74	42	45	5	12	34.6489228440801
sp|P12385|ERF1_YEAST	4932.YBR143C	29	4	32	39	23	31	4	27	41	41	6	22	10	15	13	25	24	32	2	17	679.185325697008
sp|P38113|ADH5_YEAST	4932.YBR145W	31	10	15	22	13	40	10	26	22	21	5	14	16	10	9	19	15	36	5	12	51.4056997675216
sp|P38120|RT09_YEAST	4932.YBR146W	18	0	9	14	10	15	5	17	28	28	9	15	14	11	22	19	17	13	2	12	5.36189475173953
sp|P38115|ARA1_YEAST	4932.YBR149W	21	3	19	29	12	19	10	24	26	40	5	17	21	7	13	20	19	21	4	14	158.571115896637
sp|P38114|TBS1_YEAST	4932.YBR150C	46	19	99	78	62	28	29	57	81	112	25	86	35	27	54	94	61	53	7	41	2.80826168375339
sp|P38281|APD1_YEAST	4932.YBR151W	19	9	21	22	12	14	9	23	27	26	3	16	16	11	15	23	16	22	5	7	64.2999017616433
sp|P38282|SP381_YEAST	4932.YBR152W	13	1	27	34	6	10	6	9	34	19	6	24	8	15	19	30	13	8	2	7	19.7246289899861
sp|P33312|RIB7_YEAST	4932.YBR153W	10	4	15	11	7	16	6	20	14	23	5	12	17	10	10	16	20	19	5	4	4.16016694243973
sp|P20434|RPAB1_YEAST	4932.YBR154C	10	3	8	20	10	8	4	15	17	15	9	8	12	9	17	15	11	15	2	7	72.0714801267751
sp|P33313|CNS1_YEAST	4932.YBR155W	26	5	19	48	16	18	3	19	46	37	10	21	19	14	16	20	16	18	2	12	73.565908672133
sp|P38286|MKAR_YEAST	4932.YBR159W	24	5	8	21	16	22	5	30	26	38	7	14	10	16	17	29	23	23	3	10	231.011540546752
sp|P00546|CDK1_YEAST	4932.YBR160W	17	4	23	16	12	21	7	23	22	36	5	8	17	10	20	15	7	18	4	13	133.855679848235
sp|P38288|TOS1_YEAST	4932.YBR162C	39	12	29	22	19	41	8	19	17	23	8	21	12	18	8	74	32	31	5	17	116.513238466755
sp|P38116|ARL1_YEAST	4932.YBR164C	12	1	12	14	5	13	1	13	13	24	4	7	3	7	6	15	11	12	5	5	91.1189963269901
sp|P20049|TYR1_YEAST	4932.YBR166C	29	7	23	29	20	25	13	37	37	43	8	20	15	17	9	42	22	28	8	20	39.1134398092372
sp|P32590|HSP79_YEAST	4932.YBR169C	54	4	55	55	28	34	9	41	63	54	10	37	31	17	33	43	48	52	4	21	155.160635215531
sp|P33755|NPL4_YEAST	4932.YBR170C	25	10	34	47	25	39	18	36	40	48	16	30	24	27	22	52	25	33	7	22	46.5069671687457
sp|P33754|SEC66_YEAST	4932.YBR171W	9	3	6	25	12	6	2	15	21	21	4	12	5	9	10	15	7	14	3	7	122.838295622428
sp|P32909|SMY2_YEAST	4932.YBR172C	40	2	36	50	23	39	12	32	73	57	15	42	37	40	20	102	67	33	11	9	48.4661631865638
sp|P38293|UMP1_YEAST	4932.YBR173C	4	1	11	10	3	8	3	9	7	12	6	7	8	13	8	13	12	9	2	2	3.66787714641815
sp|P38123|SWD3_YEAST	4932.YBR175W	12	12	21	10	13	24	11	23	13	33	7	14	11	10	9	34	20	23	7	8	32.7673185846093
sp|P38122|PANB_YEAST	4932.YBR176W	16	7	15	15	13	23	5	21	26	26	14	12	8	13	7	29	24	25	3	10	2.48172555918787
sp|P38295|MCFS2_YEAST	4932.YBR177C	29	5	29	26	26	27	10	20	32	42	7	23	26	12	24	31	28	28	9	17	113.790457860218
sp|P38297|FZO1_YEAST	4932.YBR179C	35	6	60	60	32	33	17	60	78	109	17	51	34	37	38	72	45	40	5	26	13.7395541231272
sp|P38298|YPC1_YEAST	4932.YBR183W	16	5	7	17	15	21	9	28	16	38	6	11	12	6	11	22	16	27	13	20	0.65241372648166
sp|P38300|MBA1_YEAST	4932.YBR185C	17	2	14	10	16	8	5	18	25	34	6	17	16	12	15	21	14	18	3	7	28.6599348741195
sp|P38301|GDT1_YEAST	4932.YBR187W	36	1	13	16	17	20	5	25	14	29	17	3	2	6	8	26	15	18	2	7	29.9576268649936
sp|P05755|RS9B_YEAST	4932.YBR189W	20	0	10	17	7	10	4	9	17	20	2	4	9	5	24	12	7	12	0	6	2087.85893533145
sp|P05755|RS9B_YEAST	4932.YPL081W	20	0	10	17	7	10	4	9	17	20	2	4	9	5	24	12	7	12	0	6	2113.65671740774
sp|Q12672|RL21B_YEAST	4932.YBR191W	11	1	3	8	5	12	6	9	17	7	5	7	6	9	14	9	7	16	0	8	1409.3749928677
sp|Q12672|RL21B_YEAST	4932.YPL079W	11	1	3	8	5	12	6	9	17	7	5	7	6	9	14	9	7	16	0	8	1226.81121026611
sp|P38127|RIM2_YEAST	4932.YBR192W	26	3	7	25	15	32	6	27	34	29	9	15	15	15	16	29	27	24	8	15	0.852335072887633
sp|P38304|MED8_YEAST	4932.YBR193C	8	0	12	19	9	8	5	6	13	25	4	9	10	13	11	25	23	16	3	4	12.2716106323467
sp|P38305|AIM4_YEAST	4932.YBR194W	4	0	5	10	2	8	3	5	13	10	1	12	7	6	13	9	5	6	1	3	4.05257458013116
sp|P13712|MSI1_YEAST	4932.YBR195C	23	7	32	22	15	21	18	28	22	36	9	31	17	14	13	48	29	17	12	8	5.70212637501898
sp|P12709|G6PI_YEAST	4932.YBR196C	48	0	25	35	34	41	18	30	40	47	10	37	16	20	10	38	42	38	9	16	4111.24629584794
sp|P38129|TAF5_YEAST	4932.YBR198C	45	9	56	41	30	52	18	43	63	65	12	58	41	35	33	78	44	40	9	26	45.8270765181393
sp|P38131|KTR4_YEAST	4932.YBR199W	19	8	36	41	24	17	11	24	29	40	11	31	22	15	17	34	21	23	9	32	35.2424339357826
sp|P29366|BEM1_YEAST	4932.YBR200W	29	4	37	30	23	32	7	33	54	43	6	33	21	24	19	60	35	34	5	22	32.9697240539822
sp|P38132|MCM7_YEAST	4932.YBR202W	54	12	65	55	29	38	10	52	51	90	25	45	35	41	46	60	55	56	1	25	58.2688791345055
sp|P38139|LDH1_YEAST	4932.YBR204C	18	9	24	25	23	18	10	23	30	40	6	22	15	18	14	19	14	29	8	10	2.88968599400623
sp|P38130|KTR3_YEAST	4932.YBR205W	12	7	30	18	34	22	14	27	36	29	9	15	20	8	20	35	18	20	11	19	28.5612010839237
sp|P38310|FTH1_YEAST	4932.YBR207W	28	7	20	27	27	35	6	39	25	51	9	21	13	13	14	55	21	29	7	18	56.8147299640163
sp|P32528|DUR1_YEAST	4932.YBR208C	127	31	97	127	72	144	23	127	117	156	26	82	102	60	74	144	95	144	22	65	42.8896833024376
sp|P38312|ERV15_YEAST	4932.YBR210W	9	5	5	5	14	7	1	12	7	25	2	9	2	2	5	8	6	8	1	9	5.65274464454256
sp|P38313|AME1_YEAST	4932.YBR211C	10	1	40	18	11	6	5	25	22	39	5	28	13	19	18	28	14	13	1	8	13.059788364319
sp|P32831|NGR1_YEAST	4932.YBR212W	36	4	25	26	27	34	14	29	25	53	29	80	47	52	28	73	42	25	5	18	33.0259686260114
sp|P15807|MET8_YEAST	4932.YBR213W	11	8	26	17	13	15	6	20	20	35	5	11	13	12	19	11	8	11	3	10	2.64569613120274
sp|P38314|SDS24_YEAST	4932.YBR214W	36	6	16	24	13	22	14	31	28	51	13	32	44	24	20	68	41	32	3	9	86.0465369693159
sp|Q01448|HPC2_YEAST	4932.YBR215W	39	0	36	44	10	29	8	34	79	42	10	55	35	15	15	88	55	21	1	9	5.98235724876428
sp|P38315|YBP1_YEAST	4932.YBR216C	26	14	44	52	35	20	6	45	63	84	9	33	21	25	22	49	43	47	4	32	22.7928777929177
sp|P32327|PYC2_YEAST	4932.YBR218C	102	12	75	75	43	90	30	73	69	109	25	46	55	48	65	65	62	96	8	32	422.407285466156
sp|P32327|PYC2_YEAST	4932.YGL062W	102	12	75	75	43	90	30	73	69	109	25	46	55	48	65	65	62	96	8	32	292.573189699627
sp|P32473|ODPB_YEAST	4932.YBR221C	40	1	17	30	20	23	4	20	19	28	8	11	20	10	19	27	23	33	1	12	339.19322579735
sp|P38137|FAT2_YEAST	4932.YBR222C	35	5	24	25	35	32	12	29	40	43	14	35	35	13	22	36	41	47	2	18	97.8231003041944
sp|P38323|MCX1_YEAST	4932.YBR227C	35	5	33	42	16	34	8	37	50	55	7	20	15	24	26	34	26	40	1	12	31.9961314175563
sp|P38138|GLU2A_YEAST	4932.YBR229C	44	6	61	56	64	42	35	77	57	76	24	64	50	26	34	73	58	48	20	39	6.09923271083825
sp|P38325|OM14_YEAST	4932.YBR230C	15	5	6	4	4	7	6	3	12	16	1	11	3	3	3	13	6	9	0	7	97.1928290594275
sp|P38326|SWC5_YEAST	4932.YBR231C	21	0	24	38	5	20	4	11	26	27	1	10	10	20	22	28	10	14	3	9	3.29968131857494
sp|P38151|PBP2_YEAST	4932.YBR233W	24	4	22	23	11	20	15	40	23	34	9	28	23	16	22	39	27	25	0	8	1.98637762668616
sp|P69850|DAD3_YEAST	4932.YBR233W-A	1	0	5	10	0	4	3	5	8	15	2	3	2	12	3	10	3	5	0	3	12.4273274207452
sp|P38328|ARPC1_YEAST	4932.YBR234C	27	10	21	19	14	26	11	24	25	26	3	21	14	10	13	42	20	33	10	15	136.951408337766
sp|P32783|MCES_YEAST	4932.YBR236C	22	5	23	39	22	27	6	29	35	27	9	21	21	19	29	34	17	24	4	23	19.7193305981672
sp|P38140|ERT1_YEAST	4932.YBR239C	22	17	21	31	18	14	13	40	35	44	15	45	34	17	27	55	32	25	5	19	1.45942852613811
sp|P38142|YB91_YEAST	4932.YBR241C	44	8	12	19	25	42	9	41	14	51	12	16	19	19	16	42	31	33	11	24	20.1704040491255
sp|P38331|YB92_YEAST	4932.YBR242W	13	5	16	20	6	9	4	19	23	18	5	9	7	9	12	14	16	17	4	12	19.2695578325169
sp|P38143|GPX2_YEAST	4932.YBR244W	3	4	9	10	13	13	0	7	22	15	2	8	5	11	1	14	6	11	1	7	257.635512483179
sp|P38144|ISW1_YEAST	4932.YBR245C	58	9	82	108	47	51	22	63	119	124	20	61	41	46	61	69	49	47	13	39	78.1057620472214
sp|P38332|WDR85_YEAST	4932.YBR246W	21	14	34	15	17	23	11	28	21	36	9	22	11	15	14	34	23	22	6	11	5.64501297066209
sp|P38333|ENP1_YEAST	4932.YBR247C	39	2	42	49	23	20	9	27	38	43	7	21	18	19	24	34	22	25	4	17	72.8175861059308
sp|P33734|HIS5_YEAST	4932.YBR248C	37	9	34	43	24	50	9	33	43	44	6	30	25	16	20	34	22	44	4	25	294.129942787689
sp|P32449|AROG_YEAST	4932.YBR249C	37	5	20	22	9	35	8	25	23	31	8	24	15	14	17	21	22	25	2	7	1159.57053791214
sp|P33759|RT05_YEAST	4932.YBR251W	17	2	18	16	13	24	9	16	30	25	7	13	16	11	19	20	12	22	3	14	26.0348361446819
sp|P33317|DUT_YEAST	4932.YBR252W	16	0	11	4	4	17	1	11	8	7	3	3	4	7	7	12	12	16	0	4	80.7740736776633
sp|P32570|MED22_YEAST	4932.YBR253W	7	1	7	13	3	1	1	9	8	14	5	9	1	8	4	7	13	8	1	1	33.6711294335297
sp|Q3E776|YB255_YEAST	4932.YBR255C-A	10	2	4	8	6	6	2	6	7	11	3	4	2	6	11	11	7	8	1	5	1.55464387195093
sp|P38145|RISA_YEAST	4932.YBR256C	6	4	14	15	9	22	4	28	14	14	5	17	5	11	7	18	16	22	1	6	60.6547652504654
sp|P38337|SHG1_YEAST	4932.YBR258C	5	0	10	19	4	8	1	4	17	16	4	11	2	6	6	12	5	6	1	5	17.6748485731204
sp|P38339|RGD1_YEAST	4932.YBR260C	40	5	37	40	22	19	16	43	59	67	20	43	36	28	22	75	43	32	4	15	24.7957658271346
sp|P38340|NTM1_YEAST	4932.YBR261C	15	3	20	15	6	18	5	13	16	19	8	8	13	9	10	8	12	21	5	8	25.1903120351852
sp|P38341|AIM5_YEAST	4932.YBR262C	3	0	9	4	2	8	2	5	7	7	2	6	2	4	7	9	6	11	6	6	40.4159553107416
sp|P37292|GLYM_YEAST	4932.YBR263W	39	4	21	28	18	43	14	29	35	44	14	18	25	19	20	43	25	29	3	19	285.444946331771
sp|P38146|YPT10_YEAST	4932.YBR264C	14	4	9	13	6	14	3	18	17	16	3	9	5	9	5	17	14	15	2	6	7.38991215878971
sp|P38342|TSC10_YEAST	4932.YBR265W	25	10	16	22	16	21	6	22	20	36	6	12	12	13	14	17	18	18	4	12	76.4260302334699
sp|P38344|REI1_YEAST	4932.YBR267W	19	7	24	46	14	15	11	13	38	35	9	19	15	23	23	27	19	19	3	14	81.6601227147638
sp|P36532|RM37_YEAST	4932.YBR268W	8	1	5	5	1	4	2	5	9	13	1	8	4	4	8	11	3	7	3	3	34.8018647740312
sp|P38345|FMP21_YEAST	4932.YBR269C	7	1	7	12	7	12	1	7	8	10	2	7	12	6	12	8	12	3	0	4	26.6705658494203
sp|P38348|HSM3_YEAST	4932.YBR272C	22	6	34	47	23	13	4	32	33	67	9	28	14	9	22	32	23	37	3	22	8.11833180773221
sp|P38349|UBX7_YEAST	4932.YBR273C	21	4	34	41	13	18	14	17	32	41	4	20	19	16	34	38	29	27	7	7	7.44934782762635
sp|P38147|CHK1_YEAST	4932.YBR274W	22	10	36	30	26	28	13	36	37	64	10	34	25	22	20	37	24	30	8	15	6.67585577341639
sp|P29539|RIF1_YEAST	4932.YBR275C	64	19	107	145	69	68	42	154	152	208	41	151	89	77	79	186	96	111	13	45	1.42920852716688
sp|P38148|PPS1_YEAST	4932.YBR276C	31	24	41	41	39	38	25	52	44	97	16	64	34	35	34	64	50	46	10	22	4.68406157427295
sp|P27344|DPB3_YEAST	4932.YBR278W	12	2	17	30	6	4	4	8	18	19	2	10	7	8	7	22	6	17	0	2	6.47572089123753
sp|P38351|PAF1_YEAST	4932.YBR279W	16	0	51	51	10	14	7	26	49	39	12	24	21	17	23	25	24	21	3	12	70.1489055558663
sp|P38149|DUG2_YEAST	4932.YBR281C	36	11	47	54	35	57	20	73	51	92	8	57	29	41	25	93	53	53	16	27	18.2601716756532
sp|P36526|RM27_YEAST	4932.YBR282W	4	1	4	6	6	16	2	6	18	10	3	8	9	4	9	9	11	10	2	8	25.7460471718431
sp|P38353|SSH1_YEAST	4932.YBR283C	36	4	15	18	35	42	4	56	22	60	5	20	22	22	13	27	31	42	2	14	312.23897564252
sp|P37302|APE3_YEAST	4932.YBR286W	45	4	38	35	28	35	16	33	40	40	8	40	26	17	10	31	24	33	4	30	309.756024885682
sp|P38355|YB8B_YEAST	4932.YBR287W	26	3	13	24	26	20	4	43	14	56	11	25	22	19	10	43	18	33	8	9	32.4845834705714
sp|P38153|AP3M_YEAST	4932.YBR288C	15	7	30	27	22	27	10	36	35	50	7	33	15	25	17	45	25	33	4	20	15.6971154188034
sp|P18480|SNF5_YEAST	4932.YBR289W	43	4	43	36	18	39	18	61	37	71	14	57	81	151	45	64	58	36	5	24	9.41894600720536
sp|P38152|TXTP_YEAST	4932.YBR291C	27	4	14	9	14	28	2	18	23	30	7	8	11	7	14	26	25	20	1	11	25.8285207429173
sp|P25560|RER1_YEAST	4932.YCL001W	6	2	8	10	15	9	4	14	11	27	10	8	8	6	9	13	8	6	4	10	35.6737765565438
sp|Q3E7B6|VA0E_YEAST	4932.YCL005W-A	7	1	1	2	6	1	1	4	1	8	6	2	4	2	4	6	4	9	3	1	2.90109710500132
sp|P25605|ILV6_YEAST	4932.YCL009C	25	6	13	23	6	13	10	16	10	34	7	13	17	12	21	31	20	26	1	5	482.058105603499
sp|P25554|SGF29_YEAST	4932.YCL010C	13	3	15	26	7	17	3	8	17	24	5	17	15	8	18	14	16	21	3	9	32.5825164168015
sp|P25555|GBP2_YEAST	4932.YCL011C	19	6	38	33	25	44	5	17	17	23	9	31	16	12	50	27	17	22	2	14	47.8303881688392
sp|Q8J0M4|YCB2_YEAST	4932.YCL012C	7	1	14	5	9	6	3	8	10	18	4	10	3	3	12	9	3	6	1	2	2.10391395314928
sp|P25558|BUD3_YEAST	4932.YCL014W	72	17	117	128	72	56	28	102	163	140	15	109	89	48	59	176	99	91	8	47	2.29821517447905
sp|P25559|DCC1_YEAST	4932.YCL016C	13	4	25	30	20	15	11	27	32	43	11	13	19	15	17	28	19	22	6	10	2.59475055711867
sp|P25374|NFS1_YEAST	4932.YCL017C	50	6	26	29	15	35	16	29	29	42	13	20	21	11	29	40	33	33	3	17	122.665836550132
sp|P04173|LEU3_YEAST	4932.YCL018W	37	2	23	23	10	29	6	25	28	40	7	14	23	9	11	25	16	28	4	4	105.285981377114
sp|Q99303|YD23A_YEAST	4932.YCL020W	26	3	18	22	11	9	18	22	25	31	10	38	32	33	15	48	33	20	4	20	0.703479285353544
sp|Q99303|YD23A_YEAST	4932.YDR210W-A	26	3	18	22	11	9	18	22	25	31	10	38	32	33	15	48	33	20	4	20	0.607315657906514
sp|Q99303|YD23A_YEAST	4932.YDR261W-A	26	3	18	22	11	9	18	22	25	31	10	38	32	33	15	48	33	20	4	20	0.694373550084026
sp|Q99303|YD23A_YEAST	4932.YGR161W-A	26	3	18	22	11	9	18	22	25	31	10	38	32	33	15	48	33	20	4	20	0.700988054816511
sp|Q99303|YD23A_YEAST	4932.YLR410W-A	26	3	18	22	11	9	18	22	25	31	10	38	32	33	15	48	33	20	4	20	0.694937951651522
sp|P25389|KCC4_YEAST	4932.YCL024W	43	4	68	71	30	50	20	72	94	115	10	73	52	31	54	112	61	46	6	25	1.39579163316816
sp|P25376|AGP1_YEAST	4932.YCL025C	63	11	25	29	40	56	13	52	27	60	15	22	21	23	24	47	30	38	12	25	386.155122593979
sp|Q96VH4|HBN1_YEAST	4932.YCL026C-B	26	0	8	12	9	11	4	14	14	11	2	7	13	8	5	11	17	12	3	6	13.8188279221021
sp|P11710|FUS1_YEAST	4932.YCL027W	19	8	24	25	11	19	10	35	41	41	11	32	31	21	21	62	49	22	7	23	4.12909795529382
sp|P11709|BIK1_YEAST	4932.YCL029C	22	4	28	44	16	16	15	19	33	39	12	24	19	44	25	31	23	15	3	8	1.30005985546345
sp|P00815|HIS2_YEAST	4932.YCL030C	65	11	45	67	27	52	13	44	63	82	14	34	35	36	24	57	33	72	3	22	1466.97789633329
sp|P25368|RRP7_YEAST	4932.YCL031C	16	3	18	21	18	7	11	15	35	28	7	22	11	11	10	23	14	16	2	9	83.8305259307541
sp|P25344|STE50_YEAST	4932.YCL032W	12	7	30	20	7	14	7	18	22	33	10	23	17	20	18	36	22	21	4	5	2.66980811931908
sp|P25566|MXR2_YEAST	4932.YCL033C	11	7	9	8	4	10	6	4	12	15	4	12	8	3	13	11	9	10	5	7	11.3545537995913
sp|P25369|LSB5_YEAST	4932.YCL034W	26	1	29	22	9	20	6	24	17	34	5	21	8	18	25	42	17	10	1	19	12.5255329135754
sp|P25373|GLRX1_YEAST	4932.YCL035C	8	2	5	12	2	6	3	9	8	14	2	8	4	5	3	3	5	7	0	4	309.45004171498
sp|P25567|SRO9_YEAST	4932.YCL037C	37	0	13	33	13	19	17	14	35	22	7	39	30	32	15	48	27	21	4	8	604.215248998912
sp|P25569|GID7_YEAST	4932.YCL039W	34	11	50	35	34	29	23	48	42	79	15	42	34	37	26	80	50	38	11	27	15.2550417800642
sp|P17709|HXKG_YEAST	4932.YCL040W	31	7	32	33	19	38	15	27	32	59	14	15	22	19	22	33	36	31	2	13	368.522853315175
sp|P17967|PDI_YEAST	4932.YCL043C	54	6	45	48	30	24	11	25	35	46	9	25	22	19	7	35	15	40	4	22	452.388541548134
sp|P25573|MGR1_YEAST	4932.YCL044C	16	1	25	18	20	20	13	27	32	47	9	21	35	12	20	38	32	16	6	9	4.51075152552957
sp|P25574|EMC1_YEAST	4932.YCL045C	25	6	57	44	39	28	20	59	52	85	13	51	33	26	20	56	55	52	15	24	101.04307214813
sp|P25577|YCE9_YEAST	4932.YCL049C	18	5	23	21	13	10	3	13	17	20	7	17	14	12	12	36	19	27	10	15	1.41981401018179
sp|P16550|APA1_YEAST	4932.YCL050C	14	6	19	29	17	14	8	17	26	36	10	18	23	11	5	21	23	11	2	11	744.756226051017
sp|P25582|SPB1_YEAST	4932.YCL054W	53	6	73	82	26	43	13	52	112	61	25	43	25	29	46	46	37	44	8	17	15.0511378011272
sp|P25583|KAR4_YEAST	4932.YCL055W	12	5	18	18	15	14	12	27	24	27	7	25	22	18	16	20	23	17	6	9	25.3282973368965
sp|Q96VH5|MOS1_YEAST	4932.YCL057C-A	7	0	4	2	7	11	0	4	7	6	3	3	3	4	5	13	6	9	2	1	21.6572311185972
sp|P25375|PRTD_YEAST	4932.YCL057W	31	4	53	44	40	33	17	42	60	75	16	51	28	25	19	61	36	33	12	32	106.376380616848
sp|P25586|KRR1_YEAST	4932.YCL059C	18	4	18	31	13	9	4	19	40	25	10	16	18	11	23	11	14	20	4	8	88.9975800419052
sp|P25588|MRC1_YEAST	4932.YCL061C	47	1	101	111	28	46	26	73	119	82	15	82	40	52	45	99	65	43	1	20	1.52551330178087
sp|P25379|STDH_YEAST	4932.YCL064C	27	8	17	16	15	28	6	35	29	23	7	20	14	15	12	27	20	29	2	10	186.67022652684
sp|P25342|CDC10_YEAST	4932.YCR002C	16	1	18	29	16	14	8	30	16	30	4	18	9	13	22	24	24	18	2	10	148.820836981444
sp|P25348|RM32_YEAST	4932.YCR003W	5	4	10	9	4	11	9	10	26	20	3	7	9	12	11	8	9	7	3	6	52.5221459561048
sp|P25349|YCP4_YEAST	4932.YCR004C	31	3	9	18	9	24	4	12	24	20	3	4	13	6	5	16	22	12	4	8	261.48741828187
sp|P08679|CISY2_YEAST	4932.YCR005C	32	0	28	30	16	32	13	21	32	53	8	18	22	17	18	42	18	32	6	22	45.0537144180407
sp|P25343|RV161_YEAST	4932.YCR009C	21	3	23	19	10	13	2	16	27	28	3	9	7	16	14	14	13	14	1	12	291.343167526469
sp|P25613|ADY2_YEAST	4932.YCR010C	30	3	10	11	23	30	4	14	7	33	5	17	12	6	7	16	17	19	5	14	3.6882720605592
sp|P25371|ADP1_YEAST	4932.YCR011C	42	33	65	61	63	73	10	82	59	123	17	64	38	29	39	88	58	61	5	39	45.1714857025627
sp|P00560|PGK_YEAST	4932.YCR012W	43	1	26	29	19	37	8	23	42	41	4	14	17	8	13	26	18	38	2	7	16227.302269981
sp|P25615|DPO4_YEAST	4932.YCR014C	24	16	37	52	33	33	7	42	64	57	9	32	13	21	30	40	24	21	9	18	2.63690419226964
sp|P25616|YCQ5_YEAST	4932.YCR015C	6	9	23	18	16	18	7	28	32	29	5	20	10	10	9	30	17	14	5	11	5.98201268114376
sp|P25617|YCQ6_YEAST	4932.YCR016W	6	1	19	36	9	15	3	18	48	27	2	17	8	15	8	25	10	13	5	5	36.9637759861625
sp|P25618|CWH43_YEAST	4932.YCR017C	63	9	41	41	65	66	25	73	34	107	24	34	41	25	31	70	63	64	23	54	21.6124053351236
sp|Q9URQ5|HTL1_YEAST	4932.YCR020W-B	3	1	1	9	1	0	1	4	6	10	5	11	2	4	6	7	4	2	0	1	88.437796924771
sp|P25619|HSP30_YEAST	4932.YCR021C	29	8	15	18	25	25	8	22	10	37	7	10	13	8	11	21	20	24	9	12	31.8219591739342
sp|P25351|YCR3_YEAST	4932.YCR023C	32	10	27	25	41	36	16	49	21	55	16	29	31	24	30	56	32	46	11	24	0.911909758894081
sp|P25345|SYNM_YEAST	4932.YCR024C	17	8	18	33	30	24	14	31	34	51	8	24	25	23	23	44	35	22	8	20	1.07864084291141
sp|P25353|NPP1_YEAST	4932.YCR026C	26	2	69	56	42	43	22	52	37	54	18	52	42	18	21	60	44	40	14	30	2.70824331405508
sp|P25378|RHEB_YEAST	4932.YCR027C	12	5	11	16	7	13	2	17	14	22	5	12	4	6	11	16	16	13	1	6	12.8678118995512
sp|P32445|RIM1_YEAST	4932.YCR028C-A	11	0	7	10	8	8	2	6	10	9	3	11	2	6	8	10	10	7	1	6	179.63346922602
sp|P25623|SYP1_YEAST	4932.YCR030C	55	3	34	56	31	33	17	48	55	73	9	62	60	46	40	116	66	42	7	17	63.2843519851802
sp|P39516|RS14B_YEAST	4932.YCR031C	18	1	9	4	3	15	2	6	9	7	3	3	5	4	15	8	11	13	0	2	1171.42878395933
sp|P39516|RS14B_YEAST	4932.YJL191W	18	1	9	4	3	15	2	6	9	7	3	3	5	4	15	8	11	13	0	2	1106.18323370193
sp|P25357|SNT1_YEAST	4932.YCR033W	67	4	59	101	34	44	35	59	108	78	17	92	91	39	74	145	79	55	8	37	3.55329833462302
sp|P25358|ELO2_YEAST	4932.YCR034W	19	5	7	9	26	18	13	24	17	43	5	12	19	12	14	18	24	33	7	22	232.781196703666
sp|P25359|RRP43_YEAST	4932.YCR035C	27	5	26	37	9	18	5	36	22	40	8	19	14	7	23	32	29	24	2	11	50.0956194318616
sp|P25332|RBSK_YEAST	4932.YCR036W	18	4	18	28	14	29	6	26	23	30	6	17	13	13	12	18	22	24	2	10	53.3866222326767
sp|P25360|PHO87_YEAST	4932.YCR037C	58	11	46	53	54	56	13	77	65	106	25	41	36	27	25	85	58	53	12	22	7.11170858548827
sp|P23255|TAF2_YEAST	4932.YCR042C	47	26	87	122	58	59	30	112	112	121	33	88	56	49	60	115	71	99	15	47	7.93426599578347
sp|P25625|PER1_YEAST	4932.YCR044C	20	12	18	16	33	12	11	31	13	37	10	12	10	13	18	20	20	18	11	22	36.9510535776219
sp|P25626|IMG1_YEAST	4932.YCR046C	9	1	10	5	2	7	2	13	15	18	3	4	8	7	18	16	7	15	2	7	43.5343027342836
sp|P25627|BUD23_YEAST	4932.YCR047C	18	4	19	16	12	24	4	12	25	29	8	10	11	14	17	21	10	12	2	7	34.8604605307748
sp|P25631|YCU1_YEAST	4932.YCR051W	16	1	21	25	3	22	6	12	9	17	8	13	6	8	14	9	9	15	1	7	77.0544740659069
sp|P25632|RSC6_YEAST	4932.YCR052W	22	1	45	33	8	26	9	21	30	55	8	37	25	23	19	38	36	25	3	19	26.5463886629965
sp|P16120|THRC_YEAST	4932.YCR053W	41	2	32	36	30	28	6	36	43	46	7	29	19	19	16	40	31	31	4	18	1292.44363618371
sp|P25355|CTR86_YEAST	4932.YCR054C	23	14	40	44	34	17	9	47	34	70	11	42	19	23	23	35	27	28	4	19	20.7042977425848
sp|P25635|PWP2_YEAST	4932.YCR057C	58	8	75	61	60	53	18	55	52	75	13	54	25	34	44	86	52	64	14	22	86.6011742854125
sp|P25637|YIH1_YEAST	4932.YCR059C	21	2	24	22	12	13	10	13	10	18	9	4	11	11	10	18	16	23	4	7	29.7628839039454
sp|P25638|TAH1_YEAST	4932.YCR060W	9	2	3	9	2	8	2	5	6	10	3	3	4	14	5	7	4	8	0	7	23.8211815075675
sp|P25639|YCV1_YEAST	4932.YCR061W	46	8	30	23	49	32	17	35	16	74	22	30	29	14	24	55	55	38	13	21	0.715403809340316
sp|P10862|RAD18_YEAST	4932.YCR066W	15	12	31	34	17	18	11	22	41	46	16	31	26	22	25	61	29	18	4	8	0.680485320476892
sp|P25365|SED4_YEAST	4932.YCR067C	68	2	56	71	44	36	17	76	45	77	16	65	49	21	25	195	102	79	2	19	11.9708489412254
sp|P25642|IMG2_YEAST	4932.YCR071C	8	4	3	8	5	10	1	15	17	8	3	10	7	5	8	10	8	10	1	5	27.3071541867322
sp|P25382|NLE1_YEAST	4932.YCR072C	27	12	36	15	10	37	17	28	41	39	10	19	26	15	23	55	39	37	16	13	9.1720196973552
sp|P37262|SOL2_YEAST	4932.YCR073W-A	27	5	23	19	14	22	10	19	25	24	5	10	17	4	14	29	14	24	4	6	11.0276121970008
sp|Q3E830|YC075_YEAST	4932.YCR075W-A	6	0	7	5	2	7	2	6	4	6	1	2	0	5	2	6	6	6	0	2	2.68431128091433
sp|P25644|PAT1_YEAST	4932.YCR077C	50	0	41	44	30	51	11	55	47	76	25	47	54	60	37	76	37	30	4	21	77.5671453192884
sp|P25648|SRB8_YEAST	4932.YCR081W	42	22	86	85	89	28	40	143	115	163	37	104	45	63	35	117	73	67	18	55	1.84661970568512
sp|P25372|TRX3_YEAST	4932.YCR083W	7	4	8	5	6	6	1	10	13	12	6	4	8	5	5	5	9	8	1	4	38.2323306345445
sp|P16649|TUP1_YEAST	4932.YCR084C	51	7	43	36	13	34	14	27	36	60	8	44	36	61	27	70	72	48	6	20	67.441355638183
sp|P25651|CSM1_YEAST	4932.YCR086W	8	1	13	16	6	6	2	8	20	22	2	10	4	15	3	20	10	13	1	10	18.6795935232991
sp|P37263|YC16_YEAST	4932.YCR087C-A	7	6	6	11	3	6	5	6	31	6	2	7	5	13	2	8	10	10	0	9	28.2196576861531
sp|P15891|ABP1_YEAST	4932.YCR088W	56	1	47	75	17	22	4	28	59	31	5	30	66	20	17	51	22	22	8	11	360.96000009469
sp|P25654|YCY0_YEAST	4932.YCR090C	8	8	15	17	11	6	2	9	18	17	5	7	4	3	4	20	11	10	2	5	54.1060900052337
sp|P25336|MSH3_YEAST	4932.YCR092C	45	11	64	73	44	39	30	78	85	111	24	59	32	34	47	86	54	64	5	33	3.21998789545051
sp|P25655|NOT1_YEAST	4932.YCR093W	124	13	111	127	115	58	34	163	134	275	44	125	87	130	84	159	124	134	19	48	95.1879903566253
sp|P25656|CDC50_YEAST	4932.YCR094W	17	6	24	22	22	19	8	33	33	33	7	22	24	15	14	25	28	15	6	18	8.91107735476587
sp|P25366|OCA4_YEAST	4932.YCR095C	16	4	20	28	18	16	6	27	34	37	3	32	11	10	18	26	20	20	4	12	8.46343543994307
sp|P54007|YL460_YEAST	4932.YCR102C	30	4	21	22	11	31	8	35	32	33	2	20	20	13	10	17	16	34	3	14	0.480401817981478
sp|P54007|YL460_YEAST	4932.YLR460C	30	4	21	22	11	31	8	35	32	33	2	20	20	13	10	17	16	34	3	14	1.49721795572118
sp|Q03441|RMD1_YEAST	4932.YDL001W	17	3	30	39	14	16	13	32	28	43	10	19	17	22	26	35	19	26	4	17	1.96381435374978
sp|Q03435|NHP10_YEAST	4932.YDL002C	6	2	14	26	2	8	1	7	24	23	5	14	8	7	17	15	6	9	1	8	101.092371708429
sp|Q12158|SCC1_YEAST	4932.YDL003W	31	2	42	58	21	29	5	40	31	47	13	41	24	22	27	47	52	23	5	6	21.7922095587172
sp|Q12165|ATPD_YEAST	4932.YDL004W	20	1	2	14	7	9	2	7	10	17	2	8	6	8	5	20	5	15	0	2	66.7285725659811
sp|Q12124|MED2_YEAST	4932.YDL005C	18	1	32	34	13	24	2	13	27	31	9	90	9	26	8	42	30	15	1	6	45.9887520445811
sp|P35182|PP2C1_YEAST	4932.YDL006W	19	5	26	18	11	16	7	16	13	25	7	15	5	7	16	19	19	26	4	7	3.06563508645926
sp|P40327|PRS4_YEAST	4932.YDL007W	20	4	28	42	10	32	6	31	44	47	14	14	23	17	20	28	23	24	0	10	54.6194978281219
sp|Q12438|GLRX6_YEAST	4932.YDL010W	10	1	8	21	8	15	3	18	20	23	5	17	7	10	7	24	13	13	1	7	8.68242515886692
sp|Q12438|GLRX6_YEAST	4932.YBR014C	10	1	8	21	8	15	3	18	20	23	5	17	7	10	7	24	13	13	1	7	5.19976271925262
sp|Q12489|YD012_YEAST	4932.YDL012C	8	5	3	2	1	6	1	1	1	6	2	3	12	27	2	11	2	1	0	13	25.5374430327294
sp|P32828|SLX5_YEAST	4932.YDL013W	38	10	50	53	23	30	12	35	25	48	10	36	26	26	73	47	40	24	3	10	11.4593918361235
sp|P15646|FBRL_YEAST	4932.YDL014W	25	3	12	20	10	62	7	18	18	16	8	5	16	6	35	24	6	27	1	8	518.773583576736
sp|Q99190|TSC13_YEAST	4932.YDL015C	13	3	12	10	34	14	9	19	25	36	4	15	12	8	12	23	14	19	9	19	171.45751950255
sp|P06243|CDC7_YEAST	4932.YDL017W	23	9	35	36	24	30	12	32	37	50	13	29	23	18	22	33	24	25	7	25	6.91737962141464
sp|Q12403|ERP3_YEAST	4932.YDL018C	11	7	14	18	17	10	7	20	13	15	3	13	5	12	17	14	9	9	1	10	53.6213663543629
sp|Q12451|OSH2_YEAST	4932.YDL019C	75	6	90	103	37	62	33	61	123	122	15	73	59	51	59	103	78	73	23	37	34.6634840948486
sp|Q12008|PMG2_YEAST	4932.YDL021W	8	5	19	28	11	18	6	23	27	31	6	22	15	16	17	19	10	15	3	12	15.6801445804677
sp|Q00055|GPD1_YEAST	4932.YDL022W	32	10	17	33	15	34	12	27	22	32	6	19	14	13	13	24	17	35	6	10	699.125605423797
sp|Q12100|RTK1_YEAST	4932.YDL025C	22	7	38	33	19	32	37	27	50	53	12	41	37	18	25	70	38	39	3	19	44.0815385416748
sp|Q07349|YD027_YEAST	4932.YDL027C	14	3	12	20	40	16	5	33	45	41	9	23	19	12	17	49	25	21	3	13	0.477556154429937
sp|P54199|MPS1_YEAST	4932.YDL028C	32	5	49	45	26	33	20	54	57	63	19	67	35	25	48	86	40	33	3	24	2.94539493024026
sp|P32381|ARP2_YEAST	4932.YDL029W	22	3	26	28	16	28	7	20	21	39	13	10	23	13	25	28	17	33	5	14	76.0204474703631
sp|Q12389|DBP10_YEAST	4932.YDL031W	72	2	73	76	41	53	12	48	109	93	23	57	39	43	59	71	44	48	5	27	9.76035880433342
sp|Q12093|MTU1_YEAST	4932.YDL033C	22	6	27	16	15	31	10	23	22	37	8	26	24	19	26	35	20	24	8	18	2.36889277133728
sp|P12945|NAT1_YEAST	4932.YDL040C	61	8	59	60	41	34	12	44	96	99	16	47	29	36	37	58	29	33	8	47	184.236387212542
sp|P06700|SIR2_YEAST	4932.YDL042C	29	11	34	26	22	27	17	41	49	53	13	35	35	17	19	42	30	37	3	22	15.3787142688046
sp|Q07350|PRP11_YEAST	4932.YDL043C	10	4	14	21	10	20	5	16	28	20	4	21	9	15	9	23	8	19	2	8	11.8101620720475
sp|P10849|MTF2_YEAST	4932.YDL044C	21	6	26	42	13	13	8	29	37	48	9	40	9	13	28	30	19	28	2	19	3.93344035477767
sp|P38913|FAD1_YEAST	4932.YDL045C	15	5	16	23	20	15	7	24	13	30	5	17	15	14	15	27	14	9	7	15	1.44458774397974
sp|O75012|MRP10_YEAST	4932.YDL045W-A	5	4	2	3	0	5	3	4	10	11	3	7	8	3	6	9	2	5	1	4	1.7359960635667
sp|Q12408|NPC2_YEAST	4932.YDL046W	10	4	9	18	6	12	1	16	8	19	1	10	15	3	5	5	10	14	0	7	68.8681098393786
sp|P20604|PP11_YEAST	4932.YDL047W	16	10	18	23	16	22	9	15	15	29	8	14	13	13	14	15	15	26	6	14	51.941555747138
sp|Q07351|STP4_YEAST	4932.YDL048C	21	13	23	16	18	14	26	20	34	39	6	34	43	16	20	76	38	18	2	13	4.50084862425538
sp|P33399|LHP1_YEAST	4932.YDL051W	15	2	15	33	18	8	4	11	31	19	3	19	12	12	20	22	10	15	1	5	152.584136280967
sp|P33333|PLSC_YEAST	4932.YDL052C	18	5	10	13	13	20	7	21	29	30	10	14	15	9	11	19	18	27	3	11	181.133361667497
sp|Q07362|PBP4_YEAST	4932.YDL053C	20	1	5	4	2	10	2	3	21	9	3	11	10	14	8	24	22	9	2	5	64.6589716370734
sp|P41940|MPG1_YEAST	4932.YDL055C	18	3	19	25	12	30	6	30	30	34	6	19	22	5	10	17	23	39	3	10	4765.52951773625
sp|P39678|MBP1_YEAST	4932.YDL056W	43	1	39	49	25	32	22	58	63	66	20	62	43	59	40	86	60	41	3	21	6.28672362560807
sp|Q07379|YD057_YEAST	4932.YDL057W	24	9	16	18	9	23	11	19	16	35	6	15	15	12	18	28	15	18	4	17	1.99500262701957
sp|P25386|USO1_YEAST	4932.YDL058W	85	9	112	256	50	36	22	116	204	216	26	114	28	89	60	158	100	68	7	34	52.3190541437054
sp|Q12223|RAD59_YEAST	4932.YDL059C	16	3	11	15	6	18	4	18	22	17	2	19	6	8	8	17	20	11	3	14	19.1987770092287
sp|Q07381|TSR1_YEAST	4932.YDL060W	42	5	59	73	42	43	18	48	67	65	15	38	35	31	44	51	30	48	9	25	71.0750856420412
sp|P41058|RS29B_YEAST	4932.YDL061C	2	4	2	2	4	4	4	2	4	2	1	3	1	2	8	4	1	3	1	2	1530.44661887517
sp|P41058|RS29B_YEAST	4932.YLR388W	2	4	2	2	4	4	4	2	4	2	1	3	1	2	8	4	1	3	1	2	1827.02585855946
sp|Q07395|SYO1_YEAST	4932.YDL063C	25	8	35	41	26	23	9	60	37	81	12	53	20	32	20	60	26	33	6	13	26.7448180450223
sp|P50623|UBC9_YEAST	4932.YDL064W	10	2	8	9	5	10	2	6	17	12	2	7	16	9	6	11	4	8	5	8	108.88641603559
sp|Q07418|PEX19_YEAST	4932.YDL065C	13	2	37	47	8	20	4	12	31	31	12	35	9	17	6	23	12	16	1	6	48.6462733448638
sp|P21954|IDHP_YEAST	4932.YDL066W	30	3	28	27	16	28	8	34	41	37	11	13	16	15	20	29	29	22	4	17	570.686036920895
sp|P07255|COX9_YEAST	4932.YDL067C	4	0	2	4	3	5	1	6	6	3	4	2	1	1	4	2	3	3	3	2	24.6565472648151
sp|Q07442|BDF2_YEAST	4932.YDL070W	27	3	49	50	21	20	16	39	60	58	16	57	32	17	26	74	29	23	2	19	23.7825223244822
sp|Q07451|YET3_YEAST	4932.YDL072C	15	2	12	12	12	6	1	19	14	27	4	7	6	8	10	18	9	15	0	6	163.12437665191
sp|Q07454|YD073_YEAST	4932.YDL073W	31	16	52	65	57	30	23	81	82	107	20	82	27	34	39	96	53	47	14	28	1.59375474448978
sp|Q07457|BRE1_YEAST	4932.YDL074C	39	13	49	78	21	10	13	46	82	80	8	43	6	29	37	69	43	21	2	11	35.4563084783181
sp|P0C2H9|RL31B_YEAST	4932.YDL075W	10	0	4	11	3	6	3	4	13	11	2	4	4	2	11	4	4	13	1	3	1713.64562349532
sp|P0C2H9|RL31B_YEAST	4932.YLR406C	10	0	4	11	3	6	3	4	13	11	2	4	4	2	11	4	4	13	1	3	1678.31571326166
sp|Q07468|VAM6_YEAST	4932.YDL077C	32	17	71	73	48	30	30	80	91	123	22	64	32	35	47	86	58	47	13	50	1.8496468585991
sp|P32419|MDHP_YEAST	4932.YDL078C	23	1	15	20	13	28	6	23	31	38	7	17	15	11	11	28	16	33	0	7	208.137150462042
sp|Q07471|THI3_YEAST	4932.YDL080C	36	11	27	34	29	38	13	43	31	59	15	36	33	29	22	42	37	42	9	23	96.5198636848655
sp|P05318|RLA1_YEAST	4932.YDL081C	20	0	8	15	4	10	0	5	5	11	2	5	2	1	0	8	3	5	1	1	2649.45701487916
sp|Q12690|RL13A_YEAST	4932.YDL082W	32	0	6	14	8	8	4	10	20	11	1	9	9	9	26	6	8	14	1	3	1760.73799348728
sp|Q12690|RL13A_YEAST	4932.YMR142C	32	0	6	14	8	8	4	10	20	11	1	9	9	9	26	6	8	14	1	3	2326.42445501564
sp|Q07478|SUB2_YEAST	4932.YDL084W	35	6	30	41	21	25	11	31	31	39	6	20	15	20	25	23	24	30	0	13	361.408960065806
sp|Q3E7B7|YD85C_YEAST	4932.YDL085C-A	10	0	5	6	0	2	0	1	14	5	3	3	1	6	9	2	1	0	0	0	236.289575299816
sp|Q07505|DLHH_YEAST	4932.YDL086W	14	7	19	15	19	23	8	17	13	27	4	9	12	13	16	12	18	16	0	11	75.9539352325365
sp|Q05166|NUP59_YEAST	4932.YDL088C	21	3	27	20	23	30	13	32	27	30	8	79	28	33	21	63	36	18	5	11	41.1382389254581
sp|Q12066|NUR1_YEAST	4932.YDL089W	18	3	26	28	35	16	11	31	38	51	10	37	18	19	25	51	18	17	7	25	1.73678037679808
sp|P38985|SRP14_YEAST	4932.YDL092W	7	2	7	9	6	8	4	6	23	9	3	8	5	4	5	17	9	9	1	4	79.47670221452
sp|P33775|PMT1_YEAST	4932.YDL095W	56	9	36	45	52	51	25	43	44	84	22	30	36	25	27	68	43	61	20	40	102.706394668526
sp|Q12377|RPN6_YEAST	4932.YDL097C	30	6	28	35	16	13	10	21	43	57	10	19	7	21	13	36	21	24	1	23	226.277743241716
sp|Q12191|BUG1_YEAST	4932.YDL099W	20	0	25	51	6	15	1	14	37	19	7	33	8	22	9	25	30	16	3	0	60.2791261967501
sp|Q12154|GET3_YEAST	4932.YDL100C	18	7	25	25	17	27	7	22	24	39	13	23	11	17	9	23	23	16	2	6	256.839956517349
sp|P39009|DUN1_YEAST	4932.YDL101C	19	8	35	31	23	22	11	36	45	51	4	32	20	31	23	46	26	30	4	16	8.69694007383415
sp|P15436|DPOD_YEAST	4932.YDL102W	58	20	70	64	44	59	19	79	84	96	26	62	44	40	56	79	60	79	9	49	42.7077902740034
sp|P43123|UAP1_YEAST	4932.YDL103C	28	7	28	36	21	36	8	28	48	49	7	25	21	18	16	35	19	25	5	17	91.6489389216513
sp|P07269|PHO2_YEAST	4932.YDL106C	25	3	54	24	26	15	17	31	26	46	9	78	26	34	23	56	40	14	4	8	6.28395503009311
sp|P06242|KIN28_YEAST	4932.YDL108W	19	4	19	19	14	13	7	22	20	30	13	12	20	9	16	16	16	19	5	13	15.6258495487081
sp|Q12513|TMA17_YEAST	4932.YDL110C	10	1	16	15	2	9	3	12	10	10	4	13	3	4	8	11	6	9	0	4	78.5297112527608
sp|Q12277|RRP42_YEAST	4932.YDL111C	15	1	19	13	10	10	7	20	16	32	4	14	14	5	7	36	8	26	1	7	45.6747208817022
sp|Q07527|TRM3_YEAST	4932.YDL112W	63	23	90	93	76	51	31	113	115	192	26	78	37	48	42	123	81	76	19	59	19.290637823336
sp|Q07528|ATG20_YEAST	4932.YDL113C	27	2	28	62	17	31	16	38	58	61	13	55	25	22	28	72	33	26	2	24	8.66914565766687
sp|Q07532|IWR1_YEAST	4932.YDL115C	13	0	46	38	14	18	10	24	27	24	2	19	11	13	21	34	10	16	1	12	3.08918578017974
sp|P52891|NUP84_YEAST	4932.YDL116W	36	7	42	72	28	21	15	64	42	97	11	44	24	30	27	60	32	37	9	28	68.4464827707352
sp|Q07533|CYK3_YEAST	4932.YDL117W	47	11	39	58	37	39	19	58	72	73	20	61	57	24	43	97	38	42	13	37	0.999115036917851
sp|Q07534|S2538_YEAST	4932.YDL119C	22	2	6	12	16	19	3	15	19	41	8	15	13	7	17	30	31	14	3	14	8.6434444201358
sp|Q07540|FRDA_YEAST	4932.YDL120W	11	2	9	15	5	9	5	8	10	19	4	9	10	6	9	14	9	14	2	4	35.2449664479266
sp|Q07541|YD121_YEAST	4932.YDL121C	9	0	13	12	9	10	2	9	20	18	1	7	3	2	6	11	7	4	0	6	82.2635076362858
sp|P25037|UBP1_YEAST	4932.YDL122W	32	9	57	93	32	41	19	49	62	71	12	60	31	32	33	65	36	40	6	29	65.8243885643155
sp|Q07551|KAR_YEAST	4932.YDL124W	21	1	16	24	14	15	5	21	28	32	4	14	16	18	8	21	16	18	4	16	365.322507506379
sp|Q04344|HNT1_YEAST	4932.YDL125C	16	2	11	10	6	7	8	14	17	18	4	3	10	4	2	7	9	4	1	5	288.450790008877
sp|P25694|CDC48_YEAST	4932.YDL126C	81	4	69	73	28	59	11	51	49	69	23	42	41	20	51	40	39	64	3	18	816.45201467045
sp|Q99385|VCX1_YEAST	4932.YDL128W	39	3	14	16	26	26	11	34	12	63	12	18	13	12	7	31	28	33	4	9	45.4893837109098
sp|P10622|RLA3_YEAST	4932.YDL130W	24	0	11	11	5	12	1	6	5	8	2	4	1	0	0	7	3	4	1	1	2349.50144157724
sp|P01098|STF1_YEAST	4932.YDL130W-A	5	1	3	8	2	5	2	5	9	9	1	8	4	5	9	4	1	2	0	3	50.1990011983338
sp|Q12122|HOSM_YEAST	4932.YDL131W	35	8	37	24	17	27	12	38	33	32	6	27	15	8	20	27	26	35	1	12	504.987416764272
sp|Q12122|HOSM_YEAST	4932.YDL182W	35	8	37	24	17	27	12	38	33	32	6	27	15	8	20	27	26	35	1	12	975.202839076718
sp|Q12018|CDC53_YEAST	4932.YDL132W	52	6	45	59	38	30	20	63	77	84	22	48	30	31	33	54	46	35	8	34	68.3985168997017
sp|P23594|PP2A1_YEAST	4932.YDL134C	15	9	33	23	16	23	12	18	12	30	11	23	21	18	16	24	17	28	5	15	68.8346106294745
sp|Q12434|GDIR_YEAST	4932.YDL135C	11	0	14	20	8	8	3	13	26	17	1	11	8	6	5	14	11	15	2	9	145.789448993846
sp|P19146|ARF2_YEAST	4932.YDL137W	9	1	7	14	7	15	2	12	9	19	6	13	3	6	12	12	11	12	5	6	271.206997258232
sp|P19146|ARF2_YEAST	4932.YDL192W	9	1	7	14	7	15	2	12	9	19	6	13	3	6	12	12	11	12	5	6	975.554080048242
sp|Q12334|SCM3_YEAST	4932.YDL139C	9	1	25	23	1	9	7	18	32	15	4	14	5	1	13	18	11	9	2	6	2.01452344419881
sp|P04050|RPB1_YEAST	4932.YDL140C	98	21	102	117	58	115	35	97	93	143	44	71	124	66	83	163	115	117	13	58	263.151487716717
sp|P48445|BPL1_YEAST	4932.YDL141W	42	9	28	34	34	51	15	32	36	71	14	49	40	26	22	51	46	53	5	32	44.4375528296018
sp|P39078|TCPD_YEAST	4932.YDL143W	45	7	31	38	10	30	8	54	40	50	11	25	15	14	31	47	27	40	1	4	247.170540283806
sp|Q07589|YD144_YEAST	4932.YDL144C	24	5	17	27	11	25	8	33	22	32	6	16	12	12	19	23	18	30	4	12	35.4535201861216
sp|P53622|COPA_YEAST	4932.YDL145C	91	11	75	86	52	62	30	82	79	112	19	55	51	52	55	81	67	84	19	38	367.130656809206
sp|Q12250|RPN5_YEAST	4932.YDL147W	20	2	25	45	8	10	11	35	46	61	8	24	9	24	15	33	19	27	5	18	271.140675011245
sp|Q99207|NOP14_YEAST	4932.YDL148C	47	3	62	87	35	31	13	52	98	72	20	45	26	40	50	46	32	29	2	20	18.4344210334239
sp|P25441|RPC4_YEAST	4932.YDL150W	30	0	27	48	12	32	6	15	52	31	8	21	16	13	26	39	15	28	1	2	49.2465013835284
sp|Q12136|SAS10_YEAST	4932.YDL153C	37	1	65	93	19	35	8	24	65	43	11	35	11	24	32	41	24	20	3	19	11.8324962441588
sp|P24870|CG23_YEAST	4932.YDL155W	31	5	28	39	10	10	16	28	19	44	7	23	18	15	26	38	17	23	8	22	2.43142307027029
sp|Q12510|YD156_YEAST	4932.YDL156W	27	4	42	35	22	29	9	33	46	46	8	30	23	15	30	42	36	25	6	14	14.6927502663383
sp|Q12082|YD157_YEAST	4932.YDL157C	5	2	2	10	8	11	1	3	13	9	4	7	6	4	5	8	6	6	4	4	9.77595646581301
sp|P06784|STE7_YEAST	4932.YDL159W	16	7	26	26	12	30	15	47	42	50	7	38	23	25	24	54	26	30	3	14	22.6644938407288
sp|P39517|DHH1_YEAST	4932.YDL160C	29	7	23	28	25	24	15	36	30	49	13	28	34	41	23	24	35	26	2	14	210.409496184321
sp|Q3E829|YD160_YEAST	4932.YDL160C-A	3	0	8	7	1	5	2	8	6	12	5	3	2	4	3	6	0	4	0	1	3.08896269803159
sp|Q12518|ENT1_YEAST	4932.YDL161W	22	2	28	31	14	26	5	19	24	38	10	30	15	69	29	34	24	15	2	17	43.2754293256242
sp|P04819|DNLI1_YEAST	4932.YDL164C	37	16	46	55	29	45	10	42	65	83	22	33	35	26	37	65	46	37	3	23	13.4419742381786
sp|P06100|NOT2_YEAST	4932.YDL165W	7	2	12	13	14	7	4	6	10	23	6	5	12	10	11	16	13	9	4	7	29.0429600879835
sp|Q12055|KAD6_YEAST	4932.YDL166C	6	4	23	20	4	11	6	10	12	15	5	11	7	5	10	14	5	17	3	9	62.00534352725
sp|P32770|NRP1_YEAST	4932.YDL167C	37	15	33	29	27	43	21	43	29	41	13	124	37	20	27	77	41	37	9	16	34.5487720527474
sp|P32771|FADH_YEAST	4932.YDL168W	38	15	25	22	16	43	9	27	33	22	6	9	12	10	11	17	29	32	2	8	112.506161254766
sp|P26370|UGA3_YEAST	4932.YDL170W	22	13	32	37	25	18	13	52	45	67	12	31	15	24	19	41	17	19	4	22	4.1648115035389
sp|Q12680|GLT1_YEAST	4932.YDL171C	152	38	139	138	73	164	48	144	152	207	44	112	89	64	102	137	114	139	25	64	316.881117368048
sp|Q12515|PAR32_YEAST	4932.YDL173W	19	0	19	14	11	27	6	19	30	12	5	41	13	7	12	29	15	13	0	3	56.5264991659118
sp|P32891|DLD1_YEAST	4932.YDL174C	39	12	45	34	19	36	16	35	50	50	15	30	28	12	24	41	38	41	7	15	34.7588188753318
sp|Q12476|AIR2_YEAST	4932.YDL175C	13	15	21	18	7	17	15	14	29	13	3	31	23	12	24	39	13	15	2	20	2.26358202370614
sp|P46681|DLD2_YEAST	4932.YDL178W	26	3	29	39	20	42	11	27	39	55	13	32	20	15	20	46	17	46	3	27	86.7407042068843
sp|P01097|ATIF_YEAST	4932.YDL181W	5	0	4	9	4	5	1	2	8	8	2	1	2	6	11	9	4	3	0	1	43.0362429494138
sp|P17255|VATA_YEAST	4932.YDL185W	80	12	61	81	41	83	20	63	71	87	23	38	45	27	55	87	64	80	10	43	1406.51464830034
sp|P23595|PP2A2_YEAST	4932.YDL188C	13	9	38	24	17	25	13	19	15	29	12	22	21	17	17	23	19	24	5	15	30.2855200457196
sp|Q05672|RBS1_YEAST	4932.YDL189W	13	4	24	27	14	29	6	21	27	24	12	48	30	27	26	59	22	13	3	28	25.0046163056645
sp|P54860|UFD2_YEAST	4932.YDL190C	59	10	60	71	67	35	18	65	69	109	18	57	44	34	42	71	45	51	1	35	51.0140570636091
sp|P39741|RL35B_YEAST	4932.YDL191W	13	1	2	8	2	2	0	5	22	13	1	1	4	11	11	6	6	8	0	4	3491.58358244228
sp|Q12063|UPPS_YEAST	4932.YDL193W	18	4	23	27	12	24	8	30	33	37	8	22	22	12	15	18	15	27	3	17	50.9430962812874
sp|P38968|SEC31_YEAST	4932.YDL195W	107	7	59	75	43	53	22	60	82	110	20	100	111	57	27	141	94	61	19	25	348.987380890338
sp|P38988|GGC1_YEAST	4932.YDL198C	23	1	11	11	22	28	5	19	25	35	4	16	13	9	16	23	15	13	3	8	99.3654284322703
sp|P26188|MGMT_YEAST	4932.YDL200C	9	4	5	17	10	13	4	7	19	26	3	12	5	5	8	10	11	11	2	7	1.0927889918191
sp|Q12009|TRMB_YEAST	4932.YDL201W	14	4	14	24	14	15	9	16	31	23	9	16	15	11	16	13	11	16	3	12	47.4378594161269
sp|P36521|RM11_YEAST	4932.YDL202W	8	1	9	15	12	12	8	7	27	31	7	16	13	12	10	17	19	17	2	6	56.4336660371474
sp|Q12443|RTN2_YEAST	4932.YDL204W	20	0	21	23	15	18	12	25	30	33	7	33	19	13	21	35	31	23	1	13	17.8841458387286
sp|P28789|HEM3_YEAST	4932.YDL205C	16	8	25	25	7	25	8	25	30	39	12	7	13	10	15	18	16	17	1	10	76.7282343548514
sp|Q12315|GLE1_YEAST	4932.YDL207W	38	5	18	56	21	14	10	35	53	57	10	34	25	33	30	34	27	24	8	6	19.2109162779799
sp|P32495|NHP2_YEAST	4932.YDL208W	13	1	7	13	4	9	3	7	29	9	2	7	9	2	4	11	4	19	0	3	353.81194980269
sp|Q12046|CWC2_YEAST	4932.YDL209C	18	6	24	25	18	25	5	14	32	34	7	23	14	11	19	25	12	15	5	7	6.68937698856362
sp|Q02774|SHR3_YEAST	4932.YDL212W	15	5	7	11	12	14	5	14	16	22	6	14	6	8	4	13	11	16	3	8	102.847776380119
sp|Q07623|NOP6_YEAST	4932.YDL213C	15	0	15	18	6	21	3	11	38	17	3	13	8	12	17	8	12	8	0	0	199.00281568008
sp|P33327|DHE2_YEAST	4932.YDL215C	47	10	78	66	66	57	23	86	80	117	14	83	39	39	38	89	49	61	7	43	50.3847113450423
sp|Q07629|YD218_YEAST	4932.YDL218W	36	6	12	11	11	25	6	12	8	27	8	22	10	10	17	26	31	18	3	18	1.42997782782012
sp|Q07648|DTD_YEAST	4932.YDL219W	7	1	10	12	5	9	3	12	19	17	6	4	2	5	3	16	5	11	1	2	15.1949541810244
sp|P32797|CDC13_YEAST	4932.YDL220C	48	20	58	59	51	31	21	64	62	89	14	49	47	43	45	97	48	46	4	28	3.19101351059741
sp|Q07651|FMP45_YEAST	4932.YDL222C	29	5	10	6	26	25	3	10	13	32	5	17	18	8	14	25	24	18	7	14	3.22251563916029
sp|Q07653|HBT1_YEAST	4932.YDL223C	67	0	83	61	18	75	47	30	83	23	17	84	56	44	33	141	103	41	3	37	11.2255991707801
sp|Q07655|WHI4_YEAST	4932.YDL224C	31	6	21	34	29	37	20	26	27	58	9	61	48	36	23	100	35	34	2	12	28.2460952395279
sp|Q07657|SHS1_YEAST	4932.YDL225W	26	2	29	55	21	24	9	36	38	49	10	41	25	25	32	54	34	24	1	16	71.7225982164615
sp|P35197|GCS1_YEAST	4932.YDL226C	27	6	21	29	20	25	7	8	28	23	4	22	19	22	15	31	22	11	6	6	130.370040702357
sp|P40150|HSP76_YEAST	4932.YDL229W	61	2	38	49	26	42	5	36	47	51	9	22	20	25	29	44	45	52	1	9	2319.31261817652
sp|P40150|HSP76_YEAST	4932.YNL209W	61	2	38	49	26	42	5	36	47	51	9	22	20	25	29	44	45	52	1	9	2790.99750706971
sp|P25044|PTP1_YEAST	4932.YDL230W	15	5	22	16	11	17	12	20	18	23	10	21	17	15	22	18	22	27	7	17	1.9845312403872
sp|P48365|GYP7_YEAST	4932.YDL234C	22	9	50	55	45	25	14	39	48	93	18	59	28	43	28	61	35	34	19	21	10.6136807919027
sp|Q07688|YPD1_YEAST	4932.YDL235C	8	1	15	13	7	7	2	21	11	19	4	13	2	10	6	12	8	3	2	3	70.4418980894432
sp|P19881|PNPP_YEAST	4932.YDL236W	16	5	21	15	18	28	3	17	24	36	6	15	11	12	10	23	19	18	2	13	125.142464164724
sp|Q07716|AIM6_YEAST	4932.YDL237W	21	6	31	21	19	20	10	24	27	52	7	21	15	8	13	36	16	18	7	18	10.2592648052043
sp|P35688|LRG1_YEAST	4932.YDL240W	44	30	50	65	43	34	22	70	87	106	26	63	42	41	41	85	68	50	8	42	1.60544697733024
sp|P54854|HXT15_YEAST	4932.YDL245C	39	14	14	28	42	52	6	43	30	52	16	19	24	14	17	46	26	46	13	26	0.0659562992791474
sp|P54854|HXT15_YEAST	4932.YEL069C	39	14	14	28	42	52	6	43	30	52	16	19	24	14	17	46	26	46	13	26	0.0642436012280246
sp|P54854|HXT15_YEAST	4932.YJR158W	39	14	14	28	42	52	6	43	30	52	16	19	24	14	17	46	26	46	13	26	0.0659562992791474
sp|P32356|TREA_YEAST	4932.YDR001C	51	6	43	50	36	51	16	37	50	65	17	37	39	26	44	46	48	35	12	42	67.5610907038624
sp|P41920|YRB1_YEAST	4932.YDR002W	19	3	16	28	11	8	3	8	33	7	4	6	10	1	8	9	10	12	2	3	678.588563286307
sp|P41910|MAF1_YEAST	4932.YDR005C	14	5	25	27	18	16	3	21	24	30	3	44	16	14	19	62	19	13	4	18	3.36215195719212
sp|P13045|GAL3_YEAST	4932.YDR009W	45	12	29	30	30	28	13	26	31	45	10	30	23	16	25	38	32	34	3	20	1.5183719925407
sp|P32568|SNQ2_YEAST	4932.YDR011W	112	26	66	85	92	103	28	99	93	129	46	61	50	51	60	134	81	88	17	80	103.068327658616
sp|Q12488|PSF1_YEAST	4932.YDR013W	6	4	19	12	6	9	2	12	14	29	6	13	3	17	11	13	8	13	1	10	2.60143115431214
sp|Q12248|DAD1_YEAST	4932.YDR016C	3	0	6	10	2	4	0	8	5	11	3	7	2	5	2	13	7	3	1	2	45.0523223798288
sp|Q12494|KCS1_YEAST	4932.YDR017C	45	16	76	75	37	45	38	54	84	85	20	84	44	41	54	112	58	44	8	30	28.0300833882453
sp|P48015|GCST_YEAST	4932.YDR019C	27	3	20	22	17	33	11	20	34	43	8	20	18	16	14	24	23	28	4	15	317.573009744369
sp|Q12099|FAL1_YEAST	4932.YDR021W	21	5	29	20	17	22	4	34	39	36	13	17	8	24	19	27	22	30	3	9	9.54011329897098
sp|P07284|SYSC_YEAST	4932.YDR023W	24	8	24	51	20	26	9	26	50	41	6	23	19	21	17	29	13	28	6	21	940.12210079197
sp|P26781|RS11B_YEAST	4932.YDR025W	10	2	2	4	8	9	5	10	20	5	2	7	8	6	12	9	13	17	1	6	2618.55596002991
sp|Q12457|YD026_YEAST	4932.YDR026C	28	7	42	48	10	24	11	33	66	41	16	31	19	14	45	48	31	25	11	20	5.52440125559394
sp|Q12071|VPS54_YEAST	4932.YDR027C	40	10	57	65	36	32	20	74	62	95	18	62	26	35	47	95	46	37	6	26	16.0181029497571
sp|Q00816|REG1_YEAST	4932.YDR028C	56	3	102	67	17	42	33	36	69	59	16	106	43	35	39	149	47	54	8	33	45.1943359082895
sp|Q04341|MIC14_YEAST	4932.YDR031W	2	8	9	11	2	5	1	12	12	9	5	10	5	5	6	7	3	7	0	2	10.1587714265039
sp|Q12335|PST2_YEAST	4932.YDR032C	24	1	7	13	10	26	6	12	10	13	3	5	10	5	4	10	16	12	4	7	411.319658866787
sp|Q12117|MRH1_YEAST	4932.YDR033W	24	10	11	7	28	21	6	29	23	24	10	12	19	7	9	20	22	16	9	13	867.045844899594
sp|P40971|LYS14_YEAST	4932.YDR034C	31	14	51	45	33	34	16	44	63	84	15	73	31	28	29	84	44	38	7	26	2.05925738095406
sp|Q12439|YO21A_YEAST	4932.YDR034C-C	24	3	17	22	12	10	16	22	25	30	10	38	32	33	15	49	35	20	4	21	0.576905498209644
sp|Q12439|YO21A_YEAST	4932.YOR192C-A	24	3	17	22	12	10	16	22	25	30	10	38	32	33	15	49	35	20	4	21	0.604811263438704
sp|P14843|AROF_YEAST	4932.YDR035W	23	8	28	25	12	33	7	29	33	35	8	19	14	12	20	22	17	15	3	7	360.788862812366
sp|P28817|HIBCH_YEAST	4932.YDR036C	34	8	21	31	26	22	6	27	36	46	15	33	24	20	21	40	41	28	4	17	43.8039424492643
sp|P15180|SYKC_YEAST	4932.YDR037W	37	9	41	55	30	33	16	28	48	52	20	21	33	26	35	23	29	33	2	20	993.371874862651
sp|Q12691|ATN5_YEAST	4932.YDR038C	80	16	70	61	52	72	20	81	63	90	29	60	37	28	41	94	69	87	16	25	4.50344965403072
sp|Q12691|ATN5_YEAST	4932.YDR039C	80	16	70	61	52	72	20	81	63	90	29	60	37	28	41	94	69	87	16	25	7.35912033615585
sp|Q12691|ATN5_YEAST	4932.YDR040C	80	16	70	61	52	72	20	81	63	90	29	60	37	28	41	94	69	87	16	25	17.5945520238968
sp|Q03201|RT10_YEAST	4932.YDR041W	11	1	13	11	8	9	5	12	16	24	4	10	11	6	14	15	11	10	2	10	11.4543137192719
sp|P11353|HEM6_YEAST	4932.YDR044W	18	3	23	21	15	26	12	14	19	25	8	9	22	16	21	13	24	17	8	14	94.0857343120447
sp|Q04307|RPC10_YEAST	4932.YDR045C	3	8	8	7	5	9	1	5	6	7	3	6	6	4	5	7	7	5	2	6	46.7853878418879
sp|P41815|BAP3_YEAST	4932.YDR046C	45	9	20	29	43	48	11	44	28	52	21	29	20	13	25	53	27	50	10	27	168.046041480764
sp|P32347|DCUP_YEAST	4932.YDR047W	20	6	20	26	21	29	6	25	24	31	14	10	21	16	21	16	11	27	8	10	44.9742748810248
sp|Q04311|VMS1_YEAST	4932.YDR049W	38	5	36	57	22	26	13	34	68	63	15	45	18	33	36	51	30	21	5	16	20.9810001788858
sp|P00942|TPIS_YEAST	4932.YDR050C	25	2	15	17	11	22	3	15	21	19	1	12	7	7	8	16	12	26	3	6	7648.19918998658
sp|Q99288|DET1_YEAST	4932.YDR051C	10	5	23	27	16	20	12	16	19	24	7	21	12	10	30	19	18	26	4	15	46.1271969270598
sp|P14682|UBC3_YEAST	4932.YDR054C	11	1	48	25	13	8	6	19	15	14	8	17	19	11	13	28	8	17	3	11	64.9093141014085
sp|Q12355|PST1_YEAST	4932.YDR055W	36	4	17	8	18	30	3	33	33	47	4	36	5	14	1	87	40	24	1	3	44.6755296612496
sp|Q12025|YD056_YEAST	4932.YDR056C	16	3	18	14	6	11	0	9	20	20	5	8	6	10	4	13	15	17	2	8	67.1151979757606
sp|Q12176|MAK21_YEAST	4932.YDR060W	56	2	96	97	46	37	17	52	108	96	11	65	28	45	31	100	51	51	5	31	93.0143704874127
sp|Q12298|YD061_YEAST	4932.YDR061W	28	9	27	40	20	32	14	39	39	59	15	31	27	16	25	45	16	30	9	18	19.6819333526226
sp|P40970|LCB2_YEAST	4932.YDR062W	31	14	33	29	24	41	12	39	33	58	14	19	30	17	34	40	29	34	4	26	173.609621910762
sp|Q12156|AIM7_YEAST	4932.YDR063W	6	2	10	21	4	5	0	11	12	15	4	4	7	4	6	11	12	8	2	5	48.1330550676389
sp|P05756|RS13_YEAST	4932.YDR064W	15	0	4	7	2	8	4	13	13	14	3	6	7	3	14	14	5	10	2	7	1282.41548557114
sp|Q12454|OCA6_YEAST	4932.YDR067C	7	6	11	15	9	3	5	18	21	20	5	13	12	3	13	19	14	19	2	9	0.646846844047553
sp|P54858|DOS2_YEAST	4932.YDR068W	13	2	38	46	10	9	5	16	40	19	4	21	3	9	6	26	16	15	5	7	42.6252889707479
sp|Q12497|FMP16_YEAST	4932.YDR070C	5	0	9	6	4	5	2	2	11	8	3	5	6	5	9	4	5	2	0	2	94.239170995286
sp|Q12447|PAA1_YEAST	4932.YDR071C	7	2	5	23	6	9	6	26	16	19	5	11	9	7	6	13	7	7	1	6	330.435212252531
sp|P38956|SNF11_YEAST	4932.YDR073W	18	1	3	6	2	3	2	14	4	20	2	31	7	17	6	10	11	8	1	3	1.18674087542906
sp|P31688|TPS2_YEAST	4932.YDR074W	44	11	59	53	33	41	18	44	74	88	18	50	37	45	43	67	54	63	21	33	265.169971065367
sp|Q3E7C1|TFB5_YEAST	4932.YDR079C-A	5	1	6	7	1	1	2	5	6	10	3	5	3	3	3	4	1	5	0	1	5.12155060091148
sp|P38958|PT100_YEAST	4932.YDR079W	7	1	5	13	8	5	0	6	16	14	3	4	6	3	7	1	4	3	1	4	14.0768111952871
sp|P38959|VPS41_YEAST	4932.YDR080W	34	12	95	70	49	44	22	95	75	97	17	62	31	30	31	87	53	45	12	31	1.33198864039757
sp|P32896|PDC2_YEAST	4932.YDR081C	55	10	50	52	31	29	19	55	60	86	19	106	46	36	31	111	46	42	16	25	12.0715834524975
sp|P38961|RRP8_YEAST	4932.YDR083W	22	5	20	42	22	16	5	23	57	30	9	21	17	17	24	16	16	18	5	7	28.026268298771
sp|P38962|TVP23_YEAST	4932.YDR084C	10	4	9	3	18	9	2	13	8	23	4	13	10	9	8	15	11	13	8	9	9.28926498960182
sp|P35179|SC61G_YEAST	4932.YDR086C	7	1	1	8	3	6	1	10	11	4	1	2	3	3	3	2	2	9	0	3	156.699162636327
sp|P35178|RRP1_YEAST	4932.YDR087C	12	1	23	31	14	9	3	15	29	31	4	16	7	9	16	17	10	12	9	10	111.332925322771
sp|Q02775|SLU7_YEAST	4932.YDR088C	14	3	33	37	4	22	9	16	50	28	8	28	11	17	27	25	18	12	5	15	4.47161336440228
sp|P38966|YD089_YEAST	4932.YDR089W	31	14	62	54	43	29	16	76	54	107	12	65	28	32	39	101	42	37	5	22	2.59510661372918
sp|Q03195|RLI1_YEAST	4932.YDR091C	35	14	37	35	29	36	9	55	51	58	10	26	34	28	33	37	24	40	1	16	316.791706750741
sp|P52490|UBC13_YEAST	4932.YDR092W	12	1	11	13	3	5	2	11	13	17	2	7	15	5	7	6	7	7	3	6	100.635303803457
sp|Q12675|ATC4_YEAST	4932.YDR093W	88	27	107	106	79	98	23	98	99	153	30	93	57	51	95	122	94	114	21	57	32.1355746484766
sp|Q03833|GIS1_YEAST	4932.YDR096W	31	13	40	39	38	43	20	50	49	72	19	124	57	37	30	120	52	29	7	24	8.65525640172919
sp|Q03834|MSH6_YEAST	4932.YDR097C	78	14	93	90	56	63	20	75	107	105	38	64	43	46	53	114	82	55	12	34	18.860864387969
sp|Q03835|GLRX3_YEAST	4932.YDR098C	17	5	16	32	19	12	7	17	15	23	5	16	12	15	8	27	13	14	2	10	58.0853129746158
sp|Q99231|YD12B_YEAST	4932.YDR098C-B	82	13	107	84	53	67	59	129	130	140	31	126	113	76	72	174	135	72	14	78	4.8664515562459
sp|Q99231|YD12B_YEAST	4932.YDR210C-D	82	13	107	84	53	67	59	129	130	140	31	126	113	76	72	174	135	72	14	78	4.72809689359532
sp|Q99231|YD12B_YEAST	4932.YOL103W-B	82	13	107	84	53	67	59	129	130	140	31	126	113	76	72	174	135	72	14	78	5.88830882488087
sp|P34730|BMH2_YEAST	4932.YDR099W	23	1	14	31	5	8	5	14	17	24	5	7	7	28	12	31	16	11	2	12	1259.21256209095
sp|P34730|BMH2_YEAST	4932.YER177W	23	1	14	31	5	8	5	14	17	24	5	7	7	28	12	31	16	11	2	12	1698.12616267528
sp|Q03860|TVP15_YEAST	4932.YDR100W	10	1	9	3	16	10	1	19	3	17	3	6	6	2	3	14	3	9	0	8	55.2416654925732
sp|Q03862|ARX1_YEAST	4932.YDR101C	35	9	31	34	12	38	15	38	40	68	9	23	27	27	23	51	52	40	6	15	216.500291689363
sp|Q03868|SPO71_YEAST	4932.YDR104C	48	18	70	86	52	49	34	91	100	112	19	68	50	46	90	112	75	53	19	53	0.0711358608781165
sp|Q04562|TMN2_YEAST	4932.YDR107C	32	11	27	28	54	44	15	50	33	78	14	26	28	15	22	59	36	52	14	34	1.53441695274717
sp|P46944|TRS85_YEAST	4932.YDR108W	37	12	44	46	37	19	17	40	49	81	21	44	25	24	31	68	36	32	9	26	12.6405824126235
sp|O13329|FOB1_YEAST	4932.YDR110W	21	9	40	49	23	31	13	27	45	53	12	31	24	22	34	43	32	27	3	27	4.01590343101222
sp|Q04599|RM01_YEAST	4932.YDR116C	29	3	13	11	10	17	3	19	26	25	4	8	19	11	18	25	18	19	0	7	43.7597388939
sp|Q04600|TMA64_YEAST	4932.YDR117C	24	6	30	40	30	26	15	42	69	51	10	30	23	20	13	47	37	35	3	14	12.764290036711
sp|Q04602|VBA4_YEAST	4932.YDR119W	38	17	30	31	48	40	15	60	43	93	21	33	33	28	26	94	39	48	9	22	69.0063174009476
sp|P15565|TRM1_YEAST	4932.YDR120C	38	11	23	39	19	34	13	31	54	46	13	43	31	15	26	41	30	35	5	23	95.6783615398226
sp|Q04603|DPB4_YEAST	4932.YDR121W	13	1	19	21	3	10	4	9	21	17	2	7	7	15	7	13	8	15	1	3	37.9002812764805
sp|P13185|KIN1_YEAST	4932.YDR122W	57	6	50	79	36	54	37	58	81	74	34	59	67	54	58	105	57	63	5	30	21.9141565882037
sp|P26798|INO2_YEAST	4932.YDR123C	16	1	19	20	8	10	21	22	13	25	9	23	26	15	12	27	21	10	1	5	14.7974712135571
sp|P08566|ARO1_YEAST	4932.YDR127W	113	23	81	110	61	113	38	106	112	146	31	71	69	44	53	116	108	131	17	45	398.646352783261
sp|P32599|FIMB_YEAST	4932.YDR129C	47	4	46	46	23	39	12	44	41	78	7	36	25	26	33	36	38	41	9	11	472.857016391712
sp|Q03898|FIN1_YEAST	4932.YDR130C	6	2	14	21	9	12	5	21	32	29	8	25	16	15	19	28	18	10	0	1	7.69930448048512
sp|Q03899|YD131_YEAST	4932.YDR131C	16	12	33	34	40	17	12	37	43	70	11	43	24	15	22	40	28	25	7	27	5.30391308252917
sp|Q03900|YD132_YEAST	4932.YDR132C	22	9	33	30	25	18	8	41	43	53	8	29	24	15	20	47	24	12	3	31	1.05985844450168
sp|Q03904|YDR33_YEAST	4932.YDR133C	1	5	0	1	6	1	2	6	8	27	1	7	13	10	3	7	4	5	3	1	0.9427593097178
sp|P39109|YCFI_YEAST	4932.YDR135C	99	20	65	78	78	84	29	124	88	184	34	86	44	56	68	116	86	99	24	53	54.8671279920164
sp|P16664|RGP1_YEAST	4932.YDR137W	19	6	39	55	32	32	12	49	56	60	14	40	26	24	25	68	42	40	4	20	1.51295025381229
sp|P17629|HPR1_YEAST	4932.YDR138W	34	7	48	76	43	20	8	54	65	67	14	61	28	25	37	70	35	22	10	28	19.2971016249835
sp|Q03919|RUB1_YEAST	4932.YDR139C	1	0	4	8	1	6	3	6	8	12	2	1	2	5	2	3	5	7	0	1	23.3691413219056
sp|Q03920|MTQ2_YEAST	4932.YDR140W	14	6	16	15	9	10	2	16	16	25	3	11	12	8	8	13	9	17	4	7	9.83223641228832
sp|Q03921|DOP1_YEAST	4932.YDR141C	58	19	94	125	79	64	26	130	115	262	27	94	55	45	71	164	91	94	24	61	23.0683878790552
sp|P39108|PEX7_YEAST	4932.YDR142C	21	7	19	14	23	27	10	22	19	34	7	31	13	13	18	35	20	21	11	10	2.47132381199414
sp|P22470|SAN1_YEAST	4932.YDR143C	40	6	35	36	17	42	13	20	14	32	3	80	45	31	35	80	45	26	2	8	8.15870172385318
sp|P53379|MKC7_YEAST	4932.YDR144C	34	5	39	23	29	41	8	35	28	46	12	32	18	17	7	88	67	36	4	27	7.5647082796355
sp|Q03761|TAF12_YEAST	4932.YDR145W	38	2	18	33	10	18	5	25	39	34	9	57	22	76	28	42	43	25	4	11	74.3839710623131
sp|P08153|SWI5_YEAST	4932.YDR146C	22	9	38	48	22	37	13	34	57	59	14	63	44	34	39	83	43	28	2	20	4.00850978581294
sp|P19262|ODO2_YEAST	4932.YDR148C	43	1	18	42	15	27	4	22	43	35	13	18	26	10	22	39	39	37	1	8	78.4074831516979
sp|Q00402|NUM1_YEAST	4932.YDR150W	164	30	170	306	58	63	86	126	286	319	53	173	96	83	67	278	136	132	8	114	40.6932584283184
sp|Q03768|GIR2_YEAST	4932.YDR152W	12	3	21	44	8	11	5	13	25	27	7	9	7	16	9	12	11	13	2	10	200.681637655673
sp|Q03769|ENT5_YEAST	4932.YDR153C	25	2	42	25	13	13	7	26	36	31	5	35	12	25	27	30	26	16	3	12	77.1815246510812
sp|P14832|CYPH_YEAST	4932.YDR155C	10	2	10	7	12	23	4	7	12	8	3	7	10	4	5	9	8	15	1	5	2661.18281885846
sp|P50106|RPA14_YEAST	4932.YDR156W	14	0	9	7	5	7	2	10	8	8	3	9	5	7	4	14	18	7	0	0	72.1643435842475
sp|P13663|DHAS_YEAST	4932.YDR158W	33	9	21	24	11	28	8	31	27	34	4	12	22	11	15	22	16	28	2	7	1136.44623281629
sp|Q03771|YD161_YEAST	4932.YDR161W	28	4	20	48	12	29	1	29	25	46	10	23	13	22	6	23	14	19	3	12	57.4974245506457
sp|Q12163|NBP2_YEAST	4932.YDR162C	13	0	27	28	5	14	3	14	12	14	5	19	7	8	5	15	18	15	2	12	6.71654058398387
sp|Q03772|CWC15_YEAST	4932.YDR163W	13	1	7	21	3	11	8	3	20	13	3	10	3	9	12	13	13	7	1	4	5.7510233790953
sp|P30619|SEC1_YEAST	4932.YDR164C	39	5	46	50	42	23	18	62	57	73	8	49	41	31	37	49	30	36	3	25	7.29529038751615
sp|Q03774|TRM82_YEAST	4932.YDR165W	21	7	33	26	26	18	13	40	42	35	3	31	16	17	12	46	17	23	5	13	74.1082693089702
sp|P89102|SEC5_YEAST	4932.YDR166C	25	14	51	67	52	32	11	93	72	109	14	91	27	57	33	95	54	32	10	32	26.5392320554653
sp|Q12030|TAF10_YEAST	4932.YDR167W	19	0	22	15	8	10	1	9	12	12	4	13	8	17	10	14	9	16	0	7	44.942206481869
sp|P06101|CDC37_YEAST	4932.YDR168W	25	0	47	55	22	13	13	37	62	44	19	29	17	23	9	39	17	23	2	10	138.943056800435
sp|Q12427|STB3_YEAST	4932.YDR169C	34	2	25	34	13	17	16	27	34	34	8	43	35	23	24	79	32	25	3	5	22.5515349794192
sp|P11075|SEC7_YEAST	4932.YDR170C	115	26	152	175	95	69	34	128	116	201	39	132	61	85	85	206	116	116	15	43	72.493593144538
sp|Q12329|HSP42_YEAST	4932.YDR171W	17	1	23	43	9	24	12	15	25	24	4	22	35	20	18	23	18	18	0	24	92.1651348306716
sp|P05453|ERF3_YEAST	4932.YDR172W	43	5	30	57	16	60	13	32	66	35	19	45	30	53	18	35	39	50	4	35	668.476072866003
sp|P07250|IPMK_YEAST	4932.YDR173C	15	2	43	28	14	21	5	19	28	41	9	16	11	9	16	32	16	14	2	14	2.01927400054512
sp|Q03973|HMO1_YEAST	4932.YDR174W	20	0	17	23	6	7	5	12	34	19	1	11	17	8	8	25	13	12	2	6	250.563173155867
sp|Q03976|RT24_YEAST	4932.YDR175C	18	1	20	26	10	12	11	9	28	36	6	13	18	12	26	24	14	15	5	15	43.5230862005279
sp|P32494|NGG1_YEAST	4932.YDR176W	34	1	65	60	21	34	6	38	70	62	11	56	43	37	30	52	40	25	5	12	12.4654886545815
sp|P21734|UBC1_YEAST	4932.YDR177W	14	1	16	18	8	11	6	15	16	20	4	10	14	8	8	15	10	13	2	6	99.8597073572344
sp|P37298|DHSD_YEAST	4932.YDR178W	12	2	6	9	9	13	3	7	13	17	10	5	11	3	6	16	13	13	3	10	31.1347972257967
sp|Q04002|SCC2_YEAST	4932.YDR180W	61	20	95	93	71	40	32	125	124	211	27	102	39	44	54	130	85	82	7	51	2.26809226670642
sp|Q04003|SAS4_YEAST	4932.YDR181C	18	5	23	46	11	13	9	38	54	33	15	31	23	17	34	45	31	25	3	7	1.44519342871683
sp|P40986|CDC1_YEAST	4932.YDR182W	18	5	28	17	26	22	15	31	35	37	13	22	27	22	29	50	26	30	11	27	13.0866903340249
sp|Q04007|YDR86_YEAST	4932.YDR186C	33	1	72	44	34	33	14	40	56	84	17	100	33	34	36	126	56	33	4	27	5.18172098770371
sp|P39079|TCPZ_YEAST	4932.YDR188W	46	5	42	33	16	37	8	33	39	66	13	24	17	20	27	31	37	40	1	11	118.403191892626
sp|P22213|SLY1_YEAST	4932.YDR189W	34	2	46	42	27	28	7	57	51	71	11	53	26	23	19	59	52	33	4	21	76.4331325644568
sp|Q03940|RUVB1_YEAST	4932.YDR190C	36	3	22	43	7	36	6	34	34	48	8	16	19	12	24	25	33	45	0	12	235.405782643956
sp|P49686|NUP42_YEAST	4932.YDR192C	46	0	5	5	38	57	0	11	15	14	8	55	32	17	3	66	49	9	0	0	2.02664104475505
sp|P15424|MS116_YEAST	4932.YDR194C	34	7	48	47	33	26	12	53	57	54	9	50	23	15	51	57	29	38	1	20	146.56182626209
sp|P42073|REF2_YEAST	4932.YDR195W	23	3	37	24	17	18	10	32	73	56	11	39	32	18	17	58	30	23	0	12	20.7218852996874
sp|Q03941|CAB5_YEAST	4932.YDR196C	13	4	12	16	6	13	3	14	18	30	8	11	9	11	14	18	9	20	1	11	20.8097722615482
sp|Q03944|VPS64_YEAST	4932.YDR200C	24	3	34	42	18	32	15	36	47	55	12	54	31	35	28	57	40	35	0	6	0.824112799444239
sp|Q03954|SPC19_YEAST	4932.YDR201W	7	1	15	20	1	5	0	3	17	25	8	7	4	8	9	12	9	11	0	3	11.95213424976
sp|O13525|COQ4_YEAST	4932.YDR204W	29	3	12	24	9	16	9	22	24	43	11	15	20	8	28	11	19	13	4	15	2.43884339699819
sp|Q03455|MSC2_YEAST	4932.YDR205W	44	7	28	23	47	32	34	61	34	109	12	37	27	16	17	78	51	41	6	20	9.51858305810029
sp|Q03466|EBS1_YEAST	4932.YDR206W	49	6	39	37	51	38	13	53	64	85	32	73	39	52	26	107	40	37	11	32	2.54388508418374
sp|P39001|UME6_YEAST	4932.YDR207C	58	9	48	31	20	38	21	29	62	47	10	88	60	33	46	123	68	25	3	17	8.60364913377718
sp|P38994|MSS4_YEAST	4932.YDR208W	30	4	53	34	28	25	35	48	61	66	16	58	44	27	46	84	56	30	3	31	7.32896535023029
sp|Q12441|YD12A_YEAST	4932.YDR210C-C	22	3	22	16	13	15	13	24	25	23	12	37	41	28	15	52	39	18	3	19	16.0990795514751
sp|Q12441|YD12A_YEAST	4932.YML045W-A	22	3	22	16	13	15	13	24	25	23	12	37	41	28	15	52	39	18	3	19	12.9864204866654
sp|P32501|EI2BE_YEAST	4932.YDR211W	32	14	69	53	24	31	13	62	45	60	16	40	18	23	30	60	43	43	10	26	132.199795354895
sp|P12612|TCPA_YEAST	4932.YDR212W	52	8	37	36	12	36	9	44	41	58	13	24	15	16	27	45	30	48	0	8	94.7854680536405
sp|Q12151|UPC2_YEAST	4932.YDR213W	63	9	48	51	28	60	18	39	50	93	28	54	40	82	33	95	57	42	5	18	0.509924267113527
sp|Q12449|AHA1_YEAST	4932.YDR214W	16	3	15	30	22	20	6	19	36	25	2	19	15	14	9	40	18	26	7	8	196.557086938222
sp|P07248|ADR1_YEAST	4932.YDR216W	57	22	86	75	75	46	37	74	86	147	29	120	48	37	61	151	71	48	4	49	3.30775947754109
sp|Q04922|MFB1_YEAST	4932.YDR219C	15	4	32	31	17	14	10	31	41	43	10	44	21	9	28	48	32	22	3	10	12.8120069079319
sp|Q04924|GLU2B_YEAST	4932.YDR221W	32	18	54	68	29	38	10	37	52	72	10	47	19	26	30	61	24	41	3	31	21.1209852224107
sp|P07170|KAD2_YEAST	4932.YDR226W	22	1	19	12	5	18	5	15	19	21	8	8	13	11	9	10	11	10	2	3	2077.80656594667
sp|P11978|SIR4_YEAST	4932.YDR227W	59	5	77	108	37	39	26	89	158	92	20	100	77	57	48	174	98	67	6	21	21.5249155022403
sp|P39081|PCF11_YEAST	4932.YDR228C	22	10	32	40	19	21	14	34	55	72	10	56	20	51	19	54	42	27	6	22	3.74316760715613
sp|Q04934|IVY1_YEAST	4932.YDR229W	22	3	39	33	11	29	10	18	31	45	7	37	13	20	18	60	29	15	2	11	25.8971811188104
sp|Q04935|COX20_YEAST	4932.YDR231C	14	2	10	11	9	9	3	9	21	17	6	8	10	21	8	22	8	4	10	3	11.674577581865
sp|P09950|HEM1_YEAST	4932.YDR232W	63	6	31	25	20	40	22	32	33	49	9	28	21	18	22	42	33	35	4	15	107.722420344799
sp|Q04947|RTN1_YEAST	4932.YDR233C	23	4	7	17	19	11	8	16	29	29	3	11	16	22	2	25	23	20	3	7	879.8875777887
sp|P49367|LYS4_YEAST	4932.YDR234W	60	9	33	41	19	58	16	46	53	62	9	39	34	25	20	50	39	52	11	17	224.544021558765
sp|Q03776|PRP42_YEAST	4932.YDR235W	13	10	26	40	30	12	7	37	54	75	10	28	12	25	16	49	24	22	13	41	5.51930362697797
sp|Q03778|RIFK_YEAST	4932.YDR236C	10	2	16	9	13	16	4	17	9	22	4	14	14	8	9	6	17	17	1	10	10.4764687273817
sp|P36519|RM07_YEAST	4932.YDR237W	15	4	14	12	16	17	12	18	26	28	4	15	20	15	15	26	12	13	4	6	5.85136298549061
sp|P41810|COPB_YEAST	4932.YDR238C	76	10	63	73	33	33	20	76	74	112	20	53	33	34	37	65	56	77	5	23	312.977964278276
sp|Q03780|YD239_YEAST	4932.YDR239C	42	1	58	52	23	36	20	36	63	54	6	66	37	26	37	125	47	41	0	17	14.0520469752432
sp|P35056|PEX5_YEAST	4932.YDR244W	39	6	34	54	25	35	10	28	40	55	18	60	21	39	22	50	23	27	8	18	7.46133628408818
sp|P50108|MNN10_YEAST	4932.YDR245W	15	5	22	31	20	19	7	24	25	39	10	22	16	11	26	37	16	10	18	20	39.5456056115591
sp|Q03784|TRS23_YEAST	4932.YDR246W	9	2	11	9	11	11	2	15	16	19	8	20	10	13	8	18	18	9	1	9	29.6521780369921
sp|Q03785|VHS1_YEAST	4932.YDR247W	11	12	29	27	19	22	15	30	39	44	11	31	17	9	13	56	25	28	2	21	25.1689159854747
sp|Q03786|GNTK_YEAST	4932.YDR248C	11	3	17	15	10	8	7	15	24	16	6	4	7	3	7	10	12	12	2	4	9.03212333071987
sp|P37304|PAM1_YEAST	4932.YDR251W	33	5	41	40	36	39	11	47	53	81	18	80	44	59	33	104	45	36	3	22	5.46881024622497
sp|P38907|CHL4_YEAST	4932.YDR254W	13	4	26	28	26	29	11	36	40	50	10	31	23	12	21	31	16	28	5	18	1.07756538820543
sp|P15202|CATA_YEAST	4932.YDR256C	35	5	31	23	30	34	17	27	27	27	8	37	33	33	26	29	30	32	8	23	25.1519868897075
sp|Q12504|RKM4_YEAST	4932.YDR257C	21	16	30	57	15	15	2	40	44	54	11	28	14	15	25	34	23	27	7	16	45.3096606448006
sp|P33416|HSP78_YEAST	4932.YDR258C	59	7	62	66	20	42	11	60	71	92	16	30	29	27	60	46	43	53	2	15	140.235483920439
sp|Q03935|YAP6_YEAST	4932.YDR259C	21	1	18	26	6	6	10	28	25	26	9	48	31	23	22	42	19	9	0	13	2.76880026804361
sp|Q12379|SWM1_YEAST	4932.YDR260C	15	0	12	13	6	11	6	6	3	11	5	17	6	8	13	15	9	4	4	6	3.74543223093757
sp|P52911|EXG2_YEAST	4932.YDR261C	35	6	33	27	29	33	11	35	32	57	4	43	16	23	12	48	50	25	17	26	13.3380598881968
sp|P08405|TY1A_YEASX	4932.YDR261C-C	22	4	21	18	13	15	13	21	25	23	12	38	42	28	14	53	40	18	3	17	28.9906589502899
sp|P08405|TY1A_YEASX	4932.YER138C	22	4	21	18	13	15	13	21	25	23	12	38	42	28	14	53	40	18	3	17	7.66685964720665
sp|Q07793|YD13B_YEAST	4932.YDR261C-D	73	13	97	83	48	60	58	113	110	124	30	115	107	72	67	167	120	66	13	68	8.18441029179693
sp|Q12331|YFAS1_YEAST	4932.YDR262W	11	1	17	20	12	13	4	17	20	28	4	19	14	10	10	27	11	23	2	9	12.9477600491318
sp|P39010|AKR1_YEAST	4932.YDR264C	44	12	46	40	49	51	21	49	40	87	14	46	31	21	24	50	49	53	15	22	52.455080337262
sp|Q05568|PEX10_YEAST	4932.YDR265W	15	13	10	21	18	16	7	22	30	41	11	13	14	16	19	25	15	13	4	14	7.62446336924415
sp|Q05580|YD266_YEAST	4932.YDR266C	26	19	31	40	30	29	22	24	60	56	7	49	32	27	33	66	42	22	2	22	30.5746195705084
sp|Q05583|CIAO1_YEAST	4932.YDR267C	25	6	32	27	10	22	9	19	22	25	3	9	3	6	10	29	15	31	16	11	10.8775169005982
sp|P04803|SYWM_YEAST	4932.YDR268W	23	2	22	22	16	17	12	23	35	35	10	18	17	15	17	33	17	29	4	12	9.50540480663416
sp|P38995|ATU2_YEAST	4932.YDR270W	63	28	51	62	45	69	12	96	60	90	26	50	29	22	25	82	76	83	9	26	5.88813825455487
sp|Q05584|GLO2_YEAST	4932.YDR272W	12	8	20	24	9	16	8	16	25	19	7	15	13	6	13	14	19	17	4	9	111.509707897665
sp|Q05635|RNH2B_YEAST	4932.YDR279W	15	3	18	24	17	17	7	26	32	28	6	29	17	7	10	34	25	18	1	16	3.74812252649333
sp|Q05636|RRP45_YEAST	4932.YDR280W	19	10	19	29	14	20	7	29	18	23	8	12	10	10	15	21	14	22	1	4	58.002811500509
sp|P15442|GCN2_YEAST	4932.YDR283C	74	7	114	113	79	65	29	120	121	164	37	109	61	65	87	166	89	85	19	55	5.97112548470494
sp|Q05521|DPP1_YEAST	4932.YDR284C	12	3	17	12	23	14	9	21	7	42	9	10	19	7	17	18	18	14	5	12	14.7562997670468
sp|Q05533|INM2_YEAST	4932.YDR287W	20	9	11	23	14	32	6	18	18	24	7	16	10	7	9	19	14	19	6	10	5.86502125964964
sp|Q05543|RT103_YEAST	4932.YDR289C	14	1	51	34	12	19	12	21	39	32	11	28	11	16	15	40	17	25	2	9	12.5828258211632
sp|P32916|SRPR_YEAST	4932.YDR292C	32	4	42	33	30	43	13	30	54	60	11	46	13	35	19	52	41	43	5	15	13.3210427428922
sp|P24276|SSD1_YEAST	4932.YDR293C	76	6	74	76	43	62	36	64	79	113	16	94	70	67	70	132	67	64	8	33	125.593681287125
sp|Q05567|SGPL_YEAST	4932.YDR294C	37	9	29	29	24	47	19	37	40	59	18	26	29	15	21	43	31	42	7	27	85.8694069953372
sp|Q06629|HDA2_YEAST	4932.YDR295C	32	6	39	47	18	19	16	40	68	83	9	55	27	33	27	66	37	24	3	25	4.07630604904161
sp|Q06630|MHR1_YEAST	4932.YDR296W	10	4	10	15	8	6	6	9	20	19	3	13	12	15	17	17	7	17	7	11	67.3148519978048
sp|P38992|SUR2_YEAST	4932.YDR297W	30	1	12	22	31	17	18	20	25	34	14	16	15	12	11	10	20	18	6	17	132.92060088844
sp|P09457|ATPO_YEAST	4932.YDR298C	21	1	10	11	8	13	3	10	23	28	1	13	8	5	7	20	9	18	0	3	426.219747608454
sp|Q06631|BFR2_YEAST	4932.YDR299W	35	1	48	68	16	17	7	32	52	47	4	46	12	24	23	43	22	20	3	14	84.9136925648464
sp|P32264|PROB_YEAST	4932.YDR300C	31	3	31	23	10	32	11	30	32	49	10	25	16	14	18	21	28	31	3	10	130.557314912368
sp|Q06632|CFT1_YEAST	4932.YDR301W	52	12	90	83	63	75	25	111	90	134	32	89	54	47	58	108	89	90	7	48	9.04566706667464
sp|Q06636|GPI11_YEAST	4932.YDR302W	9	4	9	2	15	11	4	15	15	28	4	9	12	4	6	10	18	23	7	14	78.0740220779686
sp|Q06639|RSC3_YEAST	4932.YDR303C	29	12	41	53	49	24	16	74	64	110	17	85	35	45	34	85	49	33	5	25	99.0399324409052
sp|P35176|CYPD_YEAST	4932.YDR304C	11	2	16	16	17	18	8	17	16	14	7	12	9	7	7	10	16	16	1	5	142.121112405991
sp|P49775|HNT2_YEAST	4932.YDR305C	9	0	15	10	6	13	6	11	15	22	3	10	11	12	10	12	13	15	4	9	10.4823669403214
sp|Q06644|PMT7_YEAST	4932.YDR307W	22	12	31	33	55	27	12	64	36	73	10	29	25	26	24	64	33	31	19	36	25.7183924851055
sp|P47822|MED21_YEAST	4932.YDR308C	5	2	13	14	4	3	3	12	14	15	4	6	4	8	5	8	10	9	0	1	11.6783030643203
sp|P46676|SUM1_YEAST	4932.YDR310C	60	3	71	79	28	42	19	61	79	84	23	99	48	34	56	125	84	46	6	15	17.9701130288683
sp|P32776|TFB1_YEAST	4932.YDR311W	31	5	47	42	20	22	14	40	59	61	18	62	24	26	26	51	38	38	3	15	16.1383803774996
sp|Q12153|SSF2_YEAST	4932.YDR312W	20	2	32	43	13	18	12	25	52	37	12	21	20	22	31	37	21	30	0	5	22.7857140879642
sp|Q12153|SSF2_YEAST	4932.YHR066W	20	2	32	43	13	18	12	25	52	37	12	21	20	22	31	37	21	30	0	5	66.9537309691694
sp|Q06668|OMS1_YEAST	4932.YDR316W	19	6	27	48	24	23	8	25	60	47	12	26	11	15	36	27	15	23	5	14	2.0562232665537
sp|Q07163|TY1AB_YEASX	4932.YDR316W-B	80	14	101	92	52	68	59	127	126	140	32	129	114	75	72	179	133	72	14	76	4.83224960758779
sp|Q07163|TY1AB_YEASX	4932.YDR365W-B	80	14	101	92	52	68	59	127	126	140	32	129	114	75	72	179	133	72	14	76	7.58580997903483
sp|Q06675|MCM21_YEAST	4932.YDR318W	13	1	37	34	25	8	8	32	34	41	6	14	15	17	16	28	11	20	3	5	4.77550628938849
sp|Q06677|SWA2_YEAST	4932.YDR320C	35	2	56	47	25	18	9	43	64	59	14	53	39	15	19	80	45	23	7	15	26.1361279291534
sp|P69851|DAD4_YEAST	4932.YDR320C-A	4	1	1	6	1	2	2	7	4	7	2	13	3	4	3	4	2	5	0	1	24.0514679170952
sp|P38986|ASPG1_YEAST	4932.YDR321W	23	10	23	19	11	29	7	34	23	30	7	20	20	15	9	35	19	30	0	17	73.2000132206326
sp|P81449|ATPJ_YEAST	4932.YDR322C-A	9	1	4	11	5	3	1	3	11	11	2	7	4	2	3	5	3	8	0	3	53.2773332433249
sp|Q06678|RM35_YEAST	4932.YDR322W	16	1	21	20	18	10	7	27	30	33	6	26	25	15	24	28	16	23	6	15	44.7433936308507
sp|Q06679|UTP4_YEAST	4932.YDR324C	25	13	57	45	32	38	12	56	59	69	12	62	20	25	37	78	49	60	17	10	48.0182434195466
sp|Q06680|CND3_YEAST	4932.YDR325W	60	15	81	90	42	28	18	92	63	109	18	81	24	36	49	82	52	66	6	23	4.89152846093636
sp|Q06681|YSP2_YEAST	4932.YDR326C	55	6	104	68	65	69	40	106	113	97	21	144	64	44	56	176	104	67	9	30	1.75568786849616
sp|P52286|SKP1_YEAST	4932.YDR328C	10	1	26	22	5	5	4	10	10	13	5	17	7	3	13	17	5	15	3	3	186.32319336002
sp|P28795|PEX3_YEAST	4932.YDR329C	20	4	19	30	20	12	6	27	28	54	10	30	9	33	17	48	31	23	9	11	15.7284601465729
sp|Q06682|UBX5_YEAST	4932.YDR330W	30	1	41	48	21	20	6	34	26	40	10	33	34	28	26	35	30	22	3	12	43.4081231382403
sp|P49018|GPI8_YEAST	4932.YDR331W	23	4	37	21	25	12	14	30	20	39	11	29	9	11	16	34	27	25	4	20	36.4384921293841
sp|Q05468|YD333_YEAST	4932.YDR333C	38	5	56	49	41	27	18	45	50	81	17	49	30	40	34	68	25	21	12	17	6.04098217944899
sp|Q05471|SWR1_YEAST	4932.YDR334W	78	14	120	132	63	60	41	66	137	158	24	82	44	72	85	115	83	83	10	47	7.69743308501148
sp|P52918|MSN5_YEAST	4932.YDR335W	54	23	88	83	59	38	18	94	84	158	34	71	45	44	53	87	57	65	24	45	38.7023476398927
sp|P21771|RT28_YEAST	4932.YDR337W	26	2	15	23	12	10	2	21	29	24	9	17	7	12	28	16	11	15	1	6	8.02580668348539
sp|Q05498|FCF1_YEAST	4932.YDR339C	11	6	11	6	6	9	4	15	24	19	5	9	10	9	12	6	9	12	0	6	9.0695739910303
sp|Q05506|SYRC_YEAST	4932.YDR341C	43	3	34	50	29	38	14	41	51	61	19	26	20	24	28	31	25	37	9	24	249.439002903911
sp|P39004|HXT7_YEAST	4932.YDR342C	45	11	15	29	35	53	6	47	26	41	20	18	22	13	20	44	33	54	13	25	38.9690483460791
sp|P39004|HXT7_YEAST	4932.YDR343C	45	11	15	29	35	53	6	47	26	41	20	18	22	13	20	44	33	54	13	25	662.55972415537
sp|P32466|HXT3_YEAST	4932.YDR345C	42	15	19	22	43	57	3	41	24	36	25	24	21	18	17	41	31	49	11	28	737.628512374307
sp|Q05515|SVF1_YEAST	4932.YDR346C	27	3	34	64	23	29	13	37	33	19	9	27	18	11	10	41	28	31	8	16	292.14944077557
sp|P10662|RT01_YEAST	4932.YDR347W	23	3	13	24	15	17	3	17	24	35	8	21	13	14	20	24	22	8	5	12	65.5362094859794
sp|Q05518|PAL1_YEAST	4932.YDR348C	24	0	36	23	16	35	15	11	33	27	5	41	30	20	38	73	31	27	1	13	25.3242295536705
sp|Q06325|YPS7_YEAST	4932.YDR349C	36	5	30	21	25	38	4	40	18	56	11	34	24	17	18	90	58	37	5	29	6.49758943599675
sp|P42223|SBE2_YEAST	4932.YDR351W	21	17	48	58	32	27	23	55	79	84	24	54	33	40	36	109	55	37	10	22	0.690117610387033
sp|Q06328|YD352_YEAST	4932.YDR352W	20	6	11	19	17	23	3	23	8	42	3	14	14	14	13	33	22	12	3	17	44.4566589363266
sp|P29509|TRXB1_YEAST	4932.YDR353W	36	4	15	24	11	29	5	22	24	24	9	10	13	8	10	19	28	17	2	9	1162.54475856998
sp|P07285|TRPD_YEAST	4932.YDR354W	25	5	19	22	13	29	17	22	28	49	6	14	19	7	6	38	21	25	4	11	75.1692728067976
sp|P32380|SP110_YEAST	4932.YDR356W	29	2	71	123	15	14	14	58	122	111	16	78	14	40	69	80	36	26	3	23	9.11443830255272
sp|Q06336|GGA1_YEAST	4932.YDR358W	33	4	41	41	14	22	6	31	50	70	9	34	29	28	22	55	27	25	2	14	26.8299271169369
sp|Q06337|EAF1_YEAST	4932.YDR359C	60	7	54	74	23	30	21	62	74	92	20	62	65	69	70	96	39	30	10	24	5.4635385435711
sp|Q06338|BCP1_YEAST	4932.YDR361C	10	2	29	30	16	12	6	18	26	23	5	16	8	6	11	22	15	17	1	10	122.590623939612
sp|Q06339|TFC6_YEAST	4932.YDR362C	42	11	47	40	29	38	15	39	50	54	8	37	27	13	30	65	41	57	6	23	8.19370735970736
sp|Q06340|ESC2_YEAST	4932.YDR363W	14	2	40	51	14	11	6	28	46	32	14	25	15	16	23	56	22	26	1	14	1.6015373439708
sp|O94742|SEM1_YEAST	4932.YDR363W-A	7	0	12	13	3	1	0	5	9	4	1	8	1	4	2	4	7	4	3	1	178.116244718518
sp|Q06344|ESF1_YEAST	4932.YDR365C	30	3	70	76	24	26	9	24	90	30	12	35	18	17	30	50	31	34	2	17	86.2960532966613
sp|Q12458|YPR1_YEAST	4932.YDR368W	22	2	16	21	11	19	6	25	26	29	5	18	18	8	10	19	19	24	7	7	286.089118505662
sp|P33301|XRS2_YEAST	4932.YDR369C	36	9	50	65	37	34	13	58	76	72	18	71	33	19	44	103	61	34	8	13	2.32673438366759
sp|Q06385|VPS74_YEAST	4932.YDR372C	19	3	25	32	11	17	3	26	22	43	10	22	7	7	23	27	17	19	3	9	72.9102305481114
sp|Q06389|NCS1_YEAST	4932.YDR373W	7	2	17	15	16	12	4	11	15	18	7	7	5	5	7	12	13	8	2	7	28.0648827379442
sp|Q2V2P8|YD74A_YEAST	4932.YDR374W-A	11	1	6	10	2	2	1	3	4	16	1	4	1	8	6	4	4	1	0	4	0.28535546618819
sp|P32839|BCS1_YEAST	4932.YDR375C	27	2	30	20	20	34	10	32	33	41	16	26	21	13	22	34	29	24	5	17	16.9461499440411
sp|P48360|ADRO_YEAST	4932.YDR376W	18	5	30	32	27	34	10	35	45	45	6	30	22	11	26	41	23	29	10	14	2.91105445232339
sp|Q06405|ATPK_YEAST	4932.YDR377W	13	0	2	3	6	7	6	7	10	6	2	5	7	1	5	7	2	5	1	6	71.1377426724979
sp|Q06406|LSM6_YEAST	4932.YDR378C	4	0	3	6	4	7	1	5	6	9	3	7	0	2	2	12	6	6	0	3	65.8800409202608
sp|Q06407|RGA2_YEAST	4932.YDR379W	40	21	73	63	26	30	28	56	86	96	13	76	48	36	54	135	60	46	3	19	11.1147332801905
sp|Q06408|ARO10_YEAST	4932.YDR380W	33	12	35	35	30	42	14	47	42	56	14	45	25	24	21	49	31	45	6	29	84.200799372248
sp|Q3E6R5|YD381_YEAST	4932.YDR381C-A	8	1	8	5	4	11	1	8	12	7	1	10	5	3	9	7	2	7	0	5	2.23572434183926
sp|Q12159|YRA1_YEAST	4932.YDR381W	20	0	11	11	5	21	0	8	22	15	5	17	15	9	29	14	6	16	0	2	1192.3539729877
sp|P02400|RLA4_YEAST	4932.YDR382W	23	0	7	16	3	14	0	4	7	9	2	2	2	2	1	8	2	6	0	2	3255.40450620145
sp|Q12493|NKP1_YEAST	4932.YDR383C	11	2	17	32	3	8	0	16	21	33	6	12	5	10	9	25	9	12	0	7	10.3010807326125
sp|Q12359|ATO3_YEAST	4932.YDR384C	16	9	13	7	22	28	2	13	5	38	8	16	10	6	7	25	21	13	5	11	114.685174574363
sp|Q04149|MUS81_YEAST	4932.YDR386W	30	12	30	59	22	32	13	43	65	64	12	34	20	19	33	51	38	28	5	22	7.9826690881344
sp|P39743|RV167_YEAST	4932.YDR388W	61	1	18	35	18	35	5	18	33	32	9	17	33	34	15	26	34	27	2	29	172.257919656802
sp|P17121|SAC7_YEAST	4932.YDR389W	31	1	35	37	21	28	16	31	44	60	9	58	47	22	47	81	39	25	4	18	23.1189104398078
sp|P52488|UBA2_YEAST	4932.YDR390C	36	11	48	43	27	25	7	61	47	59	9	48	32	24	23	50	40	30	4	12	29.4186963835795
sp|Q04170|YD391_YEAST	4932.YDR391C	18	6	13	18	14	12	5	17	18	14	4	20	12	1	10	12	13	13	1	11	32.6013580273603
sp|P06844|SPT3_YEAST	4932.YDR392W	15	2	29	25	13	20	9	21	32	27	12	18	11	17	23	21	18	16	5	3	10.8477164766696
sp|Q04172|SHE9_YEAST	4932.YDR393W	24	1	20	45	19	13	7	26	43	51	9	29	9	25	29	39	27	16	8	16	1.50702571761859
sp|P33298|PRS6B_YEAST	4932.YDR394W	32	0	31	33	12	22	4	29	26	46	11	17	19	18	30	30	21	35	0	12	94.833691559059
sp|Q04175|SXM1_YEAST	4932.YDR395W	52	11	56	82	59	25	14	87	52	119	23	54	38	42	27	71	39	54	9	30	110.470940124574
sp|Q92317|NCB2_YEAST	4932.YDR397C	8	0	9	19	7	4	3	12	13	14	6	6	4	6	6	18	4	6	0	1	90.3703610904373
sp|Q04177|UTP5_YEAST	4932.YDR398W	35	7	46	54	17	34	13	36	41	69	8	39	17	26	24	61	41	47	10	18	83.03473531941
sp|Q04178|HPRT_YEAST	4932.YDR399W	16	2	16	18	9	11	5	19	20	16	4	10	10	10	8	10	11	15	3	8	498.093273335016
sp|Q04179|URH1_YEAST	4932.YDR400W	26	7	24	18	18	24	8	30	21	29	8	21	22	6	10	18	17	14	5	14	8.56394754596125
sp|P34087|RPB7_YEAST	4932.YDR404C	5	4	9	9	11	14	4	15	13	12	4	5	8	7	6	15	8	16	0	6	142.955679113411
sp|P32387|RM41_YEAST	4932.YDR405W	14	2	13	21	11	13	6	17	24	22	7	14	18	9	20	13	13	13	3	10	52.0683272817767
sp|Q04182|PDR15_YEAST	4932.YDR406W	121	29	77	73	88	96	29	88	84	130	42	63	64	60	73	132	90	88	24	78	15.0993924801593
sp|Q04183|TR120_YEAST	4932.YDR407C	43	18	66	78	63	33	17	126	95	131	28	77	65	47	50	137	82	70	12	51	2.31273636425361
sp|P04161|PUR3_YEAST	4932.YDR408C	21	5	10	17	3	13	7	17	17	23	3	6	9	12	6	12	9	16	2	6	125.079932518783
sp|Q12743|DFM1_YEAST	4932.YDR411C	16	5	9	6	20	32	4	25	6	29	9	21	19	13	21	30	33	17	9	17	27.6288338612074
sp|Q04031|RRP17_YEAST	4932.YDR412W	11	0	19	27	9	7	3	10	36	18	2	16	3	14	19	10	14	10	1	6	22.2410651432997
sp|Q04033|YD415_YEAST	4932.YDR415C	21	2	22	27	20	21	13	28	22	28	9	18	17	9	14	29	29	23	5	17	2.15528517429702
sp|Q04048|SYF1_YEAST	4932.YDR416W	45	14	45	85	37	28	14	66	58	94	17	39	27	31	43	76	41	38	19	42	2.686302382022
sp|Q04052|ARO80_YEAST	4932.YDR421W	51	14	56	75	38	38	13	67	66	95	18	73	45	25	55	88	58	35	12	28	0.455476190222303
sp|P32578|SIP1_YEAST	4932.YDR422C	45	4	58	46	24	30	34	40	46	66	18	61	44	31	42	111	52	37	3	23	7.20729773645284
sp|P24813|YAP2_YEAST	4932.YDR423C	28	12	29	29	6	16	7	26	35	40	7	23	16	22	22	40	25	15	3	8	1.52882456844377
sp|Q02647|DYL1_YEAST	4932.YDR424C	5	0	8	4	5	6	3	7	12	7	1	3	2	2	1	5	7	8	1	5	30.4751664258945
sp|Q04053|SNX41_YEAST	4932.YDR425W	26	4	23	43	24	14	22	63	46	67	11	53	29	24	15	88	37	13	6	17	9.32864007628795
sp|Q04062|RPN9_YEAST	4932.YDR427W	14	1	35	23	23	11	8	28	35	57	8	19	9	18	14	35	19	17	5	14	258.008074204606
sp|Q04066|KFA_YEAST	4932.YDR428C	12	5	16	16	10	10	5	19	14	31	8	17	10	13	10	18	16	15	2	14	3.58130546562273
sp|Q04067|EIF3G_YEAST	4932.YDR429C	22	4	11	33	6	20	3	12	23	19	6	11	13	8	20	23	11	20	3	6	171.970197396497
sp|P32898|CYM1_YEAST	4932.YDR430C	41	6	68	60	56	64	27	58	73	106	18	51	45	45	39	72	67	51	8	34	34.0882141407702
sp|Q01560|NOP3_YEAST	4932.YDR432W	21	1	18	42	19	62	11	9	8	16	5	14	51	21	38	29	10	18	1	20	1048.50031941894
sp|Q04080|GPI17_YEAST	4932.YDR434W	25	4	33	34	28	22	13	33	25	66	11	35	25	24	11	43	30	40	10	22	47.6017342998299
sp|Q04081|LCMT1_YEAST	4932.YDR435C	18	6	17	22	10	13	5	24	20	41	13	16	11	13	19	30	15	16	5	14	1.19445904887304
sp|P33329|PPZ2_YEAST	4932.YDR436W	35	13	47	27	25	45	19	23	43	62	14	51	41	15	53	103	39	32	4	19	2.9938489186616
sp|Q04087|LRS4_YEAST	4932.YDR439W	13	1	26	20	6	10	5	19	37	39	3	34	11	20	22	42	21	12	0	6	6.18341492320428
sp|P36973|APT2_YEAST	4932.YDR441C	14	1	10	17	16	15	6	16	10	19	2	2	8	5	5	10	9	13	0	3	16.942113935886
sp|P38931|SSN2_YEAST	4932.YDR443C	65	15	95	82	61	55	35	101	102	141	33	116	87	60	38	137	78	66	12	41	1.70187308709881
sp|P14127|RS17B_YEAST	4932.YDR447C	6	1	7	7	2	6	1	7	14	15	2	7	4	7	17	10	8	10	0	5	2033.3887014731
sp|Q02336|ADA2_YEAST	4932.YDR448W	25	12	25	41	18	19	12	26	30	39	9	21	22	22	31	31	14	13	4	20	20.1128179813209
sp|Q02354|UTP6_YEAST	4932.YDR449C	14	5	30	28	16	12	8	33	47	51	14	36	12	18	22	28	15	17	5	29	52.1013840720718
sp|Q04119|PPN1_YEAST	4932.YDR452W	26	5	49	56	35	33	13	43	68	51	19	39	32	16	33	45	30	43	11	27	3.05706514752234
sp|Q04120|TSA2_YEAST	4932.YDR453C	17	2	12	12	11	14	2	12	18	18	1	10	11	5	6	10	9	18	3	5	75.0941164379851
sp|P15454|KGUA_YEAST	4932.YDR454C	15	1	11	15	11	13	1	11	19	12	3	8	7	4	7	19	10	13	1	6	487.711398952652
sp|Q04121|NHX1_YEAST	4932.YDR456W	37	7	33	26	41	38	8	63	18	76	16	35	28	19	17	60	38	43	7	23	26.4993744218497
sp|Q03280|TOM1_YEAST	4932.YDR457W	161	36	265	241	168	120	72	237	213	377	73	171	120	94	157	272	176	180	22	113	11.768995449686
sp|Q03281|HEH2_YEAST	4932.YDR458C	27	10	30	79	19	24	11	42	82	57	7	37	31	26	29	58	35	33	11	15	14.3364548876163
sp|Q03290|TFB3_YEAST	4932.YDR460W	8	8	20	40	17	10	4	19	34	26	7	25	10	8	22	13	16	21	1	12	15.0135165562245
sp|P36527|RM28_YEAST	4932.YDR462W	8	1	2	10	6	2	3	5	15	17	5	6	8	13	13	13	8	7	2	3	44.0221742716553
sp|Q00947|STP1_YEAST	4932.YDR463W	23	11	25	34	23	25	17	33	39	31	9	37	30	26	20	63	34	22	0	17	2.14767754267989
sp|P38904|SPP41_YEAST	4932.YDR464W	100	3	87	149	23	36	32	74	183	100	15	91	84	62	71	138	93	71	8	15	2.35868664708735
sp|Q03305|RMT2_YEAST	4932.YDR465C	22	4	39	39	19	24	8	22	23	40	11	19	15	13	16	20	23	26	5	24	61.6008803672553
sp|Q03322|TLG1_YEAST	4932.YDR468C	8	2	22	23	4	11	4	16	12	22	9	18	3	19	12	7	12	16	1	3	0.517331299748884
sp|Q03323|SDC1_YEAST	4932.YDR469W	7	1	10	18	2	6	4	9	12	12	5	23	8	9	4	21	9	12	0	3	7.78788997263343
sp|Q03327|UGO1_YEAST	4932.YDR470C	22	3	28	29	31	25	6	42	34	50	13	41	20	19	21	38	29	27	10	14	0.534402874169576
sp|P0C2H7|RL27B_YEAST	4932.YDR471W	12	0	2	9	9	8	6	4	23	6	1	3	6	4	8	7	6	17	1	4	2486.93331844633
sp|P0C2H7|RL27B_YEAST	4932.YHR010W	12	0	2	9	9	8	6	4	23	6	1	3	6	4	8	7	6	17	1	4	1788.15111800118
sp|Q03337|TRS31_YEAST	4932.YDR472W	17	4	12	16	17	17	6	17	11	27	7	13	11	17	17	37	16	10	1	10	18.7866788735409
sp|Q03338|PRP3_YEAST	4932.YDR473C	13	5	34	50	16	20	14	21	55	42	12	30	20	18	35	25	18	17	6	18	10.1152947640601
sp|Q03361|JIP4_YEAST	4932.YDR475C	40	6	65	47	32	38	19	47	81	62	14	48	48	27	65	127	43	41	7	19	2.339034899669
sp|Q03362|YD476_YEAST	4932.YDR476C	13	3	12	13	11	13	6	18	11	34	2	7	11	4	11	7	20	18	3	7	30.5583717201263
sp|P06782|SNF1_YEAST	4932.YDR477W	33	4	41	42	20	29	31	47	48	55	19	40	30	24	22	59	30	29	7	23	77.4718237250358
sp|Q03373|DIG2_YEAST	4932.YDR480W	14	3	24	21	6	13	12	18	28	23	8	18	27	13	16	31	19	11	2	16	5.74497200605054
sp|P11491|PPB_YEAST	4932.YDR481C	43	3	44	36	25	37	26	25	28	54	7	27	18	20	24	49	35	40	5	20	36.4138575694847
sp|P27809|KRE2_YEAST	4932.YDR483W	32	8	26	38	26	18	10	23	36	32	7	27	20	13	13	34	20	19	12	28	92.8075751111379
sp|P39904|VPS52_YEAST	4932.YDR484W	29	6	44	38	39	13	9	49	47	70	10	60	21	38	24	53	41	21	3	26	20.4506919861519
sp|Q03388|VPS72_YEAST	4932.YDR485C	35	3	62	87	23	28	11	44	78	55	11	52	42	48	40	75	53	31	5	12	4.02520027965608
sp|Q03390|VPS60_YEAST	4932.YDR486C	17	0	20	15	4	7	1	12	15	30	10	27	6	28	5	18	9	1	1	3	34.5403231771702
sp|Q99258|RIB3_YEAST	4932.YDR487C	19	6	17	11	7	17	7	12	11	18	8	7	8	8	10	13	14	12	0	3	307.045229662103
sp|Q03406|SLD5_YEAST	4932.YDR489W	7	4	26	23	7	8	5	24	19	37	11	19	15	11	12	25	15	13	4	9	0.775101858548114
sp|Q03407|PKH1_YEAST	4932.YDR490C	54	5	46	46	33	39	14	36	73	71	20	37	39	34	38	64	45	43	6	23	1.70641629466915
sp|Q03429|MZM1_YEAST	4932.YDR493W	12	2	9	6	3	5	4	4	12	12	3	6	6	4	12	5	10	6	0	2	9.19348872267495
sp|Q03430|RSM28_YEAST	4932.YDR494W	14	2	14	22	14	16	4	9	39	31	11	30	18	25	23	36	18	25	1	9	7.34789794326642
sp|P23643|VPS3_YEAST	4932.YDR495C	33	16	69	105	50	28	19	86	98	123	16	69	26	24	30	82	55	44	5	33	1.73843451943381
sp|Q04373|PUF6_YEAST	4932.YDR496C	35	5	38	69	20	29	17	46	71	74	7	28	15	26	31	55	32	34	6	18	152.188481890545
sp|P30605|ITR1_YEAST	4932.YDR497C	44	9	20	27	37	51	8	60	24	53	13	21	19	20	19	49	44	43	8	15	199.227767868294
sp|P28791|SEC20_YEAST	4932.YDR498C	22	5	27	29	16	9	9	18	32	51	4	15	6	20	16	39	19	30	6	10	13.0051690251296
sp|Q04377|LCD1_YEAST	4932.YDR499W	28	6	47	60	30	21	18	68	58	96	21	38	25	34	33	54	44	39	5	22	16.0734317450264
sp|P51402|RL37B_YEAST	4932.YDR500C	7	4	0	0	4	9	6	0	11	2	2	4	2	2	11	10	9	2	1	2	1219.55867764788
sp|P51402|RL37B_YEAST	4932.YLR185W	7	4	0	0	4	9	6	0	11	2	2	4	2	2	11	10	9	2	1	2	1792.93624101602
sp|P19358|METK2_YEAST	4932.YDR502C	34	5	34	22	13	31	6	27	30	29	7	6	16	17	15	24	24	25	4	15	1106.79186157344
sp|P19358|METK2_YEAST	4932.YLR180W	34	5	34	22	13	31	6	27	30	29	7	6	16	17	15	24	24	25	4	15	1716.34713203696
sp|P50896|PSP1_YEAST	4932.YDR505C	30	5	48	37	43	36	19	34	45	80	19	115	45	58	32	90	37	38	3	27	8.1276854805731
sp|Q12263|GIN4_YEAST	4932.YDR507C	49	4	57	112	35	54	19	74	118	108	15	66	50	42	75	119	61	54	6	24	29.8228987172975
sp|P48813|GNP1_YEAST	4932.YDR508C	54	13	26	35	38	53	10	50	36	57	19	29	24	21	27	55	27	50	13	26	617.263264057232
sp|Q12306|SMT3_YEAST	4932.YDR510W	6	0	9	12	4	5	2	8	9	6	4	3	5	5	6	6	5	4	0	2	315.68301478363
sp|Q04401|ACN9_YEAST	4932.YDR511W	3	0	8	9	3	4	6	6	12	19	4	9	6	9	8	9	5	6	2	5	14.2070833842918
sp|Q04406|EMI1_YEAST	4932.YDR512C	8	5	7	14	9	15	2	14	17	5	5	8	4	10	8	22	12	11	3	8	3.53442844821435
sp|P17695|GLRX2_YEAST	4932.YDR513W	9	2	5	11	7	7	2	13	14	15	3	8	5	6	2	10	10	11	0	3	189.413777195583
sp|Q12034|SLF1_YEAST	4932.YDR515W	20	0	20	27	16	20	5	28	41	25	9	65	21	23	17	55	22	7	4	22	20.8541629860569
sp|Q04409|EMI2_YEAST	4932.YDR516C	27	9	26	39	19	38	13	32	28	60	10	21	18	14	28	36	34	28	2	18	41.5271837357068
sp|Q04410|GRH1_YEAST	4932.YDR517W	22	5	30	16	18	23	9	21	17	27	3	18	27	24	15	34	19	30	3	11	111.98619875748
sp|P32474|EUG1_YEAST	4932.YDR518W	29	5	34	43	27	18	15	42	30	54	7	27	27	20	14	33	29	37	3	23	21.1065237917755
sp|P32472|FKBP2_YEAST	4932.YDR519W	8	2	8	7	7	15	1	11	8	12	4	1	7	2	5	13	4	15	1	4	48.4016071820122
sp|P08458|SPS1_YEAST	4932.YDR523C	20	8	26	38	19	24	9	36	44	44	12	26	26	15	21	39	28	33	4	18	0.596316277701019
sp|P56508|SNA2_YEAST	4932.YDR525W-A	6	1	4	3	9	4	4	6	2	13	1	3	4	0	3	6	1	3	2	4	187.763278756826
sp|Q04418|RBA50_YEAST	4932.YDR527W	20	4	45	40	14	23	10	30	45	38	8	24	18	20	14	29	19	20	6	12	28.0819998864921
sp|P00128|QCR7_YEAST	4932.YDR529C	13	1	7	12	3	3	3	11	9	16	2	5	8	5	7	6	4	5	1	6	357.089997414395
sp|P22108|APA2_YEAST	4932.YDR530C	16	8	26	21	15	12	12	7	28	38	8	17	22	15	5	22	19	21	3	10	2.45012313798531
sp|Q04430|PANK_YEAST	4932.YDR531W	17	3	17	19	21	35	10	34	21	30	12	28	8	13	9	36	23	10	3	18	25.500655732443
sp|Q04431|KRE28_YEAST	4932.YDR532C	11	2	25	46	17	11	5	32	39	44	9	32	5	20	9	28	24	16	3	7	9.50236042207348
sp|Q04432|HSP31_YEAST	4932.YDR533C	24	1	23	11	15	21	5	11	23	17	1	10	9	3	4	13	17	19	2	8	113.693677293065
sp|Q03034|FDC1_YEAST	4932.YDR539W	32	11	30	35	21	33	15	38	39	47	12	13	34	13	14	29	29	34	7	17	26.66010561595
sp|Q03049|YD541_YEAST	4932.YDR541C	24	3	22	22	18	18	14	24	24	34	3	19	13	13	13	22	25	23	3	7	0.551237383646999
sp|P40006|IRC22_YEAST	4932.YEL001C	17	1	9	17	15	12	3	17	11	15	4	14	14	6	4	19	15	19	2	11	227.884780380415
sp|P33767|OSTB_YEAST	4932.YEL002C	16	4	23	30	28	22	8	27	28	38	2	27	16	15	17	41	27	32	9	20	172.53398078927
sp|P40005|PFD2_YEAST	4932.YEL003W	4	1	5	14	2	4	2	11	17	8	3	6	2	7	3	3	9	6	1	3	30.2254919808808
sp|P40002|MIT1_YEAST	4932.YEL007W	44	1	19	20	16	34	18	36	25	31	13	110	52	33	11	79	64	23	2	35	58.9287060905722
sp|P03069|GCN4_YEAST	4932.YEL009C	19	0	22	24	11	6	4	9	23	27	5	13	20	8	13	31	20	21	1	4	13.9048595558265
sp|P32775|GLGB_YEAST	4932.YEL011W	46	3	47	47	45	44	27	32	40	65	18	39	32	14	34	47	32	40	13	39	15.7733832726275
sp|P28263|UBC8_YEAST	4932.YEL012W	5	1	34	17	5	13	4	14	14	18	7	12	10	7	4	23	6	12	3	9	19.9435282310137
sp|P39968|VAC8_YEAST	4932.YEL013W	54	13	36	38	12	24	10	35	29	77	8	44	20	25	24	51	24	41	2	11	145.119482047422
sp|P39998|EDC3_YEAST	4932.YEL015W	30	7	45	22	19	33	8	40	40	52	10	37	17	50	22	52	27	28	5	7	34.8754093024473
sp|P39996|GTT3_YEAST	4932.YEL017W	18	6	27	16	23	11	4	16	21	39	6	25	11	10	10	39	24	13	3	15	11.670285098543
sp|P39995|EAF5_YEAST	4932.YEL018W	9	0	16	21	6	18	7	22	24	35	9	24	6	14	14	15	20	14	1	4	3.19458723566724
sp|P38632|NSE2_YEAST	4932.YEL019C	12	9	23	16	5	7	5	20	20	23	6	14	19	16	9	21	18	11	2	11	8.38661386935243
sp|P39994|YEC0_YEAST	4932.YEL020C	41	8	29	24	19	45	8	50	30	56	10	32	29	28	24	38	32	36	6	15	3.58174703601445
sp|O74700|TIM9_YEAST	4932.YEL020W-A	3	4	4	8	6	4	1	1	9	7	4	5	0	10	5	5	5	5	0	1	132.616926707423
sp|P03962|PYRF_YEAST	4932.YEL021W	25	4	19	17	8	27	4	14	22	26	6	6	7	8	14	12	17	19	3	9	176.54772363253
sp|P39993|GEA2_YEAST	4932.YEL022W	60	17	95	116	78	53	24	139	110	176	22	99	43	51	46	138	91	59	8	34	53.730612408405
sp|P08067|UCRI_YEAST	4932.YEL024W	18	5	14	8	8	18	5	13	15	17	8	7	12	5	9	18	11	16	3	5	78.4960275785108
sp|P39990|SNU13_YEAST	4932.YEL026W	18	3	6	6	3	4	1	12	8	14	2	6	8	6	5	6	7	9	0	2	1229.34620330585
sp|P25515|VATL1_YEAST	4932.YEL027W	19	6	3	2	8	22	0	16	3	22	3	2	5	6	4	10	6	17	0	6	565.111419805254
sp|P39988|BUD16_YEAST	4932.YEL029C	14	7	20	18	13	18	6	21	25	34	11	13	12	12	10	18	19	22	2	17	2.20588903706378
sp|P39987|HSP7E_YEAST	4932.YEL030W	62	0	48	41	23	42	6	51	50	50	9	37	25	22	34	45	43	47	2	7	85.9986415833193
sp|P39986|ATC6_YEAST	4932.YEL031W	93	13	61	75	69	72	21	83	82	136	31	46	63	41	44	89	68	81	12	35	295.763615689706
sp|P24279|MCM3_YEAST	4932.YEL032W	77	2	78	68	32	59	22	57	47	90	16	49	48	32	67	75	64	63	3	22	26.7835424877629
sp|P23301|IF5A1_YEAST	4932.YEL034W	13	2	16	12	6	11	5	8	13	11	8	4	5	3	4	13	11	10	0	2	1483.71664050149
sp|P23301|IF5A1_YEAST	4932.YJR047C	13	2	16	12	6	11	5	8	13	11	8	4	5	3	4	13	11	10	0	2	150.374196279183
sp|P32629|ANP1_YEAST	4932.YEL036C	18	1	41	33	27	30	14	24	28	42	13	31	27	38	25	33	18	28	13	16	22.4562997911333
sp|P32628|RAD23_YEAST	4932.YEL037C	48	4	22	46	11	30	2	15	15	29	10	14	24	25	14	29	30	24	0	6	118.799616103524
sp|P32626|ENOPH_YEAST	4932.YEL038W	18	1	18	9	10	15	4	15	17	21	1	11	12	14	5	16	10	16	1	13	24.4670314804597
sp|P00045|CYC7_YEAST	4932.YEL039C	8	2	5	6	4	12	3	5	17	5	4	7	5	3	3	6	9	3	1	5	37.1947328798182
sp|P32623|CRH2_YEAST	4932.YEL040W	32	12	29	19	11	31	6	19	22	23	6	27	13	10	6	86	47	33	10	25	210.142544416708
sp|P32621|GDA1_YEAST	4932.YEL042W	32	11	34	31	24	38	9	32	35	52	8	25	33	14	15	43	32	30	4	16	89.6941135196542
sp|P32618|YEF3_YEAST	4932.YEL043W	54	5	44	49	24	20	22	54	67	98	17	105	56	42	27	144	69	27	10	22	13.6724737098255
sp|P32617|IES6_YEAST	4932.YEL044W	14	1	5	8	6	10	3	7	15	12	2	18	9	3	14	18	6	8	0	7	34.1111127178187
sp|P37303|GLY1_YEAST	4932.YEL046C	36	7	22	25	11	27	12	24	23	35	13	15	17	12	16	24	21	27	3	17	1775.6899918675
sp|P32614|FRDS_YEAST	4932.YEL047C	34	5	25	31	17	42	9	25	33	52	9	26	17	16	17	34	28	40	2	8	306.161499343091
sp|P32611|RML2_YEAST	4932.YEL050C	17	7	14	12	3	39	10	26	33	36	7	18	22	13	41	32	22	25	5	11	26.9670961346563
sp|P32610|VATD_YEAST	4932.YEL051W	22	0	15	27	9	13	1	15	19	20	6	10	4	17	21	14	16	19	0	8	233.928610419615
sp|P32317|AFG1_YEAST	4932.YEL052W	29	9	35	25	29	25	14	28	37	41	10	16	25	18	30	35	36	38	4	25	29.5594254865755
sp|Q02197|NAA35_YEAST	4932.YEL053C	29	12	41	52	45	27	16	50	55	91	11	44	20	33	22	64	43	42	7	29	2.04894682654188
sp|P17079|RL12B_YEAST	4932.YEL054C	16	1	8	12	4	13	2	15	18	11	2	7	11	6	8	10	6	13	0	2	1452.74981271299
sp|P39985|DPO5_YEAST	4932.YEL055C	47	14	72	89	47	48	15	66	99	144	25	60	28	30	31	86	44	49	11	17	36.0636893612344
sp|P39984|HAT2_YEAST	4932.YEL056W	19	2	29	33	12	24	15	21	19	38	9	27	23	14	12	35	22	27	9	11	18.9021198615595
sp|P38628|AGM1_YEAST	4932.YEL058W	41	12	39	32	26	31	15	25	37	61	10	20	19	21	20	43	37	43	3	22	66.3992382817381
sp|P09232|PRTB_YEAST	4932.YEL060C	49	4	52	42	28	55	27	35	60	45	7	38	21	21	18	52	31	33	4	13	76.0126310556617
sp|P39923|NPR2_YEAST	4932.YEL062W	13	12	29	32	35	20	9	49	41	55	12	43	42	16	29	83	39	29	3	24	0.76467013318643
sp|P39979|HPA3_YEAST	4932.YEL066W	14	0	10	14	7	9	5	5	16	11	5	8	10	3	8	5	15	18	5	11	14.4008137629862
sp|P39976|DLD3_YEAST	4932.YEL071W	34	6	35	26	24	36	14	30	40	47	11	32	20	12	17	34	20	36	3	19	687.140861046689
sp|P40104|YE19_YEAST	4932.YEL075C	4	1	8	11	11	6	2	7	12	6	3	6	6	3	7	11	4	12	0	2	0.400452975736475
sp|P40104|YE19_YEAST	4932.YER189W	4	1	8	11	11	6	2	7	12	6	3	6	6	3	7	11	4	12	0	2	0.400452975736475
sp|P39971|YEI6_YEAST	4932.YEL076C	12	10	15	15	8	12	4	17	18	21	5	10	10	3	14	15	10	10	4	3	0.358747061370694
sp|Q3E7X8|YE077_YEAST	4932.YEL077C	95	22	58	92	47	66	23	55	69	110	27	77	31	42	78	120	126	78	16	45	0.207003186078886
sp|Q3E7X8|YE077_YEAST	4932.YIL177C	95	22	58	92	47	66	23	55	69	110	27	77	31	42	78	120	126	78	16	45	0.249674526506052
sp|Q3E7X8|YE077_YEAST	4932.YJL225C	95	22	58	92	47	66	23	55	69	110	27	77	31	42	78	120	126	78	16	45	0.246883640187666
sp|P39106|MNN1_YEAST	4932.YER001W	43	10	52	52	47	34	24	42	65	66	11	46	30	25	36	46	47	39	13	34	37.7447640530094
sp|P40007|NOP16_YEAST	4932.YER002W	14	0	20	25	3	12	1	11	32	16	4	14	6	9	20	11	9	14	3	7	81.7408451287899
sp|P29952|MPI_YEAST	4932.YER003C	32	5	31	31	25	24	11	26	37	36	10	22	28	19	15	30	13	21	2	11	352.449553813601
sp|P40008|FMP52_YEAST	4932.YER004W	22	2	12	11	9	23	5	13	16	26	4	8	8	10	13	14	12	16	1	6	77.549265977386
sp|P40010|NUG1_YEAST	4932.YER006W	48	2	37	40	11	27	6	31	55	49	9	24	22	16	29	46	22	30	5	11	182.07777582333
sp|P89886|TMA20_YEAST	4932.YER007C-A	10	2	9	16	8	11	5	16	20	17	4	6	10	6	4	12	6	14	1	4	92.4429153799989
sp|P39937|PAC2_YEAST	4932.YER007W	12	7	29	31	26	26	8	44	43	56	7	54	16	10	24	54	17	30	5	19	1.8604355139235
sp|P33332|SEC3_YEAST	4932.YER008C	57	9	60	150	49	36	28	86	94	132	28	102	46	69	73	124	75	68	13	37	21.9411995851014
sp|P33331|NTF2_YEAST	4932.YER009W	5	0	10	5	10	5	2	6	3	14	3	10	5	12	5	9	8	7	0	6	137.694917318109
sp|P40011|YEK0_YEAST	4932.YER010C	14	3	15	6	7	16	4	21	12	19	3	13	16	12	9	17	15	22	0	10	8.73964357459045
sp|P10863|TIR1_YEAST	4932.YER011W	53	0	9	11	4	11	1	10	12	16	7	5	12	8	1	63	15	10	1	5	14.6455416897272
sp|P22141|PSB4_YEAST	4932.YER012W	10	1	17	11	7	13	4	14	14	19	5	3	7	13	11	15	8	15	0	11	144.378065885182
sp|P40012|PPOX_YEAST	4932.YER014W	23	7	33	22	20	46	7	32	48	61	14	37	27	16	24	38	31	34	4	15	13.7701589977981
sp|P39518|LCF2_YEAST	4932.YER015W	48	13	43	45	42	43	13	51	55	78	12	36	38	17	35	54	47	44	5	25	134.749033193361
sp|P40013|BIM1_YEAST	4932.YER016W	16	4	16	32	11	33	8	23	21	27	6	29	6	13	15	24	27	17	3	13	17.1583275585042
sp|P39925|AFG3_YEAST	4932.YER017C	54	4	41	46	41	60	15	47	53	71	19	46	38	23	47	50	45	42	3	16	36.4194666724454
sp|P40014|SPC25_YEAST	4932.YER018C	27	2	15	13	6	8	11	5	3	27	5	5	3	28	22	14	8	14	3	2	20.9664235233167
sp|P52871|SC6B2_YEAST	4932.YER019C-A	7	0	2	2	5	7	2	7	6	9	1	1	3	7	5	10	6	6	0	2	64.9181011137997
sp|P40015|ISC1_YEAST	4932.YER019W	40	10	27	25	21	27	16	32	23	50	6	16	17	20	29	39	27	24	10	18	4.15733604932493
sp|P10823|GPA2_YEAST	4932.YER020W	25	4	25	24	17	22	5	28	25	38	10	35	20	35	21	42	31	25	4	13	40.8806105962928
sp|P40016|RPN3_YEAST	4932.YER021W	22	7	39	36	21	12	13	36	40	71	13	35	11	20	19	51	27	24	3	23	33.2469887673805
sp|P32569|MED17_YEAST	4932.YER022W	21	2	55	63	24	24	15	59	65	77	14	50	26	20	27	66	28	34	2	15	31.0906557301064
sp|P32263|P5CR_YEAST	4932.YER023W	28	7	7	23	4	26	4	13	22	28	9	9	12	11	2	23	18	30	1	9	530.077042303925
sp|P40017|YAT2_YEAST	4932.YER024W	50	9	75	49	39	50	27	57	58	82	14	51	39	35	48	94	62	52	7	25	9.90627503075812
sp|P32481|IF2G_YEAST	4932.YER025W	37	10	28	43	15	41	9	50	42	43	9	21	32	21	26	25	27	39	2	7	338.359331930648
sp|P08456|PSS_YEAST	4932.YER026C	19	5	18	11	26	19	9	19	9	27	11	9	14	7	14	21	16	16	0	6	3.89850027317554
sp|Q04739|GAL83_YEAST	4932.YER027C	24	1	37	21	12	23	15	18	18	29	15	32	31	33	11	33	26	20	4	14	45.5129087622633
sp|P40018|RSMB_YEAST	4932.YER029C	10	1	9	12	4	10	3	10	28	18	3	13	11	11	17	13	10	10	0	3	31.2739940272666
sp|P40019|CHZ1_YEAST	4932.YER030W	8	0	22	29	1	9	1	4	20	6	3	7	3	1	9	13	8	5	0	4	70.435671158299
sp|P38555|YPT31_YEAST	4932.YER031C	19	3	14	16	7	16	3	13	14	18	3	21	5	6	8	22	14	10	2	9	168.54898573742
sp|P40021|ZRG8_YEAST	4932.YER033C	44	7	106	72	42	42	29	48	75	64	10	104	65	38	33	160	76	31	2	28	1.1298721275151
sp|P40022|YEM4_YEAST	4932.YER034W	15	0	21	15	3	4	4	4	22	20	2	13	8	12	10	8	11	9	1	3	33.924597505596
sp|P40024|ARB1_YEAST	4932.YER036C	44	3	42	45	21	38	13	28	49	75	13	21	23	28	31	42	30	42	4	18	598.685068845937
sp|C8Z742|GMT2_YEAS8	4932.YER039C	23	6	10	9	24	14	2	24	18	48	15	19	7	9	7	36	21	32	6	11	0.3251269274925
sp|P18494|GLN3_YEAST	4932.YER040W	40	4	31	18	29	26	12	35	35	43	17	105	38	37	31	141	49	26	4	9	2.5440486094273
sp|P40029|MSRA_YEAST	4932.YER042W	10	5	14	12	7	11	5	10	18	13	3	7	9	6	7	13	11	8	3	12	69.5492666580497
sp|P39954|SAHH_YEAST	4932.YER043C	45	11	23	32	17	37	16	30	29	41	12	18	13	14	15	22	21	37	4	12	2392.62995899568
sp|P40030|ERG28_YEAST	4932.YER044C	6	2	1	7	12	9	3	8	8	16	7	2	5	3	6	11	17	12	4	9	22.0866874745462
sp|P39970|ACA1_YEAST	4932.YER045C	34	8	21	23	13	15	16	30	32	33	14	47	33	40	15	58	22	18	2	15	1.69844793020127
sp|P39955|SAP1_YEAST	4932.YER047C	49	2	48	67	24	35	22	48	77	73	16	50	56	29	49	112	64	47	5	24	0.493641081498667
sp|P39101|CAJ1_YEAST	4932.YER048C	36	1	25	52	18	20	6	15	51	31	15	12	9	12	18	21	20	15	2	12	47.0003026741518
sp|Q6Q560|ISD11_YEAST	4932.YER048W-A	3	0	3	4	8	3	1	2	9	9	4	9	4	7	8	4	6	6	0	4	133.714212701769
sp|P40032|TPA1_YEAST	4932.YER049W	30	6	54	55	31	32	15	38	60	62	9	31	27	22	25	53	27	33	12	22	65.083735108855
sp|P40033|RSM18_YEAST	4932.YER050C	8	1	6	3	5	9	2	13	15	9	5	8	5	8	14	12	7	3	0	5	10.7392835024328
sp|P10869|AK_YEAST	4932.YER052C	37	10	30	33	21	28	12	41	39	49	9	26	23	18	19	45	30	43	2	12	446.769413587097
sp|P40035|PIC2_YEAST	4932.YER053C	20	8	5	12	15	26	3	20	27	23	12	10	13	13	7	22	19	21	6	18	33.5452254077678
sp|P00498|HIS1_YEAST	4932.YER055C	22	5	20	18	10	20	2	23	22	30	6	8	11	7	14	24	19	30	1	5	267.771708103809
sp|P17064|FCY2_YEAST	4932.YER056C	58	7	15	24	39	51	5	45	18	46	16	27	15	10	11	41	26	39	15	25	421.649508567484
sp|P87262|RL34A_YEAST	4932.YER056C-A	11	4	1	6	2	7	2	7	19	5	1	4	4	6	13	7	9	10	0	3	1167.69460943446
sp|P87262|RL34A_YEAST	4932.YIL052C	11	4	1	6	2	7	2	7	19	5	1	4	4	6	13	7	9	10	0	3	1030.12145909216
sp|P40037|HMF1_YEAST	4932.YER057C	19	2	6	8	5	3	3	9	7	9	4	10	6	3	3	10	5	14	0	3	301.103320335516
sp|P40038|PCL6_YEAST	4932.YER059W	20	5	29	22	14	17	8	20	22	35	9	41	14	22	23	53	30	23	1	12	18.4799945688506
sp|P39525|CEM1_YEAST	4932.YER061C	34	10	19	19	17	38	11	33	24	49	8	35	18	8	18	44	28	18	2	9	12.3473962618919
sp|P41277|GPP1_YEAST	4932.YER062C	26	3	21	19	13	17	6	21	26	17	2	9	15	3	6	8	10	14	5	9	298.18264602627
sp|P41277|GPP1_YEAST	4932.YIL053W	26	3	21	19	13	17	6	21	26	17	2	9	15	3	6	8	10	14	5	9	3124.52071135042
sp|P40040|THO1_YEAST	4932.YER063W	18	0	11	26	3	12	1	6	23	18	1	21	10	13	14	22	6	11	0	2	72.3755976934988
sp|P40041|VHR2_YEAST	4932.YER064C	27	4	25	34	17	15	12	35	44	52	8	26	28	22	26	68	30	20	1	11	5.52007933861086
sp|P28240|ACEA_YEAST	4932.YER065C	57	6	38	38	24	36	17	31	40	40	17	19	22	25	26	34	30	31	11	15	7.55158146777706
sp|P40043|RGI1_YEAST	4932.YER067W	6	2	14	19	10	5	14	6	20	8	2	4	6	5	3	5	12	14	1	5	118.656954544559
sp|P34909|NOT4_YEAST	4932.YER068W	33	12	26	32	15	31	21	34	38	39	8	50	41	30	24	50	51	27	2	23	68.6188491578683
sp|Q01217|ARG56_YEAST	4932.YER069W	67	8	45	48	30	62	15	64	62	79	9	48	34	28	36	76	42	69	8	33	245.645794494198
sp|P21524|RIR1_YEAST	4932.YER070W	77	14	50	58	31	50	17	59	53	69	27	43	43	32	42	64	58	48	10	43	5026.96997006336
sp|P40046|VTC1_YEAST	4932.YER072W	11	1	4	2	10	12	1	7	6	19	4	6	6	1	10	5	9	9	2	4	187.574018135226
sp|P40047|ALDH5_YEAST	4932.YER073W	50	6	28	30	24	42	8	33	41	35	8	23	22	16	20	32	33	48	6	15	237.102377867675
sp|Q3E834|YOS1_YEAST	4932.YER074W-A	3	0	2	4	4	8	0	9	2	17	1	4	2	4	6	3	4	10	0	2	6.55855760838192
sp|P40048|PTP3_YEAST	4932.YER075C	31	13	57	45	40	26	22	67	69	90	20	74	51	41	32	113	59	41	5	32	1.47605088610813
sp|P40050|YEQ7_YEAST	4932.YER077C	30	12	35	46	31	26	12	49	76	88	14	38	14	29	37	50	42	33	5	21	1.70056976799299
sp|P40051|ICP55_YEAST	4932.YER078C	26	7	32	33	26	29	12	40	31	43	10	33	26	17	28	46	20	28	4	20	12.2671266635557
sp|P40052|YEQ9_YEAST	4932.YER079W	8	1	20	2	3	7	6	10	22	12	6	23	9	7	6	36	18	6	0	8	11.0652867537111
sp|P40053|AIM9_YEAST	4932.YER080W	33	5	38	46	29	24	11	44	67	58	12	46	36	28	24	32	29	35	9	21	77.9940886488716
sp|P40510|SER33_YEAST	4932.YER081W	38	4	22	28	14	30	12	39	27	43	9	27	17	18	16	47	26	35	3	14	410.557118899355
sp|P40510|SER33_YEAST	4932.YIL074C	38	4	22	28	14	30	12	39	27	43	9	27	17	18	16	47	26	35	3	14	196.051733556302
sp|P40055|UTP7_YEAST	4932.YER082C	36	2	29	33	15	38	22	23	52	56	11	36	23	24	28	39	37	27	6	17	20.0098514941341
sp|P40056|GET2_YEAST	4932.YER083C	26	0	11	10	11	12	4	14	18	43	5	14	19	13	10	29	19	13	5	9	44.7348777395351
sp|P00927|THDH_YEAST	4932.YER086W	41	5	27	34	23	41	18	34	34	55	10	26	27	23	32	40	30	55	1	20	216.882120217522
sp|P52870|SC6B1_YEAST	4932.YER087C-B	7	0	2	1	4	6	1	4	8	8	1	4	5	4	3	10	4	9	0	1	10.0303467540775
sp|P39965|SYPM_YEAST	4932.YER087W	24	15	41	37	23	36	13	38	50	56	16	35	20	22	28	45	22	27	10	18	3.12265642879874
sp|P40059|DOT6_YEAST	4932.YER088C	33	4	35	21	21	17	24	27	40	44	17	57	50	20	31	136	61	21	6	5	31.4603010312502
sp|P39966|PP2C2_YEAST	4932.YER089C	38	12	48	25	14	32	15	24	28	39	10	20	16	16	17	42	29	29	3	7	93.1650263855948
sp|P00899|TRPE_YEAST	4932.YER090W	34	6	35	32	15	29	12	40	30	45	11	22	29	21	25	35	31	31	2	22	277.469751077696
sp|P05694|METE_YEAST	4932.YER091C	65	3	48	53	38	42	12	46	61	69	9	34	38	30	33	48	43	61	9	25	3481.46390936398
sp|P40060|IES5_YEAST	4932.YER092W	5	0	13	15	0	2	1	10	10	14	2	4	7	3	5	9	12	7	1	5	42.5897066394463
sp|P40061|TSC11_YEAST	4932.YER093C	57	15	73	97	75	53	27	102	110	162	36	111	39	55	76	127	87	77	8	43	1.48679276770011
sp|P25451|PSB3_YEAST	4932.YER094C	14	4	13	14	12	18	2	14	13	19	5	7	7	5	8	16	10	15	1	8	88.3291940474756
sp|P25454|RAD51_YEAST	4932.YER095W	39	8	27	30	14	41	7	16	17	38	13	13	13	21	20	27	19	29	0	8	101.759785322495
sp|P38620|KPR2_YEAST	4932.YER099C	27	6	23	15	8	19	11	29	17	32	7	15	11	8	15	23	19	25	0	8	35.6922671769562
sp|P33296|UBC6_YEAST	4932.YER100W	14	1	15	19	10	13	5	16	19	20	7	15	18	7	11	17	21	9	3	10	20.5352540043545
sp|P05754|RS8B_YEAST	4932.YER102W	23	2	3	14	7	16	4	11	22	10	1	8	4	7	22	17	12	8	3	6	1856.11251223902
sp|P22202|HSP74_YEAST	4932.YER103W	65	2	45	53	28	49	5	37	50	46	7	33	27	23	28	39	48	44	1	12	475.352089879902
sp|P40064|NU157_YEAST	4932.YER105C	76	21	83	86	71	65	24	108	92	148	14	87	51	37	63	144	74	83	9	55	38.5482912526979
sp|P40066|GLE2_YEAST	4932.YER107C	27	9	21	11	15	26	9	20	19	16	10	23	19	19	19	35	24	23	8	12	36.8291446027847
sp|P40069|IMB4_YEAST	4932.YER110C	120	9	62	101	50	39	15	80	57	126	21	57	37	47	31	94	59	76	3	29	698.240738175891
sp|P25302|SWI4_YEAST	4932.YER111C	41	7	54	56	33	24	23	88	92	80	26	148	54	73	30	125	69	38	4	28	2.63752696741153
sp|P40070|LSM4_YEAST	4932.YER112W	4	0	5	9	4	11	3	15	10	11	4	44	4	12	9	22	5	6	1	8	105.050902882371
sp|P40071|TMN3_YEAST	4932.YER113C	22	14	35	31	45	39	14	57	41	76	21	35	28	14	25	59	39	51	14	46	24.1073676689944
sp|P39969|BOI2_YEAST	4932.YER114C	60	2	61	74	40	50	14	52	82	67	21	61	61	41	61	148	81	33	7	24	29.7795712261619
sp|P04451|RL23A_YEAST	4932.YER117W	15	2	5	4	3	17	0	7	11	9	6	8	7	2	10	10	3	14	2	2	1507.06268586256
sp|P40073|SHO1_YEAST	4932.YER118C	29	2	24	13	17	21	6	33	12	21	6	33	16	13	18	37	27	13	7	19	24.7855208182232
sp|P40075|SCS2_YEAST	4932.YER120W	21	2	9	24	8	5	2	14	20	14	2	12	23	16	3	17	14	30	2	6	183.111294602056
sp|P38682|GLO3_YEAST	4932.YER122C	26	4	42	24	27	28	6	15	48	31	9	45	14	27	21	57	38	19	3	9	106.124749471041
sp|P39962|KC13_YEAST	4932.YER123W	24	13	34	21	19	28	18	35	37	35	11	47	28	28	31	46	20	16	4	29	29.2495269721293
sp|P39940|RSP5_YEAST	4932.YER125W	38	4	53	51	41	58	17	32	39	57	12	40	37	41	58	63	74	53	13	28	39.2084118698021
sp|P40078|NSA2_YEAST	4932.YER126C	15	1	9	19	6	17	7	14	37	17	7	8	12	11	20	17	15	21	3	5	887.434968919255
sp|P40079|LCP5_YEAST	4932.YER127W	24	1	27	38	7	18	7	17	32	28	8	22	10	11	31	35	17	12	2	10	6.58997376190287
sp|P38990|SAK1_YEAST	4932.YER129W	45	15	74	70	39	56	29	57	93	102	20	79	58	35	66	166	59	58	3	18	0.990492556306471
sp|P39939|RS26B_YEAST	4932.YER131W	16	4	4	4	1	3	3	6	15	4	2	8	9	1	16	8	1	10	0	4	1701.86000309402
sp|P39939|RS26B_YEAST	4932.YGL189C	16	4	4	4	1	3	3	6	15	4	2	8	9	1	16	8	1	10	0	4	2529.95857832834
sp|P32634|PMD1_YEAST	4932.YER132C	79	15	100	90	73	81	39	105	98	145	28	134	101	64	94	254	122	66	11	54	19.4627230613837
sp|P32598|PP12_YEAST	4932.YER133W	12	12	25	20	18	21	4	24	19	33	7	13	16	14	19	18	6	15	3	13	576.430187268015
sp|P40081|MGDP1_YEAST	4932.YER134C	7	4	16	10	7	13	3	11	18	17	2	6	9	3	7	9	9	12	4	11	70.6274165329684
sp|P39958|GDI1_YEAST	4932.YER136W	21	5	33	31	19	31	11	36	38	40	10	13	21	19	16	32	24	24	3	24	342.873613478315
sp|P40084|RTR1_YEAST	4932.YER139C	8	6	22	23	12	9	6	13	19	28	4	8	9	8	10	14	13	6	1	7	12.4863394718046
sp|P40086|COX15_YEAST	4932.YER141W	36	3	9	22	23	31	10	30	35	61	16	16	22	15	27	42	30	33	15	10	92.0305092938249
sp|P22134|MAG_YEAST	4932.YER142C	21	4	17	31	16	11	3	21	38	28	10	9	11	5	12	20	9	14	3	13	0.551675098748218
sp|P40087|DDI1_YEAST	4932.YER143W	31	3	30	25	15	27	3	32	21	51	13	19	26	24	22	21	39	16	0	10	19.0088125137786
sp|P40088|FTR1_YEAST	4932.YER145C	26	7	11	23	23	33	8	33	21	48	12	22	10	14	18	28	11	29	8	19	122.340270096333
sp|P40089|LSM5_YEAST	4932.YER146W	3	0	6	10	3	6	2	8	5	12	3	6	5	3	3	4	4	9	1	0	53.2547813103401
sp|P40090|SCC4_YEAST	4932.YER147C	29	18	22	48	26	31	13	31	49	82	20	30	14	38	24	40	27	44	10	28	2.54464501639587
sp|P13393|TBP_YEAST	4932.YER148W	23	2	10	19	15	12	2	19	22	16	5	8	11	8	15	14	16	16	1	6	131.528673995387
sp|Q01477|UBP3_YEAST	4932.YER151C	52	6	48	61	27	43	29	56	87	57	20	74	48	38	23	107	56	39	5	36	121.699138497076
sp|P10356|YEY2_YEAST	4932.YER152C	32	6	22	25	20	31	10	34	19	40	13	26	23	13	24	34	33	15	3	20	10.5399886699857
sp|P39952|OXA1_YEAST	4932.YER154W	36	1	12	12	19	18	9	30	24	41	11	22	20	24	20	39	29	20	8	7	85.953399861479
sp|P39960|BEM2_YEAST	4932.YER155C	88	16	132	107	105	71	63	157	162	205	45	172	87	78	89	279	132	102	19	58	50.7120971065307
sp|P40093|YEY6_YEAST	4932.YER156C	22	4	23	22	21	22	7	22	28	28	6	16	13	9	17	31	11	21	5	10	94.8925057073316
sp|P40094|COG3_YEAST	4932.YER157W	36	10	67	54	37	16	10	59	66	91	9	44	20	36	36	68	53	49	2	38	23.6741767017429
sp|P40096|NCB1_YEAST	4932.YER159C	9	1	8	14	6	12	2	9	12	10	4	7	10	7	5	6	10	10	0	0	79.1596769095715
sp|Q12316|YG13B_YEAST	4932.YER160C	79	15	102	85	51	69	61	128	129	143	32	127	111	74	71	181	133	73	14	77	4.42361505517976
sp|Q12316|YG13B_YEAST	4932.YPR158W-B	79	15	102	85	51	69	61	128	129	143	32	127	111	74	71	181	133	73	14	77	4.60303094932634
sp|Q12316|YG13B_YEAST	4932.YGR161C-D	79	15	102	85	51	69	61	128	129	143	32	127	111	74	71	181	133	73	14	77	9.10204775744385
sp|P06843|SPT2_YEAST	4932.YER161C	16	0	26	39	8	19	5	11	50	22	9	15	20	10	28	30	6	9	2	8	52.7455152323115
sp|P14736|RAD4_YEAST	4932.YER162C	39	14	53	71	27	37	13	38	74	57	17	38	32	17	54	48	34	54	12	25	7.03937212801074
sp|P32656|CHAC_YEAST	4932.YER163C	16	0	9	21	4	15	11	16	8	20	3	12	14	8	14	12	16	17	2	14	3.68000434935196
sp|P32657|CHD1_YEAST	4932.YER164W	79	6	111	131	48	76	31	79	138	133	34	87	59	52	87	118	76	60	18	45	45.4120552367713
sp|P04147|PABP_YEAST	4932.YER165W	54	3	29	49	27	42	9	25	47	38	16	34	29	41	22	36	22	30	1	23	2162.17808057566
sp|P32660|ATC5_YEAST	4932.YER166W	98	25	99	102	82	106	25	106	94	138	33	87	60	52	84	105	93	96	22	64	25.8957258511382
sp|P33306|BCK2_YEAST	4932.YER167W	35	4	47	40	31	36	23	29	51	50	23	83	53	31	37	144	72	37	2	23	0.867922936408421
sp|P21269|CCA1_YEAST	4932.YER168C	30	5	28	37	28	25	14	41	47	65	12	44	25	22	21	29	27	26	5	15	64.5366470707676
sp|P39956|RPH1_YEAST	4932.YER169W	34	10	34	50	32	33	25	44	74	69	16	57	60	31	30	88	40	34	9	26	7.80829860435514
sp|P06839|RAD3_YEAST	4932.YER171W	38	13	48	71	33	33	14	57	50	81	26	27	32	27	49	54	42	46	4	33	25.4294843401718
sp|P32639|BRR2_YEAST	4932.YER172C	116	24	128	176	93	92	44	155	157	232	41	135	85	79	85	177	109	136	26	73	15.5966192112852
sp|P32642|GLRX4_YEAST	4932.YER174C	18	2	16	26	16	10	3	17	16	19	4	9	11	15	8	22	10	16	2	4	15.4996988671477
sp|P32643|TMT1_YEAST	4932.YER175C	16	3	28	19	17	14	7	16	27	20	7	7	15	12	15	24	14	17	7	14	19.2276060905112
sp|P32644|ECM32_YEAST	4932.YER176W	44	20	45	84	45	67	17	76	119	87	14	97	46	50	58	91	70	56	7	28	23.7751686144762
sp|P16387|ODPA_YEAST	4932.YER178W	40	7	22	26	16	39	8	20	29	33	17	10	18	14	22	28	24	23	3	21	476.204364434713
sp|P25453|DMC1_YEAST	4932.YER179W	21	6	18	27	9	31	6	22	20	31	8	11	8	17	19	27	20	24	0	9	8.53794841894237
sp|P40098|FMP10_YEAST	4932.YER182W	17	0	7	14	10	18	4	14	19	25	5	17	11	10	14	9	19	16	4	11	3.0607861304482
sp|P40099|FTHC_YEAST	4932.YER183C	12	5	14	13	8	13	12	16	13	19	8	3	10	11	12	14	7	13	1	7	2.32065424121082
sp|P40105|YRF12_YEAST	4932.YER190W	113	36	93	116	69	87	31	74	94	162	38	82	52	53	114	138	132	110	21	66	0.262992595781321
sp|P31115|PUS3_YEAST	4932.YFL001W	25	9	23	28	22	16	8	28	44	36	11	30	20	13	25	28	25	31	4	16	13.0994350225278
sp|P25808|SPB4_YEAST	4932.YFL002C	31	6	36	45	31	26	6	36	59	64	15	31	24	17	35	41	37	44	6	16	20.8120038353212
sp|P43585|VTC2_YEAST	4932.YFL004W	39	1	54	71	44	32	13	44	78	94	13	46	39	28	42	71	32	51	10	26	70.4075458174507
sp|P07560|SEC4_YEAST	4932.YFL005W	11	3	14	12	10	20	1	19	19	16	4	16	2	6	7	19	15	15	2	4	94.0102819672535
sp|P43583|BLM10_YEAST	4932.YFL007W	105	28	157	128	115	75	57	151	139	250	47	116	78	76	92	175	109	140	20	85	12.4866131746762
sp|P32908|SMC1_YEAST	4932.YFL008W	61	6	70	135	39	49	18	94	134	131	17	86	22	62	60	94	53	51	3	40	34.190581164029
sp|P07834|CDC4_YEAST	4932.YFL009W	47	8	48	33	26	47	24	54	46	73	11	59	28	15	31	86	55	51	11	26	0.526406607809353
sp|P43582|WWM1_YEAST	4932.YFL010C	19	0	18	5	7	29	3	0	5	6	5	7	25	25	5	16	8	9	4	15	48.7932808183892
sp|P43581|HXT10_YEAST	4932.YFL011W	32	12	14	21	41	53	2	50	23	41	18	15	20	15	25	45	35	48	13	23	4.59481219456072
sp|P43579|IES1_YEAST	4932.YFL013C	31	4	51	71	28	25	7	42	66	66	13	44	30	25	31	52	52	38	2	14	41.2567791467697
sp|P22943|HSP12_YEAST	4932.YFL014W	13	0	11	11	2	13	2	1	15	3	2	3	3	6	3	8	2	7	0	4	928.519952527117
sp|P35191|MDJ1_YEAST	4932.YFL016C	38	10	32	21	24	56	16	33	48	22	10	22	24	22	23	35	33	27	2	13	77.6996836892109
sp|P43577|GNA1_YEAST	4932.YFL017C	5	4	10	14	5	13	2	17	14	12	5	8	3	6	5	5	11	11	2	7	11.870817618215
sp|P09624|DLDH_YEAST	4932.YFL018C	45	5	24	38	17	48	14	40	47	37	9	25	15	13	17	24	27	43	1	10	362.669645091997
sp|P43574|GAT1_YEAST	4932.YFL021W	27	8	35	6	22	13	18	30	25	42	11	68	37	9	22	74	35	17	5	6	12.8509917884879
sp|P15625|SYFA_YEAST	4932.YFL022C	27	1	35	38	26	28	12	27	41	58	14	26	20	25	19	31	30	24	6	15	283.554370596659
sp|P43573|BUD27_YEAST	4932.YFL023W	32	0	73	114	28	35	11	43	83	52	16	47	30	35	33	59	33	51	1	20	13.3175193706387
sp|P43572|EPL1_YEAST	4932.YFL024C	37	5	59	62	35	26	22	52	75	61	12	58	28	62	55	84	38	30	4	27	4.68415610684703
sp|P43569|CAF16_YEAST	4932.YFL028C	11	3	23	17	9	16	7	17	19	35	6	17	8	10	18	19	12	29	7	6	46.1574509226281
sp|P43568|CAK1_YEAST	4932.YFL029C	15	7	31	19	17	17	8	33	26	31	14	20	18	16	16	28	13	22	4	13	0.345787511525544
sp|P43567|AGX1_YEAST	4932.YFL030W	33	6	21	15	19	27	10	23	25	37	7	14	18	11	13	38	20	33	5	10	5.4608432298307
sp|P41546|HAC1_YEAST	4932.YFL031W	18	4	19	19	11	3	5	6	11	27	5	18	13	8	16	29	17	5	2	2	8.22904736463641
sp|P43565|RIM15_YEAST	4932.YFL033C	89	15	121	84	65	76	45	105	101	160	35	141	102	70	79	230	125	73	11	43	1.31274830133448
sp|P56628|RL22B_YEAST	4932.YFL034C-A	6	0	10	8	4	6	1	7	13	8	1	6	4	5	4	10	8	13	1	7	488.112232672731
sp|P43563|MOB2_YEAST	4932.YFL034C-B	17	0	9	12	24	7	12	16	19	22	7	21	19	22	11	28	14	14	4	9	18.9473225491183
sp|P43564|YFD4_YEAST	4932.YFL034W	63	15	82	86	31	65	22	57	76	96	29	60	47	38	51	97	59	68	14	17	1.21521908511728
sp|P13433|RPOM_YEAST	4932.YFL036W	73	8	82	83	56	62	33	79	116	150	28	80	66	49	65	121	66	84	19	31	355.611050751735
sp|P02557|TBB_YEAST	4932.YFL037W	31	6	29	36	25	34	11	21	15	32	15	27	18	23	19	37	26	33	5	14	415.383380378982
sp|P01123|YPT1_YEAST	4932.YFL038C	8	4	17	12	8	15	1	11	18	20	5	12	1	9	7	15	18	14	2	9	188.562765706061
sp|P60010|ACT_YEAST	4932.YFL039C	26	4	20	27	14	29	10	30	18	25	16	9	19	14	18	31	21	26	4	14	2103.33358008674
sp|P43561|FET5_YEAST	4932.YFL041W	33	4	39	42	29	40	27	36	20	59	19	37	38	26	23	27	36	48	8	31	60.8239863046379
sp|P43560|YFE2_YEAST	4932.YFL042C	34	7	43	63	30	27	12	39	45	51	15	44	32	24	29	69	46	38	8	18	2.67876013940014
sp|P43558|OTU1_YEAST	4932.YFL044C	18	3	22	19	13	19	7	23	22	25	7	22	11	15	8	21	15	22	2	7	6.18521098968008
sp|P07283|PMM_YEAST	4932.YFL045C	11	3	16	25	20	20	4	14	19	25	3	11	8	7	13	15	14	15	2	9	569.177141179219
sp|P43556|RGD2_YEAST	4932.YFL047W	30	13	51	51	39	31	16	48	57	82	16	44	21	33	28	55	40	28	5	26	28.6229655286652
sp|P43555|EMP47_YEAST	4932.YFL048C	21	2	33	24	19	27	2	27	39	47	12	27	16	27	15	30	29	28	6	14	84.8804206010385
sp|P43554|SWP82_YEAST	4932.YFL049W	35	2	25	46	24	30	14	42	57	54	10	53	31	33	20	48	35	40	4	20	6.14721398854824
sp|P53824|SNZ2_YEAST	4932.YFL059W	34	5	15	26	8	26	6	23	22	23	12	7	11	10	11	16	14	24	2	3	3.61183527427244
sp|P53824|SNZ2_YEAST	4932.YNL333W	34	5	15	26	8	26	6	23	22	23	12	7	11	10	11	16	14	24	2	3	3.54695681066058
sp|P43540|YFG4_YEAST	4932.YFL064C	5	3	9	13	15	7	3	8	16	15	4	11	8	5	10	13	8	12	0	9	0.460278833994044
sp|P43539|YFG5_YEAST	4932.YFL065C	4	4	7	4	5	4	2	6	9	11	4	3	6	3	8	8	4	6	0	4	0.305937177514805
sp|P43586|LOC1_YEAST	4932.YFR001W	16	0	11	19	3	7	1	11	41	16	2	8	7	8	20	13	9	9	0	3	67.8459721410323
sp|P34077|NIC96_YEAST	4932.YFR002W	45	5	49	59	30	32	15	69	65	108	15	67	23	33	38	72	36	36	8	34	74.3687562179316
sp|P43588|RPN11_YEAST	4932.YFR004W	19	1	18	24	6	19	8	13	24	27	16	16	6	14	12	21	19	30	3	10	278.613861674431
sp|P43589|SAD1_YEAST	4932.YFR005C	13	10	26	32	29	13	19	27	38	50	3	29	19	15	17	35	21	32	6	14	1.2420016455284
sp|P43590|YFH6_YEAST	4932.YFR006W	26	10	39	44	30	33	17	39	41	47	14	23	24	13	29	29	20	29	4	24	54.736302953626
sp|P43535|GCN20_YEAST	4932.YFR009W	46	5	60	51	27	42	18	39	60	89	15	34	19	39	38	59	35	48	4	24	238.13503338347
sp|P43593|UBP6_YEAST	4932.YFR010W	23	5	26	46	26	27	7	27	50	42	11	31	19	26	21	39	24	29	3	17	101.02687123852
sp|P0C5N0|YF010_YEAST	4932.YFR010W-A	3	1	0	2	10	3	2	4	1	10	1	2	1	4	2	3	6	3	1	3	0.287211342580653
sp|P43594|AIM13_YEAST	4932.YFR011C	7	2	12	15	5	10	0	6	24	21	3	11	2	10	1	20	9	8	0	4	67.1831947435538
sp|P43596|IOC3_YEAST	4932.YFR013W	39	4	61	55	35	26	15	33	79	80	14	46	51	40	38	64	36	33	8	30	25.1102713862329
sp|P27466|KCC1_YEAST	4932.YFR014C	28	5	33	41	16	24	8	21	51	49	4	15	18	17	16	33	22	28	4	13	8.10633370380993
sp|P23337|GYS1_YEAST	4932.YFR015C	47	7	50	48	34	43	21	34	41	72	13	43	29	18	39	37	38	55	8	31	38.4231496439889
sp|P43597|YFI6_YEAST	4932.YFR016C	71	4	104	215	20	53	15	73	119	59	11	85	46	41	39	97	93	77	2	9	52.4292126867681
sp|P43598|IGD1_YEAST	4932.YFR017C	10	2	13	10	8	11	7	8	7	8	7	15	18	9	15	24	12	6	0	5	32.0673927499494
sp|P43599|YFI8_YEAST	4932.YFR018C	34	3	19	30	16	23	15	16	7	46	5	18	14	12	22	19	21	22	7	14	2.47848619953651
sp|P34756|FAB1_YEAST	4932.YFR019W	93	26	133	130	83	88	60	140	174	190	42	184	106	79	106	279	165	103	18	79	0.641385321340727
sp|P43601|ATG18_YEAST	4932.YFR021W	27	4	33	26	20	29	10	43	23	37	18	25	22	13	23	65	39	25	0	18	15.3215173918248
sp|P43603|LSB3_YEAST	4932.YFR024C-A	46	1	43	16	21	47	1	21	21	22	4	19	22	8	39	59	24	23	4	18	74.6844734162922
sp|P38635|HIS9_YEAST	4932.YFR025C	13	8	21	24	16	14	16	23	21	30	7	21	15	14	10	25	11	27	3	16	19.1864613610802
sp|Q00684|CDC14_YEAST	4932.YFR028C	37	7	31	28	28	36	18	34	30	42	9	44	27	21	31	44	29	30	4	21	47.3424576253422
sp|P39692|MET10_YEAST	4932.YFR030W	81	2	58	77	59	55	15	73	77	102	5	52	50	29	28	94	49	82	9	38	48.9404416723179
sp|P38989|SMC2_YEAST	4932.YFR031C	52	9	61	123	34	47	16	82	130	134	25	70	23	60	52	86	78	58	3	27	6.22515171683824
sp|P05747|RL29_YEAST	4932.YFR032C-A	9	0	1	0	1	3	6	1	13	3	1	4	3	1	4	2	4	1	0	2	1553.02124491031
sp|P00127|QCR6_YEAST	4932.YFR033C	10	2	22	36	4	6	7	2	9	11	2	3	3	8	3	0	5	9	1	4	111.438117588332
sp|P07270|PHO4_YEAST	4932.YFR034C	26	1	18	20	5	12	13	11	20	22	5	19	23	10	18	40	22	21	2	4	1.00109677353039
sp|P43609|RSC8_YEAST	4932.YFR037C	25	7	37	57	20	32	14	33	51	48	9	29	21	28	21	44	26	36	5	14	152.023853073382
sp|P43610|IRC5_YEAST	4932.YFR038W	43	8	66	54	35	39	14	52	79	107	22	73	22	33	31	58	50	40	8	19	0.773908091574082
sp|P43611|YFK9_YEAST	4932.YFR039C	24	6	39	53	25	17	12	33	36	54	12	30	9	20	17	42	25	26	8	22	3.90561187038294
sp|P43612|SA155_YEAST	4932.YFR040W	28	5	97	78	45	37	20	82	60	94	21	109	30	40	38	91	51	41	6	29	42.8204297613003
sp|P43613|ERJ5_YEAST	4932.YFR041C	7	2	13	13	15	19	3	20	39	24	5	19	12	15	11	25	15	16	5	17	31.0696761688378
sp|P43614|KEG1_YEAST	4932.YFR042W	10	2	4	5	14	7	7	16	14	39	4	6	5	4	7	14	10	12	4	16	1.28915906197232
sp|P43615|IRC6_YEAST	4932.YFR043C	11	4	14	25	10	4	8	22	12	21	5	18	10	13	10	12	11	15	5	7	0.54020840329045
sp|P43616|DUG1_YEAST	4932.YFR044C	29	5	35	27	23	38	9	30	40	44	12	14	26	16	11	44	25	33	5	15	279.292753670063
sp|P43617|YFL5_YEAST	4932.YFR045W	27	3	7	9	22	17	4	22	22	27	10	18	9	18	11	19	33	20	1	10	0.864381579042549
sp|P43618|CNN1_YEAST	4932.YFR046C	12	0	30	40	9	10	5	26	20	38	7	24	21	21	22	31	24	15	1	5	4.37709686235978
sp|P43619|NADC_YEAST	4932.YFR047C	22	9	18	19	10	25	7	17	21	31	7	15	8	7	9	23	15	19	5	8	32.4860177092063
sp|P43620|RMD8_YEAST	4932.YFR048W	28	4	43	45	32	27	17	40	36	55	14	45	38	24	50	70	36	32	4	22	27.3221436096978
sp|P19955|RT31_YEAST	4932.YFR049W	10	2	1	9	6	6	5	8	10	8	4	6	11	1	6	11	5	10	1	3	82.5754887435485
sp|P30657|PSB7_YEAST	4932.YFR050C	23	0	17	11	8	19	3	18	12	21	9	20	11	10	13	18	16	21	3	13	293.398649424591
sp|P43621|COPD_YEAST	4932.YFR051C	45	1	35	42	23	24	14	39	28	41	12	26	24	25	25	64	29	31	2	16	226.455231514864
sp|P32496|RPN12_YEAST	4932.YFR052W	14	1	19	24	14	4	4	24	25	37	6	25	8	10	4	26	9	4	3	13	235.959924752708
sp|P04806|HXKA_YEAST	4932.YFR053C	32	4	36	35	17	42	9	33	39	48	13	18	25	15	18	24	29	28	4	16	436.978673169891
sp|P53199|ERG26_YEAST	4932.YGL001C	27	5	28	13	16	26	10	26	26	26	8	20	19	10	11	15	18	29	6	10	173.102355951387
sp|P53196|RPN14_YEAST	4932.YGL004C	22	6	30	28	22	31	11	31	24	32	5	32	11	11	16	32	29	29	3	12	15.7949368808349
sp|P53195|COG7_YEAST	4932.YGL005C	12	1	24	24	10	6	3	16	18	36	5	18	2	10	11	34	26	12	2	9	3.22003438099951
sp|P38929|ATC2_YEAST	4932.YGL006W	76	17	73	64	61	66	13	80	83	119	28	73	39	43	54	102	62	84	11	25	7.04944241145346
sp|P19657|PMA2_YEAST	4932.YGL008C	103	9	53	61	37	76	13	69	46	89	22	31	34	26	34	71	56	79	15	23	2991.26587703467
sp|P19657|PMA2_YEAST	4932.YPL036W	103	9	53	61	37	76	13	69	46	89	22	31	34	26	34	71	56	79	15	23	846.945465965996
sp|P07264|LEUC_YEAST	4932.YGL009C	61	11	55	55	33	63	17	55	60	58	15	29	40	26	33	47	48	48	8	17	1617.33946761585
sp|P21243|PSA1_YEAST	4932.YGL011C	28	3	14	18	10	14	4	18	18	15	6	11	10	8	11	14	18	18	1	13	396.010676768027
sp|P25340|ERG4_YEAST	4932.YGL012W	24	12	15	17	39	30	15	28	30	52	15	16	23	15	12	16	29	27	20	38	75.0586374037345
sp|P12383|PDR1_YEAST	4932.YGL013C	42	24	57	63	66	42	24	66	71	97	22	99	40	39	43	112	58	58	8	37	6.29938668134773
sp|P25339|PUF4_YEAST	4932.YGL014W	51	11	48	38	32	45	29	52	52	76	26	90	76	43	21	86	49	38	2	23	57.8455911964181
sp|P32767|KA122_YEAST	4932.YGL016W	43	20	50	66	58	37	17	88	50	134	27	81	34	69	27	88	70	70	13	39	31.7457492376376
sp|P16639|ATE1_YEAST	4932.YGL017W	25	15	25	42	22	33	12	32	38	42	17	25	25	12	21	29	21	28	7	32	2.12544622635201
sp|P53193|JAC1_YEAST	4932.YGL018C	11	1	13	12	5	4	5	6	17	25	5	7	7	19	9	9	11	6	3	9	18.4032059335051
sp|P43639|CSK2B_YEAST	4932.YGL019W	12	9	22	36	18	16	8	8	15	21	7	6	13	11	13	22	10	15	4	12	65.4962475743372
sp|P53192|GET1_YEAST	4932.YGL020C	19	0	10	14	15	8	7	14	25	25	6	12	7	9	4	17	11	17	8	7	94.6021282643126
sp|P43633|ALK1_YEAST	4932.YGL021W	24	6	47	30	27	25	21	45	70	91	15	51	27	33	38	116	42	28	9	15	2.49885746129461
sp|P39007|STT3_YEAST	4932.YGL022W	59	5	38	24	53	46	12	57	32	72	22	19	26	14	32	51	43	55	21	37	98.2358865087441
sp|P53191|PIB2_YEAST	4932.YGL023C	29	8	40	40	15	31	18	32	47	42	8	63	28	29	34	87	38	30	5	11	3.29031278180593
sp|P40356|MED3_YEAST	4932.YGL025C	38	2	15	11	8	20	8	15	18	33	20	46	28	41	11	32	32	13	0	6	10.931798796579
sp|P00931|TRP_YEAST	4932.YGL026C	64	7	40	42	32	66	19	34	44	62	11	26	31	27	28	43	46	61	5	19	809.890106953308
sp|P53008|CWH41_YEAST	4932.YGL027C	36	8	52	71	49	50	18	52	51	78	19	48	37	32	33	60	36	43	19	41	20.7943728301337
sp|P53189|SCW11_YEAST	4932.YGL028C	34	6	22	24	15	30	4	36	18	27	4	24	24	29	3	107	80	37	3	15	31.6005164476833
sp|P14120|RL30_YEAST	4932.YGL030W	8	0	2	5	2	9	0	7	12	13	2	4	2	4	3	10	7	9	0	6	914.927921022058
sp|P24000|RL24B_YEAST	4932.YGL031C	18	0	3	10	7	9	2	6	29	7	1	4	4	7	17	13	6	10	1	1	3057.16404719764
sp|P24000|RL24B_YEAST	4932.YGR148C	18	0	3	10	7	9	2	6	29	7	1	4	4	7	17	13	6	10	1	1	2855.23307381046
sp|P27705|MIG1_YEAST	4932.YGL035C	22	4	19	19	11	20	17	18	26	47	14	38	41	41	29	79	35	18	0	6	19.0348019371818
sp|P53185|YG036_YEAST	4932.YGL036W	34	8	53	39	40	29	21	80	56	104	13	95	34	42	19	106	68	32	9	27	0.630433745223472
sp|P53184|PNC1_YEAST	4932.YGL037C	9	2	21	12	5	8	12	16	18	14	5	9	10	6	7	12	15	20	5	10	331.732638570034
sp|P31755|OCH1_YEAST	4932.YGL038C	19	1	38	18	22	17	11	35	38	44	12	31	30	21	18	51	23	22	11	18	31.2075535162502
sp|P53183|YGD9_YEAST	4932.YGL039W	27	9	21	22	24	21	5	19	32	29	4	22	11	11	6	31	20	25	3	6	22.1671263320975
sp|P05373|HEM2_YEAST	4932.YGL040C	34	9	24	19	14	26	9	26	15	34	6	13	20	6	21	19	13	18	2	14	150.580190974793
sp|P0C5N3|YG41A_YEAST	4932.YGL041W-A	5	0	8	11	2	4	4	12	16	18	8	9	6	7	12	13	7	7	4	1	8.96334196315177
sp|P07273|TFS2_YEAST	4932.YGL043W	26	7	19	22	6	9	10	15	39	20	4	22	11	15	11	22	18	22	2	9	80.6001653982394
sp|P25299|RNA15_YEAST	4932.YGL044C	17	4	15	17	12	18	1	14	15	30	7	35	16	24	10	27	8	18	2	6	7.68373885456646
sp|P53179|PALF_YEAST	4932.YGL045W	18	6	27	34	18	26	6	40	46	38	11	33	34	22	29	59	37	39	3	16	0.581837316674944
sp|Q01939|PRS8_YEAST	4932.YGL048C	26	4	20	35	10	27	8	31	36	37	14	14	16	13	27	24	18	37	0	8	220.889082232667
sp|P39936|IF4F2_YEAST	4932.YGL049C	48	5	52	84	27	46	19	37	89	56	22	76	59	40	47	72	58	41	7	29	118.3388104278
sp|P53177|TYW3_YEAST	4932.YGL050W	12	5	14	24	10	18	2	20	25	25	5	13	10	9	15	24	15	16	2	9	3.8692823144703
sp|P53174|PRM8_YEAST	4932.YGL053W	13	4	13	19	15	11	4	19	16	22	4	12	10	9	7	19	12	12	4	12	6.47704786084898
sp|P53173|ERV14_YEAST	4932.YGL054C	11	2	5	6	13	7	4	10	7	27	4	9	3	2	3	4	4	8	2	7	213.739754209995
sp|P21147|ACO1_YEAST	4932.YGL055W	35	4	28	23	25	37	21	38	38	42	14	24	18	15	22	31	29	27	15	24	174.312390083312
sp|P53172|SDS23_YEAST	4932.YGL056C	20	4	19	24	12	20	18	31	30	55	9	43	38	24	21	72	40	34	3	10	82.9652532681713
sp|P53171|GEP7_YEAST	4932.YGL057C	12	0	15	12	21	10	4	19	23	35	5	23	15	15	12	26	13	17	5	5	3.14412937046906
sp|P06104|UBC2_YEAST	4932.YGL058W	12	1	28	12	7	4	3	6	9	11	8	9	15	3	8	10	8	10	3	5	87.7515975017379
sp|P53169|YBP2_YEAST	4932.YGL060W	32	12	30	52	24	18	14	53	41	82	18	45	25	19	18	50	44	33	4	27	11.0216812151624
sp|P53168|DUO1_YEAST	4932.YGL061C	13	1	12	10	4	12	6	17	21	19	5	27	13	10	15	28	16	12	2	4	27.2997194809512
sp|P53167|PUS2_YEAST	4932.YGL063W	27	11	15	20	15	26	11	20	16	40	9	16	21	18	28	21	17	20	5	14	0.280625006630618
sp|P53166|MRH4_YEAST	4932.YGL064C	26	2	26	27	23	27	10	45	62	60	12	33	36	16	27	44	37	35	5	8	1.78736392863641
sp|P43636|ALG2_YEAST	4932.YGL065C	30	6	22	37	37	22	10	43	37	53	8	25	19	19	15	32	23	33	7	25	16.4310755017646
sp|P53165|SGF73_YEAST	4932.YGL066W	34	7	41	29	12	44	18	24	50	38	12	62	31	73	31	71	37	27	1	15	13.4954196083615
sp|P53164|NPY1_YEAST	4932.YGL067W	16	13	20	23	23	20	6	29	23	33	4	27	17	10	16	35	26	22	5	16	22.7178245133189
sp|P53163|MNP1_YEAST	4932.YGL068W	19	0	9	15	5	12	1	13	23	18	5	5	10	2	5	18	18	15	1	0	228.957675856842
sp|P27999|RPB9_YEAST	4932.YGL070C	2	8	7	9	9	4	3	4	5	8	3	7	5	6	12	11	9	7	0	3	160.393925529839
sp|P22149|AFT1_YEAST	4932.YGL071W	28	8	44	39	28	23	38	34	47	48	7	63	46	38	25	79	44	35	2	14	2.43341995488677
sp|P10961|HSF_YEAST	4932.YGL073W	38	0	65	46	31	33	22	44	42	58	14	120	50	31	39	93	60	26	6	15	7.89659013551726
sp|Q12213|RL7B_YEAST	4932.YGL076C	23	0	4	16	10	15	4	22	29	20	2	14	11	12	15	11	11	13	2	10	2050.06105722227
sp|Q12213|RL7B_YEAST	4932.YPL198W	23	0	4	16	10	15	4	22	29	20	2	14	11	12	15	11	11	13	2	10	1573.57451952454
sp|P20447|DBP3_YEAST	4932.YGL078C	33	3	32	44	17	29	11	27	69	49	6	20	22	23	20	30	31	42	2	13	203.131183969837
sp|P53157|MPC1_YEAST	4932.YGL080W	10	1	4	7	9	7	2	7	15	12	3	4	6	6	3	7	11	5	2	9	33.2561252020089
sp|P53155|YGI2_YEAST	4932.YGL082W	19	3	18	27	15	24	7	19	21	34	7	39	11	29	19	27	22	22	2	16	50.6747202780321
sp|P53009|SCY1_YEAST	4932.YGL083W	26	8	40	46	46	26	13	54	69	92	15	46	50	30	21	89	56	46	6	25	12.4125168629707
sp|P53154|GUP1_YEAST	4932.YGL084C	36	6	20	18	45	21	14	55	28	71	12	27	20	9	29	44	25	34	18	28	30.8710276770252
sp|P40957|MAD1_YEAST	4932.YGL086W	22	7	52	73	22	15	7	33	81	105	14	94	10	52	27	54	33	24	6	18	6.43003064831397
sp|P53152|MMS2_YEAST	4932.YGL087C	4	3	8	11	5	9	3	6	11	13	4	8	12	2	7	9	12	4	2	4	114.112572464653
sp|P53150|LIF1_YEAST	4932.YGL090W	13	6	39	47	12	18	5	31	38	37	11	20	7	16	25	44	21	21	3	7	5.66349451821802
sp|P52920|NBP35_YEAST	4932.YGL091C	20	11	28	24	7	30	6	22	22	33	10	13	22	5	5	25	13	22	4	6	1.50573249235075
sp|P49687|NU145_YEAST	4932.YGL092W	72	14	71	84	68	84	12	68	91	134	19	101	58	53	47	154	85	56	11	35	65.2014375559158
sp|P53148|SP105_YEAST	4932.YGL093W	35	1	72	86	40	30	16	58	77	77	27	59	39	35	46	92	60	46	4	17	10.6588542377789
sp|P53010|PAN2_YEAST	4932.YGL094C	40	21	67	66	49	59	25	76	69	115	21	80	48	30	54	100	75	56	9	55	2.33679496469905
sp|P38932|VPS45_YEAST	4932.YGL095C	19	5	39	45	28	17	11	44	45	63	11	37	16	30	31	47	31	36	3	19	23.5094607026478
sp|P21827|RCC1_YEAST	4932.YGL097W	38	9	37	29	19	44	15	20	35	40	11	24	23	16	19	30	21	33	8	11	172.023920358551
sp|P53146|USE1_YEAST	4932.YGL098W	13	0	19	18	11	12	3	13	18	27	6	7	3	21	12	23	13	14	0	12	21.1973595862041
sp|P53145|LSG1_YEAST	4932.YGL099W	50	4	43	49	24	35	11	28	62	61	10	39	33	27	38	37	26	35	7	21	137.043366836183
sp|P53011|SEH1_YEAST	4932.YGL100W	25	8	30	20	9	19	11	18	22	35	5	13	12	12	15	43	14	17	12	9	15.0777561921638
sp|P53144|YGK1_YEAST	4932.YGL101W	9	6	18	19	7	7	5	18	19	20	6	9	8	9	12	10	12	9	4	8	51.198283717887
sp|P02406|RL28_YEAST	4932.YGL103W	12	0	5	5	5	18	10	9	18	9	4	3	8	4	12	5	5	10	2	5	2106.56232021162
sp|P46672|G4P1_YEAST	4932.YGL105W	33	3	29	28	14	15	11	17	47	28	6	13	21	18	11	24	17	31	3	7	1052.50640612296
sp|P53141|MLC1_YEAST	4932.YGL106W	11	0	17	11	6	11	0	9	14	16	2	6	1	6	5	9	11	10	0	4	160.432169920406
sp|P53140|RMD9_YEAST	4932.YGL107C	30	5	37	41	33	24	13	47	48	66	12	46	23	21	32	60	36	33	8	31	53.7221921445021
sp|P53137|CUE3_YEAST	4932.YGL110C	29	3	41	59	21	33	16	37	59	77	11	35	19	24	37	45	26	26	8	18	22.6135765452775
sp|P53136|NSA1_YEAST	4932.YGL111W	26	3	34	33	19	27	8	26	52	49	9	20	15	13	16	41	20	36	5	11	46.7126333381716
sp|P53040|TAF6_YEAST	4932.YGL112C	29	2	34	34	21	23	10	32	34	66	5	25	22	25	19	39	39	38	3	16	51.997362491449
sp|P53134|YGL4_YEAST	4932.YGL114W	49	11	28	29	39	54	7	70	22	78	17	29	35	27	32	67	32	61	15	23	0.928406930846192
sp|P12904|AAKG_YEAST	4932.YGL115W	10	4	26	15	11	15	4	27	19	42	7	14	10	14	17	27	19	29	1	11	122.508085606071
sp|P53133|YGL7_YEAST	4932.YGL117W	7	4	23	11	13	9	10	24	20	26	7	18	8	11	14	18	12	20	0	10	1.79756365116685
sp|P27697|COQ8_YEAST	4932.YGL119W	35	6	23	36	22	26	8	27	46	55	17	22	18	15	30	44	27	25	4	15	17.1252126041736
sp|P53131|PRP43_YEAST	4932.YGL120C	50	7	46	66	30	38	22	46	51	77	18	28	42	33	48	48	38	46	3	30	187.387250787612
sp|P53130|GPG1_YEAST	4932.YGL121C	6	0	9	14	5	2	3	3	3	19	4	4	4	4	10	8	12	8	2	6	17.7193242177486
sp|P32505|NAB2_YEAST	4932.YGL122C	41	21	17	34	20	31	12	20	31	31	11	36	50	61	27	26	24	25	1	6	253.329735566293
sp|P25443|RS2_YEAST	4932.YGL123W	21	1	6	12	7	28	3	17	20	21	2	10	16	13	18	12	19	21	3	4	2665.16168806084
sp|P53128|MTHR2_YEAST	4932.YGL125W	30	10	44	30	23	32	17	52	35	60	14	37	37	27	22	40	27	25	13	25	19.3159242201663
sp|P53012|SCS3_YEAST	4932.YGL126W	39	10	13	5	15	33	19	17	8	46	9	9	12	17	28	13	28	31	17	11	27.0472430899309
sp|P38633|MED31_YEAST	4932.YGL127C	5	3	3	10	5	5	0	8	5	16	4	12	10	10	2	8	5	5	4	7	26.2656874014404
sp|P52868|CWC23_YEAST	4932.YGL128C	7	2	24	15	9	4	15	24	14	37	1	23	18	11	14	19	19	10	3	14	3.57490858184922
sp|Q01163|RT23_YEAST	4932.YGL129C	22	1	21	18	21	19	9	25	51	51	9	29	21	18	14	42	29	30	2	18	43.0492475763719
sp|Q01159|MCE1_YEAST	4932.YGL130W	17	8	34	33	21	23	8	16	35	50	13	23	31	21	23	30	21	30	7	15	25.9229837661429
sp|P53127|SNT2_YEAST	4932.YGL131C	53	52	72	100	67	48	30	86	135	99	30	103	67	45	72	114	78	68	19	65	0.234377891718229
sp|P53125|ITC1_YEAST	4932.YGL133W	55	14	92	117	47	44	19	75	114	115	22	88	54	53	68	111	60	66	18	32	18.2432752724947
sp|P41811|COPB2_YEAST	4932.YGL137W	63	6	61	77	43	63	14	41	51	78	8	52	32	28	30	66	55	68	20	33	403.143904469787
sp|P53121|FLC3_YEAST	4932.YGL139W	59	10	40	28	57	41	12	58	35	79	24	49	27	29	33	70	47	54	15	35	13.0218046356955
sp|P53120|YGO0_YEAST	4932.YGL140C	84	19	55	70	70	65	25	89	75	123	31	68	50	35	57	102	71	71	14	45	13.8539099905747
sp|P53119|HUL5_YEAST	4932.YGL141W	42	9	60	67	57	30	17	50	73	120	17	57	31	22	44	80	43	43	9	39	2.76017498159381
sp|P53118|ROG1_YEAST	4932.YGL144C	34	2	43	45	29	35	17	52	47	66	11	43	38	26	26	41	35	54	8	33	1.07120598576067
sp|P33891|TIP20_YEAST	4932.YGL145W	28	5	41	42	32	15	12	50	55	92	11	64	17	42	20	60	37	40	6	32	22.0901835983039
sp|P51401|RL9B_YEAST	4932.YGL147C	7	1	12	9	7	12	5	18	20	9	4	13	4	7	11	8	11	27	0	6	2098.91525869691
sp|P51401|RL9B_YEAST	4932.YNL067W	7	1	12	9	7	12	5	18	20	9	4	13	4	7	11	8	11	27	0	6	4455.56121389273
sp|P28777|AROC_YEAST	4932.YGL148W	28	5	20	25	17	36	8	24	24	20	11	13	21	13	22	31	24	26	0	8	334.837962878219
sp|P53115|INO80_YEAST	4932.YGL150C	88	9	116	129	54	51	30	86	127	126	37	141	38	67	82	120	77	59	18	34	38.094043933406
sp|P53114|MED5_YEAST	4932.YGL151W	49	11	70	77	64	30	19	85	78	145	15	96	38	39	28	109	70	64	7	38	32.0875585914992
sp|P53112|PEX14_YEAST	4932.YGL153W	26	0	28	37	9	14	1	25	36	23	12	20	14	14	12	28	15	17	4	6	28.2333314919281
sp|P18898|PGTB1_YEAST	4932.YGL155W	19	17	27	19	22	23	13	19	22	42	9	17	7	12	16	35	22	15	4	16	16.7992692996111
sp|P22855|MAN1_YEAST	4932.YGL156W	47	17	70	65	59	65	27	63	84	87	19	57	47	44	48	89	59	64	26	46	3.18055664099048
sp|P53111|ARI1_YEAST	4932.YGL157W	27	8	18	26	22	23	7	21	34	27	6	20	12	9	3	24	27	24	3	6	136.220515834866
sp|P53110|YGP9_YEAST	4932.YGL159W	14	11	16	28	15	19	10	38	27	48	8	33	6	10	10	33	18	16	1	9	1.37292130889371
sp|P53108|YIP5_YEAST	4932.YGL161C	15	2	22	12	20	20	4	24	11	27	7	27	12	13	12	29	17	20	5	11	2.0540017412781
sp|P53107|YRB30_YEAST	4932.YGL164C	23	0	37	55	13	19	2	35	43	46	6	26	7	14	21	37	24	17	2	13	17.3263580340439
sp|P15315|CUP2_YEAST	4932.YGL166W	14	12	14	13	2	17	8	11	13	17	5	14	12	6	16	23	16	9	0	3	15.8808964269082
sp|P13586|ATC1_YEAST	4932.YGL167C	60	14	57	58	43	55	13	74	63	105	31	58	35	22	35	75	66	70	4	12	163.037553174875
sp|P32579|SUA5_YEAST	4932.YGL169W	33	5	24	26	14	25	9	33	28	47	5	21	29	7	21	35	27	27	2	8	15.610210345885
sp|P45818|ROK1_YEAST	4932.YGL171W	35	9	35	43	22	30	8	56	62	44	11	29	21	19	33	38	25	33	2	9	23.1263716451181
sp|Q02199|NUP49_YEAST	4932.YGL172W	37	2	18	14	25	58	5	24	22	47	7	46	17	38	6	54	40	7	0	5	61.8866806269828
sp|P22147|XRN1_YEAST	4932.YGL173C	66	6	93	113	78	82	43	95	138	146	36	89	91	63	65	107	73	72	13	59	263.903534411089
sp|P46947|CWC26_YEAST	4932.YGL174W	16	0	18	23	7	10	7	13	39	17	3	15	8	14	11	27	18	9	3	8	41.2817827073992
sp|P53104|ATG1_YEAST	4932.YGL180W	59	12	44	72	36	32	25	46	68	107	17	65	35	36	37	86	42	42	5	31	3.72738640406369
sp|P40956|GTS1_YEAST	4932.YGL181W	36	5	30	13	21	27	7	12	16	20	10	20	15	48	27	42	14	16	3	14	35.3241767528301
sp|P53101|STR3_YEAST	4932.YGL184C	19	10	31	18	18	26	12	23	32	54	10	32	21	15	20	40	28	41	3	12	7.38651956902134
sp|P53100|YGT5_YEAST	4932.YGL185C	25	11	22	27	19	26	14	25	30	43	5	14	11	11	22	23	21	15	3	12	1.96062480337836
sp|P53099|TPN1_YEAST	4932.YGL186C	40	13	15	23	39	47	10	43	28	55	16	20	17	9	21	55	33	52	18	25	16.0931783175088
sp|P04037|COX4_YEAST	4932.YGL187C	7	4	10	9	3	13	4	7	10	16	3	5	11	5	8	10	12	11	2	5	199.819240449227
sp|Q00362|2ABA_YEAST	4932.YGL190C	26	5	38	31	29	25	15	37	38	36	9	54	13	16	22	58	31	22	6	15	30.1005613981899
sp|P32799|COX13_YEAST	4932.YGL191W	13	1	8	9	8	3	7	4	12	7	4	6	10	2	6	7	5	9	5	3	18.5583961814302
sp|P33892|GCN1_YEAST	4932.YGL195W	218	26	150	208	126	123	35	219	173	344	37	131	101	87	110	208	123	187	15	51	261.34441247577
sp|P53095|DSD1_YEAST	4932.YGL196W	20	13	18	26	19	24	11	20	30	47	7	23	19	16	15	40	28	34	5	13	6.62157976874342
sp|P53094|MDS3_YEAST	4932.YGL197W	67	16	81	95	64	62	26	76	97	140	28	95	94	53	78	203	97	56	12	47	7.43391426245785
sp|P53093|YIP4_YEAST	4932.YGL198W	18	4	11	6	11	12	5	19	7	33	6	7	11	7	9	26	10	20	6	7	1.24187655358584
sp|P32803|EMP24_YEAST	4932.YGL200C	10	3	12	12	17	10	6	12	9	17	1	10	5	7	13	18	15	16	2	8	304.508988971665
sp|P53091|MCM6_YEAST	4932.YGL201C	70	12	73	81	36	61	17	63	49	74	24	51	42	39	66	102	60	66	4	27	46.8608003740297
sp|P53090|ARO8_YEAST	4932.YGL202W	33	4	32	30	25	30	10	32	37	48	6	21	39	18	16	37	28	24	8	22	767.593392247701
sp|P09620|KEX1_YEAST	4932.YGL203C	28	7	85	62	32	46	17	42	54	59	13	55	27	18	16	70	31	33	11	23	70.9880828488806
sp|P13711|ACOX_YEAST	4932.YGL205W	47	8	55	29	34	50	15	48	56	75	15	31	26	31	35	57	46	50	9	31	108.782837779316
sp|P22137|CLH_YEAST	4932.YGL206C	127	14	100	127	67	67	30	128	118	205	21	101	58	74	52	101	76	103	14	70	539.519132571453
sp|P32558|SPT16_YEAST	4932.YGL207W	50	9	80	96	55	50	9	69	87	90	12	70	44	39	51	80	47	53	11	33	216.075435643137
sp|P34164|SIP2_YEAST	4932.YGL208W	17	4	32	27	10	21	8	21	27	26	10	18	32	24	22	44	34	23	3	12	27.818252527681
sp|P51996|YPT32_YEAST	4932.YGL210W	18	3	15	15	8	15	3	14	17	15	5	17	5	5	8	21	14	13	2	9	57.0376807882898
sp|P53088|CTU1_YEAST	4932.YGL211W	30	13	19	20	12	22	6	23	29	35	8	17	9	11	22	29	16	23	1	14	14.88847768315
sp|Q02793|SKI8_YEAST	4932.YGL213C	24	9	29	25	23	26	14	19	23	39	7	18	9	7	15	48	24	22	10	6	33.1617493280231
sp|P53082|FRA2_YEAST	4932.YGL220W	5	3	4	13	6	5	4	9	11	5	3	2	2	7	8	9	7	11	2	4	105.141865886631
sp|P53081|NIF3_YEAST	4932.YGL221C	24	6	18	14	7	17	8	13	22	24	5	15	9	12	10	18	18	33	5	10	73.3014738047536
sp|P53079|COG1_YEAST	4932.YGL223C	8	5	35	20	20	2	10	27	28	63	2	36	16	28	12	34	36	21	3	11	19.5974085336397
sp|P53078|SDT1_YEAST	4932.YGL224C	16	5	20	16	12	12	10	20	19	36	6	17	11	10	11	16	15	15	1	12	9.43036589849423
sp|P40107|GMT1_YEAST	4932.YGL225W	29	6	8	5	26	19	2	28	17	41	12	20	9	8	7	37	20	26	6	11	333.56794876699
sp|Q92316|OST5_YEAST	4932.YGL226C-A	6	1	1	2	10	5	2	6	6	10	1	1	2	3	0	12	6	7	0	5	7.81085934189903
sp|P53076|VID30_YEAST	4932.YGL227W	39	7	98	72	36	55	11	52	57	88	20	88	28	31	41	98	41	51	7	38	9.26452310992172
sp|P53075|SHE10_YEAST	4932.YGL228W	30	9	36	61	30	18	12	36	57	38	10	27	7	25	27	44	47	39	6	18	41.9547566864049
sp|P53036|SAP4_YEAST	4932.YGL229C	25	9	78	62	48	28	24	66	51	94	21	55	29	32	25	67	38	31	5	30	17.8371171403961
sp|P53073|EMC4_YEAST	4932.YGL231C	13	0	4	6	7	11	2	15	13	16	10	12	11	17	4	17	12	7	5	8	35.8464866648815
sp|P53072|TAN1_YEAST	4932.YGL232W	9	7	20	28	13	14	4	15	39	22	6	19	8	13	14	16	13	19	0	10	21.8298853556101
sp|P22224|SEC15_YEAST	4932.YGL233W	35	7	62	72	57	23	10	77	63	117	24	62	33	40	30	78	52	35	7	26	12.8471239476692
sp|P07244|PUR2_YEAST	4932.YGL234W	68	6	55	38	30	76	17	53	38	69	17	33	40	33	28	48	50	79	6	18	750.350924031109
sp|P53070|MTO1_YEAST	4932.YGL236C	47	9	36	33	21	48	13	52	36	71	15	26	37	41	38	43	40	39	4	20	3.13069843466826
sp|P06774|HAP2_YEAST	4932.YGL237C	28	0	16	18	7	7	7	8	18	17	7	6	18	31	18	25	19	8	0	7	6.17843494659669
sp|P33307|CSE1_YEAST	4932.YGL238W	49	2	51	61	60	29	14	93	52	126	17	69	43	40	32	68	62	58	7	27	94.6509306755239
sp|P53068|APC10_YEAST	4932.YGL240W	14	3	22	12	13	10	11	15	12	25	8	16	15	13	11	14	8	17	4	7	3.46683202405654
sp|P53067|IMB5_YEAST	4932.YGL241W	56	17	70	82	49	20	12	80	59	130	18	59	28	47	28	87	54	75	6	27	6.12902427794735
sp|P53066|YGZ2_YEAST	4932.YGL242C	9	2	27	20	2	13	4	10	8	21	2	14	8	6	6	9	7	9	1	3	46.2194383722755
sp|P53064|RTF1_YEAST	4932.YGL244W	28	2	54	70	23	24	9	13	59	38	13	30	11	27	45	37	25	24	1	25	84.1181048214815
sp|P46655|SYEC_YEAST	4932.YGL245W	52	7	64	44	28	36	14	48	72	60	16	36	30	16	36	28	36	50	12	23	967.0467402751
sp|P53063|DOM3Z_YEAST	4932.YGL246C	19	7	24	34	22	22	8	26	32	39	2	21	11	11	22	27	20	21	4	15	33.1581656229849
sp|P22434|PDE1_YEAST	4932.YGL248W	11	7	18	33	15	24	13	28	25	43	4	16	19	12	16	26	19	23	4	13	3.63624493157411
sp|P32608|RTG2_YEAST	4932.YGL252C	40	10	28	45	18	45	13	48	37	48	9	16	22	17	39	49	29	46	6	23	71.2488942011282
sp|P04807|HXKB_YEAST	4932.YGL253W	34	4	34	32	24	41	5	40	35	35	13	19	29	22	19	25	30	25	4	16	3412.31068187189
sp|P32804|ZRT1_YEAST	4932.YGL255W	26	6	18	14	25	34	7	23	12	37	7	14	12	8	13	30	29	34	11	16	8.66629733783435
sp|P10127|ADH4_YEAST	4932.YGL256W	49	6	18	26	11	27	12	28	28	33	10	24	17	10	7	16	24	23	0	13	5.60648140541882
sp|P53059|MNT2_YEAST	4932.YGL257C	15	7	34	41	37	29	16	42	38	63	7	31	17	22	19	47	24	34	13	22	1.56606840492649
sp|P53200|AML1_YEAST	4932.YGR001C	19	5	22	24	18	7	5	13	22	21	3	10	8	9	8	22	13	7	3	9	134.92525060112
sp|P53201|SWC4_YEAST	4932.YGR002C	23	2	17	45	21	12	8	17	53	50	11	31	22	27	24	52	22	19	5	15	18.4333194075406
sp|P53202|CUL3_YEAST	4932.YGR003W	23	10	40	60	29	25	15	69	59	84	24	30	20	25	30	79	38	40	8	36	3.76007705440916
sp|P41896|T2FB_YEAST	4932.YGR005C	18	3	27	46	8	19	7	16	46	35	10	28	12	18	26	22	19	22	3	15	8.23422737344134
sp|P33411|PRP18_YEAST	4932.YGR006W	17	2	13	20	4	9	7	24	18	29	4	12	12	14	12	23	14	8	4	5	1.31066077183496
sp|P33412|ECT1_YEAST	4932.YGR007W	16	9	29	17	10	18	13	18	25	19	10	11	9	11	14	20	23	30	3	18	41.3822811402657
sp|P16965|STF2_YEAST	4932.YGR008C	1	0	6	8	3	10	3	4	11	2	1	7	5	4	4	5	4	2	2	2	190.912441901302
sp|P40357|SEC9_YEAST	4932.YGR009C	51	0	44	59	14	34	6	17	39	40	18	71	26	53	42	60	28	22	2	25	1.89096870952264
sp|P53204|NMA2_YEAST	4932.YGR010W	16	4	27	26	11	20	13	30	19	37	13	19	25	16	22	34	19	25	3	16	7.25925195270977
sp|P53206|CYSK_YEAST	4932.YGR012W	37	8	16	26	11	33	10	33	29	27	4	24	12	9	17	27	21	32	4	13	27.2029375374076
sp|P53207|SNU71_YEAST	4932.YGR013W	35	4	55	73	24	17	17	31	50	59	6	36	13	26	35	66	29	25	3	16	1.28055384636944
sp|P32334|MSB2_YEAST	4932.YGR014W	103	2	44	44	40	49	8	53	16	69	17	49	60	68	11	379	165	90	6	33	57.8782090917339
sp|P53210|YG1B_YEAST	4932.YGR017W	9	8	32	29	21	10	6	15	20	16	4	19	15	13	14	23	20	11	6	6	31.9490685564267
sp|P17649|GABAT_YEAST	4932.YGR019W	41	8	30	31	23	31	12	29	40	44	4	19	29	19	17	28	18	20	6	22	110.106546750504
sp|P39111|VATF_YEAST	4932.YGR020C	9	0	9	13	7	5	3	12	9	9	1	5	5	4	6	3	11	5	0	2	340.572779225085
sp|P53214|MTL1_YEAST	4932.YGR023W	22	3	26	17	17	14	6	38	15	34	7	29	23	8	7	188	54	19	2	22	2.16819073441569
sp|P53215|THG1_YEAST	4932.YGR024C	11	6	10	17	20	10	5	17	23	23	3	18	8	7	7	14	12	10	3	13	16.0783173605373
sp|Q3E792|RS25A_YEAST	4932.YGR027C	14	0	4	5	0	5	3	8	18	9	2	0	4	5	7	10	3	6	1	4	2863.79967465582
sp|Q3E792|RS25A_YEAST	4932.YLR333C	14	0	4	5	0	5	3	8	18	9	2	0	4	5	7	10	3	6	1	4	2452.87568395622
sp|Q12470|YN12A_YEAST	4932.YGR027W-A	22	3	23	16	13	14	14	23	25	24	12	37	38	29	15	54	40	17	3	18	20.1452189259286
sp|Q12470|YN12A_YEAST	4932.YJR028W	22	3	23	16	13	14	14	23	25	24	12	37	38	29	15	54	40	17	3	18	20.0064673699818
sp|Q12470|YN12A_YEAST	4932.YNL054W-A	22	3	23	16	13	14	14	23	25	24	12	37	38	29	15	54	40	17	3	18	23.7697266722781
sp|Q12470|YN12A_YEAST	4932.YPR137C-A	22	3	23	16	13	14	14	23	25	24	12	37	38	29	15	54	40	17	3	18	28.6909170697127
sp|P28737|MSP1_YEAST	4932.YGR028W	21	3	31	19	12	19	2	27	28	49	10	12	15	10	18	37	21	16	3	9	8.47162302492984
sp|P27882|ERV1_YEAST	4932.YGR029W	10	6	12	14	6	14	3	7	19	14	5	11	11	8	10	13	8	6	6	6	4.09780696289066
sp|P53218|POP6_YEAST	4932.YGR030C	2	2	8	8	5	7	3	18	16	16	3	15	3	9	6	16	6	8	1	6	27.5441208917285
sp|P53219|IMO32_YEAST	4932.YGR031W	23	5	17	22	12	22	12	28	24	34	9	19	16	9	21	21	13	23	3	9	33.289598464694
sp|P40989|FKS2_YEAST	4932.YGR032W	128	32	98	95	116	120	43	132	83	174	53	80	94	81	101	122	103	101	37	102	30.1477422368264
sp|P53220|TIM21_YEAST	4932.YGR033C	8	1	11	9	9	16	7	15	25	24	4	11	13	5	17	23	15	14	3	9	13.8678403792158
sp|P53221|RL26B_YEAST	4932.YGR034W	10	0	7	6	2	7	2	6	18	14	1	2	5	5	12	12	3	12	0	3	1929.87055056768
sp|P53221|RL26B_YEAST	4932.YLR344W	10	0	7	6	2	7	2	6	18	14	1	2	5	5	12	12	3	12	0	3	1964.07693881759
sp|P31787|ACBP_YEAST	4932.YGR037C	8	0	6	11	2	3	0	3	12	9	2	4	3	4	1	5	3	4	2	5	1218.53569331647
sp|Q12485|YG12A_YEAST	4932.YGR038C-A	22	3	22	15	13	16	14	23	25	23	12	37	41	29	14	53	39	18	3	18	15.9409783084862
sp|Q12485|YG12A_YEAST	4932.YMR051C	22	3	22	15	13	16	14	23	25	23	12	37	41	29	14	53	39	18	3	18	16.2734144388349
sp|Q99337|YN12B_YEAST	4932.YGR038C-B	80	14	108	83	52	65	61	125	133	144	31	120	106	76	73	181	137	71	14	75	4.80238651318329
sp|Q99337|YN12B_YEAST	4932.YJR027W	80	14	108	83	52	65	61	125	133	144	31	120	106	76	73	181	137	71	14	75	5.67840737074383
sp|Q99337|YN12B_YEAST	4932.YML039W	80	14	108	83	52	65	61	125	133	144	31	120	106	76	73	181	137	71	14	75	5.77186545578677
sp|Q99337|YN12B_YEAST	4932.YPL257W-B	80	14	108	83	52	65	61	125	133	144	31	120	106	76	73	181	137	71	14	75	7.80504924912218
sp|Q99337|YN12B_YEAST	4932.YPR137C-B	80	14	108	83	52	65	61	125	133	144	31	120	106	76	73	181	137	71	14	75	7.42280112045319
sp|P53224|ORM1_YEAST	4932.YGR038W	12	1	11	10	12	11	7	17	8	20	5	9	12	7	10	20	22	13	6	9	33.8881389490292
sp|P14681|KSS1_YEAST	4932.YGR040W	19	6	26	28	14	11	10	28	25	41	15	14	22	11	17	24	18	18	6	15	81.3963882307239
sp|P53228|TAL2_YEAST	4932.YGR043C	32	2	19	32	12	16	8	20	35	30	8	11	10	8	11	24	18	23	1	13	22.0400694998306
sp|P32338|RME1_YEAST	4932.YGR044C	17	12	13	22	10	15	13	16	19	25	4	16	17	18	14	29	16	11	3	10	1.01243106561279
sp|P33339|TFC4_YEAST	4932.YGR047C	71	9	79	102	51	29	18	56	75	110	21	52	22	41	67	74	33	53	11	51	6.73055572536068
sp|P53044|UFD1_YEAST	4932.YGR048W	17	2	23	24	23	30	2	22	34	28	11	15	23	17	11	36	14	21	1	7	37.8682234656107
sp|P32564|SCM4_YEAST	4932.YGR049W	15	7	5	7	6	15	6	10	14	24	4	7	10	5	3	16	13	12	1	7	3.06472323434045
sp|P53235|EIF2A_YEAST	4932.YGR054W	38	9	33	33	34	39	13	30	58	56	6	37	39	23	21	68	43	35	11	16	80.3890698079381
sp|P50276|MUP1_YEAST	4932.YGR055W	48	6	17	22	42	54	5	55	27	50	10	31	19	20	13	40	27	48	13	27	242.604910298074
sp|P53236|RSC1_YEAST	4932.YGR056W	38	9	60	63	41	29	19	63	65	74	19	76	74	34	48	73	58	41	8	36	7.02703785248198
sp|P53045|MSMO_YEAST	4932.YGR060W	24	5	8	16	24	14	18	13	16	33	11	11	15	11	10	18	16	14	12	20	418.162272270536
sp|P38972|PUR4_YEAST	4932.YGR061C	103	22	71	94	55	105	24	85	71	134	31	77	71	55	52	110	71	79	17	31	686.328451080183
sp|P32914|SPT4_YEAST	4932.YGR063C	6	6	4	9	3	9	2	4	5	6	5	3	6	3	4	9	5	9	2	2	100.544274632302
sp|P53243|YG2A_YEAST	4932.YGR067C	27	14	44	33	54	17	22	65	50	88	16	56	31	38	26	103	38	47	12	23	1.13305750445097
sp|P53244|ART5_YEAST	4932.YGR068C	23	6	31	31	20	35	15	42	36	64	14	31	33	24	30	68	31	30	3	19	2.54127825704365
sp|P53246|ENV11_YEAST	4932.YGR071C	22	14	49	62	50	24	29	77	57	108	8	71	21	21	28	112	50	31	5	21	4.69877750961334
sp|P48412|UPF3_YEAST	4932.YGR072W	15	4	20	32	19	16	4	17	70	25	5	42	10	12	21	30	19	16	1	9	20.5496682489974
sp|Q02260|SMD1_YEAST	4932.YGR074W	8	0	7	2	2	9	0	10	10	21	3	14	8	11	12	11	9	6	1	2	53.3815643310691
sp|P23369|RM25_YEAST	4932.YGR076C	6	0	4	11	9	5	4	5	29	17	4	7	11	4	7	12	5	7	1	9	25.3521991473289
sp|P48363|PFD3_YEAST	4932.YGR078C	10	3	17	20	7	5	2	13	17	24	4	12	7	12	9	10	12	8	2	5	168.883563132275
sp|P53250|TWF1_YEAST	4932.YGR080W	16	2	23	19	15	14	4	25	24	32	5	21	19	19	13	39	15	18	0	9	44.994519561272
sp|P53251|SLX9_YEAST	4932.YGR081C	12	0	16	13	8	9	1	13	26	19	5	21	7	12	17	15	8	7	0	1	51.2119985641711
sp|P35180|TOM20_YEAST	4932.YGR082W	24	0	8	16	6	7	1	13	13	14	5	6	10	11	9	13	9	10	0	8	157.525753652728
sp|P12754|EI2BD_YEAST	4932.YGR083C	61	4	22	44	14	29	7	44	63	66	13	37	29	31	23	71	44	36	2	11	103.271628882461
sp|P12686|RT13_YEAST	4932.YGR084C	22	1	16	21	14	14	9	27	30	40	5	16	20	15	18	18	24	12	5	12	79.9744816899283
sp|Q3E757|RL11B_YEAST	4932.YGR085C	8	1	11	10	7	15	3	10	17	11	4	7	5	6	16	10	12	15	1	5	1658.86367800734
sp|Q3E757|RL11B_YEAST	4932.YPR102C	8	1	11	10	7	15	3	10	17	11	4	7	5	6	16	10	12	15	1	5	842.122848892283
sp|P53252|PIL1_YEAST	4932.YGR086C	26	0	26	44	9	19	4	19	20	30	2	8	17	23	20	29	15	13	3	12	860.404159380212
sp|P26263|PDC6_YEAST	4932.YGR087C	45	1	28	32	24	42	12	38	39	64	5	28	26	23	12	38	40	42	7	17	397.762235331443
sp|P06115|CATT_YEAST	4932.YGR088W	26	9	34	35	34	34	16	23	38	37	6	34	36	33	23	35	32	38	7	32	22.7575368259166
sp|P53253|NNF2_YEAST	4932.YGR089W	33	10	44	57	64	28	25	54	79	100	14	77	29	35	32	120	61	47	2	25	1.83169168558365
sp|P53254|UTP22_YEAST	4932.YGR090W	59	11	66	71	79	53	29	80	108	141	15	80	57	42	39	114	78	62	8	45	96.4069539172669
sp|P22204|DBF2_YEAST	4932.YGR092W	26	6	41	33	34	30	11	24	42	56	18	27	24	23	40	47	35	26	5	24	35.7889941347756
sp|P53255|DRN1_YEAST	4932.YGR093W	25	9	28	41	26	18	11	39	43	49	7	39	23	19	18	41	25	22	4	20	3.67111386119292
sp|P07806|SYV_YEAST	4932.YGR094W	71	13	69	92	43	59	24	74	113	96	16	49	52	33	42	67	62	69	25	35	806.289614103751
sp|P53256|RRP46_YEAST	4932.YGR095C	16	8	13	18	6	10	3	22	10	28	2	8	9	12	10	16	12	19	0	1	43.6836122526787
sp|P48361|ASK10_YEAST	4932.YGR097W	72	7	53	45	41	58	32	61	90	80	25	87	67	67	37	140	89	47	5	43	6.82065221808732
sp|P53038|TEL2_YEAST	4932.YGR099W	30	7	42	49	40	29	14	52	50	92	11	31	23	26	35	63	31	40	6	17	0.608874067848219
sp|P53258|GYP2_YEAST	4932.YGR100W	60	10	63	79	58	40	16	62	64	94	24	44	30	36	50	73	52	50	9	36	2.85835840056286
sp|P53261|PESC_YEAST	4932.YGR103W	37	4	43	70	22	20	6	37	75	52	10	30	25	26	26	42	22	32	4	22	164.382837238036
sp|P32585|MED18_YEAST	4932.YGR104C	11	2	19	16	10	16	4	26	14	30	10	29	14	13	10	34	19	17	3	10	8.02971614497906
sp|P53262|VOA1_YEAST	4932.YGR106C	13	4	30	19	19	8	3	21	13	32	4	14	5	4	1	37	14	13	4	7	232.851838270361
sp|P24868|CG21_YEAST	4932.YGR108W	17	8	31	40	22	17	10	39	40	48	13	34	11	19	21	39	19	20	5	18	1.99286794604053
sp|Q99219|YI31A_YEAST	4932.YGR109W-A	16	6	16	20	15	11	8	19	16	21	11	23	15	12	25	16	19	6	3	12	24.1034417843677
sp|Q99219|YI31A_YEAST	4932.YIL082W	16	6	16	20	15	11	8	19	16	21	11	23	15	12	25	16	19	6	3	12	22.5401309266313
sp|Q99315|YG31B_YEAST	4932.YGR109W-B	86	20	90	90	64	53	45	110	109	142	29	89	94	67	96	91	116	78	11	67	4.77402381593278
sp|Q99315|YG31B_YEAST	4932.YIL082W-A	86	20	90	90	64	53	45	110	109	142	29	89	94	67	96	91	116	78	11	67	5.23502612240629
sp|P53265|YG2W_YEAST	4932.YGR111W	15	6	24	34	22	24	13	26	36	41	6	22	13	16	14	27	16	17	9	19	15.2322412466412
sp|P53266|SHY1_YEAST	4932.YGR112W	18	4	18	22	16	21	9	25	36	33	10	15	23	16	27	29	26	18	11	12	8.13794632152991
sp|P53267|DAM1_YEAST	4932.YGR113W	16	1	19	25	9	18	6	19	26	31	8	32	13	13	24	44	19	13	1	6	3.98693843513612
sp|P23615|SPT6_YEAST	4932.YGR116W	77	7	123	154	58	56	33	103	116	123	20	99	45	59	74	99	63	70	11	61	129.737770095903
sp|P53270|YG32_YEAST	4932.YGR117C	28	5	30	20	19	22	10	42	33	48	13	39	13	8	16	48	29	27	3	23	17.8025534871724
sp|P48837|NUP57_YEAST	4932.YGR119C	32	1	10	23	23	70	3	22	34	44	7	49	21	60	12	47	58	14	5	6	83.2482204319937
sp|P53271|COG2_YEAST	4932.YGR120C	6	4	23	26	8	6	6	20	16	43	4	14	5	14	9	24	17	7	0	10	23.2932168122542
sp|P40260|MEP1_YEAST	4932.YGR121C	45	8	20	23	25	50	8	34	15	47	15	21	14	10	18	39	26	33	16	25	14.7706545391608
sp|P53043|PPT1_YEAST	4932.YGR123C	42	9	35	30	37	34	14	25	42	49	13	37	22	17	24	29	16	20	2	16	96.9790620963124
sp|P49090|ASNS2_YEAST	4932.YGR124W	53	9	49	36	25	34	20	38	38	45	14	15	29	16	28	36	27	27	11	22	1038.55554597149
sp|P53273|YG35_YEAST	4932.YGR125W	57	12	48	53	61	63	18	97	52	118	24	60	38	31	48	85	54	64	11	42	17.4736375449636
sp|P53275|YG37_YEAST	4932.YGR127W	12	4	27	17	16	14	5	20	26	29	5	16	13	7	16	33	17	18	4	13	1.64822341047965
sp|P53276|UTP8_YEAST	4932.YGR128C	24	11	51	41	39	32	10	58	53	90	6	51	27	30	16	69	49	32	3	21	162.797587933179
sp|P53278|YG3A_YEAST	4932.YGR130C	53	1	50	110	10	16	14	35	89	55	6	56	28	63	27	77	70	35	4	17	149.043680014994
sp|P40961|PHB1_YEAST	4932.YGR132C	24	0	12	21	8	21	4	26	19	28	4	11	9	18	15	25	13	22	1	6	87.3905259181843
sp|P29340|UBCX_YEAST	4932.YGR133W	7	6	11	13	4	6	5	20	8	15	5	13	14	3	10	14	7	10	5	7	10.7351606430219
sp|P53280|CF130_YEAST	4932.YGR134W	57	15	81	84	60	42	24	76	66	140	31	78	39	31	49	95	58	45	12	39	0.95912566012432
sp|P23638|PSA3_YEAST	4932.YGR135W	24	0	22	17	5	18	3	20	19	22	5	8	5	10	12	17	22	12	1	16	265.481911215497
sp|P53281|LSB1_YEAST	4932.YGR136W	26	0	9	13	10	13	0	12	13	12	2	13	28	23	6	32	5	10	2	12	85.8850618588225
sp|P53283|TPO2_YEAST	4932.YGR138C	57	13	15	33	33	45	6	38	26	60	21	22	33	18	21	51	35	47	13	27	39.19695581592
sp|P32504|CBF3A_YEAST	4932.YGR140W	30	11	66	77	57	29	25	59	84	97	16	61	46	48	40	79	55	28	10	38	4.43406213534248
sp|P33336|SKN1_YEAST	4932.YGR143W	46	6	54	39	36	52	17	35	22	53	15	67	43	27	30	93	48	29	14	45	2.900278440734
sp|P48234|NOL10_YEAST	4932.YGR145W	31	5	56	68	29	40	12	37	63	46	12	46	19	22	55	57	38	39	6	26	24.6852580977822
sp|P37293|NAT2_YEAST	4932.YGR147C	16	4	13	15	13	18	6	19	32	28	9	10	12	12	19	21	13	18	3	7	35.0221950923256
sp|P48236|YG3L_YEAST	4932.YGR149W	16	7	24	18	40	11	18	31	28	48	8	20	15	12	20	38	20	20	9	29	2.90765131819202
sp|P48237|CCM1_YEAST	4932.YGR150C	41	9	54	61	51	20	21	54	81	90	33	63	24	27	44	63	49	39	11	29	1.72349104398492
sp|P13856|RSR1_YEAST	4932.YGR152C	13	2	15	18	7	15	2	16	25	21	6	12	8	17	15	31	15	25	1	8	36.0498512114554
sp|P32582|CBS_YEAST	4932.YGR155W	33	1	39	30	17	35	7	39	51	51	6	31	20	12	15	38	28	34	4	16	1369.2141994677
sp|P39927|PTI1_YEAST	4932.YGR156W	19	1	17	20	14	16	4	33	21	40	12	41	46	34	13	39	25	23	2	5	28.1745868188832
sp|P05374|CHO2_YEAST	4932.YGR157W	27	8	38	42	60	46	18	69	53	94	17	57	23	27	33	67	58	60	22	50	100.410133617686
sp|P48240|MTR3_YEAST	4932.YGR158C	13	5	17	17	8	18	4	16	13	25	8	16	8	10	10	25	17	12	1	7	54.616354503031
sp|P27476|NSR1_YEAST	4932.YGR159C	24	1	27	57	16	42	3	11	38	10	4	17	13	7	24	85	15	12	2	6	825.267441045018
sp|Q92393|YO12B_YEAST	4932.YGR161C-D	80	14	101	85	52	69	61	130	129	141	32	128	115	74	71	178	132	73	14	76	9.10204775744385
sp|Q92393|YO12B_YEAST	4932.YJR029W	80	14	101	85	52	69	61	130	129	141	32	128	115	74	71	178	132	73	14	76	5.43182551281853
sp|Q92393|YO12B_YEAST	4932.YML045W	80	14	101	85	52	69	61	130	129	141	32	128	115	74	71	178	132	73	14	76	4.08501392772287
sp|Q92393|YO12B_YEAST	4932.YMR050C	80	14	101	85	52	69	61	130	129	141	32	128	115	74	71	178	132	73	14	76	4.65742823363221
sp|Q92393|YO12B_YEAST	4932.YOR142W-B	80	14	101	85	52	69	61	130	129	141	32	128	115	74	71	178	132	73	14	76	4.47825738081036
sp|P39935|IF4F1_YEAST	4932.YGR162W	59	4	50	109	25	54	14	36	88	55	17	59	56	42	57	85	74	38	7	23	444.623224327943
sp|P53290|GTR2_YEAST	4932.YGR163W	19	4	27	23	14	12	5	31	17	37	11	21	10	14	12	31	11	27	1	14	22.5757031381012
sp|P53292|RT35_YEAST	4932.YGR165W	11	1	11	21	16	22	9	13	30	29	6	20	23	17	24	28	21	25	2	16	37.4888980876264
sp|P32893|TRS65_YEAST	4932.YGR166W	21	7	19	29	26	21	10	38	36	61	8	64	23	24	21	66	31	30	5	20	1.18454637319284
sp|P17891|CLC1_YEAST	4932.YGR167W	19	0	36	28	12	11	2	12	23	15	1	12	6	13	10	14	9	6	2	2	172.42928496256
sp|P53294|PUS6_YEAST	4932.YGR169C	17	7	25	27	17	17	14	31	32	37	5	14	23	15	25	21	29	27	6	15	2.51806156461119
sp|Q3E772|YG169_YEAST	4932.YGR169C-A	15	0	2	15	1	7	1	0	18	6	3	1	0	8	9	4	1	0	1	0	95.9099153723966
sp|P53037|PSD2_YEAST	4932.YGR170W	52	15	68	79	60	47	28	82	87	87	21	78	50	29	63	119	68	56	13	36	0.421155123880332
sp|P22438|SYMM_YEAST	4932.YGR171C	19	8	31	35	29	28	15	44	48	54	9	34	28	26	28	48	23	32	11	25	2.07021082400821
sp|P53039|YIP1_YEAST	4932.YGR172C	12	2	6	4	22	23	6	17	5	37	6	21	13	9	2	22	15	15	2	9	7.15673757462464
sp|P53295|RBG2_YEAST	4932.YGR173W	24	5	24	24	8	30	10	24	33	33	6	14	10	14	20	20	20	33	2	14	242.11162199033
sp|P37267|CBP4_YEAST	4932.YGR174C	6	0	6	16	4	6	1	8	13	14	2	3	6	14	12	11	7	8	7	3	7.24904798673858
sp|P32476|ERG1_YEAST	4932.YGR175C	31	7	34	27	26	40	11	37	31	46	15	23	28	12	24	23	18	46	2	15	574.827617655951
sp|P53296|ATF2_YEAST	4932.YGR177C	22	8	36	35	34	29	16	35	33	54	9	30	21	19	23	41	26	27	4	33	10.3618797730347
sp|P53297|PBP1_YEAST	4932.YGR178C	44	1	40	50	29	66	21	30	54	34	30	51	47	23	30	83	43	27	4	15	73.8462054276398
sp|P53298|OKP1_YEAST	4932.YGR179C	13	1	23	49	10	15	13	23	41	41	12	28	12	17	24	37	19	14	2	12	5.80672243872324
sp|P49723|RIR4_YEAST	4932.YGR180C	30	2	22	33	27	12	6	24	33	24	14	20	11	10	9	21	14	13	4	16	1681.31418269524
sp|P53299|TIM13_YEAST	4932.YGR181W	15	4	2	7	2	5	0	9	8	6	2	8	4	6	3	10	7	3	1	3	46.1272975774125
sp|P22289|QCR9_YEAST	4932.YGR183C	7	0	7	2	8	5	1	3	6	2	1	3	0	1	2	4	5	5	2	2	65.2568285227096
sp|P19812|UBR1_YEAST	4932.YGR184C	84	43	137	143	111	74	51	139	123	195	37	115	77	78	92	151	106	104	17	73	3.16193592917405
sp|P36421|SYYC_YEAST	4932.YGR185C	31	4	18	30	20	23	5	21	42	41	9	21	26	17	10	19	17	26	1	13	612.763110879219
sp|P41895|T2FA_YEAST	4932.YGR186W	46	2	55	76	18	48	7	29	75	45	18	53	40	20	44	55	44	41	4	15	35.0910127817018
sp|P48362|HGH1_YEAST	4932.YGR187C	22	7	33	45	16	16	6	31	30	46	11	19	16	7	17	23	11	26	1	11	142.56005594621
sp|P41695|BUB1_YEAST	4932.YGR188C	36	7	54	85	44	44	20	62	80	97	22	73	50	50	51	82	66	48	10	40	1.59343674300976
sp|P53301|CRH1_YEAST	4932.YGR189C	38	2	31	19	15	32	3	19	23	30	8	15	13	15	6	123	60	30	7	18	43.5141438388522
sp|P06775|HIP1_YEAST	4932.YGR191W	51	9	23	27	38	45	8	43	26	66	14	27	23	9	24	58	40	44	13	15	164.708153365223
sp|P00359|G3P3_YEAST	4932.YGR192C	32	2	24	15	10	26	8	19	26	21	7	13	12	5	11	26	24	37	3	11	22362.8739532117
sp|P00359|G3P3_YEAST	4932.YJR009C	32	2	24	15	10	26	8	19	26	21	7	13	12	5	11	26	24	37	3	11	7517.24135474303
sp|P16451|ODPX_YEAST	4932.YGR193C	36	2	29	30	16	15	4	24	45	40	8	20	23	16	8	35	23	24	1	11	36.3749804809178
sp|P42826|XKS1_YEAST	4932.YGR194C	33	15	34	43	24	26	16	33	46	61	14	36	25	22	26	50	31	36	7	22	13.2888489990107
sp|P46948|RRP41_YEAST	4932.YGR195W	12	0	13	19	5	16	6	20	15	29	9	14	7	5	18	24	12	16	1	5	49.1857628496499
sp|P46949|FYV8_YEAST	4932.YGR196C	38	1	88	86	13	40	16	29	67	47	13	70	29	28	26	116	48	34	5	23	2.55448958805195
sp|P46951|YPP1_YEAST	4932.YGR198W	42	11	41	69	45	19	14	50	62	103	18	64	25	34	24	63	38	39	8	48	4.17380734399085
sp|P42934|PMT6_YEAST	4932.YGR199W	32	13	37	34	49	46	26	53	37	78	21	35	30	25	26	57	48	44	25	43	1.05305922772181
sp|P42935|ELP2_YEAST	4932.YGR200C	47	15	55	59	35	49	22	60	51	74	13	26	26	24	36	64	49	41	24	18	74.008033616463
sp|P13259|PCY1_YEAST	4932.YGR202C	16	4	35	34	19	13	7	17	47	37	4	38	19	17	28	27	34	14	3	11	42.0230411587945
sp|P42937|YCH1_YEAST	4932.YGR203W	7	2	11	8	3	12	6	3	5	19	5	2	5	7	14	11	7	8	5	8	35.2321655673919
sp|P07245|C1TC_YEAST	4932.YGR204W	91	7	52	55	32	79	22	72	59	77	19	43	54	35	41	45	64	76	2	21	891.980561928005
sp|P42938|TDA10_YEAST	4932.YGR205W	4	4	21	18	18	23	6	20	22	31	6	20	11	13	8	17	17	14	4	13	43.704210107366
sp|P42940|ETFB_YEAST	4932.YGR207C	19	3	16	21	5	13	1	26	31	25	6	14	13	9	9	14	12	22	1	1	148.929881425671
sp|P42941|SERB_YEAST	4932.YGR208W	22	8	24	22	11	20	4	23	30	31	6	16	7	14	6	14	18	24	1	8	184.219605878066
sp|P22803|TRX2_YEAST	4932.YGR209C	15	2	7	6	5	5	0	5	9	5	4	2	4	4	1	9	4	12	1	4	884.474656094432
sp|P42942|YG4I_YEAST	4932.YGR210C	25	5	29	22	16	39	7	26	34	39	6	15	21	10	20	20	28	34	6	9	55.0608368069907
sp|P53303|ZPR1_YEAST	4932.YGR211W	26	15	34	51	17	25	8	37	33	32	12	21	22	29	22	30	30	27	3	12	318.55911108196
sp|P46654|RSSA2_YEAST	4932.YGR214W	32	1	12	27	8	12	5	15	7	20	2	12	16	8	15	10	15	23	5	7	928.262268968528
sp|P46654|RSSA2_YEAST	4932.YLR048W	32	1	12	27	8	12	5	15	7	20	2	12	16	8	15	10	15	23	5	7	2397.31999077873
sp|P53305|RT27_YEAST	4932.YGR215W	10	0	5	6	4	8	1	5	20	10	3	5	6	2	7	6	3	5	0	4	38.783184601254
sp|P30822|XPO1_YEAST	4932.YGR218W	64	12	59	80	53	34	20	80	72	129	30	56	35	63	38	72	61	81	12	33	121.775237840189
sp|P10834|PET54_YEAST	4932.YGR222W	10	0	16	21	16	8	6	15	29	36	5	19	8	13	15	29	13	13	3	18	1.43238747726965
sp|P50079|HSV2_YEAST	4932.YGR223C	17	8	24	23	19	20	12	35	31	37	5	33	19	23	28	44	27	25	8	10	5.04518785297421
sp|P32566|SMI1_YEAST	4932.YGR229C	29	1	41	53	19	25	13	21	36	30	10	39	23	29	14	42	29	32	8	11	167.163794876405
sp|P50085|PHB2_YEAST	4932.YGR231C	29	1	17	14	13	22	3	21	17	29	4	15	11	19	27	18	14	28	1	7	41.6515811880558
sp|P50086|PSD10_YEAST	4932.YGR232W	16	4	14	14	11	14	9	8	19	30	3	14	9	11	4	15	5	18	5	5	33.8608750203683
sp|P17442|PHO81_YEAST	4932.YGR233C	55	13	88	67	59	41	30	98	87	147	14	107	51	42	38	94	56	50	7	34	17.9495822861431
sp|P39676|FHP_YEAST	4932.YGR234W	39	4	18	33	13	19	15	30	31	36	10	17	21	16	10	17	24	28	4	14	1097.77841095818
sp|P50087|MOS2_YEAST	4932.YGR235C	16	2	12	17	9	10	3	14	19	17	7	13	9	6	17	14	18	16	5	9	43.7628440096045
sp|P50089|YG51_YEAST	4932.YGR237C	34	3	55	53	31	25	28	44	72	48	19	39	41	18	49	103	59	39	4	21	1.80195806334853
sp|P50090|KEL2_YEAST	4932.YGR238C	33	9	59	57	24	46	22	49	81	94	16	63	44	37	39	81	54	37	8	29	1.2539580206489
sp|P16861|K6PF1_YEAST	4932.YGR240C	86	12	59	67	40	82	23	62	63	86	14	45	28	28	49	76	63	71	12	21	1854.79668887638
sp|P53309|AP18B_YEAST	4932.YGR241C	29	1	23	30	16	26	14	31	29	60	16	39	32	69	19	42	46	23	2	21	40.5087909273266
sp|P53312|SUCB_YEAST	4932.YGR244C	41	5	25	31	16	33	8	30	38	34	11	19	16	18	18	26	19	27	1	11	121.794505361583
sp|P53313|SDA1_YEAST	4932.YGR245C	55	8	59	67	24	47	15	39	76	73	23	36	19	33	46	53	34	41	6	13	18.9281923250644
sp|P29056|TF3B_YEAST	4932.YGR246C	54	9	36	58	22	29	15	26	55	53	9	33	14	21	35	44	32	37	3	11	8.13039839588791
sp|P53315|SOL4_YEAST	4932.YGR248W	18	6	13	20	15	17	5	15	18	26	6	15	12	8	7	15	10	20	4	5	38.9983764864992
sp|P53050|MGA1_YEAST	4932.YGR249W	18	1	14	14	15	16	13	24	29	37	15	32	41	38	11	65	32	23	4	14	0.189602925145551
sp|P53316|YG5B_YEAST	4932.YGR250C	28	5	50	54	36	40	20	49	49	46	17	75	40	42	26	82	34	36	7	45	37.3917272747603
sp|P53317|NOP19_YEAST	4932.YGR251W	13	0	16	16	7	11	4	7	35	17	5	8	3	9	10	18	10	4	1	2	13.7094137442432
sp|Q03330|GCN5_YEAST	4932.YGR252W	22	3	24	44	19	24	9	31	42	31	15	27	20	16	22	15	24	26	3	22	17.1639940545637
sp|P32379|PSA5_YEAST	4932.YGR253C	26	3	14	33	8	19	6	15	15	28	6	7	5	7	11	22	13	13	1	8	492.992793922633
sp|P00925|ENO2_YEAST	4932.YGR254W	58	1	30	28	15	35	10	20	35	38	10	21	13	9	14	30	20	35	5	10	7489.27681602946
sp|P00925|ENO2_YEAST	4932.YHR174W	58	1	30	28	15	35	10	20	35	38	10	21	13	9	14	30	20	35	5	10	24556.3976663688
sp|P53318|COQ6_YEAST	4932.YGR255C	32	3	36	19	17	28	9	29	27	57	15	25	28	8	26	36	32	28	5	19	38.9666254723819
sp|P53319|6PGD2_YEAST	4932.YGR256W	51	6	32	25	21	46	11	40	32	43	11	18	20	13	24	28	23	25	8	15	100.129868533327
sp|P07276|RAD2_YEAST	4932.YGR258C	49	4	83	100	48	51	10	57	97	83	25	66	41	45	51	86	51	51	10	23	2.04118660103006
sp|P53322|TNA1_YEAST	4932.YGR260W	33	13	25	26	39	38	7	43	31	51	18	22	20	12	18	40	30	35	8	25	58.8514213289723
sp|P46682|AP3B_YEAST	4932.YGR261C	48	12	54	52	29	23	15	59	55	89	17	44	29	28	35	94	40	46	6	34	45.9720428077186
sp|P53323|BUD32_YEAST	4932.YGR262C	14	3	16	15	9	19	11	15	18	30	4	8	13	9	17	14	14	15	5	12	25.391055288278
sp|P53324|SAY1_YEAST	4932.YGR263C	22	9	23	19	28	20	12	29	27	35	15	28	20	18	15	31	21	29	5	18	0.609146126924354
sp|P00958|SYMC_YEAST	4932.YGR264C	47	10	45	51	32	37	22	41	62	75	10	54	34	27	24	54	32	46	13	35	597.261647051115
sp|P53326|YG5L_YEAST	4932.YGR266W	27	12	43	50	29	42	27	56	55	62	16	36	29	21	30	47	35	35	15	34	32.1240255611055
sp|P51601|GCH1_YEAST	4932.YGR267C	13	3	9	24	7	15	8	19	13	22	10	7	10	10	19	13	16	17	1	7	86.4847371503351
sp|P40325|HUA1_YEAST	4932.YGR268C	8	8	7	7	3	13	6	4	6	11	3	9	27	14	18	18	14	7	3	12	12.1100900944224
sp|P40340|TBP7_YEAST	4932.YGR270W	80	8	112	135	58	53	21	84	106	119	20	97	76	55	86	101	67	66	8	27	5.42369541675223
sp|Q3E705|EFG1P_YEAST	4932.YGR271C-A	12	1	19	21	7	8	2	13	35	29	5	12	7	10	16	12	10	9	0	5	48.9819129046299
sp|P53327|SLH1_YEAST	4932.YGR271W	103	21	128	123	100	94	52	151	134	200	60	83	75	96	93	136	113	125	20	60	3.8812683162725
sp|P46677|TAF1_YEAST	4932.YGR274C	51	4	76	71	39	69	28	73	102	88	27	79	42	57	43	83	56	40	9	29	9.2293448184955
sp|P53330|RT102_YEAST	4932.YGR275W	8	1	13	11	2	9	1	5	15	11	4	13	7	10	7	15	9	7	3	6	84.0897198678861
sp|P53331|REXO1_YEAST	4932.YGR276C	18	6	40	39	21	29	15	40	56	58	13	35	20	18	21	35	37	37	4	11	4.17213684144059
sp|P53332|COAD_YEAST	4932.YGR277C	8	8	12	25	10	19	11	25	17	33	5	12	16	13	13	23	20	25	3	7	9.51683926511078
sp|P53333|CWC22_YEAST	4932.YGR278W	19	7	30	53	26	20	13	48	40	74	13	31	14	29	39	48	34	20	5	14	6.6528954028561
sp|P53334|SCW4_YEAST	4932.YGR279C	55	5	20	17	9	24	3	16	18	17	2	22	11	17	6	57	30	36	6	15	187.631091757688
sp|P53335|PXR1_YEAST	4932.YGR280C	13	1	27	19	8	17	9	11	57	18	5	13	5	6	16	20	13	7	5	1	94.5017198578802
sp|P53049|YOR1_YEAST	4932.YGR281W	99	17	82	95	85	88	19	117	107	153	51	71	53	42	72	99	85	86	16	40	30.3695499268657
sp|P15703|BGL2_YEAST	4932.YGR282C	31	4	24	15	18	21	2	11	16	18	5	16	6	13	4	36	27	25	9	12	258.039335381418
sp|P53336|YG5X_YEAST	4932.YGR283C	20	6	15	19	12	13	10	22	38	35	5	18	15	14	10	31	22	20	3	13	5.50348708940618
sp|P53337|ERV29_YEAST	4932.YGR284C	15	3	7	7	28	25	2	25	20	34	7	17	7	11	9	29	19	22	5	18	143.960700671039
sp|P32527|ZUO1_YEAST	4932.YGR285C	56	1	38	42	22	13	7	14	56	25	3	14	15	10	26	30	22	24	6	9	1178.51805365484
sp|P32451|BIOB_YEAST	4932.YGR286C	34	10	20	24	7	22	10	20	33	32	18	12	11	15	18	26	33	14	5	11	3.06615326235582
sp|P38754|RL14B_YEAST	4932.YHL001W	21	1	4	5	3	8	0	8	17	11	2	2	4	7	11	7	7	15	4	1	1788.18544339877
sp|P38754|RL14B_YEAST	4932.YKL006W	21	1	4	5	3	8	0	8	17	11	2	2	4	7	11	7	7	15	4	1	2477.55484436789
sp|P38753|HSE1_YEAST	4932.YHL002W	30	2	26	32	6	16	10	19	32	43	12	28	31	36	20	37	21	29	3	19	22.0097845925916
sp|P38703|LAG1_YEAST	4932.YHL003C	21	5	19	18	36	15	9	25	25	46	13	15	12	12	20	32	21	32	11	24	104.101345742175
sp|P32902|RT04_YEAST	4932.YHL004W	24	0	18	27	10	20	6	21	25	49	4	25	22	20	23	40	26	17	3	14	59.3933525510604
sp|Q03497|STE20_YEAST	4932.YHL007C	54	7	55	57	17	45	21	49	80	62	23	72	67	30	30	120	78	49	5	18	57.0983320703271
sp|P38749|YAP3_YEAST	4932.YHL009C	17	7	25	29	13	9	5	13	25	30	8	32	15	17	16	30	17	9	1	12	13.4769845768004
sp|P38689|KPR3_YEAST	4932.YHL011C	31	5	23	15	8	15	6	32	20	30	8	16	12	6	21	23	17	26	0	6	185.25194969289
sp|P38747|OTU2_YEAST	4932.YHL013C	15	6	25	34	6	10	9	16	37	30	12	14	9	25	14	15	9	10	3	8	35.5723565576795
sp|P38746|YLF2_YEAST	4932.YHL014C	21	4	22	30	21	27	10	36	36	43	8	28	14	16	16	25	16	22	3	7	1.53690717132536
sp|P38701|RS20_YEAST	4932.YHL015W	3	0	3	12	1	4	2	12	14	6	2	6	5	11	6	7	10	14	1	2	1633.26958739081
sp|P38745|YHB7_YEAST	4932.YHL017W	29	13	38	27	36	19	9	35	20	64	13	26	13	21	15	42	35	37	8	32	26.8148651767514
sp|P38744|PHS_YEAST	4932.YHL018W	5	1	9	6	2	5	8	8	10	12	4	2	4	2	7	8	13	6	5	3	25.5063299237109
sp|P21957|OPI1_YEAST	4932.YHL020C	19	4	34	35	9	13	8	12	35	36	7	22	11	47	16	40	16	30	2	8	17.0812912139634
sp|P23180|AIM17_YEAST	4932.YHL021C	25	7	27	25	31	20	13	28	29	44	3	36	24	19	23	39	31	19	3	19	99.7068643157899
sp|P18888|SNF6_YEAST	4932.YHL025W	26	1	24	23	13	18	9	12	18	24	8	16	13	31	19	26	17	20	1	13	10.148724445831
sp|P33400|PACC_YEAST	4932.YHL027W	32	18	34	30	10	35	19	28	38	55	12	36	45	31	24	91	37	27	4	19	9.99483560797162
sp|P38738|OCA5_YEAST	4932.YHL029C	30	6	40	33	35	19	21	43	44	73	14	58	40	19	17	87	37	18	16	29	35.309779468465
sp|P38737|ECM29_YEAST	4932.YHL030W	107	23	96	115	93	67	23	158	127	222	37	108	65	85	72	188	110	109	17	46	25.9041570980654
sp|P38736|GOSR1_YEAST	4932.YHL031C	12	2	11	10	9	6	4	20	13	21	2	16	5	21	14	24	19	9	3	2	6.35280497765165
sp|P32190|GLPK_YEAST	4932.YHL032C	48	12	39	42	31	46	13	39	48	65	17	26	34	30	37	59	39	46	17	21	1.06371964607603
sp|P29453|RL8B_YEAST	4932.YHL033C	35	1	10	13	7	13	3	12	37	21	3	12	15	9	11	12	14	18	2	8	4672.2990902741
sp|P29453|RL8B_YEAST	4932.YLL045C	35	1	10	13	7	13	3	12	37	21	3	12	15	9	11	12	14	18	2	8	2793.07468682853
sp|P10080|SSBP1_YEAST	4932.YHL034C	17	1	21	33	20	33	7	19	20	8	6	14	11	10	25	12	17	17	0	3	765.640873531039
sp|P38735|VMR1_YEAST	4932.YHL035C	75	23	80	79	89	81	23	170	94	197	28	98	42	48	81	136	95	84	25	44	2.87855801476982
sp|P03874|CBP2_YEAST	4932.YHL038C	27	8	32	43	40	20	12	47	56	63	16	38	23	34	33	46	34	27	9	22	8.923173204377
sp|P38732|EFM1_YEAST	4932.YHL039W	25	7	34	34	40	19	7	37	47	74	8	40	23	27	18	49	32	34	10	20	34.1062726374341
sp|Q08994|YP203_YEAST	4932.YHL049C	4	4	7	4	5	4	3	6	9	11	4	3	6	3	7	8	4	6	0	4	0.383359593452684
sp|Q08994|YP203_YEAST	4932.YPR203W	4	4	7	4	5	4	3	6	9	11	4	3	6	3	7	8	4	6	0	4	0.242220445589933
sp|P38721|YHF0_YEAST	4932.YHL050C	49	12	35	51	31	37	11	28	38	69	15	37	21	25	43	51	59	47	10	28	0.187950752444267
sp|P38755|OSH7_YEAST	4932.YHR001W	27	1	26	34	18	27	14	34	40	36	9	19	24	19	18	29	20	19	5	18	22.9873190770573
sp|P37299|QCR10_YEAST	4932.YHR001W-A	4	0	3	3	4	7	3	1	5	13	3	2	7	1	2	6	7	1	2	3	50.9906587066078
sp|P38756|YHG3_YEAST	4932.YHR003C	26	9	22	40	13	20	9	36	35	40	12	19	13	9	24	35	22	26	7	12	67.9325438833839
sp|P38757|NEM1_YEAST	4932.YHR004C	16	4	29	24	16	14	11	30	41	47	6	31	18	11	20	60	20	28	5	15	2.37364963744516
sp|P08539|GPA1_YEAST	4932.YHR005C	29	8	38	30	24	26	5	38	43	43	9	28	7	29	26	28	24	20	4	13	111.871899476489
sp|P87108|TIM10_YEAST	4932.YHR005C-A	6	4	3	7	6	8	0	2	8	7	4	9	1	8	1	8	3	5	0	3	119.028480162821
sp|P38704|STP2_YEAST	4932.YHR006W	22	11	30	43	16	21	12	33	44	43	8	28	38	29	21	66	36	20	3	17	3.60028178312557
sp|P10614|CP51_YEAST	4932.YHR007C	30	4	25	31	27	34	18	33	37	52	18	18	30	17	25	32	28	35	7	29	290.39467708626
sp|P00447|SODM_YEAST	4932.YHR008C	24	1	11	11	11	20	6	11	19	23	2	15	9	13	5	10	16	12	6	8	334.695077028587
sp|P38758|TDA3_YEAST	4932.YHR009C	28	9	31	37	13	34	19	33	31	50	8	28	31	10	19	61	26	32	6	17	33.8120957332173
sp|P38705|SYSM_YEAST	4932.YHR011W	32	8	21	33	14	22	4	35	42	42	10	27	19	22	21	31	22	22	4	15	1.59768050913375
sp|P38759|VPS29_YEAST	4932.YHR012W	13	5	25	22	10	20	3	14	22	24	4	20	15	8	6	24	16	21	2	8	14.9900116267126
sp|P07347|ARD1_YEAST	4932.YHR013C	14	2	20	22	4	8	7	15	12	28	10	16	8	10	13	11	13	12	1	12	78.5945386751225
sp|P23624|SPO13_YEAST	4932.YHR014W	10	1	11	18	12	8	5	12	26	25	3	26	29	14	16	32	15	14	0	14	7.33256990860211
sp|P32793|YSC84_YEAST	4932.YHR016C	38	1	42	19	19	52	7	17	22	25	7	26	21	6	40	51	26	25	4	20	5.66528335886532
sp|P32792|YHH7_YEAST	4932.YHR017W	14	6	19	17	19	20	12	34	25	43	8	15	14	12	20	45	15	20	5	22	3.24575840975201
sp|P04076|ARLY_YEAST	4932.YHR018C	31	4	34	32	20	39	13	24	27	57	13	14	12	16	25	27	32	22	5	16	368.251912609002
sp|P38707|SYNC_YEAST	4932.YHR019C	41	9	37	44	22	37	10	28	43	54	11	12	22	24	27	35	36	35	4	23	440.576698498814
sp|P38708|YHI0_YEAST	4932.YHR020W	54	9	38	56	32	39	13	38	60	48	14	25	37	31	26	47	33	55	12	21	448.996167161368
sp|P38711|RS27B_YEAST	4932.YHR021C	6	5	2	3	3	5	3	1	7	9	1	1	4	3	4	7	10	7	0	1	1471.6305149081
sp|P38711|RS27B_YEAST	4932.YKL156W	6	5	2	3	3	5	3	1	7	9	1	1	4	3	4	7	10	7	0	1	1418.53739202675
sp|P38763|YHI2_YEAST	4932.YHR022C	11	7	17	14	13	11	5	20	16	28	3	11	4	9	14	31	17	14	1	10	1.57143047378928
sp|P08964|MYO1_YEAST	4932.YHR023W	73	14	107	204	61	52	31	133	208	229	28	151	32	110	83	182	94	68	11	57	11.1489068533101
sp|P11914|MPPA_YEAST	4932.YHR024C	31	6	19	35	19	42	11	23	28	52	14	27	23	20	19	38	24	28	3	20	106.062566339389
sp|P17423|KHSE_YEAST	4932.YHR025W	27	8	17	20	10	28	4	24	13	40	7	17	29	14	17	24	22	23	2	11	382.93443473911
sp|P23968|VATO_YEAST	4932.YHR026W	21	3	6	5	13	24	2	25	10	25	6	7	2	1	3	20	11	17	3	9	135.871455457042
sp|P38764|RPN1_YEAST	4932.YHR027C	76	8	76	98	28	67	22	56	63	115	23	40	32	34	25	75	54	64	6	31	338.133485914677
sp|P18962|DAP2_YEAST	4932.YHR028C	29	1	62	51	45	55	24	45	51	68	8	54	30	18	32	72	45	68	15	45	6.75799898262689
sp|P38765|YHI9_YEAST	4932.YHR029C	28	4	12	24	16	16	5	24	24	21	8	15	16	7	6	17	21	18	2	10	36.6604510330249
sp|Q00772|SLT2_YEAST	4932.YHR030C	29	9	33	33	25	24	13	26	26	48	12	23	26	46	21	25	18	25	3	19	55.4050930772865
sp|P38690|YHJ3_YEAST	4932.YHR033W	26	3	25	26	11	28	11	37	23	46	9	26	20	16	19	29	25	29	3	11	4.56770036305258
sp|P38768|PIH1_YEAST	4932.YHR034C	23	10	30	28	11	12	8	36	30	25	6	19	25	9	20	16	4	18	4	10	5.19928542179567
sp|P07275|PUT2_YEAST	4932.YHR037W	47	5	34	31	34	39	9	34	42	44	12	31	30	23	21	41	28	35	6	29	96.1384182360196
sp|P38771|RRF1_YEAST	4932.YHR038W	9	1	13	16	13	5	2	12	35	25	2	15	10	9	11	16	16	18	0	2	5.09593973363363
sp|P38694|MSC7_YEAST	4932.YHR039C	48	16	32	28	32	43	12	45	41	56	14	40	33	29	21	52	29	43	10	20	161.77459763184
sp|P48836|VATG_YEAST	4932.YHR039C-A	14	0	6	15	1	6	2	10	22	8	1	3	1	7	2	4	3	7	0	2	695.061193253389
sp|P38772|BCD1_YEAST	4932.YHR040W	13	14	29	35	13	18	11	15	35	26	12	14	13	18	20	24	23	19	3	11	7.07789991887676
sp|P34162|MED20_YEAST	4932.YHR041C	19	2	13	13	7	13	4	17	11	24	4	7	7	5	9	21	16	11	2	5	25.771768089751
sp|P16603|NCPR_YEAST	4932.YHR042W	48	4	47	42	37	43	12	37	44	66	13	44	36	22	21	54	38	51	5	27	226.060291023395
sp|P38774|DOG1_YEAST	4932.YHR043C	19	3	21	13	11	17	3	11	20	26	2	9	10	7	8	15	17	23	3	8	20.1947848260714
sp|P38774|DOG1_YEAST	4932.YHR044C	19	3	21	13	11	17	3	11	20	26	2	9	10	7	8	15	17	23	3	8	2.84022162962117
sp|P38775|YHK5_YEAST	4932.YHR045W	25	9	27	32	28	39	6	42	38	66	10	35	21	15	20	49	37	33	10	18	15.5597139641416
sp|P38710|INM1_YEAST	4932.YHR046C	13	7	22	16	11	26	4	20	23	20	7	15	9	6	7	23	21	24	6	15	31.098650485146
sp|P37898|AAP1_YEAST	4932.YHR047C	61	4	47	67	48	43	13	52	53	85	17	58	23	31	35	60	56	54	21	28	186.722171975875
sp|P38777|FSH1_YEAST	4932.YHR049W	14	1	17	17	11	14	8	19	23	19	5	8	14	10	6	21	7	18	2	9	210.733347576874
sp|P00427|COX6_YEAST	4932.YHR051W	15	1	9	16	9	2	2	5	9	15	1	7	7	4	14	7	7	10	0	8	410.152917829571
sp|P38779|CIC1_YEAST	4932.YHR052W	18	1	22	35	13	12	5	26	53	37	5	25	13	10	9	36	21	25	2	8	262.263000653509
sp|P07215|MTCU1_YEAST	4932.YHR055C	0	12	2	6	2	5	1	1	7	1	1	6	2	5	0	8	2	0	0	0	24.5985184318157
sp|P38781|RSC30_YEAST	4932.YHR056C	33	12	49	40	62	26	20	67	69	87	23	92	32	42	25	79	49	45	2	29	11.0923767038946
sp|P23285|CYPB_YEAST	4932.YHR057C	7	3	16	11	14	22	5	12	17	13	4	9	5	6	6	13	15	19	4	4	2.44574291944242
sp|P38782|MED6_YEAST	4932.YHR058C	13	0	13	16	10	23	2	17	12	20	14	26	16	16	12	22	30	18	3	12	32.1374772015363
sp|P38783|FYV4_YEAST	4932.YHR059W	8	1	5	6	9	5	3	9	18	9	1	12	7	6	9	9	3	4	3	3	27.0556449780782
sp|P38784|VMA22_YEAST	4932.YHR060W	4	1	11	18	3	9	1	9	19	19	5	9	4	17	7	14	12	8	1	10	5.11319184945312
sp|P38786|RPP1_YEAST	4932.YHR062C	13	4	19	6	7	22	7	22	20	34	6	17	10	11	19	29	16	24	1	6	49.3029023549937
sp|P38787|PANE_YEAST	4932.YHR063C	22	9	17	27	16	21	7	25	24	40	11	28	16	13	17	21	23	26	3	13	55.4257576223689
sp|P38788|SSZ1_YEAST	4932.YHR064C	57	2	34	44	22	36	9	37	39	51	3	33	24	15	16	36	27	40	1	12	1040.40626670148
sp|P38712|RRP3_YEAST	4932.YHR065C	35	5	28	37	12	30	6	35	45	54	19	25	17	16	32	36	31	27	1	10	79.9569278658657
sp|P38791|DHYS_YEAST	4932.YHR068W	31	7	31	24	13	29	8	30	33	29	15	15	15	10	13	25	17	25	5	12	422.303768738815
sp|P38792|RRP4_YEAST	4932.YHR069C	19	3	19	22	6	29	7	26	16	28	11	28	11	12	20	42	19	26	4	11	49.9659291577986
sp|P38793|TRM5_YEAST	4932.YHR070W	32	8	25	28	29	19	18	31	44	41	9	26	36	23	19	30	22	44	4	11	55.5145054636926
sp|P38604|ERG7_YEAST	4932.YHR072W	45	15	30	51	42	48	20	42	41	66	15	28	41	21	31	51	43	44	17	40	48.2249546594554
sp|Q6Q547|NOP10_YEAST	4932.YHR072W-A	2	0	3	2	2	5	2	2	7	5	2	0	4	2	5	4	5	3	0	3	244.438277687853
sp|P38713|OSH3_YEAST	4932.YHR073W	41	6	59	73	43	43	29	56	85	83	12	50	41	42	55	116	71	48	14	29	18.9117843428896
sp|P38795|NADE_YEAST	4932.YHR074W	42	19	44	43	30	47	16	50	37	73	21	32	34	24	42	49	35	41	10	25	47.8261270298002
sp|P38796|PPME1_YEAST	4932.YHR075C	25	4	28	19	26	22	10	26	30	41	4	22	14	15	15	38	26	21	7	7	5.90964935020388
sp|P38797|PP2C7_YEAST	4932.YHR076W	25	3	27	17	17	25	4	21	28	23	3	17	11	12	14	35	20	25	2	14	12.5221483734829
sp|P38798|NMD2_YEAST	4932.YHR077C	37	5	102	107	60	34	15	81	108	111	19	60	38	34	53	84	53	50	6	32	19.9747207753902
sp|P38801|LRP1_YEAST	4932.YHR081W	9	0	12	16	5	7	2	12	31	18	5	10	4	6	8	20	7	7	0	5	14.4966928086339
sp|P38691|KSP1_YEAST	4932.YHR082C	42	6	73	61	44	55	38	52	72	61	24	112	52	39	44	108	54	39	5	48	41.1868315814771
sp|P13574|STE12_YEAST	4932.YHR084W	33	7	42	41	33	28	9	19	44	48	19	54	65	38	27	68	42	34	5	32	37.1226872045296
sp|P38803|IPI1_YEAST	4932.YHR085W	16	5	20	16	11	16	10	25	36	38	4	14	10	19	16	21	27	21	2	7	20.349179537079
sp|Q00539|NAM8_YEAST	4932.YHR086W	30	6	16	13	23	42	6	17	17	43	17	65	22	37	16	66	32	31	5	19	33.2592791620566
sp|P38804|SDO1L_YEAST	4932.YHR087W	8	0	4	13	5	12	0	5	12	9	1	7	3	2	2	8	8	8	0	4	236.324792341798
sp|P38805|RPF1_YEAST	4932.YHR088W	6	1	12	32	18	13	8	25	32	24	4	22	12	12	23	8	19	15	1	8	7.51428527054972
sp|P28007|GAR1_YEAST	4932.YHR089C	8	3	6	7	16	50	1	8	14	8	3	6	13	4	25	16	6	8	0	3	1333.64769043176
sp|P38806|YNG2_YEAST	4932.YHR090C	12	9	13	33	7	12	4	13	35	24	4	15	14	12	14	29	9	15	2	6	5.23815776555573
sp|P38714|SYRM_YEAST	4932.YHR091C	32	6	37	27	33	37	15	46	47	66	20	38	22	32	37	51	25	40	8	24	1.47712335735439
sp|P32467|HXT4_YEAST	4932.YHR092C	41	13	21	28	42	53	5	43	29	39	20	22	22	14	18	40	36	51	13	26	4.56237039726678
sp|P32465|HXT1_YEAST	4932.YHR094C	37	18	18	22	42	54	6	42	20	35	24	22	24	17	21	48	29	50	12	29	22.2523719318364
sp|P38695|HXT5_YEAST	4932.YHR096C	32	15	18	31	41	53	2	39	25	45	21	24	23	18	26	49	41	47	12	30	1.88179743629288
sp|P38809|YHP7_YEAST	4932.YHR097C	18	1	25	16	10	23	18	9	34	20	4	32	21	16	26	36	30	23	0	4	17.8064411033689
sp|P38810|SFB3_YEAST	4932.YHR098C	43	18	58	36	40	47	21	59	47	94	23	59	49	52	33	87	58	63	2	40	110.249504028334
sp|P38811|TRA1_YEAST	4932.YHR099W	202	37	208	244	212	90	83	289	243	490	90	243	163	156	167	264	201	191	41	130	12.8961542376549
sp|P38813|BIG1_YEAST	4932.YHR101C	11	4	20	26	23	9	2	29	23	34	2	18	19	22	16	19	20	22	0	16	13.688511093559
sp|P38692|KIC1_YEAST	4932.YHR102W	64	8	45	58	25	67	17	69	68	81	22	109	77	35	38	136	82	45	5	29	7.27913488403348
sp|P38814|SBE22_YEAST	4932.YHR103W	33	9	50	55	35	35	15	50	66	78	22	67	29	38	42	114	49	37	9	19	5.94514376447882
sp|P38715|GRE3_YEAST	4932.YHR104W	17	6	19	22	16	22	11	24	29	36	4	13	15	12	10	18	16	20	5	12	178.364270393978
sp|P38816|TRXB2_YEAST	4932.YHR106W	35	4	14	24	14	28	7	26	20	23	10	14	14	9	16	26	24	23	2	9	85.2462130051499
sp|P32468|CDC12_YEAST	4932.YHR107C	28	2	22	36	16	21	11	25	30	36	6	20	20	26	29	16	26	24	3	10	174.776573571326
sp|P38817|GGA2_YEAST	4932.YHR108W	50	3	28	37	19	25	11	34	40	70	10	49	34	32	19	57	30	24	3	10	145.896546912577
sp|P38818|CTM1_YEAST	4932.YHR109W	25	8	44	48	44	12	13	46	33	59	11	30	29	18	28	48	38	23	5	23	3.25892290230508
sp|P38819|ERP5_YEAST	4932.YHR110W	11	4	12	17	15	12	6	11	17	23	3	10	2	9	10	15	14	14	1	6	20.7351517504152
sp|P38820|UBA4_YEAST	4932.YHR111W	20	13	25	28	16	35	8	28	24	44	8	27	21	17	25	25	22	32	0	22	54.6913141950285
sp|P38716|YHR2_YEAST	4932.YHR112C	30	3	26	24	14	20	12	24	22	41	6	13	14	12	17	32	22	24	3	19	24.0797283149673
sp|P38821|DNPEP_YEAST	4932.YHR113W	34	4	26	33	26	37	18	36	34	48	6	22	19	13	21	44	28	27	4	10	24.3766852555286
sp|P38822|BZZ1_YEAST	4932.YHR114W	35	4	52	43	17	31	10	35	64	49	10	55	24	19	21	55	49	31	8	21	32.9826151425233
sp|P38823|DMA1_YEAST	4932.YHR115C	24	10	23	22	17	20	12	33	21	30	8	36	24	14	20	40	33	20	3	6	2.8654392122873
sp|P38825|TOM71_YEAST	4932.YHR117W	64	4	39	45	33	28	8	32	53	72	10	39	24	38	24	44	33	22	0	27	48.2159590698496
sp|P38826|ORC6_YEAST	4932.YHR118C	14	11	28	36	13	15	7	26	40	40	13	25	24	18	27	35	22	24	5	12	3.75792417323613
sp|P38827|SET1_YEAST	4932.YHR119W	63	13	57	90	38	45	34	67	100	83	14	68	52	41	70	107	47	40	4	47	31.3668221300033
sp|P25846|MSH1_YEAST	4932.YHR120W	51	14	47	69	50	47	18	64	78	110	18	53	24	43	53	77	63	47	7	26	3.43710679276732
sp|P38828|LSM12_YEAST	4932.YHR121W	3	1	10	13	9	11	2	17	23	14	1	9	5	13	7	15	11	18	2	3	35.6925783457793
sp|P38829|YHS2_YEAST	4932.YHR122W	10	3	18	27	3	11	6	17	13	34	3	11	11	9	10	19	11	14	0	1	20.1335739201845
sp|P22140|EPT1_YEAST	4932.YHR123W	19	6	16	12	33	23	10	36	14	44	11	17	13	11	9	35	26	26	8	22	23.8372816616336
sp|P38833|YHS7_YEAST	4932.YHR127W	14	0	12	10	5	16	6	13	24	19	4	21	5	14	19	22	13	22	2	2	17.5776700554201
sp|P18562|UPP_YEAST	4932.YHR128W	8	5	11	19	10	17	2	18	12	24	5	9	10	6	15	10	10	15	0	10	280.162550528304
sp|P38836|ECM14_YEAST	4932.YHR132C	26	7	32	29	21	26	14	26	21	43	8	20	17	13	20	29	20	19	11	28	45.3935093055995
sp|Q9P305|IGO2_YEAST	4932.YHR132W-A	2	0	10	4	2	10	2	6	12	12	4	7	10	4	9	24	3	6	0	4	50.6067592362448
sp|P38837|NSG1_YEAST	4932.YHR133C	23	4	12	9	28	22	4	22	19	34	5	16	12	8	7	24	15	15	4	8	65.0477550658774
sp|P23291|KC11_YEAST	4932.YHR135C	31	4	28	25	17	35	17	23	37	48	12	33	30	72	26	30	24	18	4	24	73.2925836538634
sp|P38840|ARO9_YEAST	4932.YHR137W	30	2	36	29	32	23	6	34	33	47	17	27	29	18	22	46	31	23	8	20	133.050324020335
sp|P38841|YHT8_YEAST	4932.YHR138C	7	1	10	7	4	5	3	11	9	11	3	4	2	3	2	13	5	8	0	6	9.83307915805153
sp|P13130|SS100_YEAST	4932.YHR139C	18	2	6	8	15	25	3	27	5	22	1	16	14	22	5	60	35	29	4	9	5.68049209186421
sp|P40422|RPAB4_YEAST	4932.YHR143W-A	10	4	3	3	2	3	1	3	5	7	1	1	1	3	8	6	6	2	0	1	232.27597994638
sp|P38845|CRP1_YEAST	4932.YHR146W	24	2	22	55	14	28	3	18	63	29	3	23	39	14	14	38	36	35	3	2	189.231215636061
sp|P32904|RM06_YEAST	4932.YHR147C	7	1	8	11	7	17	6	18	21	20	4	11	11	11	11	15	10	20	1	4	18.4042280176109
sp|P32899|IMP3_YEAST	4932.YHR148W	6	2	15	8	5	5	8	11	18	20	6	9	6	9	17	6	10	13	2	7	10.0967542301641
sp|P32900|SKG6_YEAST	4932.YHR149C	45	4	47	48	19	31	19	25	29	45	13	59	47	63	29	95	39	41	2	34	26.9642924223122
sp|P38848|PEX28_YEAST	4932.YHR150W	24	8	29	43	39	28	12	37	40	50	13	24	31	17	30	65	32	30	7	20	6.30131824095457
sp|P38850|RT107_YEAST	4932.YHR154W	33	16	65	76	59	37	29	81	114	93	16	75	44	45	29	90	74	55	12	27	2.04716691192952
sp|P38853|KEL1_YEAST	4932.YHR158C	53	5	84	96	38	49	33	66	90	98	19	86	63	49	42	114	75	66	9	29	34.7696899034753
sp|P38854|TDA11_YEAST	4932.YHR159W	20	2	32	35	10	21	14	18	34	34	11	35	25	31	35	79	33	26	3	6	0.793185978796508
sp|P38856|AP18A_YEAST	4932.YHR161C	43	1	25	29	25	31	18	35	30	50	13	53	33	73	20	44	49	37	1	27	14.3816586910832
sp|P38858|SOL3_YEAST	4932.YHR163W	16	4	17	17	13	13	5	10	19	25	3	9	12	10	8	24	14	20	4	6	130.507320437652
sp|P33334|PRP8_YEAST	4932.YHR165C	130	10	133	180	109	101	58	163	177	240	59	136	142	83	129	150	142	125	50	96	5.56554560691518
sp|P16522|CDC23_YEAST	4932.YHR166C	42	14	41	50	34	24	9	35	47	71	17	33	9	31	28	46	26	23	10	36	7.73882391782875
sp|O13539|THP2_YEAST	4932.YHR167W	11	2	23	26	4	8	5	15	22	33	7	9	8	12	14	23	13	12	3	11	7.81216836329915
sp|P38860|MTG2_YEAST	4932.YHR168W	30	6	29	32	22	44	14	26	45	52	10	26	22	21	27	38	21	35	8	10	0.524650064789402
sp|P38719|DBP8_YEAST	4932.YHR169W	39	4	22	23	13	23	9	33	32	39	13	12	18	23	29	28	34	28	2	7	38.6985425029946
sp|P38861|NMD3_YEAST	4932.YHR170W	32	13	39	38	18	19	14	35	31	47	12	24	20	27	27	32	31	38	5	16	140.20619651393
sp|P38863|SPC97_YEAST	4932.YHR172W	30	9	50	61	40	27	14	61	55	96	26	59	28	40	47	53	40	37	6	44	13.498653362768
sp|P38866|FMO1_YEAST	4932.YHR176W	26	3	25	27	24	23	12	29	35	37	5	23	22	13	15	32	24	31	7	19	0.806396417463752
sp|P38699|STB5_YEAST	4932.YHR178W	40	19	39	38	27	38	14	48	45	72	22	46	35	27	44	85	40	33	9	22	2.2680791177882
sp|Q03558|OYE2_YEAST	4932.YHR179W	36	0	21	31	17	34	8	23	26	29	5	25	24	13	22	18	16	24	8	20	723.209295126221
sp|P38869|SVP26_YEAST	4932.YHR181W	14	4	8	10	23	9	3	18	9	29	2	8	12	4	12	17	13	17	2	14	16.3927792408923
sp|P38870|YHY2_YEAST	4932.YHR182W	30	14	51	58	41	24	14	59	66	77	10	54	34	36	34	77	48	30	8	20	2.8959057572107
sp|P38720|6PGD1_YEAST	4932.YHR183W	47	7	31	27	22	47	9	36	33	42	11	21	21	14	21	30	19	28	8	15	3864.32923656141
sp|P38873|KOG1_YEAST	4932.YHR186C	74	19	85	79	75	69	34	94	96	166	34	90	76	112	71	143	87	83	25	45	0.717819980296328
sp|P38874|ELP5_YEAST	4932.YHR187W	14	3	20	25	14	10	7	23	18	31	6	17	13	15	8	27	25	17	1	15	18.2485675127817
sp|P38875|GPI16_YEAST	4932.YHR188C	35	8	41	31	35	29	13	33	27	77	17	26	37	21	25	55	47	24	8	21	10.6985485790571
sp|P29704|FDFT_YEAST	4932.YHR190W	21	8	27	33	22	16	14	32	29	64	11	22	16	18	18	21	20	26	3	23	62.4751390885662
sp|P38878|YHZ2_YEAST	4932.YHR192W	19	6	15	18	10	9	8	18	32	32	2	13	7	14	9	25	13	10	6	12	20.4772439972219
sp|P38879|NACA_YEAST	4932.YHR193C	24	0	12	15	4	11	1	12	16	10	4	14	5	12	4	9	5	14	0	2	1551.54670577594
sp|P38881|NVJ1_YEAST	4932.YHR195W	11	4	23	33	10	14	7	14	22	37	2	19	12	13	19	38	17	17	3	6	14.0335878970171
sp|P38882|UTP9_YEAST	4932.YHR196W	22	6	47	55	17	20	10	50	55	55	7	39	16	24	11	55	28	37	8	13	75.3310908983226
sp|P38883|RIX1_YEAST	4932.YHR197W	28	9	32	73	37	28	18	66	59	99	11	43	34	26	24	66	42	47	6	15	51.1878207791629
sp|P38884|AIM18_YEAST	4932.YHR198C	19	4	25	11	17	13	8	10	28	39	7	20	12	10	16	28	23	17	3	11	2.04801847177088
sp|P38885|AIM46_YEAST	4932.YHR199C	30	4	22	12	13	16	5	16	30	32	6	12	17	9	12	29	11	22	3	9	18.0821231557744
sp|P38886|RPN10_YEAST	4932.YHR200W	20	1	15	25	12	18	6	17	9	24	7	15	12	24	14	19	14	14	0	2	114.490654310691
sp|P38698|PPX1_YEAST	4932.YHR201C	18	5	26	34	15	24	7	27	32	43	8	22	9	15	19	35	9	32	3	14	79.862248595011
sp|P11792|SCH9_YEAST	4932.YHR205W	43	9	56	41	43	52	31	39	49	60	20	79	39	38	24	84	54	35	8	20	45.2606570531077
sp|P38889|SKN7_YEAST	4932.YHR206W	33	5	28	29	21	26	19	32	30	59	14	74	34	42	23	56	54	30	2	11	19.3633356212506
sp|P38890|SET5_YEAST	4932.YHR207C	25	15	36	49	21	29	18	35	46	44	5	29	13	16	29	35	29	28	9	15	23.05363242879
sp|P38891|BCA1_YEAST	4932.YHR208W	30	4	15	23	14	34	6	21	28	40	7	19	26	15	17	17	32	22	8	15	730.025328370503
sp|Q12088|YL11B_YEAST	4932.YHR214C-B	79	15	103	83	51	69	63	127	130	142	31	123	112	77	71	181	135	74	14	75	5.34678528137625
sp|P0C2I4|YH11A_YEAST	4932.YHR214C-C	22	3	23	16	15	18	13	26	28	27	13	43	47	29	14	54	42	21	4	20	17.6817681970609
sp|Q3E7Y4|YB112_YEAST	4932.YHR218W-A	3	4	4	7	1	11	0	9	9	14	5	4	4	5	8	3	3	6	3	2	0.391635219494586
sp|Q3E7Y4|YB112_YEAST	4932.YPR204W	3	4	4	7	1	11	0	9	9	14	5	4	4	5	8	3	3	6	3	2	0.258274304936388
sp|Q3E7Y4|YB112_YEAST	4932.YBL112C	3	4	4	7	1	11	0	9	9	14	5	4	4	5	8	3	3	6	3	2	0.391635219494586
sp|P38900|YH19_YEAST	4932.YHR219W	44	12	32	46	20	26	11	20	32	49	14	38	12	24	39	68	72	35	9	21	0.276227577803141
sp|P40559|INP51_YEAST	4932.YIL002C	38	10	62	67	48	51	18	75	78	84	13	39	38	28	44	86	49	60	13	45	0.464037680296214
sp|Q3E7Z5|YI002_YEAST	4932.YIL002W-A	3	0	9	8	0	3	1	2	8	11	3	3	1	2	2	6	3	4	0	0	10.2577493498536
sp|P22804|BET1_YEAST	4932.YIL004C	8	0	9	5	8	14	1	8	7	13	8	6	1	8	8	18	10	5	3	2	22.7285509987937
sp|P40557|EPS1_YEAST	4932.YIL005W	29	9	43	51	41	30	16	57	65	62	15	55	33	14	31	49	35	29	6	31	20.7727738804345
sp|P40554|URM1_YEAST	4932.YIL008W	1	0	13	7	4	9	3	14	6	7	3	5	3	1	2	5	6	8	1	1	31.8862861503846
sp|P39002|LCF3_YEAST	4932.YIL009W	45	10	29	49	28	51	16	56	67	52	18	29	28	13	28	44	34	59	11	27	73.1398362991736
sp|P40553|DOT5_YEAST	4932.YIL010W	14	2	10	19	10	10	3	12	25	18	2	11	12	7	12	20	8	16	0	4	8.55034494681769
sp|P40549|MNT3_YEAST	4932.YIL014W	29	9	36	47	38	30	10	33	37	65	14	45	20	18	32	62	29	39	10	27	2.40880611158645
sp|P12630|BAR1_YEAST	4932.YIL015W	36	9	28	34	27	35	10	34	25	41	11	34	29	18	9	77	62	38	4	26	50.6379645309938
sp|P40548|SNL1_YEAST	4932.YIL016W	6	1	9	14	3	6	2	10	22	20	4	10	4	3	10	15	5	10	1	4	93.5746057205366
sp|P40547|VID28_YEAST	4932.YIL017C	42	20	62	56	39	30	16	63	71	125	21	61	31	33	31	73	49	51	9	38	2.10164641456607
sp|P05736|RL2B_YEAST	4932.YIL018W	23	0	9	8	5	35	10	18	19	16	2	11	11	8	26	15	10	20	1	7	660.018591742337
sp|P40546|FAF1_YEAST	4932.YIL019W	11	0	27	31	9	31	5	21	40	23	7	19	6	16	27	36	18	14	0	5	1.54575793047484
sp|P40545|HIS4_YEAST	4932.YIL020C	11	8	23	17	11	22	6	12	24	30	2	11	4	10	10	13	15	19	7	6	43.6226537864273
sp|P16370|RPB3_YEAST	4932.YIL021W	24	7	26	25	8	20	5	18	20	23	11	20	12	15	8	23	15	23	5	10	142.878950441879
sp|Q01852|TIM44_YEAST	4932.YIL022W	33	1	20	41	19	28	4	24	43	28	6	12	10	18	32	34	31	29	5	13	144.644546854342
sp|P40541|SCC3_YEAST	4932.YIL026C	55	11	91	103	57	20	24	91	98	131	16	67	34	47	42	95	67	58	10	33	10.5876201480392
sp|P40540|EMC5_YEAST	4932.YIL027C	8	1	4	8	9	7	4	11	13	17	3	11	4	3	2	14	6	9	1	6	92.8819422578144
sp|P40318|DOA10_YEAST	4932.YIL030C	75	18	74	71	88	60	29	109	64	140	38	75	64	41	61	91	59	85	18	59	22.0940789820902
sp|P40537|ULP2_YEAST	4932.YIL031W	33	9	73	60	40	25	25	79	85	83	17	98	53	39	40	146	55	44	6	24	4.0082929209297
sp|P07278|KAPR_YEAST	4932.YIL033C	25	2	27	27	24	20	8	12	33	41	6	24	22	27	22	36	22	24	2	12	191.616037367462
sp|P13517|CAPZB_YEAST	4932.YIL034C	17	2	29	17	12	7	7	15	11	33	5	20	12	13	13	31	17	13	3	10	109.371702432555
sp|P15790|CSK21_YEAST	4932.YIL035C	10	2	29	25	20	13	13	30	38	32	12	19	16	10	20	14	17	23	7	22	94.430647738093
sp|P40535|ACA2_YEAST	4932.YIL036W	33	2	37	27	15	24	15	33	41	39	15	63	35	38	24	66	40	25	1	14	27.1770559815261
sp|P06102|NOT3_YEAST	4932.YIL038C	63	4	50	80	24	20	13	40	72	65	11	48	41	48	39	91	53	44	7	23	34.6035337500631
sp|P40533|TED1_YEAST	4932.YIL039W	18	6	29	30	29	29	18	28	26	36	9	34	19	18	15	31	32	28	16	22	11.3608608967816
sp|P40532|APQ12_YEAST	4932.YIL040W	5	2	3	4	14	2	2	11	7	20	6	6	3	10	4	6	11	11	1	10	48.2245853547917
sp|P40531|GVP36_YEAST	4932.YIL041W	32	3	15	37	13	6	4	14	25	31	7	17	12	21	12	31	20	17	0	9	343.039550119528
sp|P38626|NCB5R_YEAST	4932.YIL043C	14	2	19	11	11	22	8	25	24	24	11	10	18	8	10	15	16	26	1	9	147.859884423382
sp|P40529|AGE2_YEAST	4932.YIL044C	17	5	12	9	8	11	8	13	23	30	2	27	13	14	9	49	26	12	5	5	35.2641124344452
sp|P39014|MET30_YEAST	4932.YIL046W	18	23	55	23	21	37	21	43	43	50	16	28	22	30	37	64	49	30	13	17	17.4118182549742
sp|P40528|SYG1_YEAST	4932.YIL047C	53	16	47	40	58	36	20	51	47	92	25	36	35	33	54	92	57	47	22	41	28.2384296682424
sp|P40527|ATC7_YEAST	4932.YIL048W	65	17	73	60	52	47	29	79	68	129	25	60	37	41	49	104	79	81	12	44	30.7635972766695
sp|P40185|MMF1_YEAST	4932.YIL051C	15	1	4	7	7	4	3	6	10	11	4	13	9	5	5	13	7	17	0	4	823.751051170962
sp|P40522|VHR1_YEAST	4932.YIL056W	30	6	28	26	33	21	13	44	37	57	12	61	43	34	27	78	41	34	1	14	8.03076103534377
sp|P40188|RGI2_YEAST	4932.YIL057C	6	2	14	16	8	5	12	6	27	12	3	4	7	5	2	7	10	12	1	5	13.3745355458764
sp|Q00916|RU17_YEAST	4932.YIL061C	18	1	18	14	10	17	4	19	24	21	3	16	24	8	31	26	15	11	1	19	5.9265237923499
sp|P40518|ARPC5_YEAST	4932.YIL062C	11	0	12	7	2	9	1	7	6	17	3	3	9	12	10	11	12	14	2	6	306.060950294021
sp|P40517|YRB2_YEAST	4932.YIL063C	18	1	27	34	11	26	2	17	52	16	2	17	11	13	8	27	20	20	1	4	45.089317963035
sp|P40516|SEE1_YEAST	4932.YIL064W	14	3	21	16	13	21	2	18	23	20	8	12	4	13	6	19	14	19	4	7	6.46311172185436
sp|P40515|FIS1_YEAST	4932.YIL065C	11	2	7	12	5	11	1	7	13	15	3	5	4	7	11	7	9	14	2	9	39.7014037691062
sp|P21672|RIR3_YEAST	4932.YIL066C	70	13	49	58	31	48	19	58	51	67	26	41	41	34	39	66	61	48	12	37	23.6015652172545
sp|P40514|YIG7_YEAST	4932.YIL067C	42	15	39	25	32	56	10	44	30	70	13	35	41	17	28	55	33	43	18	32	2.740743472959
sp|P32844|SEC6_YEAST	4932.YIL068C	35	9	56	76	42	30	12	68	68	83	21	39	18	36	32	52	42	49	7	30	18.2296096315733
sp|P26782|RS24B_YEAST	4932.YIL069C	13	0	6	8	7	9	1	3	19	9	1	6	3	5	14	7	5	15	0	4	2367.53590981247
sp|P40513|MAM33_YEAST	4932.YIL070C	21	1	13	32	17	7	3	11	13	21	5	21	11	8	11	27	14	20	2	8	149.907159586978
sp|P20050|HOP1_YEAST	4932.YIL072W	22	11	37	38	33	20	6	34	56	64	10	42	25	31	24	53	43	40	5	11	3.85871388622461
sp|P32565|RPN2_YEAST	4932.YIL075C	88	8	58	60	38	60	12	55	75	104	21	52	28	31	33	68	56	59	5	34	208.799771221344
sp|P40509|COPE_YEAST	4932.YIL076W	20	2	20	26	12	10	5	15	20	45	3	23	4	19	2	14	25	13	1	17	200.576533078907
sp|P04801|SYTC_YEAST	4932.YIL078W	39	12	44	64	39	47	19	35	65	62	22	32	28	27	39	47	30	46	13	24	667.795439283072
sp|P40507|AIR1_YEAST	4932.YIL079C	14	16	27	14	17	19	12	8	31	17	4	34	16	16	27	37	19	10	3	19	2.95764133805338
sp|P40506|PPCS_YEAST	4932.YIL083C	20	2	18	26	18	14	10	24	30	39	6	22	18	12	16	25	26	21	4	14	34.92415642175
sp|P40505|SDS3_YEAST	4932.YIL084C	16	1	24	26	11	21	6	11	25	26	4	28	9	20	29	30	17	9	1	13	17.2209878207282
sp|P40504|KTR7_YEAST	4932.YIL085C	18	14	39	44	43	27	14	28	36	43	14	30	22	12	25	23	24	22	12	27	4.54391082823135
sp|P40502|AIM19_YEAST	4932.YIL087C	21	0	5	2	9	9	0	7	7	19	4	4	11	4	8	18	13	7	2	7	10.3439690999592
sp|P40501|AVT7_YEAST	4932.YIL088C	30	8	18	19	33	36	5	43	17	72	13	29	20	7	11	48	28	30	6	17	9.56985390999057
sp|P40499|ICE2_YEAST	4932.YIL090W	20	14	11	18	37	27	6	43	26	64	7	25	14	15	17	49	30	28	13	27	46.0123129468542
sp|P40498|UTP25_YEAST	4932.YIL091C	23	3	65	57	36	36	18	57	63	51	9	37	25	31	47	58	27	41	2	35	31.1652855574062
sp|P40496|RT25_YEAST	4932.YIL093C	15	0	11	28	7	13	7	11	19	22	7	13	13	13	15	17	18	18	5	12	50.0989524378976
sp|P40495|LYS12_YEAST	4932.YIL094C	35	5	20	23	11	32	4	29	25	32	5	14	15	15	20	24	22	30	0	10	217.063963130213
sp|P40493|YIJ6_YEAST	4932.YIL096C	10	1	20	19	20	16	9	22	42	30	3	32	9	18	17	26	16	10	4	12	1.95161864113309
sp|P40492|FYV10_YEAST	4932.YIL097W	16	7	34	32	26	13	18	39	46	66	7	36	19	27	17	44	32	16	4	17	2.62651472976132
sp|P40491|FMC1_YEAST	4932.YIL098C	7	0	12	11	3	5	2	11	17	16	2	12	5	8	14	7	6	9	3	5	12.0187958470959
sp|P40487|DPH1_YEAST	4932.YIL103W	26	7	23	29	19	26	11	37	35	37	9	23	19	15	21	21	17	30	2	18	24.4085967105203
sp|P40486|SHQ1_YEAST	4932.YIL104C	19	3	37	51	22	20	8	44	36	49	12	30	16	27	20	31	29	24	6	23	11.6102254023824
sp|P40485|SLM1_YEAST	4932.YIL105C	30	2	39	29	30	20	12	39	43	67	13	59	29	76	26	77	43	31	4	17	42.8580666843299
sp|P40484|MOB1_YEAST	4932.YIL106W	17	7	11	19	20	15	11	14	9	25	7	29	23	20	16	16	24	18	4	9	30.6377826365527
sp|P40433|6P21_YEAST	4932.YIL107C	41	4	60	44	30	40	17	48	62	72	16	66	51	24	49	81	47	40	6	29	29.803487782316
sp|P40483|YIK8_YEAST	4932.YIL108W	38	14	35	36	34	62	19	43	39	63	13	37	44	27	32	38	50	39	7	26	9.50093668435351
sp|P40482|SEC24_YEAST	4932.YIL109C	66	14	52	41	35	41	18	57	34	93	37	56	69	58	46	74	44	54	3	34	129.215236226605
sp|P40481|HPM1_YEAST	4932.YIL110W	17	4	30	31	17	16	5	28	21	46	2	23	12	12	14	36	23	25	4	11	4.45871902775649
sp|P00425|COX5B_YEAST	4932.YIL111W	9	0	4	11	5	13	1	5	14	18	3	9	8	6	9	8	12	6	6	4	17.633962390853
sp|P40480|HOS4_YEAST	4932.YIL112W	61	2	94	111	29	46	21	58	115	83	20	76	40	36	61	95	53	49	8	25	4.25812888620607
sp|P40477|NU159_YEAST	4932.YIL115C	89	6	91	128	87	81	19	62	113	97	18	88	75	58	28	209	102	85	4	20	59.4383119447677
sp|P07172|HIS8_YEAST	4932.YIL116W	28	9	22	23	10	23	5	22	28	46	9	24	17	9	14	22	27	28	1	18	191.991766975091
sp|P40476|PRM5_YEAST	4932.YIL117C	11	0	15	16	9	15	6	20	18	28	6	19	20	9	12	59	26	18	2	9	10.7693478135285
sp|Q00245|RHO3_YEAST	4932.YIL118W	15	8	13	17	8	15	3	15	13	20	4	21	5	5	8	24	14	15	2	6	27.7645232488484
sp|P23250|RPI1_YEAST	4932.YIL119C	8	4	14	19	20	7	8	24	33	32	10	65	22	28	9	57	21	11	3	12	5.61261146536408
sp|P40474|QDR2_YEAST	4932.YIL121W	50	15	13	22	35	39	5	40	27	69	9	19	20	14	26	41	36	36	6	20	59.7311818401569
sp|P40472|SIM1_YEAST	4932.YIL123W	48	10	24	20	8	44	6	18	17	18	3	17	17	11	4	102	45	38	7	19	3.46731584408476
sp|P40471|AYR1_YEAST	4932.YIL124W	29	4	16	14	17	20	3	18	27	25	8	16	15	9	12	19	13	20	1	11	68.8833022550995
sp|P20967|ODO1_YEAST	4932.YIL125W	63	7	53	71	50	70	34	46	70	98	12	41	51	46	49	80	62	60	17	34	185.384861935644
sp|P32597|STH1_YEAST	4932.YIL126W	81	6	91	135	49	50	24	85	129	145	24	71	44	67	87	83	89	59	10	30	65.3813569663227
sp|P40470|RRT14_YEAST	4932.YIL127C	6	1	15	15	3	8	7	7	32	23	1	12	5	13	14	18	9	13	1	3	32.6831789604517
sp|P40469|MET18_YEAST	4932.YIL128W	49	13	55	71	60	24	15	80	85	148	18	70	33	36	25	80	66	66	6	32	35.2414978463217
sp|P40468|TAO3_YEAST	4932.YIL129C	138	30	125	158	122	80	46	173	155	296	58	145	93	84	98	231	134	117	30	63	1.42799424896785
sp|P40467|ASG1_YEAST	4932.YIL130W	51	13	58	48	37	28	15	68	53	89	14	125	50	42	41	105	49	37	3	38	34.5318063310057
sp|P40466|FKH1_YEAST	4932.YIL131C	28	4	24	24	11	31	8	35	25	38	10	36	24	26	26	57	30	26	5	16	9.93712200041112
sp|P26785|RL16B_YEAST	4932.YIL133C	23	0	7	8	9	11	4	8	26	17	2	4	8	5	17	14	8	18	1	8	1408.6706732485
sp|P26785|RL16B_YEAST	4932.YNL069C	23	0	7	8	9	11	4	8	26	17	2	4	8	5	17	14	8	18	1	8	1559.73211811927
sp|P40463|VHS2_YEAST	4932.YIL135C	25	1	23	13	13	15	15	14	13	27	13	56	32	18	28	77	30	12	0	11	24.1508882395656
sp|P16547|OM45_YEAST	4932.YIL136W	42	0	28	43	9	26	2	13	49	27	5	19	6	23	25	34	10	12	10	10	37.0991691875825
sp|P40462|TM108_YEAST	4932.YIL137C	45	12	55	57	51	38	30	71	71	102	18	51	40	49	26	82	60	50	15	23	39.2155184787561
sp|P40414|TPM2_YEAST	4932.YIL138C	8	1	9	37	1	1	0	4	21	21	3	13	0	12	5	15	3	2	2	3	255.071401497701
sp|P38928|AXL2_YEAST	4932.YIL140W	51	4	59	35	38	31	14	42	36	69	9	67	49	26	26	114	62	51	9	31	16.1423763044345
sp|P39076|TCPB_YEAST	4932.YIL142W	52	6	35	37	18	34	8	40	42	56	10	23	10	19	23	41	36	32	0	5	119.228197474283
sp|Q00578|RAD25_YEAST	4932.YIL143C	58	10	59	59	34	48	20	53	52	64	24	38	34	43	49	66	41	54	6	31	21.9422282553923
sp|P40460|NDC80_YEAST	4932.YIL144W	15	2	33	67	20	24	16	62	73	77	13	57	13	43	33	63	40	18	5	17	34.3687819764319
sp|P40459|PANC_YEAST	4932.YIL145C	15	4	19	21	15	13	5	22	15	29	7	15	16	14	17	20	19	32	2	9	59.4622944134532
sp|P40457|MLP2_YEAST	4932.YIL149C	81	16	88	227	39	23	18	101	213	189	27	116	22	100	80	152	90	61	7	29	9.88982438674024
sp|P40456|YI151_YEAST	4932.YIL151C	59	16	75	62	63	38	24	80	70	107	28	79	49	47	45	86	63	64	17	46	0.429804654943253
sp|P32351|IMPX_YEAST	4932.YIL154C	15	5	31	33	8	20	10	15	20	33	10	12	11	11	23	35	16	27	3	8	9.22420627848131
sp|P32191|GPDM_YEAST	4932.YIL155C	53	8	36	34	29	40	13	32	42	60	18	33	32	21	30	41	46	49	9	23	31.8746854611945
sp|P40453|UBP7_YEAST	4932.YIL156W	34	9	70	55	44	39	34	67	77	106	20	68	69	49	50	94	67	61	7	51	0.99784110962512
sp|Q2V2P4|YI156_YEAST	4932.YIL156W-B	3	2	3	2	1	5	1	3	5	10	3	4	1	1	4	6	8	6	0	5	6.71772671232438
sp|P40452|COA1_YEAST	4932.YIL157C	14	0	9	13	8	11	3	18	14	20	2	11	9	1	14	15	15	13	2	5	14.9164683918535
sp|P27796|THIK_YEAST	4932.YIL160C	44	8	19	26	14	38	4	33	27	37	8	28	19	16	19	24	15	29	0	9	76.1766908387129
sp|P40449|YIQ1_YEAST	4932.YIL161W	9	1	7	21	5	13	3	16	36	15	5	24	7	9	13	17	14	10	2	8	25.7294565042081
sp|P10594|INV1_YEASX	4932.YIL162W	34	2	31	30	38	32	7	19	27	40	11	41	27	18	13	51	35	29	16	31	12.0180720259023
sp|P40442|YIQ9_YEAST	4932.YIL169C	79	20	47	33	22	62	10	29	32	39	1	39	24	28	5	255	150	91	1	28	2.076332770434
sp|P40890|VTH2_YEAST	4932.YIL173W	70	35	128	104	97	117	30	106	110	113	19	72	54	34	70	134	97	83	15	61	0.511239873588941
sp|P40890|VTH2_YEAST	4932.YJL222W	70	35	128	104	97	117	30	106	110	113	19	72	54	34	70	134	97	83	15	61	0.586733603686175
sp|P40561|SGN1_YEAST	4932.YIR001C	9	1	12	17	9	12	5	11	28	13	3	24	18	18	10	20	14	9	2	15	25.1176315475736
sp|P40562|MPH1_YEAST	4932.YIR002C	49	17	68	82	46	41	17	78	99	71	21	64	33	42	50	62	56	63	4	30	0.568290766648563
sp|P40563|AIM21_YEAST	4932.YIR003W	40	2	37	87	13	29	14	27	56	42	12	42	55	37	28	82	42	32	1	1	36.1450930762086
sp|P40564|DJP1_YEAST	4932.YIR004W	37	2	28	54	17	26	6	18	52	35	11	19	7	19	13	23	31	22	1	11	62.2900954035736
sp|P40565|IST3_YEAST	4932.YIR005W	7	0	11	12	4	9	3	12	13	14	1	12	4	8	7	9	5	7	1	9	7.03601221335015
sp|P32521|PAN1_YEAST	4932.YIR006C	105	4	65	80	47	98	11	70	78	90	33	107	150	151	40	148	104	61	4	34	140.459039945621
sp|P40566|YIS7_YEAST	4932.YIR007W	40	19	49	40	44	45	19	57	53	55	15	45	54	27	26	54	46	27	15	34	3.21758100687112
sp|P10363|PRI1_YEAST	4932.YIR008C	26	8	34	25	21	10	9	22	36	39	9	21	22	16	25	29	16	19	7	15	12.3065211776468
sp|P40567|MSL1_YEAST	4932.YIR009W	7	0	3	8	8	4	2	5	11	11	4	6	3	7	8	6	9	8	0	1	4.91958512915217
sp|P40568|DSN1_YEAST	4932.YIR010W	33	1	42	51	15	16	16	28	46	54	14	36	38	34	23	52	36	19	4	18	25.0425178682305
sp|P35184|SQT1_YEAST	4932.YIR012W	24	11	27	38	20	37	12	23	18	38	12	22	13	20	5	32	30	36	8	5	133.212898559051
sp|P15367|SEC11_YEAST	4932.YIR022W	12	1	5	7	10	14	3	11	11	21	4	14	4	8	5	9	5	13	3	7	36.2648429539199
sp|P21657|DAL81_YEAST	4932.YIR023W	51	14	41	41	34	33	26	46	49	101	19	106	54	76	37	101	67	40	12	22	1.1966388846822
sp|Q02256|PVH1_YEAST	4932.YIR026C	19	9	20	24	20	22	10	23	31	28	9	16	19	17	16	33	12	22	4	10	53.3515516840808
sp|P21826|MASZ_YEAST	4932.YIR031C	40	6	36	33	22	27	15	40	34	52	18	30	31	17	27	30	37	32	8	19	24.2998776792225
sp|P40578|MGA2_YEAST	4932.YIR033W	36	14	71	84	53	40	25	69	66	109	24	123	43	52	42	109	67	49	7	30	2.75836196961859
sp|P38998|LYS1_YEAST	4932.YIR034C	37	4	22	18	17	21	11	25	26	35	4	14	28	9	22	17	25	24	5	9	350.914083619186
sp|P40579|YIV5_YEAST	4932.YIR035C	23	1	16	11	10	20	3	13	19	23	7	17	9	7	6	20	7	31	2	9	10.3642624932751
sp|P40580|BZRD_YEAST	4932.YIR036C	20	4	15	16	8	21	3	16	16	27	6	8	12	13	13	21	9	25	2	8	20.9165067949453
sp|P40581|GPX3_YEAST	4932.YIR037W	4	3	7	15	12	14	1	8	21	14	3	6	9	8	3	10	5	11	1	8	335.595513819988
sp|P40582|GST1_YEAST	4932.YIR038C	18	0	14	17	14	11	7	16	19	26	6	7	13	8	9	21	3	11	3	11	30.3311227130695
sp|P38624|PSB1_YEAST	4932.YJL001W	17	4	14	12	6	20	4	17	14	14	4	8	4	6	8	16	17	16	2	12	155.523109507179
sp|P41543|OST1_YEAST	4932.YJL002C	27	2	20	33	38	23	11	31	21	39	7	31	25	15	13	47	32	31	9	21	199.760703014137
sp|P08678|CYAA_YEAST	4932.YJL005W	94	20	125	118	74	82	55	112	135	211	51	155	87	63	102	241	133	101	12	55	17.7441661709933
sp|P46962|CTK2_YEAST	4932.YJL006C	15	8	17	22	19	6	6	25	22	38	3	22	10	12	20	23	17	19	2	17	15.7807646541294
sp|P47079|TCPQ_YEAST	4932.YJL008C	46	6	30	45	11	49	10	45	41	55	21	26	24	19	22	28	31	47	1	11	194.264291826637
sp|P47077|NOP9_YEAST	4932.YJL010C	32	5	37	62	33	21	15	40	64	72	17	30	19	28	38	51	35	38	7	22	51.8378031576994
sp|P47076|RPC9_YEAST	4932.YJL011C	10	1	8	20	7	6	3	9	18	17	5	11	3	6	6	14	4	7	1	5	22.8795577541397
sp|P47075|VTC4_YEAST	4932.YJL012C	35	4	52	52	39	35	15	46	57	63	11	33	32	24	42	43	44	56	9	29	70.9905310751052
sp|P39077|TCPG_YEAST	4932.YJL014W	43	11	33	41	6	36	8	43	41	51	17	20	20	27	26	25	25	49	4	8	138.851115810476
sp|P47069|MPS3_YEAST	4932.YJL019W	22	2	49	52	28	28	16	42	47	59	12	49	25	51	27	66	36	29	9	33	43.6134052334992
sp|P47068|BBC1_YEAST	4932.YJL020C	86	0	52	132	37	42	37	52	82	59	17	60	125	49	45	108	66	81	5	22	78.2413009883082
sp|P47064|AP3S_YEAST	4932.YJL024C	11	2	11	16	12	8	1	14	8	23	2	14	5	14	5	14	12	15	2	5	54.9915600984785
sp|P40992|RRN7_YEAST	4932.YJL025W	19	10	23	37	28	19	14	40	34	58	13	24	19	32	30	37	36	14	10	17	2.70086076970291
sp|P09938|RIR2_YEAST	4932.YJL026W	35	2	23	45	30	14	10	24	35	36	11	23	12	9	15	25	14	19	6	11	2305.15886541396
sp|P47061|VPS53_YEAST	4932.YJL029C	36	7	61	55	44	16	9	51	69	109	16	53	26	35	32	76	53	32	13	29	21.8332011588414
sp|Q00618|PGTA_YEAST	4932.YJL031C	11	2	17	33	9	6	8	31	31	36	7	22	6	15	18	17	12	17	12	17	3.42218598428311
sp|P20448|DBP4_YEAST	4932.YJL033W	53	5	56	66	30	39	16	46	84	76	18	20	28	40	37	52	44	40	2	18	44.9639455136033
sp|P16474|GRP78_YEAST	4932.YJL034W	57	1	59	55	25	53	8	43	60	62	9	34	20	21	20	39	40	57	1	18	523.299947373276
sp|P47058|TAD2_YEAST	4932.YJL035C	16	7	17	14	12	15	8	14	18	17	10	14	9	8	12	14	14	21	2	8	0.634599855392426
sp|P47057|SNX4_YEAST	4932.YJL036W	15	3	34	37	19	19	11	25	46	44	4	21	12	19	19	34	22	20	3	16	20.8620911747798
sp|P47054|NU192_YEAST	4932.YJL039C	81	19	106	97	111	64	24	133	100	223	24	110	41	55	60	164	90	103	12	66	47.3497114585784
sp|P14907|NSP1_YEAST	4932.YJL041W	84	0	49	47	62	65	3	15	90	31	2	90	42	29	3	120	70	15	2	4	143.335287479694
sp|P43638|MHP1_YEAST	4932.YJL042W	94	15	91	87	43	58	44	69	106	125	29	98	80	52	67	160	67	80	6	27	44.4706982343759
sp|P32806|GYP6_YEAST	4932.YJL044C	10	7	38	29	20	17	16	35	38	66	7	32	14	18	18	23	21	24	9	16	20.0009848875548
sp|P47052|DHSX_YEAST	4932.YJL045W	58	10	35	38	20	59	25	31	34	48	15	23	24	20	37	40	46	45	6	20	24.2546300615122
sp|P47050|CUL8_YEAST	4932.YJL047C	33	13	42	71	60	20	23	51	74	87	21	51	26	33	39	67	47	38	5	41	1.7687523682795
sp|P47047|MTR4_YEAST	4932.YJL050W	61	12	66	99	42	59	24	73	91	94	32	49	46	34	58	66	47	82	8	30	80.0777255173005
sp|P00360|G3P1_YEAST	4932.YJL052W	35	2	25	12	9	26	8	23	28	20	7	10	13	7	11	23	23	35	3	12	2791.98528718984
sp|P40335|PEP8_YEAST	4932.YJL053W	14	4	23	21	13	20	7	27	27	29	8	22	11	10	20	52	24	27	1	19	26.290070631503
sp|P47045|TIM54_YEAST	4932.YJL054W	24	4	29	43	15	24	5	42	42	35	6	20	38	19	23	34	23	30	7	15	26.9960190894435
sp|P47044|YJF5_YEAST	4932.YJL055W	14	4	11	23	9	28	8	16	18	17	9	11	8	6	7	18	12	16	3	7	113.849083385497
sp|P47039|BNA3_YEAST	4932.YJL060W	34	6	16	35	25	23	6	35	32	40	5	29	24	13	16	26	29	26	5	19	38.8452224323483
sp|P40368|NUP82_YEAST	4932.YJL061W	24	9	47	51	38	19	10	64	54	76	13	48	20	43	25	75	35	36	9	17	57.3842419089103
sp|P40367|GPI7_YEAST	4932.YJL062W	48	11	43	23	67	36	22	70	31	105	22	46	33	42	18	64	47	53	24	25	25.0413506959517
sp|Q3E7B2|COA3_YEAST	4932.YJL062W-A	6	0	5	4	4	4	2	3	10	9	4	3	7	2	3	2	6	4	1	6	12.9571307252071
sp|P22353|RM08_YEAST	4932.YJL063C	20	2	8	16	4	6	7	10	21	31	7	11	12	12	16	21	11	16	2	5	52.4366649967455
sp|P40364|MPM1_YEAST	4932.YJL066C	16	2	26	11	15	12	5	11	24	23	4	14	15	9	8	19	18	10	5	5	29.1511869002401
sp|P40363|SFGH_YEAST	4932.YJL068C	20	5	19	16	18	24	13	14	22	22	4	15	16	11	8	19	11	18	5	19	19.0826816348649
sp|P40362|UTP18_YEAST	4932.YJL069C	27	6	49	39	21	38	17	33	34	53	9	43	21	27	20	56	42	34	10	15	82.7644359777626
sp|P40361|YJH0_YEAST	4932.YJL070C	26	8	60	64	53	34	14	54	66	91	15	53	39	38	35	81	39	45	16	57	1.65511029810027
sp|P40358|JEM1_YEAST	4932.YJL073W	30	7	43	32	29	15	18	44	65	68	13	43	30	41	23	54	25	27	5	33	4.77721557153382
sp|P47037|SMC3_YEAST	4932.YJL074C	54	3	78	131	41	48	16	90	124	135	22	85	16	71	64	91	66	69	2	24	29.7423565060836
sp|P47035|NET1_YEAST	4932.YJL076W	67	2	91	74	24	51	10	60	122	68	17	80	86	48	44	197	73	62	2	11	55.8483203266563
sp|P47032|PRY1_YEAST	4932.YJL079C	45	4	16	11	4	18	6	4	9	21	1	12	14	8	2	43	42	21	5	13	36.6291649800578
sp|P06105|SC160_YEAST	4932.YJL080C	90	4	66	120	35	62	19	99	120	84	15	73	56	28	44	111	71	94	4	27	684.36346693678
sp|P80428|ARP4_YEAST	4932.YJL081C	25	7	24	44	17	30	6	30	37	44	5	27	28	14	20	43	35	28	9	16	19.1854714519458
sp|P47031|IML2_YEAST	4932.YJL082W	59	8	45	49	32	40	11	33	49	101	25	34	25	25	40	60	36	26	8	25	41.947747380794
sp|P47029|ALY2_YEAST	4932.YJL084C	46	4	59	65	42	29	35	61	66	94	12	94	76	33	48	151	61	40	5	25	13.3189197320887
sp|P19658|EXO70_YEAST	4932.YJL085W	31	5	32	48	26	22	9	46	55	71	14	43	19	32	25	59	29	31	4	22	26.9114352835309
sp|P09880|TRNL_YEAST	4932.YJL087C	34	21	50	68	37	43	17	61	87	70	12	58	23	26	35	49	41	53	11	31	37.2758368571196
sp|P05150|OTC_YEAST	4932.YJL088W	25	7	22	21	24	14	9	28	26	26	9	23	8	11	11	29	19	21	1	4	360.626372421118
sp|Q01389|BCK1_YEAST	4932.YJL095W	68	6	77	76	58	52	30	73	143	110	27	91	102	43	59	236	112	64	13	38	0.412571425056665
sp|P40858|RN49_YEAST	4932.YJL096W	8	0	5	5	6	6	4	11	15	17	3	8	8	3	14	12	20	10	1	5	26.4929493154642
sp|P40857|PHS1_YEAST	4932.YJL097W	16	2	0	4	12	10	1	18	12	39	6	7	10	8	8	20	7	19	3	15	100.653647720843
sp|P40856|SA185_YEAST	4932.YJL098W	40	10	107	127	42	46	19	69	62	95	28	79	38	31	40	86	51	45	7	36	31.859245289157
sp|P40955|CHS6_YEAST	4932.YJL099W	27	18	44	51	29	36	14	71	52	89	24	51	29	21	30	48	46	23	13	30	0.824916397428854
sp|P32477|GSH1_YEAST	4932.YJL101C	41	9	53	43	39	29	19	36	49	61	15	41	36	18	34	48	30	36	11	30	25.0910697456336
sp|P39677|RRF2M_YEAST	4932.YJL102W	39	11	47	51	24	46	10	74	60	77	15	62	37	25	32	67	60	51	9	22	11.6546822819855
sp|P42950|GSM1_YEAST	4932.YJL103C	23	18	40	30	29	18	22	37	48	64	13	50	25	23	26	65	43	25	3	16	2.13383843822507
sp|P42949|TIM16_YEAST	4932.YJL104W	19	1	6	10	6	13	1	7	14	7	2	12	3	8	8	14	7	5	1	5	105.390413957531
sp|P32581|IME2_YEAST	4932.YJL106W	29	7	46	46	32	25	24	45	34	61	13	47	35	28	27	52	36	35	5	18	0.351930175616525
sp|P42945|UTP10_YEAST	4932.YJL109C	95	16	83	126	95	41	23	141	127	257	24	103	45	48	69	187	116	119	10	44	103.660382177292
sp|P42944|GZF3_YEAST	4932.YJL110C	37	10	25	32	13	24	16	26	45	46	11	49	28	20	29	76	37	19	2	6	0.580617479414058
sp|P42943|TCPH_YEAST	4932.YJL111W	54	9	27	44	20	42	7	43	40	51	15	29	16	23	20	34	29	38	3	6	97.0160259720382
sp|P47025|MDV1_YEAST	4932.YJL112W	39	8	51	48	27	39	12	34	47	76	7	53	18	29	35	67	61	36	7	20	21.1553034429307
sp|P32447|ASF1_YEAST	4932.YJL115W	11	2	35	58	7	16	3	12	13	18	1	16	14	4	10	18	10	22	2	7	71.3954954212914
sp|P46956|PHO86_YEAST	4932.YJL117W	18	1	15	13	15	19	6	24	27	36	5	15	12	9	14	24	17	27	3	11	169.2089639362
sp|P46969|RPE_YEAST	4932.YJL121C	23	5	18	13	13	16	9	14	19	18	10	7	16	5	6	11	12	20	2	1	207.863153588574
sp|P47019|ALB1_YEAST	4932.YJL122W	13	0	8	10	3	9	3	8	23	19	2	12	6	7	9	21	11	8	1	2	117.007062535954
sp|P47018|MTC1_YEAST	4932.YJL123C	23	0	37	64	16	30	6	27	47	30	4	35	15	25	8	46	23	29	8	5	84.8845047459772
sp|P47017|LSM1_YEAST	4932.YJL124C	10	1	15	16	10	8	3	10	16	11	7	9	3	10	12	8	6	9	1	7	160.702471297251
sp|P46959|TRM61_YEAST	4932.YJL125C	15	6	24	30	20	24	14	23	29	26	7	19	14	11	25	31	22	27	5	11	15.9071996065249
sp|P08018|PBS2_YEAST	4932.YJL128C	41	6	29	34	17	47	18	38	44	57	13	46	41	32	30	79	42	36	2	16	50.3478532524962
sp|P07259|PYR1_YEAST	4932.YJL130C	175	23	126	150	84	132	44	145	127	204	47	109	104	60	103	168	128	191	14	80	494.762237873092
sp|P47015|AIM23_YEAST	4932.YJL131C	19	1	19	27	11	9	6	22	53	34	9	30	12	13	22	23	12	23	3	8	2.24485763760136
sp|Q3E7A3|YJ133_YEAST	4932.YJL133C-A	16	0	0	2	3	3	2	3	4	5	2	3	3	1	6	13	4	2	0	2	8.57021420007329
sp|Q3E754|RS21B_YEAST	4932.YJL136C	7	1	7	6	0	6	1	5	5	7	1	6	2	3	7	8	2	7	1	5	2434.55727560984
sp|Q3E754|RS21B_YEAST	4932.YKR057W	7	1	7	6	0	6	1	5	5	7	1	6	2	3	7	8	2	7	1	5	1904.89846372537
sp|P47011|GLG2_YEAST	4932.YJL137C	18	5	26	26	23	10	12	25	27	49	6	17	21	22	15	20	23	14	6	15	2.77960744477092
sp|P20433|RPB4_YEAST	4932.YJL140W	14	1	19	29	7	7	6	8	18	28	3	14	2	12	13	12	16	10	0	2	159.162414056143
sp|P14680|YAK1_YEAST	4932.YJL141C	31	13	32	39	30	40	19	43	45	69	14	64	54	68	34	94	40	36	7	35	2.53222123878162
sp|P39515|TIM17_YEAST	4932.YJL143W	21	4	5	4	9	23	3	9	5	10	5	5	11	4	10	10	4	10	5	1	118.449409827781
sp|P47008|SFH5_YEAST	4932.YJL145W	9	5	22	19	13	18	3	16	36	27	4	19	7	13	7	10	16	23	4	23	62.9634110294726
sp|P47006|RPA34_YEAST	4932.YJL148W	9	1	26	21	9	4	7	10	45	14	4	9	10	5	6	25	9	14	1	4	119.834509977568
sp|P14359|SNA3_YEAST	4932.YJL151C	13	1	15	7	5	3	6	5	4	16	5	5	8	4	9	9	4	8	1	5	153.489179444491
sp|P11986|INO1_YEAST	4932.YJL153C	31	6	34	32	20	31	9	32	40	56	11	39	25	19	17	35	29	42	4	21	41.5912653331845
sp|P34110|VPS35_YEAST	4932.YJL154C	35	18	54	61	35	25	25	78	57	126	21	60	28	55	41	79	52	49	8	37	49.0494958246783
sp|P32604|F26_YEAST	4932.YJL155C	22	5	26	40	18	19	6	36	39	34	10	28	18	16	25	31	21	28	7	23	10.0683852277305
sp|P21268|FAR1_YEAST	4932.YJL157C	26	15	62	61	40	41	19	47	63	83	19	36	41	36	32	74	52	49	10	24	5.57076360099543
sp|P47001|CIS3_YEAST	4932.YJL158C	34	6	12	8	6	17	1	11	9	14	1	7	8	14	3	31	25	11	2	7	47.8000372615566
sp|P32478|HS150_YEAST	4932.YJL159W	75	4	22	4	5	35	2	24	18	14	2	5	12	41	3	40	70	27	2	8	17.4763750169174
sp|P46999|PIR5_YEAST	4932.YJL160C	21	4	11	5	7	24	6	21	18	18	2	9	16	23	4	31	30	28	2	7	1.63833300230021
sp|P46997|JJJ2_YEAST	4932.YJL162C	22	6	36	51	23	24	20	31	64	46	12	30	23	43	25	60	29	16	3	19	0.642728812243092
sp|P06244|KAPA_YEAST	4932.YJL164C	14	2	24	36	20	27	8	24	28	32	8	17	19	23	20	23	25	20	5	22	34.322852617192
sp|P38970|HAL5_YEAST	4932.YJL165C	45	15	44	59	31	55	31	43	69	65	17	69	39	38	43	95	32	42	4	19	2.4796437419055
sp|P08525|QCR8_YEAST	4932.YJL166W	5	0	0	5	6	11	2	4	7	5	3	6	6	4	4	6	2	5	5	8	71.5182368023142
sp|P08524|FPPS_YEAST	4932.YJL167W	28	6	24	31	16	16	5	23	35	37	7	13	9	14	11	18	15	20	4	20	258.764848253961
sp|P46995|SET2_YEAST	4932.YJL168C	39	17	46	65	32	28	14	50	91	63	12	43	29	37	32	53	29	28	5	20	13.6687555012495
sp|P46993|ASG7_YEAST	4932.YJL170C	7	6	11	19	13	4	6	10	16	25	5	9	10	8	8	14	8	14	7	9	1.82441071669501
sp|P46992|YJR1_YEAST	4932.YJL171C	28	9	18	16	21	35	6	19	15	26	9	26	13	11	7	48	36	24	5	24	64.5204588431765
sp|P27614|CBPS_YEAST	4932.YJL172W	34	4	36	45	30	38	26	46	34	53	5	30	37	8	18	41	28	35	6	22	177.28255537264
sp|P26755|RFA3_YEAST	4932.YJL173C	5	3	6	11	5	4	0	11	7	11	3	10	6	5	5	11	6	9	1	3	199.916148581285
sp|P39005|KRE9_YEAST	4932.YJL174W	20	3	8	5	12	17	1	13	11	13	7	13	17	14	9	33	42	19	4	15	11.8837874722668
sp|P32591|SWI3_YEAST	4932.YJL176C	39	2	54	91	25	35	14	48	68	55	18	75	44	41	26	80	49	39	5	17	30.4718331382052
sp|P46990|RL17B_YEAST	4932.YJL177W	27	0	3	10	5	10	4	8	17	10	1	8	5	12	19	14	11	12	2	6	1347.94824633129
sp|P46990|RL17B_YEAST	4932.YKL180W	27	0	3	10	5	10	4	8	17	10	1	8	5	12	19	14	11	12	2	6	1687.65597705694
sp|P46989|ATG27_YEAST	4932.YJL178C	13	8	19	17	15	21	3	15	25	24	4	11	8	10	7	22	24	14	7	4	56.4563101404429
sp|P46988|PFD1_YEAST	4932.YJL179W	5	1	8	8	1	1	1	4	14	15	4	6	1	8	5	7	9	6	1	4	35.4823797505981
sp|P22135|ATP12_YEAST	4932.YJL180C	19	4	20	18	10	15	4	26	26	44	6	22	12	12	17	24	22	15	4	5	5.83664785128683
sp|P46985|MNN11_YEAST	4932.YJL183W	30	3	24	20	19	23	14	34	31	42	6	23	18	16	16	32	17	26	4	24	45.2085517777604
sp|P46984|GON7_YEAST	4932.YJL184W	8	0	14	10	2	12	1	5	9	11	3	4	7	8	8	5	9	4	0	3	12.1377910088916
sp|P46982|MNN5_YEAST	4932.YJL186W	26	7	45	26	40	33	17	32	45	56	12	34	26	19	21	45	32	34	7	29	83.1343189330243
sp|P32944|SWE1_YEAST	4932.YJL187C	38	4	50	61	33	32	23	57	60	67	14	70	39	24	35	99	54	30	9	20	9.29690267749328
sp|P04650|RL39_YEAST	4932.YJL189W	5	0	0	0	1	0	0	4	8	2	3	6	2	4	9	1	3	0	2	1	14143.4026791236
sp|Q3E7Y3|RS22B_YEAST	4932.YJL190C	8	1	5	6	5	11	4	12	11	11	3	7	3	5	9	8	5	11	1	4	1318.14921042415
sp|Q3E7Y3|RS22B_YEAST	4932.YLR367W	8	1	5	6	5	11	4	12	11	11	3	7	3	5	9	8	5	11	1	4	1666.33120249884
sp|P39543|SOP4_YEAST	4932.YJL192C	19	0	7	14	16	11	2	18	15	22	5	15	10	7	13	16	17	14	1	12	101.822749543026
sp|P39540|ELO1_YEAST	4932.YJL196C	22	7	7	9	22	13	7	16	18	36	11	12	11	10	13	16	18	30	10	22	135.398790476104
sp|P39538|UBP12_YEAST	4932.YJL197W	49	19	117	109	58	59	19	69	77	113	26	90	59	39	44	96	70	75	13	53	31.1881934907601
sp|P39535|PHO90_YEAST	4932.YJL198W	75	10	47	41	50	47	12	69	66	106	22	38	31	26	20	73	52	56	12	28	14.3960352572955
sp|P39534|MBB1_YEAST	4932.YJL199C	7	1	6	7	3	6	2	7	3	12	2	3	3	2	10	11	7	5	2	9	0.857583570808037
sp|P39533|ACON2_YEAST	4932.YJL200C	60	9	47	45	32	65	16	51	61	67	17	50	41	25	27	54	54	38	9	21	538.017577066586
sp|P32525|ECM25_YEAST	4932.YJL201W	27	3	35	25	31	10	7	47	53	63	11	34	38	25	26	71	32	33	4	24	45.825650635529
sp|P39526|LAA1_YEAST	4932.YJL207C	94	24	110	133	112	60	36	191	146	251	42	131	42	60	55	215	115	100	18	79	32.2398049330253
sp|P08466|NUC1_YEAST	4932.YJL208C	22	6	17	19	19	17	7	18	26	27	3	20	29	13	17	20	15	19	2	13	6.03089914220121
sp|P40897|OPT1_YEAST	4932.YJL212C	47	12	29	25	60	47	12	59	42	71	22	46	43	22	26	52	49	64	26	45	27.7683438406964
sp|P40886|HXT8_YEAST	4932.YJL214W	37	18	20	32	43	46	4	40	25	42	21	21	21	11	20	47	36	47	11	27	0.356413990607134
sp|P40893|REE1_YEAST	4932.YJL217W	12	1	12	12	9	19	5	5	12	18	4	4	7	6	9	18	17	16	7	5	115.186238080842
sp|P40892|YJV8_YEAST	4932.YJL218W	11	3	13	11	4	18	3	23	12	12	2	17	11	2	7	8	9	19	1	10	1.07044996295853
sp|P54862|HXT11_YEAST	4932.YJL219W	38	10	19	19	42	54	5	46	25	45	18	24	18	15	20	47	40	44	13	25	0.390137827802936
sp|P54862|HXT11_YEAST	4932.YOL156W	38	10	19	19	42	54	5	46	25	45	18	24	18	15	20	47	40	44	13	25	0.87248497236755
sp|P47082|AVT1_YEAST	4932.YJR001W	43	14	31	16	34	44	8	51	24	72	13	29	29	10	28	54	43	42	5	12	2.2657025389409
sp|P47083|MPP10_YEAST	4932.YJR002W	38	1	60	80	15	20	6	30	57	47	9	27	21	20	27	64	24	33	3	11	18.0003076766927
sp|P47084|YJX3_YEAST	4932.YJR003C	28	6	34	43	23	13	12	42	51	65	11	30	16	17	15	44	19	26	3	21	24.3594969798629
sp|P20840|SAG1_YEAST	4932.YJR004C	43	7	29	28	39	31	8	41	17	49	8	42	19	20	8	105	89	33	7	27	2.85713829973106
sp|P27351|AP2B_YEAST	4932.YJR005W	32	6	39	54	27	13	13	52	52	101	17	40	33	23	33	56	33	50	4	22	30.3833486607205
sp|P46957|DPOD2_YEAST	4932.YJR006W	13	11	41	31	20	29	5	38	33	49	10	33	28	14	19	32	25	31	5	20	1.38709603076058
sp|P20459|IF2A_YEAST	4932.YJR007W	20	5	23	34	5	10	3	26	29	26	7	7	9	12	14	23	13	23	2	13	451.724985967734
sp|P47085|YJX8_YEAST	4932.YJR008W	16	6	18	20	9	18	13	28	20	28	11	15	16	13	14	34	19	17	6	17	1.09413721853822
sp|P46965|SPC1_YEAST	4932.YJR010C-A	6	3	4	3	4	3	0	9	7	12	2	2	5	10	3	5	3	7	2	4	32.9646467015101
sp|P08536|MET3_YEAST	4932.YJR010W	31	1	36	32	22	34	14	39	22	52	5	21	30	23	32	32	24	36	6	19	155.916757355174
sp|P47089|DENR_YEAST	4932.YJR014W	17	5	10	25	5	9	2	12	31	16	3	5	3	5	9	12	8	14	1	6	166.313344407757
sp|P39522|ILV3_YEAST	4932.YJR016C	48	10	25	36	16	64	12	41	42	42	23	24	30	16	21	45	33	34	3	20	1137.00499667634
sp|P22696|ESS1_YEAST	4932.YJR017C	7	2	13	13	6	11	8	7	15	11	2	4	8	5	14	18	10	10	3	3	98.6746507326295
sp|P41903|PTE1_YEAST	4932.YJR019C	18	1	18	14	20	15	20	16	21	32	8	11	21	17	15	36	19	21	3	23	7.95245893306929
sp|P47093|LSM8_YEAST	4932.YJR022W	6	2	8	9	4	4	1	11	14	11	2	9	2	1	3	6	5	8	1	2	14.2461264579698
sp|P47095|MTNB_YEAST	4932.YJR024C	17	9	17	12	11	13	9	24	21	19	9	10	17	8	4	12	12	9	2	9	7.4890448574596
sp|P47096|3HAO_YEAST	4932.YJR025C	4	5	11	14	7	13	6	11	12	13	4	13	12	6	7	6	10	14	3	6	87.6734031832288
sp|P47102|GEA1_YEAST	4932.YJR031C	69	16	101	99	73	45	19	127	92	175	25	82	45	58	49	134	76	80	8	35	16.5458502168403
sp|P47103|CYP7_YEAST	4932.YJR032W	17	7	34	29	22	25	5	25	37	27	8	28	14	12	16	25	14	24	1	23	34.3437505925952
sp|P47104|RAV1_YEAST	4932.YJR033C	65	25	85	65	52	48	34	105	106	147	23	83	65	60	55	113	78	80	24	44	7.0015081887062
sp|Q02772|PT191_YEAST	4932.YJR034W	6	7	8	8	3	4	1	4	13	11	5	6	6	8	5	4	3	4	0	2	17.7820434494656
sp|P40352|RAD26_YEAST	4932.YJR035W	43	9	76	85	39	64	23	69	101	112	17	71	28	61	59	81	56	49	14	28	0.681682139050547
sp|P37020|GEF1_YEAST	4932.YJR040W	49	14	24	52	50	50	13	68	43	78	17	35	22	16	31	58	57	60	12	30	0.711969824238813
sp|P47108|URB2_YEAST	4932.YJR041C	62	22	62	81	76	26	31	105	90	154	19	72	31	41	34	109	61	48	9	41	23.7458148070381
sp|P46673|NUP85_YEAST	4932.YJR042W	44	12	58	61	35	30	5	49	43	94	21	38	26	24	27	61	30	44	11	31	53.4825252819915
sp|P12398|HSP77_YEASX	4932.YJR045C	61	0	38	52	23	47	3	42	51	49	9	40	23	27	30	47	47	58	1	7	709.033870851807
sp|P47112|CDT1_YEAST	4932.YJR046W	37	7	39	27	24	22	9	29	37	76	14	29	26	33	35	55	45	35	7	18	3.10011209392046
sp|P00044|CYC1_YEAST	4932.YJR048W	7	3	4	7	4	12	4	4	16	8	3	7	4	2	3	4	8	3	1	5	105.462047281659
sp|P21373|UTR1_YEAST	4932.YJR049C	30	9	32	36	22	26	14	28	37	44	13	40	22	13	29	54	28	37	5	11	21.4034123701244
sp|P21375|OSM1_YEAST	4932.YJR051W	22	3	29	23	16	40	12	34	40	51	13	30	15	17	20	45	35	42	2	12	7.18049830725349
sp|P06779|RAD7_YEAST	4932.YJR052W	27	11	38	46	21	27	7	36	38	77	8	38	14	20	33	53	32	25	3	11	1.68881838272098
sp|P47113|BFA1_YEAST	4932.YJR053W	23	3	46	50	26	18	11	27	48	43	14	40	29	25	36	60	37	22	6	10	3.99956571197012
sp|P46973|HIT1_YEAST	4932.YJR055W	12	7	8	10	3	9	4	8	20	15	3	13	2	5	5	12	6	13	0	9	5.29471238613893
sp|P00572|KTHY_YEAST	4932.YJR057W	7	3	19	14	10	15	3	16	21	25	5	9	5	10	8	11	13	13	3	6	6.99990305797931
sp|P47116|PTK2_YEAST	4932.YJR059W	38	8	55	42	32	42	30	37	73	59	19	61	53	19	37	94	56	37	4	22	72.7735873071323
sp|P17106|CBF1_YEAST	4932.YJR060W	29	1	28	42	0	17	9	14	29	27	7	27	9	21	19	33	21	8	2	8	85.3740614106293
sp|P40354|NTA1_YEAST	4932.YJR062C	20	7	34	31	27	27	6	30	39	46	10	24	20	18	12	38	25	20	6	17	3.25504490168825
sp|P32529|RPA12_YEAST	4932.YJR063W	8	8	6	7	5	7	1	3	12	11	2	9	4	4	3	12	10	9	0	4	304.165382436411
sp|P40413|TCPE_YEAST	4932.YJR064W	40	9	50	36	17	39	9	47	50	54	16	17	20	28	22	38	24	37	2	7	143.18523809359
sp|P47117|ARP3_YEAST	4932.YJR065C	33	5	22	29	27	34	6	26	23	33	5	28	22	14	21	40	28	33	5	15	132.795703388359
sp|P35169|TOR1_YEAST	4932.YJR066W	156	31	124	160	89	93	61	192	164	330	50	132	112	111	112	186	128	127	36	76	5.08099344083454
sp|P40348|RFC2_YEAST	4932.YJR068W	23	5	22	21	13	18	6	25	29	38	6	20	13	13	18	27	22	20	3	11	48.6197114273697
sp|P47119|ITPA_YEAST	4932.YJR069C	18	1	11	16	15	14	4	12	17	16	4	14	6	7	5	9	11	10	2	5	123.906587148139
sp|P47120|DOHH_YEAST	4932.YJR070C	39	3	21	35	11	12	8	14	20	36	6	17	16	11	14	17	13	22	1	9	531.869312572724
sp|P47122|NPA3_YEAST	4932.YJR072C	25	6	30	30	16	22	1	24	30	27	15	22	12	17	14	34	20	23	2	15	87.7054566321541
sp|P05375|PEM2_YEAST	4932.YJR073C	14	4	5	9	11	17	3	14	13	21	12	8	6	8	7	14	11	15	3	11	127.539289549092
sp|P47123|MOG1_YEAST	4932.YJR074W	14	2	14	21	7	11	5	11	12	20	4	8	8	13	6	12	20	23	3	4	13.0418355840054
sp|P47124|HOC1_YEAST	4932.YJR075W	20	1	24	22	25	13	13	37	27	35	6	22	21	25	20	25	20	20	10	10	49.8152195864269
sp|P32458|CDC11_YEAST	4932.YJR076C	11	3	28	45	12	23	8	37	20	45	7	24	13	15	31	34	27	18	2	12	117.336852898038
sp|P23641|MPCP_YEAST	4932.YJR077C	30	3	6	11	22	39	2	19	19	34	7	7	15	12	7	28	20	17	0	13	544.676016134262
sp|P47127|AIM24_YEAST	4932.YJR080C	16	3	18	16	18	18	7	35	30	34	4	30	12	17	23	50	21	28	5	9	28.4507326218634
sp|P47128|EAF6_YEAST	4932.YJR082C	6	0	9	8	6	7	9	4	9	6	1	10	0	8	3	16	5	1	0	5	2.79998405146673
sp|P47129|ACF4_YEAST	4932.YJR083C	9	0	17	24	11	8	8	15	27	24	7	28	28	25	16	28	17	11	0	6	13.4728204571937
sp|P47130|CSN12_YEAST	4932.YJR084W	21	9	18	31	15	15	12	25	32	57	9	22	14	17	32	29	16	25	5	19	4.24943310113338
sp|P47131|YJ55_YEAST	4932.YJR085C	7	0	1	3	3	17	2	3	4	16	5	2	6	0	4	8	6	7	0	11	74.4854691227953
sp|P18852|GBG_YEAST	4932.YJR086W	4	3	1	6	1	3	1	6	9	13	3	12	4	14	5	11	7	3	1	3	46.548006635916
sp|P47133|EMC2_YEAST	4932.YJR088C	19	4	13	27	10	9	0	17	29	44	9	20	3	11	9	17	16	15	3	17	101.508047417422
sp|P47134|BIR1_YEAST	4932.YJR089W	28	12	82	69	35	41	19	64	91	68	16	82	41	36	49	95	55	45	6	20	1.07710243119764
sp|P24814|GRR1_YEAST	4932.YJR090C	37	21	77	60	52	37	25	80	52	138	29	127	40	56	72	73	71	70	7	27	0.938642561826336
sp|P47135|JSN1_YEAST	4932.YJR091C	55	8	43	46	36	51	32	62	46	101	31	114	67	71	35	140	74	48	7	24	29.8387581791504
sp|P47136|BUD4_YEAST	4932.YJR092W	65	12	110	161	52	51	35	87	112	108	20	103	72	62	54	148	85	64	13	33	8.6086180860978
sp|P45976|FIP1_YEAST	4932.YJR093C	18	0	35	18	10	18	2	14	15	22	13	29	27	14	11	40	20	12	2	7	5.13815062069089
sp|P33303|SFC1_YEAST	4932.YJR095W	28	3	5	18	12	28	7	25	28	27	8	13	17	13	14	17	21	24	1	13	4.32670120509397
sp|P47137|YJ66_YEAST	4932.YJR096W	15	6	15	23	7	19	8	16	25	30	5	14	16	10	11	13	11	17	7	14	15.3267187690512
sp|P47138|DPH4_YEAST	4932.YJR097W	5	6	16	14	9	7	6	11	10	18	4	11	3	8	9	15	7	6	1	6	10.8077159667265
sp|P35127|UBL1_YEAST	4932.YJR099W	14	1	14	20	12	12	3	11	10	26	3	19	11	9	7	23	14	16	3	8	5.25083222556696
sp|P47140|AIM25_YEAST	4932.YJR100C	15	2	22	14	26	22	8	26	15	17	11	18	11	11	24	25	23	23	4	10	0.87157714432586
sp|P47141|RT26_YEAST	4932.YJR101W	11	2	10	13	14	15	7	16	20	30	4	28	10	8	7	24	11	20	6	10	38.269032463087
sp|P38627|URA8_YEAST	4932.YJR103W	24	8	33	48	16	50	19	41	32	58	14	25	25	17	28	38	31	47	7	17	27.338392867155
sp|P00445|SODC_YEAST	4932.YJR104C	13	2	9	10	6	22	6	6	10	6	2	8	8	3	4	11	10	17	0	1	2358.13463238922
sp|P47143|ADK_YEAST	4932.YJR105W	41	3	23	19	17	27	7	16	24	31	6	13	15	11	5	22	19	29	2	10	1103.33856592094
sp|P03965|CARB_YEAST	4932.YJR109C	91	11	65	82	45	66	16	84	75	102	19	57	47	33	41	83	62	87	8	44	1468.02431119593
sp|P47147|YMR1_YEAST	4932.YJR110W	15	10	49	36	41	33	22	39	49	75	11	52	24	31	36	58	35	36	13	23	7.62700414399882
sp|P47148|YJ81_YEAST	4932.YJR111C	18	3	11	13	8	12	9	19	15	36	7	18	16	16	13	19	17	17	6	10	12.7509676636929
sp|P47149|NNF1_YEAST	4932.YJR112W	9	4	13	26	4	5	5	10	14	22	6	14	3	16	10	12	5	14	2	7	45.9137332626897
sp|P47150|RT07_YEAST	4932.YJR113C	27	3	7	17	5	9	5	14	18	24	6	8	14	16	18	19	14	13	5	5	40.4906408967156
sp|P47154|STE24_YEAST	4932.YJR117W	21	3	23	18	41	15	13	36	31	58	13	18	19	13	11	39	28	27	5	21	172.938046116843
sp|P47155|ILM1_YEAST	4932.YJR118C	10	2	13	17	19	5	2	16	9	23	3	23	5	8	5	10	11	13	2	7	13.8619334445743
sp|P00830|ATPB_YEAST	4932.YJR121W	54	1	25	38	18	46	7	34	29	48	8	11	25	20	25	28	37	45	1	11	921.284548216224
sp|P47158|CAF17_YEAST	4932.YJR122W	17	2	26	34	33	23	9	32	36	49	3	37	33	13	25	34	37	31	6	17	1.70856306178913
sp|P26783|RS5_YEAST	4932.YJR123W	24	1	10	20	7	10	2	17	15	14	3	13	9	11	17	9	16	23	1	3	3474.97507258943
sp|P47159|YJ94_YEAST	4932.YJR124C	35	11	17	16	28	27	8	38	19	64	20	16	16	8	15	33	28	30	5	14	0.718110334274454
sp|P47160|ENT3_YEAST	4932.YJR125C	36	0	33	35	21	22	5	19	28	22	8	27	15	18	17	49	27	14	2	10	23.5292699581873
sp|P46974|RSF2_YEAST	4932.YJR127C	86	27	70	63	70	47	38	77	76	137	36	104	87	51	64	154	85	58	14	36	6.85809966983347
sp|P47164|MET7_YEAST	4932.YJR130C	30	14	35	50	37	38	11	39	47	62	14	37	23	15	28	51	39	41	4	24	21.6387307014018
sp|P32906|MNS1_YEAST	4932.YJR131W	26	5	33	38	27	37	18	29	28	60	16	22	19	14	24	49	34	26	13	31	29.2285058404894
sp|P46970|NMD5_YEAST	4932.YJR132W	53	20	76	74	58	34	10	70	60	136	21	60	38	52	31	76	59	67	13	40	46.1568841081541
sp|P47165|XPT1_YEAST	4932.YJR133W	15	2	14	16	4	13	7	22	15	18	7	10	7	9	10	10	10	11	3	6	12.2110513843842
sp|P47166|SGM1_YEAST	4932.YJR134C	33	2	52	92	11	14	11	32	70	83	14	49	14	44	28	72	38	31	3	14	3.94358060419556
sp|P47167|MCM22_YEAST	4932.YJR135C	9	0	20	15	9	7	4	17	19	35	8	18	6	10	12	20	14	9	2	5	2.4159244408546
sp|P57744|TIM8_YEAST	4932.YJR135W-A	2	4	5	6	4	2	1	5	6	8	2	9	0	6	3	13	6	5	0	0	12.3317448862218
sp|P47169|MET5_YEAST	4932.YJR137C	88	7	97	97	63	89	28	81	102	162	16	82	66	56	52	118	87	85	15	51	55.893981061242
sp|P47170|IML1_YEAST	4932.YJR138W	58	16	107	88	76	68	39	117	134	146	33	106	62	54	82	152	88	86	24	48	1.78256904360127
sp|P31116|DHOM_YEAST	4932.YJR139C	34	0	22	18	16	24	3	25	32	32	2	14	15	7	8	34	25	36	2	10	884.832251741955
sp|P47171|HIR3_YEAST	4932.YJR140C	66	19	107	119	89	54	38	119	128	201	28	106	47	68	70	148	76	72	20	73	0.99690505390373
sp|P47173|YJ9J_YEAST	4932.YJR142W	10	3	19	34	19	20	6	22	28	33	9	19	14	7	15	20	16	27	4	17	3.3038323662645
sp|P46971|PMT4_YEAST	4932.YJR143C	47	11	37	39	59	36	27	44	44	74	12	25	41	22	25	56	40	61	23	39	27.9037426175619
sp|P32787|MG101_YEAST	4932.YJR144W	15	7	13	16	10	23	5	15	30	17	4	9	11	8	13	20	20	18	5	10	59.0664035365197
sp|P05753|RS4A_YEAST	4932.YJR145C	15	1	18	9	9	24	10	16	27	25	3	10	12	5	22	8	14	23	1	9	2712.80166804899
sp|P47176|BCA2_YEAST	4932.YJR148W	27	6	14	27	14	33	4	22	27	35	8	17	24	13	14	18	32	20	8	13	327.34924870945
sp|P47181|YJ9S_YEAST	4932.YJR154W	16	9	19	25	18	30	15	18	24	26	9	17	10	11	12	25	20	23	2	17	1.49698116386318
sp|Q02196|KAPS_YEAST	4932.YKL001C	16	4	12	18	7	10	4	18	17	21	1	7	7	5	15	13	11	7	2	7	34.9988333460635
sp|P36108|DID4_YEAST	4932.YKL002W	18	0	16	22	6	11	1	11	18	22	11	14	7	21	15	14	10	13	1	1	21.1671739196938
sp|P28778|RT06_YEAST	4932.YKL003C	6	0	8	7	3	5	3	13	13	17	4	4	4	5	10	13	3	9	0	4	7.32807652186031
sp|P36107|AUR1_YEAST	4932.YKL004W	29	7	20	8	36	19	9	25	13	47	10	14	29	7	8	39	25	24	10	22	69.5844761387599
sp|P36106|BYE1_YEAST	4932.YKL005C	31	10	52	64	19	25	14	37	67	44	9	29	23	13	25	51	26	29	1	25	2.47082025411931
sp|P43682|SFT1_YEAST	4932.YKL006C-A	5	0	5	3	6	5	0	7	5	12	4	9	0	3	7	14	6	3	1	2	31.2053379345485
sp|P28495|CAPZA_YEAST	4932.YKL007W	8	2	17	23	13	14	6	26	20	18	1	24	10	8	10	26	9	18	3	12	113.489880384125
sp|P28496|LAC1_YEAST	4932.YKL008C	21	4	20	13	35	16	10	33	25	43	12	16	14	11	23	34	30	25	10	23	54.1433823235391
sp|P33201|MRT4_YEAST	4932.YKL009W	11	2	13	22	7	12	2	14	23	20	5	8	10	7	15	17	17	18	2	11	296.981973833242
sp|P33202|UFD4_YEAST	4932.YKL010C	66	23	112	128	77	78	34	110	79	167	33	73	44	38	71	139	78	83	7	43	18.6108155408317
sp|Q03702|CCE1_YEAST	4932.YKL011C	10	8	15	24	17	8	4	24	39	41	10	27	10	18	15	34	23	14	5	7	2.48713626965605
sp|P33203|PRP40_YEAST	4932.YKL012W	31	1	37	54	20	14	12	37	62	54	8	35	17	29	37	37	42	19	13	24	0.452641218915263
sp|P33204|ARPC4_YEAST	4932.YKL013C	11	0	5	20	10	2	4	12	7	18	6	8	7	7	12	15	7	14	0	6	134.038617195351
sp|P34241|URB1_YEAST	4932.YKL014C	68	15	88	117	94	52	25	152	139	211	37	126	51	57	64	173	105	97	25	68	46.7990390243995
sp|P30902|ATP7_YEAST	4932.YKL016C	11	0	13	13	5	4	2	9	22	16	4	7	5	9	7	18	10	13	2	4	197.381647195178
sp|P34243|HCS1_YEAST	4932.YKL017C	23	6	43	48	20	25	13	68	58	74	11	51	28	33	33	45	42	40	5	17	1.4972552323355
sp|P36104|SWD2_YEAST	4932.YKL018W	14	8	21	14	25	19	7	22	21	30	6	24	16	12	7	31	19	16	3	14	10.4353172329603
sp|P29703|FNTA_YEAST	4932.YKL019W	18	4	26	21	13	5	9	22	17	39	8	17	15	10	14	22	12	14	11	19	2.83176383442209
sp|P35210|SPT23_YEAST	4932.YKL020C	42	16	76	42	55	44	22	66	61	112	28	126	46	36	48	130	69	38	7	18	0.931202635000991
sp|P20484|MAK11_YEAST	4932.YKL021C	22	8	31	35	21	24	17	31	50	42	9	23	9	12	22	37	27	29	6	13	56.1298045416346
sp|P09798|CDC16_YEAST	4932.YKL022C	63	16	55	44	34	27	17	36	62	93	22	78	27	30	31	77	50	36	6	36	11.939993477986
sp|P36103|YKC3_YEAST	4932.YKL023W	10	2	20	36	4	10	4	11	40	25	4	23	6	14	22	22	14	7	1	2	15.6353110544421
sp|P15700|KCY_YEAST	4932.YKL024C	12	4	16	15	12	13	2	15	17	15	4	6	7	9	13	16	9	15	0	4	134.705727957707
sp|P36102|PAN3_YEAST	4932.YKL025C	25	9	42	24	33	23	12	60	42	58	16	72	45	19	17	69	50	31	5	27	18.7674161483173
sp|P36101|YKC7_YEAST	4932.YKL027W	21	5	29	27	12	27	5	28	39	44	5	18	20	20	24	33	27	43	8	12	66.9463461181301
sp|P36100|T2EA_YEAST	4932.YKL028W	37	4	51	60	11	16	7	23	34	39	10	32	21	22	22	28	27	23	2	13	53.4156191221934
sp|P36013|MAOM_YEAST	4932.YKL029C	55	9	35	42	22	43	17	37	36	65	12	28	39	26	45	41	45	47	5	20	172.327481524674
sp|P33417|IXR1_YEAST	4932.YKL032C	37	1	18	24	13	22	18	18	27	45	10	56	44	124	16	53	32	15	4	20	66.4578201591896
sp|P36097|TTI1_YEAST	4932.YKL033W	39	22	61	89	49	25	22	90	68	129	22	48	35	45	37	100	49	72	8	28	0.730384196462747
sp|Q86ZR7|YKD3A_YEAST	4932.YKL033W-A	15	4	15	20	10	21	7	14	23	32	3	7	14	3	5	8	15	11	4	5	63.9632834262964
sp|P32861|UGPA1_YEAST	4932.YKL035W	23	4	31	31	21	30	16	34	35	57	7	33	21	12	26	39	29	36	3	11	531.755016189687
sp|P32857|PTM1_YEAST	4932.YKL039W	32	9	34	24	38	26	7	42	28	54	16	22	20	19	15	31	31	35	6	34	5.31334441052216
sp|P32860|NFU1_YEAST	4932.YKL040C	8	3	16	30	8	15	6	23	24	26	7	10	8	10	7	19	15	12	2	7	108.894591928588
sp|P36095|VPS24_YEAST	4932.YKL041W	12	0	16	28	1	6	0	13	19	18	13	15	5	14	19	11	9	18	1	6	38.6256241241949
sp|P36094|SPC42_YEAST	4932.YKL042W	11	2	30	28	7	5	6	16	35	30	11	39	23	13	24	33	18	17	0	15	8.70919531934331
sp|P36092|YKE44_YEAST	4932.YKL044W	8	1	0	1	12	1	4	9	5	12	4	4	7	4	7	10	5	6	1	5	0.384333705927915
sp|P20457|PRI2_YEAST	4932.YKL045W	22	8	21	47	32	18	14	32	42	64	7	35	15	36	30	46	19	12	5	23	0.645531139343962
sp|P36091|DCW1_YEAST	4932.YKL046C	48	8	27	16	19	44	5	20	12	35	13	34	11	19	11	24	34	25	17	27	70.1639651443637
sp|P36090|YKE7_YEAST	4932.YKL047W	25	8	28	41	29	22	13	46	35	51	5	34	23	20	15	44	24	27	6	20	4.34259146599497
sp|P36012|CENPA_YEAST	4932.YKL049C	17	0	13	23	4	5	3	12	16	24	6	7	5	16	25	21	13	9	2	8	33.3716244690217
sp|P35735|SFK1_YEAST	4932.YKL051W	26	6	12	13	28	20	11	27	15	32	9	14	15	10	9	37	12	22	13	22	71.7319234195138
sp|P35734|ASK1_YEAST	4932.YKL052C	16	2	25	26	7	17	12	18	14	16	6	23	15	18	9	32	19	14	1	2	40.823432624723
sp|O60200|MDM35_YEAST	4932.YKL053C-A	8	4	4	10	4	5	0	2	11	5	2	5	3	2	1	6	4	4	2	4	12.7306004078899
sp|P35732|DEF1_YEAST	4932.YKL054C	63	0	26	64	12	28	16	13	49	20	7	46	53	171	7	56	33	32	4	38	753.33440671229
sp|P35731|FABG_YEAST	4932.YKL055C	20	7	8	17	7	16	3	23	17	22	10	11	13	13	16	27	19	13	5	11	20.3616367323092
sp|P35691|TCTP_YEAST	4932.YKL056C	13	1	17	15	9	12	2	11	15	7	7	8	5	4	2	7	7	16	2	7	2077.70154665084
sp|P35729|NU120_YEAST	4932.YKL057C	31	18	64	66	71	34	27	66	51	150	15	74	24	42	35	96	56	55	10	52	9.90524282199611
sp|P32774|T2AG_YEAST	4932.YKL058W	7	3	12	6	3	7	1	6	8	10	2	6	1	4	6	13	9	13	1	4	49.9800637085008
sp|P35728|MPE1_YEAST	4932.YKL059C	20	8	28	34	21	27	6	22	35	25	12	24	36	21	24	27	39	21	4	7	17.3643999674159
sp|P14540|ALF_YEAST	4932.YKL060C	33	5	18	31	15	30	12	23	27	24	8	18	16	9	10	20	20	22	3	15	21361.7186466175
sp|P33749|MSN4_YEAST	4932.YKL062W	42	4	41	26	28	17	21	28	39	40	16	70	36	25	25	92	49	19	3	9	7.98362092817238
sp|P35725|YKG3_YEAST	4932.YKL063C	12	1	11	12	2	7	2	11	25	13	2	14	5	14	6	10	6	8	0	6	34.361387371426
sp|P35724|MNR2_YEAST	4932.YKL064W	43	6	74	59	33	42	25	55	65	72	24	62	47	34	67	128	46	52	11	24	11.6510241612835
sp|P35723|YET1_YEAST	4932.YKL065C	10	2	5	10	11	10	1	18	19	23	5	13	6	14	9	20	10	11	1	8	116.557357903813
sp|Q2V2P2|YK065_YEAST	4932.YKL065W-A	0	0	2	3	2	3	1	6	10	7	3	4	3	3	5	9	2	6	0	4	2.1543487556009
sp|P36010|NDK_YEAST	4932.YKL067W	9	1	9	11	7	14	3	9	14	12	3	4	6	6	8	11	6	13	4	3	417.75165444739
sp|Q02629|NU100_YEAST	4932.YKL068W	40	5	24	19	60	120	7	27	45	67	10	144	45	61	14	138	92	28	1	12	33.1678756022507
sp|P36088|FRMSR_YEAST	4932.YKL069W	11	6	11	12	7	15	6	13	13	16	2	11	4	7	0	15	8	14	3	6	38.3050529131242
sp|P36016|LHS1_YEAST	4932.YKL073W	46	3	52	84	41	41	14	63	68	92	15	58	29	35	39	77	51	50	2	21	20.2689045998073
sp|P36084|MUD2_YEAST	4932.YKL074C	22	8	36	34	25	29	7	28	36	40	11	46	19	21	38	49	31	22	4	21	4.68018738564194
sp|P36083|YKH5_YEAST	4932.YKL075C	19	9	33	49	15	19	8	24	45	44	10	29	13	13	16	32	20	26	6	20	11.1925501298822
sp|P36081|YKH7_YEAST	4932.YKL077W	11	2	24	28	24	16	8	17	39	24	7	20	23	10	20	25	28	36	7	23	106.902698321298
sp|P36009|DHR2_YEAST	4932.YKL078W	41	13	35	51	25	42	10	50	55	72	17	29	29	29	47	64	39	58	5	24	3.95144225851885
sp|P32364|SMY1_YEAST	4932.YKL079W	23	6	33	58	18	25	15	40	60	72	12	41	22	27	27	87	44	30	3	13	21.8477959668421
sp|P31412|VATC_YEAST	4932.YKL080W	31	1	21	28	21	13	7	28	34	40	4	24	16	13	12	32	22	28	3	14	313.82745478775
sp|P36008|EF1G2_YEAST	4932.YKL081W	44	2	27	28	22	20	5	15	42	37	7	22	24	8	14	24	16	28	11	16	1455.82574814978
sp|P36080|RRP14_YEAST	4932.YKL082C	28	0	36	55	7	18	2	21	84	30	11	16	12	21	32	29	11	14	3	4	4.17517573330868
sp|P36079|YKI3_YEAST	4932.YKL083W	13	11	4	1	31	3	3	17	2	33	3	7	11	0	6	29	6	5	1	18	0.210455192242921
sp|P17505|MDHM_YEAST	4932.YKL085W	30	1	17	20	13	28	8	23	27	30	6	18	19	6	12	25	19	29	0	3	409.073833036299
sp|P36076|CAB3_YEAST	4932.YKL088W	29	2	41	62	18	20	13	39	46	35	12	43	26	41	24	44	33	30	5	8	48.2172516484273
sp|P35201|MIF2_YEAST	4932.YKL089W	22	1	61	52	21	24	4	34	47	34	6	34	28	18	30	52	32	29	2	18	6.84747910642901
sp|P33324|YKJ1_YEAST	4932.YKL091C	12	3	15	26	15	17	5	23	26	29	8	15	18	7	16	19	18	14	2	22	13.0353514209796
sp|P33314|BUD2_YEAST	4932.YKL092C	32	12	61	73	53	41	15	99	106	129	21	100	32	35	44	118	54	39	15	25	14.84440062104
sp|P23493|MBR1_YEAST	4932.YKL093W	19	12	19	20	14	15	5	11	18	25	6	28	23	13	18	58	22	8	0	5	2.86706423863431
sp|P28321|MGLL_YEAST	4932.YKL094W	14	4	19	15	19	28	12	19	26	24	10	16	18	13	11	16	17	14	3	15	70.8628322268905
sp|P28320|CWC16_YEAST	4932.YKL095W	13	4	18	25	5	9	3	14	36	23	11	22	13	13	20	17	13	11	0	8	102.860203890277
sp|P28319|CWP1_YEAST	4932.YKL096W	31	0	17	11	10	20	2	11	14	13	3	5	4	6	2	52	16	14	0	8	189.709912284643
sp|P34247|UTP11_YEAST	4932.YKL099C	9	0	15	18	9	7	9	7	41	22	8	10	3	20	21	23	11	11	1	5	7.61401506239312
sp|P34248|YKK0_YEAST	4932.YKL100C	34	5	43	31	38	13	17	42	42	67	12	42	15	10	12	56	28	43	11	26	7.03298185673457
sp|P34244|HSL1_YEAST	4932.YKL101W	78	7	73	105	42	51	40	81	140	128	31	115	78	53	75	214	88	81	7	31	0.88525842819411
sp|P14904|AMPL_YEAST	4932.YKL103C	31	5	31	39	26	44	14	31	38	50	6	28	24	14	18	33	28	33	6	15	65.8336934749368
sp|P14742|GFA1_YEAST	4932.YKL104C	45	16	40	53	27	48	21	53	45	76	11	30	27	27	36	51	34	52	4	21	133.75010693096
sp|P34250|YKK5_YEAST	4932.YKL105C	52	5	93	93	19	53	29	51	98	80	19	92	62	37	56	148	76	45	1	23	2.15018231824372
sp|Q01802|AATM_YEAST	4932.YKL106W	20	8	23	18	24	27	9	24	34	47	10	34	22	24	18	32	17	29	9	22	27.3671264018335
sp|P34252|SLD2_YEAST	4932.YKL108W	13	2	32	43	15	17	8	27	48	35	5	26	28	17	35	43	26	21	2	10	4.97780126651613
sp|P34253|KTI12_YEAST	4932.YKL110C	9	6	21	12	12	13	6	30	24	32	2	23	16	16	11	30	21	17	3	9	12.5099809661892
sp|P14164|ABF1_YEAST	4932.YKL112W	33	3	83	45	14	34	39	35	48	46	11	107	24	23	20	71	35	40	2	18	74.6407381355785
sp|P26793|FEN1_YEAST	4932.YKL113C	25	7	18	37	13	25	7	27	44	37	10	12	15	13	21	22	19	18	3	9	40.29347212967
sp|P22936|APN1_YEAST	4932.YKL114C	21	5	20	29	16	27	8	18	40	33	9	23	12	13	12	27	20	16	3	15	63.6953793451629
sp|P28708|PRR1_YEAST	4932.YKL116C	23	9	34	34	17	18	8	32	30	57	11	28	36	18	30	50	30	28	7	18	22.4760072964829
sp|P28707|SBA1_YEAST	4932.YKL117W	17	1	20	23	5	20	6	10	17	13	10	7	10	13	3	11	7	11	3	9	534.865906736082
sp|P32332|OAC1_YEAST	4932.YKL120W	26	3	9	12	14	32	5	30	24	28	9	15	11	17	10	22	18	26	2	11	195.777023424603
sp|P32330|DGR2_YEAST	4932.YKL121W	31	18	48	42	51	46	31	51	62	62	14	65	37	22	38	108	56	37	7	26	0.788583816488849
sp|P32342|SRP21_YEAST	4932.YKL122C	10	0	6	5	4	7	2	11	32	9	1	16	8	6	5	19	13	10	0	3	91.639809316939
sp|P36070|RRN3_YEAST	4932.YKL125W	27	10	54	50	35	24	8	51	38	60	16	34	17	29	25	58	29	29	9	24	0.76675617982388
sp|P12688|YPK1_YEAST	4932.YKL126W	33	5	49	37	34	41	13	43	53	70	12	33	36	24	26	66	38	34	7	26	76.3584658164972
sp|P33401|PGM1_YEAST	4932.YKL127W	41	7	34	34	32	54	10	42	44	46	5	27	30	13	23	34	31	32	7	24	91.0137230654178
sp|P36069|PMU1_YEAST	4932.YKL128C	16	4	16	22	9	19	15	11	14	34	7	11	15	10	17	20	18	18	7	12	63.9301231845438
sp|P36006|MYO3_YEAST	4932.YKL129C	101	10	79	65	46	71	24	89	131	85	24	70	61	55	57	101	73	70	10	50	55.1608868118462
sp|P36068|SHE2_YEAST	4932.YKL130C	13	4	18	21	15	7	5	18	19	33	3	13	4	7	7	19	15	15	3	7	40.9013618599118
sp|P36000|AP1B1_YEAST	4932.YKL135C	41	14	52	47	20	24	11	54	50	99	24	43	27	31	26	51	39	50	4	19	40.6866909222013
sp|P36064|COXM1_YEAST	4932.YKL137W	6	5	7	9	3	2	1	4	17	9	5	5	4	9	5	7	5	4	1	3	6.84400807760492
sp|P69852|HSK3_YEAST	4932.YKL138C-A	2	1	1	5	0	5	2	3	5	9	4	6	0	10	2	3	4	2	1	4	0.199172774945484
sp|Q03957|CTK1_YEAST	4932.YKL139W	14	6	23	28	17	29	11	26	46	46	12	57	25	24	28	51	32	23	4	26	11.914508214418
sp|P34163|TGL1_YEAST	4932.YKL140W	28	6	37	26	34	15	19	48	33	55	11	37	25	16	24	49	29	32	9	15	9.99686312202284
sp|P33421|SDH3_YEAST	4932.YKL141W	18	0	1	6	10	14	5	12	13	33	5	7	5	5	9	19	16	7	4	9	3.75954791682103
sp|P35719|MRP8_YEAST	4932.YKL142W	10	0	23	25	13	8	2	13	23	27	1	8	7	9	9	17	9	12	1	2	162.84000934315
sp|P34078|LTV1_YEAST	4932.YKL143W	24	0	53	60	19	20	7	19	44	32	9	26	16	20	22	37	13	25	1	16	45.867958580312
sp|P35718|RPC8_YEAST	4932.YKL144C	9	4	11	23	12	13	2	20	14	17	4	10	13	7	8	10	11	13	5	6	3.09981870268592
sp|P33299|PRS7_YEAST	4932.YKL145W	32	6	40	38	14	36	3	29	36	35	12	19	26	12	33	26	26	30	3	11	290.209321092504
sp|P36062|AVT3_YEAST	4932.YKL146W	54	9	19	30	37	50	18	46	31	76	11	41	36	18	25	78	39	43	8	23	14.815829709188
sp|Q00711|DHSA_YEAST	4932.YKL148C	61	11	36	38	19	58	26	31	34	51	15	23	23	19	39	40	48	40	7	21	51.5642061804015
sp|P36060|MCR1_YEAST	4932.YKL150W	15	1	20	15	23	20	10	15	31	26	5	16	19	12	7	22	15	18	3	9	162.153824951782
sp|P36059|NNRD_YEAST	4932.YKL151C	18	12	22	22	10	29	7	23	29	33	13	12	13	9	16	23	15	20	1	10	15.8852598911666
sp|P00950|PMG1_YEAST	4932.YKL152C	24	0	16	17	6	15	4	11	24	28	2	11	16	8	12	15	8	16	5	9	6666.15490574525
sp|P36057|SRPB_YEAST	4932.YKL154W	16	3	14	17	8	11	1	22	23	26	2	9	8	8	9	24	19	17	2	5	77.3706360639078
sp|P36056|RT22_YEAST	4932.YKL155C	28	6	36	43	25	36	17	45	60	56	12	48	28	30	41	42	25	28	5	17	13.1738583073599
sp|P32454|APE2_YEAST	4932.YKL157W	64	7	57	56	48	49	15	47	80	85	23	48	38	31	36	75	69	70	23	31	160.796788556526
sp|P36054|RCN1_YEAST	4932.YKL159C	8	4	20	10	10	6	5	20	14	18	5	16	14	17	9	15	10	7	1	2	2.22108860157291
sp|P36053|ELF1_YEAST	4932.YKL160W	3	5	21	13	4	11	1	5	13	7	1	6	2	7	8	18	8	9	1	2	63.2707723741526
sp|P36005|KDX1_YEAST	4932.YKL161C	17	12	19	35	24	22	17	33	26	46	7	22	21	18	17	37	18	21	4	17	4.54314681786422
sp|Q03180|PIR3_YEAST	4932.YKL163W	59	4	21	4	5	23	2	19	18	13	2	7	9	32	4	40	29	23	2	9	1.86341091686974
sp|Q03178|PIR1_YEAST	4932.YKL164C	54	4	17	5	5	32	2	31	18	14	2	9	14	32	3	25	50	14	2	8	64.1560716631899
sp|P36051|MCD4_YEAST	4932.YKL165C	43	5	43	39	77	46	26	88	42	108	19	43	34	26	30	78	56	54	17	45	35.0581381232409
sp|P05986|KAPC_YEAST	4932.YKL166C	15	4	23	29	20	23	11	25	28	35	11	24	23	15	17	24	23	22	5	21	46.3585294140508
sp|P32388|RM49_YEAST	4932.YKL167C	3	1	7	9	5	5	6	12	14	13	6	8	8	7	7	7	6	9	1	3	58.2007192281428
sp|P35996|RM38_YEAST	4932.YKL170W	10	7	8	2	2	11	1	14	15	7	4	9	4	4	9	8	9	13	0	1	28.0774816313496
sp|P36049|EBP2_YEAST	4932.YKL172W	28	0	34	70	12	16	11	8	70	30	8	14	8	20	27	30	14	21	1	5	29.3155702177239
sp|P36048|SN114_YEAST	4932.YKL173W	39	9	59	74	38	59	17	81	76	116	22	48	53	33	40	80	50	65	9	40	17.4748731925512
sp|P36029|TPO5_YEAST	4932.YKL174C	33	8	27	32	44	34	13	55	26	78	17	32	24	10	15	54	34	52	9	21	4.523547631715
sp|P34240|ZRT3_YEAST	4932.YKL175W	22	14	23	27	27	36	32	24	22	62	10	23	23	14	13	70	23	22	3	13	2.58049341751562
sp|P34239|LST4_YEAST	4932.YKL176C	29	10	40	43	32	35	13	64	49	79	18	64	40	30	44	114	52	35	8	29	0.191595505749366
sp|P34237|CASP_YEAST	4932.YKL179C	41	1	33	79	13	25	9	33	72	75	13	53	11	35	31	66	35	29	3	22	27.794934472785
sp|P32895|KPR1_YEAST	4932.YKL181W	30	8	35	27	10	32	12	37	23	35	11	18	15	15	26	33	17	32	1	10	158.827438919413
sp|P07149|FAS1_YEAST	4932.YKL182W	128	15	114	136	112	134	39	136	139	179	42	98	109	72	73	147	131	162	23	62	1183.02420737975
sp|P08432|DCOR_YEAST	4932.YKL184W	35	11	30	32	26	25	12	24	31	46	7	26	18	12	16	33	27	32	3	20	7.52359162377374
sp|P34232|MTR2_YEAST	4932.YKL186C	11	3	13	2	11	10	3	13	8	12	7	23	11	13	8	7	12	11	2	4	90.1813166895143
sp|P34231|YKS7_YEAST	4932.YKL187C	66	4	39	23	26	31	10	56	23	103	13	55	29	29	18	86	76	37	6	20	7.5504012525115
sp|P34230|PXA2_YEAST	4932.YKL188C	45	11	44	56	36	35	16	59	67	114	14	57	27	31	48	81	47	34	7	24	16.7585324725521
sp|P32464|HYM1_YEAST	4932.YKL189W	19	7	21	23	25	8	7	33	34	41	12	25	15	16	15	38	25	21	3	11	6.63738106552974
sp|P25296|CANB_YEAST	4932.YKL190W	7	0	22	14	13	14	0	15	11	14	5	8	3	5	10	16	6	10	0	2	88.2138367382696
sp|P32461|DPH2_YEAST	4932.YKL191W	36	8	39	35	26	28	17	30	26	51	7	23	23	21	19	40	35	45	5	20	37.7641145922844
sp|P32463|ACPM_YEAST	4932.YKL192C	10	1	12	7	5	3	1	11	6	8	3	7	4	5	8	15	5	11	0	3	304.02345677495
sp|P36047|SDS22_YEAST	4932.YKL193C	4	1	23	31	9	8	9	29	34	57	2	35	9	8	8	31	18	13	2	7	70.4950432326847
sp|P07236|SYTM_YEAST	4932.YKL194C	20	5	28	31	31	22	12	29	41	42	14	29	23	19	23	28	20	20	10	15	3.36175676124038
sp|P36046|MIA40_YEAST	4932.YKL195W	27	8	36	59	9	24	6	9	37	16	7	31	17	20	13	45	17	16	1	5	58.4135431987005
sp|P36015|YKT6_YEAST	4932.YKL196C	13	3	11	18	8	12	3	13	17	16	6	6	4	11	8	16	11	13	1	10	102.41307848205
sp|P24004|PEX1_YEAST	4932.YKL197C	55	16	64	68	42	59	24	82	84	110	13	63	38	43	42	80	59	64	11	26	12.8378406580875
sp|P32600|TOR2_YEAST	4932.YKL203C	156	31	125	160	92	99	65	185	163	316	58	134	101	110	120	196	119	136	34	74	4.90971632450936
sp|P36041|EAP1_YEAST	4932.YKL204W	25	0	28	31	26	42	11	21	54	43	24	57	72	47	21	73	28	17	3	9	56.8333335164778
sp|P33418|XPOT_YEAST	4932.YKL205W	37	19	63	60	77	27	11	119	73	137	32	109	31	53	21	77	67	49	11	27	14.2829247909632
sp|P36040|POC2_YEAST	4932.YKL206C	14	4	19	16	14	9	2	20	14	31	5	18	13	15	8	25	3	18	6	13	27.9290653696915
sp|P36039|EMC3_YEAST	4932.YKL207W	18	2	13	9	10	18	4	18	13	28	15	14	13	22	4	14	10	15	7	6	11.2791926645512
sp|P12866|STE6_YEAST	4932.YKL209C	73	26	53	66	61	76	24	111	73	151	37	67	24	52	53	114	95	76	15	43	42.1345873701273
sp|P22515|UBA1_YEAST	4932.YKL210W	58	10	81	71	65	66	16	58	79	97	14	61	49	34	33	73	53	75	6	25	633.381427475125
sp|P00937|TRPG_YEAST	4932.YKL211C	32	9	23	33	17	32	15	33	34	47	8	23	24	14	18	39	23	41	3	16	242.269865826798
sp|P32368|SAC1_YEAST	4932.YKL212W	40	4	37	33	40	37	20	32	40	57	6	41	23	27	30	36	35	50	9	26	248.239545957909
sp|P36037|DOA1_YEAST	4932.YKL213C	38	8	54	42	26	45	10	51	49	61	8	45	22	26	19	69	40	63	14	25	41.3767932343843
sp|P36036|YRA2_YEAST	4932.YKL214C	10	1	15	19	6	10	8	12	18	11	4	12	12	5	23	15	7	7	0	8	38.2565832731054
sp|P28273|OPLA_YEAST	4932.YKL215C	79	14	78	74	58	125	28	111	84	108	18	58	53	36	58	105	79	77	8	35	35.572530434308
sp|P28272|PYRD_YEAST	4932.YKL216W	20	3	13	24	20	26	3	23	25	29	8	22	17	7	9	19	17	17	0	12	1871.16023040609
sp|P36035|JEN1_YEAST	4932.YKL217W	56	11	27	37	40	41	9	40	32	63	16	17	27	18	23	41	32	41	16	29	1.39311774877695
sp|P36007|SRY1_YEAST	4932.YKL218C	35	3	16	20	12	34	7	22	20	30	7	12	14	12	15	19	15	24	0	9	7.72838149356093
sp|P36034|COS9_YEAST	4932.YKL219W	15	9	17	25	42	13	9	23	34	42	12	22	18	14	16	28	17	23	15	13	2.71461959616191
sp|P35995|YKW2_YEAST	4932.YKL222C	28	16	35	48	40	24	25	54	51	78	14	43	27	25	38	62	35	24	8	30	0.209563050420456
sp|P21576|VPS1_YEAST	4932.YKR001C	36	2	41	53	22	39	13	60	64	70	14	31	38	31	31	55	40	46	1	17	254.134311228714
sp|P29468|PAP_YEAST	4932.YKR002W	38	8	36	40	29	27	10	38	48	50	9	30	27	17	30	35	29	43	7	17	30.733551432955
sp|Q02201|OSH6_YEAST	4932.YKR003W	20	3	31	30	21	23	12	32	46	35	10	16	30	23	19	33	18	22	5	19	52.9257673106112
sp|Q02202|ECM9_YEAST	4932.YKR004C	13	7	21	19	30	5	8	24	26	45	5	31	13	16	15	30	24	20	7	18	1.53227966820041
sp|Q02204|RM13_YEAST	4932.YKR006C	17	3	17	19	10	7	4	15	30	24	4	13	12	17	12	27	13	9	3	8	83.575778470987
sp|Q02205|MEH1_YEAST	4932.YKR007W	13	2	12	18	3	13	6	9	9	17	3	13	6	15	9	18	10	6	0	2	45.3994823057576
sp|Q02206|RSC4_YEAST	4932.YKR008W	24	3	40	52	31	23	13	44	54	68	14	58	29	30	15	44	26	25	3	29	88.6483651144382
sp|Q02207|FOX2_YEAST	4932.YKR009C	79	6	39	51	45	72	18	56	77	77	12	49	39	28	28	58	56	71	10	29	118.996850611165
sp|Q02208|TOF2_YEAST	4932.YKR010C	31	5	68	44	28	26	15	46	80	50	14	61	40	34	34	102	40	41	2	10	5.40371296878041
sp|Q02209|YKZ1_YEAST	4932.YKR011C	14	6	16	27	17	6	8	21	39	31	6	30	13	18	11	35	18	16	6	15	2.91447208520171
sp|P36110|PRY2_YEAST	4932.YKR013W	39	4	12	14	8	21	6	10	8	13	3	11	12	15	2	47	62	28	4	10	5.76700231682399
sp|P36018|YPT52_YEAST	4932.YKR014C	12	3	20	20	7	17	2	14	18	20	2	13	6	15	9	18	13	16	2	7	228.152687944821
sp|P36112|FCJ1_YEAST	4932.YKR016W	24	10	30	49	18	21	6	32	53	70	4	51	13	17	23	53	30	23	5	8	30.6709580180452
sp|P36114|YKR18_YEAST	4932.YKR018C	64	7	51	69	29	40	15	43	57	92	22	19	23	23	31	50	31	29	7	23	75.8212584603971
sp|P36115|IRS4_YEAST	4932.YKR019C	27	4	36	29	9	25	19	23	49	51	10	44	31	29	45	91	44	31	7	11	1.8691737877069
sp|P36117|ALY1_YEAST	4932.YKR021W	49	4	70	51	47	28	27	57	65	75	9	71	69	28	33	113	40	49	6	24	0.543720222462998
sp|P36119|YK03_YEAST	4932.YKR023W	29	8	36	58	12	19	14	24	64	42	9	37	15	32	26	43	25	25	4	8	15.6000899849419
sp|P36120|DBP7_YEAST	4932.YKR024C	42	9	44	42	31	47	27	45	68	68	18	38	27	25	40	62	47	42	4	16	26.4072538324522
sp|P36121|RPC5_YEAST	4932.YKR025W	23	0	26	39	10	10	4	14	20	16	4	18	12	14	12	15	12	23	3	7	39.2186046929404
sp|P14741|EI2BA_YEAST	4932.YKR026C	23	3	19	22	14	17	6	25	15	30	8	12	12	6	16	20	21	25	2	9	61.287466669125
sp|P36122|BCH2_YEAST	4932.YKR027W	28	20	48	50	37	28	11	65	47	98	19	42	29	23	37	71	34	38	10	30	7.62561270016234
sp|P36123|SA190_YEAST	4932.YKR028W	42	8	118	116	36	52	18	66	63	97	22	74	44	20	32	84	56	42	6	37	4.54516954515151
sp|P36124|SET3_YEAST	4932.YKR029C	43	13	54	48	20	25	19	53	75	58	9	55	35	27	41	79	40	25	7	25	8.2406519371176
sp|P36126|SPO14_YEAST	4932.YKR031C	72	16	107	130	75	73	60	103	128	168	31	126	64	58	107	155	70	64	30	46	13.5701935083282
sp|P69771|DID2_YEAST	4932.YKR035W-A	18	1	16	17	4	6	0	6	22	20	11	16	1	16	11	15	7	15	0	2	60.3768203956523
sp|P36130|CAF4_YEAST	4932.YKR036C	29	7	50	47	21	35	19	47	42	71	13	37	22	21	30	52	45	30	9	16	4.42955276389868
sp|P36131|SPC34_YEAST	4932.YKR037C	12	2	26	20	12	14	6	21	25	29	7	16	10	11	23	23	13	15	1	9	22.2153466331147
sp|P36132|KAE1_YEAST	4932.YKR038C	29	10	22	22	10	30	10	27	24	37	13	23	17	12	19	16	20	30	3	12	36.1533975897026
sp|P19145|GAP1_YEAST	4932.YKR039W	54	6	20	27	41	60	8	54	33	52	15	20	26	10	19	46	29	48	15	19	93.1933036924287
sp|P36135|UTH1_YEAST	4932.YKR042W	43	10	18	10	5	41	5	13	12	14	4	22	13	11	3	57	28	33	6	17	107.072214415888
sp|P36136|SHB17_YEAST	4932.YKR043C	13	4	18	22	8	21	9	17	10	26	4	10	14	13	22	15	14	16	5	10	242.288964911375
sp|P36139|PET10_YEAST	4932.YKR046C	17	0	11	20	8	12	4	13	25	29	2	15	14	10	7	39	19	24	5	9	56.6079349940317
sp|P25293|NAP1_YEAST	4932.YKR048C	20	4	39	60	20	21	4	24	28	39	4	19	22	28	14	23	18	16	4	10	232.294977245065
sp|P36141|FMP46_YEAST	4932.YKR049C	4	3	10	4	5	5	2	8	12	13	3	6	8	12	8	8	7	7	5	3	6.60385411217357
sp|P23500|MRS4_YEAST	4932.YKR052C	38	6	8	14	15	19	8	23	15	25	13	14	14	12	9	22	22	12	5	10	25.3466530241946
sp|P36022|DYHC_YEAST	4932.YKR054C	183	49	228	316	218	150	83	309	308	499	91	222	112	171	177	324	224	255	53	120	3.2514153574382
sp|Q00246|RHO4_YEAST	4932.YKR055W	13	6	15	18	9	17	5	18	18	30	5	17	19	6	13	31	23	16	2	10	9.06505863863973
sp|P33753|TRM2_YEAST	4932.YKR056W	27	11	38	44	38	32	11	38	63	50	10	37	30	21	32	46	40	48	3	20	6.89860664617846
sp|P36143|GLG1_YEAST	4932.YKR058W	29	5	51	63	26	16	10	33	37	46	8	57	35	32	8	63	40	31	8	18	0.392382675850264
sp|P10081|IF4A_YEAST	4932.YKR059W	24	3	26	32	19	23	4	33	21	35	12	14	12	22	24	21	28	30	0	12	1116.93719356903
sp|P36144|RL1D1_YEAST	4932.YKR060W	7	4	16	15	8	11	6	30	31	29	5	17	12	11	16	21	12	13	0	10	30.0217757417926
sp|P36145|T2EB_YEAST	4932.YKR062W	19	3	28	17	7	14	4	17	46	32	4	17	15	13	15	27	19	20	4	7	12.7656240723719
sp|P36146|LAS1_YEAST	4932.YKR063C	25	3	38	37	17	16	8	26	46	59	8	38	17	20	30	32	20	25	20	17	0.788864567459013
sp|P36023|OAF3_YEAST	4932.YKR064W	27	22	63	56	59	28	21	74	70	79	25	46	33	30	43	59	38	39	10	41	1.09837587496498
sp|P36147|PAM17_YEAST	4932.YKR065C	17	2	7	5	12	10	3	11	12	23	3	9	8	13	9	25	10	8	3	7	70.2557746917785
sp|P00431|CCPR_YEAST	4932.YKR066C	33	1	25	20	20	30	8	9	26	31	6	23	18	11	14	26	20	15	9	16	54.6322549353968
sp|P36148|GPT2_YEAST	4932.YKR067W	47	8	36	37	39	34	16	57	61	72	10	32	41	19	41	68	39	55	4	27	44.8425251138061
sp|P36149|BET3_YEAST	4932.YKR068C	7	6	14	14	8	8	2	15	14	23	6	13	5	5	7	14	12	11	4	5	29.3329419793846
sp|P36150|SUMT_YEAST	4932.YKR069W	25	7	32	44	27	44	10	45	42	62	9	23	34	22	29	39	35	48	6	10	0.746965802976575
sp|P36151|YK50_YEAST	4932.YKR070W	21	2	26	13	18	26	6	24	27	35	4	19	18	13	16	24	19	23	4	14	17.8228649430812
sp|P36152|DRE2_YEAST	4932.YKR071C	14	9	34	22	14	18	3	24	43	27	6	14	17	13	4	36	25	16	1	8	61.882602930626
sp|P36024|SIS2_YEAST	4932.YKR072C	28	3	64	39	8	23	8	37	45	35	16	35	37	28	18	49	45	31	7	6	57.4078089970246
sp|P36154|AIM29_YEAST	4932.YKR074W	4	0	15	12	10	3	5	10	17	14	2	15	5	1	7	8	11	8	2	6	48.4059297280136
sp|P36156|GTO2_YEAST	4932.YKR076W	19	3	29	23	20	17	14	23	28	27	3	15	14	12	20	27	23	23	10	20	5.91818007152611
sp|P36159|RNZ_YEAST	4932.YKR079C	32	8	60	64	51	36	27	64	69	75	18	62	30	25	29	53	42	56	7	30	17.7583552427574
sp|Q02046|MTD1_YEAST	4932.YKR080W	18	6	17	24	11	18	5	19	28	33	7	26	11	9	12	16	15	28	1	16	256.671424885699
sp|P36160|RPF2_YEAST	4932.YKR081C	14	2	29	24	21	21	7	17	43	30	16	12	15	15	17	19	16	18	0	8	81.8997885163743
sp|P36161|NU133_YEAST	4932.YKR082W	30	15	71	86	69	39	23	96	83	131	17	99	40	48	27	98	63	68	11	43	63.1530341709453
sp|P32769|HBS1_YEAST	4932.YKR084C	37	5	47	44	28	36	13	42	46	56	13	33	25	27	24	49	32	32	7	15	39.1371063530002
sp|P22354|RM20_YEAST	4932.YKR085C	12	3	6	9	6	12	4	10	19	11	6	6	11	12	17	18	11	10	3	9	21.5857501328461
sp|P36163|OMA1_YEAST	4932.YKR087C	21	5	13	17	20	21	8	25	20	31	12	19	17	12	20	33	14	16	5	16	1.74265993855309
sp|P36165|TGL4_YEAST	4932.YKR089C	38	9	53	57	37	46	23	62	62	96	22	57	41	30	51	103	56	37	8	22	12.2305637799417
sp|P32583|SRP40_YEAST	4932.YKR092C	15	0	41	40	4	17	1	6	28	6	2	9	5	3	9	196	14	5	2	3	164.59379714283
sp|P32901|PTR2_YEAST	4932.YKR093W	45	12	26	34	51	36	8	54	34	43	18	25	34	17	13	44	32	33	13	29	17.2954261572944
sp|Q02455|MLP1_YEAST	4932.YKR095W	65	8	113	274	32	25	21	105	228	225	25	150	27	128	86	169	98	66	5	25	39.8007054193753
sp|Q3E833|PCC1_YEAST	4932.YKR095W-A	3	0	8	6	3	1	1	8	7	8	3	1	4	4	5	10	6	9	0	1	8.9370593901757
sp|P10963|PCKA_YEAST	4932.YKR097W	43	10	27	36	21	36	16	36	32	40	14	27	31	15	21	42	39	33	8	22	31.5573065231021
sp|P22035|BAS1_YEAST	4932.YKR099W	32	3	50	46	16	51	26	40	60	65	16	67	52	31	38	107	59	28	10	14	12.2842159330885
sp|P36169|SKG1_YEAST	4932.YKR100C	22	2	28	23	14	17	6	18	24	19	4	34	14	17	21	46	13	19	1	13	30.6180828457283
sp|P54861|DNM1_YEAST	4932.YLL001W	32	10	57	54	22	41	9	60	57	91	11	44	34	28	38	59	43	44	1	22	30.9575683162348
sp|P54790|ORC3_YEAST	4932.YLL004W	24	4	47	44	46	16	15	42	46	78	14	50	17	19	24	47	27	28	4	24	1.42788378047538
sp|P41800|MMM1_YEAST	4932.YLL006W	18	3	20	37	30	19	9	27	29	45	8	26	20	16	17	48	20	18	5	11	3.03039174452043
sp|Q07799|YL007_YEAST	4932.YLL007C	28	13	41	44	33	15	9	44	46	100	8	40	24	31	29	57	40	33	5	25	1.20663887393469
sp|P32892|DRS1_YEAST	4932.YLL008W	48	1	57	84	24	46	8	46	81	62	20	35	23	25	47	52	34	47	3	9	85.1767146928233
sp|Q12287|COX17_YEAST	4932.YLL009C	2	7	4	13	3	3	1	2	11	1	2	3	4	3	1	2	3	2	0	2	218.418329584977
sp|Q07800|PSR1_YEAST	4932.YLL010C	15	4	37	28	10	16	11	25	26	32	3	21	18	36	19	58	28	26	1	13	33.1800819193187
sp|P33750|DCA13_YEAST	4932.YLL011W	23	3	37	30	17	23	16	27	46	26	13	32	14	15	38	43	30	29	7	20	71.0265433952726
sp|Q07807|PUF3_YEAST	4932.YLL013C	52	3	37	48	37	44	26	51	59	61	19	96	49	68	22	103	31	40	1	32	46.3380295338606
sp|Q12431|EMC6_YEAST	4932.YLL014W	6	1	3	5	12	7	2	11	3	12	2	6	2	6	2	7	4	10	3	4	39.5000032619802
sp|P14772|BPT1_YEAST	4932.YLL015W	77	17	72	94	76	73	16	139	96	186	39	87	57	45	72	146	81	105	20	61	7.94919808823205
sp|P04802|SYDC_YEAST	4932.YLL018C	43	3	33	57	28	32	12	28	48	56	11	16	26	23	36	28	25	33	1	18	800.068827798987
sp|P32350|KNS1_YEAST	4932.YLL019C	32	12	45	35	32	32	20	59	52	69	10	62	35	33	37	68	50	25	9	20	4.88688148373727
sp|P23201|SPA2_YEAST	4932.YLL021W	76	5	103	145	32	52	25	95	139	102	32	98	85	62	50	173	88	78	4	22	11.4611386269567
sp|Q12373|HIF1_YEAST	4932.YLL022C	29	2	33	45	14	23	10	14	25	43	8	16	15	26	19	25	13	17	1	7	24.5447462243948
sp|Q12164|POM33_YEAST	4932.YLL023C	23	2	7	8	24	8	5	23	18	32	7	9	12	12	15	27	7	22	5	13	51.9977688090484
sp|P31539|HS104_YEAST	4932.YLL026W	77	6	68	82	26	48	15	69	70	97	15	37	30	52	54	51	40	49	0	22	720.989120516074
sp|Q07824|TPO1_YEAST	4932.YLL028W	59	12	18	26	40	48	11	43	21	58	21	19	33	8	20	35	33	46	9	26	112.057881160243
sp|Q07825|FRA1_YEAST	4932.YLL029W	41	16	42	54	32	47	20	51	48	69	16	45	32	23	42	59	44	33	11	24	34.570564356636
sp|Q07830|GPI13_YEAST	4932.YLL031C	50	12	53	34	71	52	30	107	46	131	22	56	38	35	28	77	68	53	22	32	28.9749092524517
sp|Q07834|YL032_YEAST	4932.YLL032C	35	9	35	55	45	32	16	83	59	75	21	70	33	38	29	67	49	36	2	36	18.2741189586125
sp|Q07844|RIX7_YEAST	4932.YLL034C	51	9	56	80	30	49	4	54	69	87	22	36	41	20	50	71	46	50	3	9	27.9102192350993
sp|Q07845|GRC3_YEAST	4932.YLL035W	21	6	40	37	36	32	21	43	38	68	9	30	35	32	26	63	38	26	8	23	0.318366228007609
sp|P32523|PRP19_YEAST	4932.YLL036C	31	9	37	33	15	21	5	32	38	50	10	28	22	18	17	44	37	28	6	22	34.6824247479385
sp|Q07872|ENT4_YEAST	4932.YLL038C	7	1	14	19	9	11	3	15	19	27	6	14	11	14	20	25	19	9	1	3	32.5765166065635
sp|Q07878|VPS13_YEAST	4932.YLL040C	142	21	208	228	137	131	57	248	232	324	87	197	130	130	128	295	163	163	31	92	37.9579831048026
sp|P21801|DHSB_YEAST	4932.YLL041C	19	15	14	9	7	11	4	14	21	29	9	12	14	14	15	17	18	9	4	11	91.8252605323662
sp|P23900|FPS1_YEAST	4932.YLL043W	51	6	35	28	32	49	18	29	29	41	22	55	34	25	29	69	43	39	10	25	30.4194314602765
sp|P32386|YBT1_YEAST	4932.YLL048C	105	15	78	93	98	78	29	152	101	185	29	96	49	59	76	142	81	105	27	63	64.3394353046377
sp|Q03048|COFI_YEAST	4932.YLL050C	11	1	12	10	8	9	1	5	11	11	2	6	4	1	7	16	8	12	1	7	669.373820957701
sp|Q12244|YL054_YEAST	4932.YLL054C	37	13	47	56	54	24	20	63	56	115	20	58	28	19	37	79	41	33	5	38	1.96828697094637
sp|Q12390|GST2_YEAST	4932.YLL060C	18	2	10	18	7	17	6	14	18	24	9	7	13	7	13	10	12	15	3	10	5.09333012187936
sp|Q12525|MHT1_YEAST	4932.YLL062C	15	4	17	26	15	23	8	32	21	27	7	21	17	7	12	23	16	15	6	12	2.35798008679451
sp|Q07888|YL067_YEAST	4932.YLL066C	90	26	65	101	59	70	24	61	87	120	27	74	39	42	90	126	125	87	16	45	0.267397998765106
sp|Q07888|YL067_YEAST	4932.YOR396W	90	26	65	101	59	70	24	61	87	120	27	74	39	42	90	126	125	87	16	45	0.262015191778438
sp|Q99208|YL066_YEAST	4932.YLL067C	88	26	71	100	60	72	25	63	88	125	29	68	40	42	92	123	111	89	16	46	0.268690444286191
sp|Q99208|YL066_YEAST	4932.YLR466W	88	26	71	100	60	72	25	63	88	125	29	68	40	42	92	123	111	89	16	46	0.307784773596061
sp|Q99208|YL066_YEAST	4932.YML133C	88	26	71	100	60	72	25	63	88	125	29	68	40	42	92	123	111	89	16	46	0.296501661013789
sp|Q99208|YL066_YEAST	4932.YNL339C	88	26	71	100	60	72	25	63	88	125	29	68	40	42	92	123	111	89	16	46	0.318369972496206
sp|Q07895|YL001_YEAST	4932.YLR001C	29	11	50	44	48	44	20	83	50	105	6	65	33	36	32	79	51	41	6	29	12.7018922815788
sp|Q07896|NOC3_YEAST	4932.YLR002C	40	8	39	69	24	21	9	42	62	71	15	42	25	19	36	57	33	33	2	16	59.5804797985734
sp|Q07897|CMS1_YEAST	4932.YLR003C	15	2	30	21	14	6	1	20	40	30	3	14	11	10	13	28	11	14	0	8	11.2256153792071
sp|Q04673|SSL1_YEAST	4932.YLR005W	21	20	30	29	18	22	18	30	34	41	10	18	22	21	28	35	23	30	2	9	9.52535009575373
sp|Q07084|SSK1_YEAST	4932.YLR006C	45	4	42	35	27	36	15	40	52	61	10	52	51	38	23	76	45	38	8	14	15.9484048692633
sp|Q07913|NSE1_YEAST	4932.YLR007W	23	10	12	32	14	16	8	27	16	34	5	26	3	14	15	20	24	20	6	11	0.997580524306482
sp|Q07914|TIM14_YEAST	4932.YLR008C	12	0	6	7	8	21	3	9	17	15	5	13	7	8	2	12	13	6	0	4	34.9583822593292
sp|Q07915|RLP24_YEAST	4932.YLR009W	15	5	7	29	10	4	3	9	23	13	5	9	5	8	26	9	6	8	1	4	6.20887561817461
sp|P43132|BRE2_YEAST	4932.YLR015W	22	7	34	43	19	34	9	31	42	38	8	30	19	29	27	31	23	25	5	29	1.31122640191035
sp|Q07930|PML1_YEAST	4932.YLR016C	5	4	21	15	6	13	5	13	12	19	7	13	8	4	15	13	7	12	1	11	3.71229430237082
sp|Q07938|MTAP_YEAST	4932.YLR017W	19	6	11	23	17	22	11	24	20	24	14	19	22	9	15	25	21	21	3	11	73.8650437338105
sp|Q12445|POM34_YEAST	4932.YLR018C	11	1	12	9	14	12	12	14	23	36	10	22	15	19	12	28	23	14	4	8	40.096505443445
sp|Q07949|PSR2_YEAST	4932.YLR019W	17	4	35	32	10	19	16	18	17	34	6	32	23	22	14	37	19	24	1	17	3.19664769095749
sp|Q07950|YEH2_YEAST	4932.YLR020C	28	2	40	26	29	26	15	31	43	57	17	39	24	15	26	36	19	31	14	20	17.5868178927802
sp|Q07951|POC3_YEAST	4932.YLR021W	9	2	15	12	6	10	3	10	12	18	6	11	6	8	5	16	8	14	1	7	2.23106835061765
sp|Q07953|SDO1_YEAST	4932.YLR022C	12	5	12	17	4	8	4	21	30	24	9	14	14	14	9	14	12	22	1	4	114.622243446397
sp|Q07963|UBR2_YEAST	4932.YLR024C	75	50	113	123	111	61	45	142	125	171	48	144	60	51	82	162	113	92	19	85	0.857461295323281
sp|P39929|SNF7_YEAST	4932.YLR025W	17	0	14	35	3	9	3	15	22	22	10	19	5	12	8	21	12	11	2	0	64.4607870766184
sp|Q01590|SED5_YEAST	4932.YLR026C	20	0	16	26	16	11	4	18	25	31	8	34	6	30	16	34	16	21	3	5	10.4277382208541
sp|P23542|AATC_YEAST	4932.YLR027C	42	4	20	19	19	28	13	24	29	38	8	20	18	19	13	29	27	28	6	14	376.175818013395
sp|P54113|PUR91_YEAST	4932.YLR028C	55	7	38	35	25	37	12	33	42	53	9	29	27	24	25	40	25	51	5	19	233.730946066527
sp|P54780|RL15B_YEAST	4932.YLR029C	15	1	5	9	4	13	5	6	22	13	1	13	7	9	33	6	10	15	5	12	1983.66416302224
sp|P54780|RL15B_YEAST	4932.YMR121C	15	1	5	9	4	13	5	6	22	13	1	13	7	9	33	6	10	15	5	12	965.776605428983
sp|P32849|RAD5_YEAST	4932.YLR032W	47	16	79	95	51	49	21	66	96	127	28	61	40	49	64	108	69	62	13	28	1.93101003589442
sp|Q07979|RSC58_YEAST	4932.YLR033W	15	5	31	37	20	25	6	36	47	44	7	50	23	15	24	32	30	29	5	21	54.1726402229577
sp|Q12078|SMF3_YEAST	4932.YLR034C	41	10	15	14	25	30	7	46	23	70	8	17	19	13	10	34	26	39	4	22	29.3129761999286
sp|Q01519|COX12_YEAST	4932.YLR038C	5	4	9	4	5	4	3	3	7	3	2	5	4	6	2	3	3	4	4	3	129.778573357611
sp|P40395|RIC1_YEAST	4932.YLR039C	33	17	76	68	43	33	25	88	104	132	22	75	38	30	24	68	63	67	14	36	3.13759213637881
sp|P22217|TRX1_YEAST	4932.YLR043C	16	2	7	6	6	4	0	5	10	6	4	4	5	6	0	4	4	10	1	3	714.969103059977
sp|P06169|PDC1_YEAST	4932.YLR044C	54	4	29	30	23	42	12	37	35	54	13	29	26	22	15	30	44	40	7	17	18666.0257734241
sp|P46675|STU2_YEAST	4932.YLR045C	47	6	48	76	25	29	10	56	88	93	23	53	31	35	44	89	56	49	7	23	23.4758048402973
sp|Q12155|YL050_YEAST	4932.YLR050C	5	3	4	5	11	4	4	14	11	23	2	5	7	9	5	11	7	16	7	8	39.4544522950837
sp|Q12035|FCF2_YEAST	4932.YLR051C	11	0	17	23	7	6	3	9	33	17	6	13	7	9	17	15	8	9	2	5	22.4331540002786
sp|Q12345|IES3_YEAST	4932.YLR052W	23	0	20	15	10	6	8	15	22	24	4	25	7	13	8	14	20	10	1	5	37.607257658154
sp|P38915|SPT8_YEAST	4932.YLR055C	35	6	68	55	10	52	15	32	29	49	13	37	19	22	21	58	23	33	7	18	13.5336235176901
sp|P32353|ERG3_YEAST	4932.YLR056W	18	4	20	14	26	14	18	19	20	44	9	20	17	8	14	25	18	27	10	20	212.635414577175
sp|Q12205|MNL2_YEAST	4932.YLR057W	24	7	61	53	44	44	11	64	63	91	23	54	35	34	36	81	50	37	9	28	1.00856496307406
sp|P37291|GLYC_YEAST	4932.YLR058C	39	5	26	29	15	35	16	31	31	37	11	20	24	15	23	29	26	31	3	23	1306.42803201561
sp|P54964|ORN_YEAST	4932.YLR059C	17	4	14	20	7	10	10	18	15	23	9	11	15	13	17	22	12	18	4	10	49.9237402520147
sp|P15624|SYFB_YEAST	4932.YLR060W	37	9	40	47	29	28	15	43	46	55	13	32	30	18	25	38	30	39	4	17	661.572038476538
sp|P05749|RL22A_YEAST	4932.YLR061W	8	0	7	11	5	6	1	4	13	7	1	6	4	3	4	7	13	13	1	7	2759.11888484473
sp|Q12291|YL063_YEAST	4932.YLR063W	19	7	22	19	21	12	6	29	29	38	6	24	17	14	14	31	19	16	5	17	8.27641374735007
sp|Q12144|PER33_YEAST	4932.YLR064W	7	3	3	5	35	9	3	22	14	39	8	17	12	16	14	18	11	18	4	15	92.0401289547631
sp|Q99382|ENV10_YEAST	4932.YLR065C	12	2	6	3	10	15	0	16	19	18	6	11	4	10	11	11	5	9	3	10	20.5485314462544
sp|Q12133|SPC3_YEAST	4932.YLR066W	6	0	11	8	13	8	1	12	16	12	5	18	3	7	5	14	13	19	5	8	40.1111953418924
sp|Q12247|FYV7_YEAST	4932.YLR068W	6	0	8	17	2	5	0	8	33	10	3	4	4	10	17	4	11	5	0	4	21.5429103660282
sp|P25039|EFGM_YEAST	4932.YLR069C	50	10	44	55	33	54	13	50	53	51	24	32	33	29	42	55	45	65	2	21	45.1954344239645
sp|Q07993|XYL2_YEAST	4932.YLR070C	26	7	18	26	17	32	9	31	26	25	5	11	20	8	11	21	21	32	0	10	3.3018722594244
sp|P19263|MED14_YEAST	4932.YLR071C	44	9	42	62	41	37	27	96	75	126	33	96	43	53	41	92	69	57	9	30	12.6799506671681
sp|Q08001|YL072_YEAST	4932.YLR072W	30	8	38	46	34	32	12	36	43	54	20	46	36	19	32	80	47	48	11	21	1.05653005147221
sp|Q08004|BUD20_YEAST	4932.YLR074C	18	2	7	14	1	7	5	4	16	17	2	8	6	6	9	10	16	10	1	7	89.0919421516562
sp|P41805|RL10_YEAST	4932.YLR075W	20	4	11	12	10	14	5	10	22	17	4	9	10	8	22	12	5	15	2	9	6398.88963692215
sp|Q08023|FMP25_YEAST	4932.YLR077W	27	11	34	32	29	41	17	35	51	53	7	32	29	31	28	39	29	27	15	16	1.74503711937737
sp|P25385|BOS1_YEAST	4932.YLR078C	15	0	10	16	10	16	4	14	19	26	5	20	4	18	10	21	13	13	2	8	8.49087596877603
sp|P38634|SIC1_YEAST	4932.YLR079W	12	0	15	27	11	11	4	11	20	19	5	19	27	16	23	25	20	16	1	2	1.59993498901033
sp|Q12396|EMP46_YEAST	4932.YLR080W	14	3	27	28	22	29	3	28	48	54	18	23	13	19	18	33	27	18	8	11	2.50966856121226
sp|P13181|GAL2_YEAST	4932.YLR081W	38	15	16	29	38	52	7	40	30	49	20	20	21	19	15	51	27	48	14	25	1.47133104023824
sp|Q12020|SRL2_YEAST	4932.YLR082C	15	3	25	35	14	14	8	26	39	33	8	31	10	13	22	31	28	25	4	8	5.31924154125456
sp|P32802|TMN1_YEAST	4932.YLR083C	30	10	28	27	59	45	14	48	31	76	14	31	27	17	20	57	39	46	13	35	123.237728356333
sp|Q12465|RAX2_YEAST	4932.YLR084C	57	10	62	52	58	77	6	84	41	124	17	132	42	45	22	159	90	71	14	57	44.2277788236685
sp|Q12509|ARP6_YEAST	4932.YLR085C	17	9	27	33	29	25	12	29	29	37	8	20	25	13	16	35	27	24	7	16	1.53399556884555
sp|Q12267|SMC4_YEAST	4932.YLR086W	64	9	84	159	39	53	22	72	151	163	33	79	37	71	74	131	65	80	2	30	15.2610499785551
sp|P39012|GAA1_YEAST	4932.YLR088W	41	6	19	36	40	31	13	48	23	78	19	32	24	16	23	66	27	39	15	18	25.9448599368929
sp|P52893|ALAM_YEAST	4932.YLR089C	38	6	18	48	25	34	18	35	36	60	10	26	34	32	26	51	35	35	4	21	45.1788942481058
sp|P39102|XDJ1_YEAST	4932.YLR090W	23	13	40	31	23	36	15	27	44	34	4	28	19	10	16	32	26	21	4	13	46.154494104648
sp|Q12255|NYV1_YEAST	4932.YLR093C	6	3	15	14	15	11	4	23	17	20	9	22	7	13	7	22	16	19	3	7	14.3583876887884
sp|Q12072|IOC2_YEAST	4932.YLR095C	38	12	51	68	29	29	20	58	56	68	12	49	47	52	41	66	46	34	13	23	20.5427657094899
sp|P13186|KIN2_YEAST	4932.YLR096W	63	6	47	61	29	57	33	72	74	94	25	79	80	73	63	117	63	69	5	37	16.7194816841164
sp|Q12347|HRT3_YEAST	4932.YLR097C	12	6	24	26	18	15	8	24	33	29	11	16	10	7	18	32	12	17	7	19	28.4893319349722
sp|P43634|CHA4_YEAST	4932.YLR098C	33	10	27	48	31	20	9	45	44	76	12	40	29	23	29	73	38	21	8	32	0.562886674922767
sp|Q3E798|YL099_YEAST	4932.YLR099W-A	4	0	7	9	2	5	1	5	3	14	2	4	1	5	4	8	4	4	3	2	6.63497018643164
sp|Q12452|ERG27_YEAST	4932.YLR100W	18	1	22	15	18	19	3	28	26	34	7	23	13	12	13	19	22	28	4	22	77.8234150865335
sp|Q08032|CDC45_YEAST	4932.YLR103C	29	7	59	48	21	35	9	45	33	86	7	41	16	28	34	54	33	28	8	29	5.1688225779659
sp|Q08045|LCL2_YEAST	4932.YLR104W	7	8	9	2	10	7	4	5	11	7	1	8	9	14	3	8	4	8	2	4	19.4270865446183
sp|P16658|SEN2_YEAST	4932.YLR105C	16	5	23	27	18	22	12	15	29	45	6	18	14	16	25	21	18	22	8	17	0.835190847349491
sp|Q12019|MDN1_YEAST	4932.YLR106C	263	39	362	435	226	210	79	343	369	565	96	288	157	179	195	400	263	251	53	137	29.2890048246595
sp|Q12090|REXO3_YEAST	4932.YLR107W	16	9	27	20	18	21	12	28	40	45	9	26	10	13	17	33	23	23	1	13	0.695971945757804
sp|Q12259|YL108_YEAST	4932.YLR108C	17	15	22	38	28	23	15	34	43	52	5	29	19	14	19	35	27	30	3	17	10.8229483488967
sp|P38013|AHP1_YEAST	4932.YLR109W	16	3	11	10	7	11	3	11	14	8	3	7	8	5	1	16	12	20	4	6	9381.19467832246
sp|Q12127|CCW12_YEAST	4932.YLR110C	29	3	3	5	1	4	2	3	3	9	1	3	7	3	0	14	26	14	1	2	3375.54602744133
sp|P32485|HOG1_YEAST	4932.YLR113W	39	6	36	20	22	22	16	31	22	37	10	18	22	24	16	20	30	25	4	15	121.524672758689
sp|Q12500|AVL9_YEAST	4932.YLR114C	27	6	89	67	37	43	15	42	50	67	8	64	26	33	24	71	40	31	9	15	48.4601178733653
sp|Q12102|CFT2_YEAST	4932.YLR115W	40	10	59	55	25	41	12	73	81	83	11	54	36	21	34	80	54	57	9	24	14.3784727157868
sp|Q12186|BBP_YEAST	4932.YLR116W	19	9	23	21	15	29	7	29	33	29	7	33	59	23	36	46	21	22	1	14	21.1165025267555
sp|Q12309|CLF1_YEAST	4932.YLR117C	36	4	43	74	32	18	9	51	60	69	12	28	18	36	42	37	28	34	20	36	2.87592249951527
sp|Q12354|APTH1_YEAST	4932.YLR118C	18	2	12	9	14	23	7	20	16	18	5	9	13	13	3	16	9	12	4	4	39.2894429567685
sp|Q99176|SRN2_YEAST	4932.YLR119W	9	1	16	18	7	6	6	15	27	25	2	11	6	13	12	13	10	7	2	7	0.663659432720334
sp|P32329|YPS1_YEAST	4932.YLR120C	33	4	35	15	24	53	6	39	20	49	9	31	22	12	12	84	62	34	3	22	5.29493684886352
sp|Q12303|YPS3_YEAST	4932.YLR121C	45	4	24	15	24	40	5	18	33	54	4	28	18	16	12	57	52	30	2	27	5.98817687328215
sp|Q12288|YL126_YEAST	4932.YLR126C	12	5	13	22	14	17	4	13	18	24	4	16	7	18	9	16	8	17	5	9	9.67034635900585
sp|Q12395|DCN1_YEAST	4932.YLR128W	10	5	23	23	17	6	5	19	20	29	5	13	12	13	10	12	17	8	6	16	0.648659547477035
sp|Q12220|UTP12_YEAST	4932.YLR129W	53	13	68	68	41	58	24	65	85	105	15	35	21	33	30	79	59	50	19	22	18.7961158016832
sp|Q12436|ZRT2_YEAST	4932.YLR130C	35	6	19	27	28	35	15	31	14	44	10	17	17	8	11	34	23	28	6	14	20.2903880847668
sp|P21192|ACE2_YEAST	4932.YLR131C	23	8	54	38	17	36	28	41	59	71	15	73	62	33	38	73	49	30	2	20	3.0080396164919
sp|P20485|KICH_YEAST	4932.YLR133W	31	6	38	40	18	27	8	44	37	51	8	35	26	30	30	61	24	32	12	24	19.4485506338093
sp|P16467|PDC5_YEAST	4932.YLR134W	52	4	28	32	21	40	14	37	33	55	14	29	27	20	19	27	42	44	7	18	683.545890682591
sp|Q12098|SLX4_YEAST	4932.YLR135W	33	6	53	67	27	24	6	51	59	56	13	53	35	47	30	76	60	36	3	13	0.333492583916556
sp|Q12367|RKM5_YEAST	4932.YLR137W	15	4	20	26	13	25	9	24	20	47	3	13	10	16	20	32	25	27	5	13	1.71552241746394
sp|Q02983|RRN5_YEAST	4932.YLR141W	37	5	15	42	7	15	13	12	16	34	6	10	12	13	37	33	16	20	9	11	2.39207136296703
sp|P09368|PUT1_YEAST	4932.YLR142W	24	5	19	24	17	27	9	43	37	54	8	37	25	20	15	40	24	26	3	19	0.269702419778243
sp|Q12429|DPH6_YEAST	4932.YLR143W	25	15	42	48	30	39	20	46	45	74	15	48	24	34	26	51	31	44	6	22	9.28209295158349
sp|Q12168|ENG2_YEAST	4932.YLR144C	37	8	47	38	45	38	19	46	33	64	20	56	49	37	27	86	37	43	14	35	17.5476796047571
sp|Q12455|SPSY_YEAST	4932.YLR146C	15	5	21	20	19	17	7	23	19	25	7	18	13	13	9	20	14	21	3	11	10.5648513806962
sp|P43321|SMD3_YEAST	4932.YLR147C	5	0	4	5	3	7	2	7	7	9	5	5	8	5	7	6	6	9	0	1	9.14969259851645
sp|P27801|PEP3_YEAST	4932.YLR148W	21	12	57	61	45	24	20	88	89	124	22	88	23	26	24	57	53	41	19	24	22.8735448878973
sp|P39015|STM1_YEAST	4932.YLR150W	32	0	21	19	6	13	1	5	32	12	1	31	13	9	20	19	19	16	1	3	2261.99073458173
sp|P52910|ACS2_YEAST	4932.YLR153C	56	6	40	40	20	58	22	42	40	49	11	27	36	18	31	41	42	60	13	31	1079.05191462639
sp|Q12338|RNH2C_YEAST	4932.YLR154C	5	0	7	10	6	6	0	7	7	7	2	9	3	3	5	10	12	5	0	6	4.00001857530979
sp|Q12414|YP11B_YEAST	4932.YLR157C-B	81	14	102	91	52	68	59	129	127	141	31	128	113	74	71	178	135	71	14	76	7.78931171085622
sp|Q12414|YP11B_YEAST	4932.YLR227W-B	81	14	102	91	52	68	59	129	127	141	31	128	113	74	71	178	135	71	14	76	5.68493432738118
sp|Q12414|YP11B_YEAST	4932.YPL257W-B	81	14	102	91	52	68	59	129	127	141	31	128	113	74	71	178	135	71	14	76	7.80504924912218
sp|P11163|ASP24_YEAST	4932.YLR160C	32	2	19	18	11	35	4	24	13	36	8	18	18	9	10	37	25	21	3	19	46.9732205880329
sp|P10507|MPPB_YEAST	4932.YLR163C	35	1	24	30	12	29	9	36	29	37	7	27	19	16	23	41	33	33	5	16	46.2315348845503
sp|Q06245|SEC10_YEAST	4932.YLR166C	29	4	51	62	47	21	17	79	75	108	15	73	16	37	26	79	51	51	5	25	39.5191834578544
sp|P05759|RS27A_YEAST	4932.YLR167W	6	4	8	7	3	11	5	8	25	14	1	5	4	6	8	8	11	12	0	6	2900.95605592175
sp|P35200|UPS2_YEAST	4932.YLR168C	10	4	14	14	7	10	5	9	20	20	10	17	5	12	10	15	15	21	5	7	18.6136749844151
sp|P32469|DPH5_YEAST	4932.YLR172C	22	5	19	29	9	18	6	20	18	32	6	10	11	10	13	22	14	18	4	14	97.5437684415695
sp|P41939|IDHC_YEAST	4932.YLR174W	28	1	29	31	16	28	9	33	34	30	12	10	14	13	19	22	31	30	5	17	18.7846171151649
sp|P33322|CBF5_YEAST	4932.YLR175W	27	9	31	48	5	29	8	23	65	44	10	14	17	13	27	36	22	35	6	14	412.152439371867
sp|Q06251|YL177_YEAST	4932.YLR177W	34	4	40	22	33	27	12	37	47	66	10	56	30	45	22	60	28	26	3	26	7.22153060832665
sp|P14306|CPYI_YEAST	4932.YLR178C	18	2	13	12	14	13	6	7	19	14	5	11	15	11	3	19	15	11	3	8	61.9855240301787
sp|Q06252|YL179_YEAST	4932.YLR179C	14	2	16	11	7	16	3	15	15	12	6	11	13	4	3	14	12	13	2	12	380.793430202606
sp|Q06263|VTA1_YEAST	4932.YLR181C	27	4	34	36	6	9	5	21	33	34	7	14	8	12	6	25	19	15	3	12	22.4789824912741
sp|P09959|SWI6_YEAST	4932.YLR182W	37	6	68	72	22	40	18	47	62	96	17	71	33	37	25	66	38	26	5	17	30.8253602226515
sp|Q06287|NEP1_YEAST	4932.YLR186W	16	6	20	11	6	14	6	17	22	28	6	9	13	8	13	19	11	21	1	5	229.667787034585
sp|Q06315|SKG3_YEAST	4932.YLR187W	53	4	55	54	45	49	19	43	71	78	22	80	60	52	42	142	72	46	7	32	18.6147375015664
sp|P33310|MDL1_YEAST	4932.YLR188W	56	5	28	32	31	56	8	53	46	80	17	26	23	26	44	66	37	44	1	16	11.9640139079827
sp|Q06321|ATG26_YEAST	4932.YLR189C	72	6	65	90	64	60	26	73	99	99	23	68	54	39	55	109	66	74	17	39	1.7495423545799
sp|Q06324|MMR1_YEAST	4932.YLR190W	20	6	23	44	12	20	4	18	45	51	11	37	29	26	23	58	32	24	1	7	8.64676048484091
sp|Q05775|EIF3J_YEAST	4932.YLR192C	28	0	29	26	8	16	2	11	31	21	8	9	13	9	14	13	13	9	3	2	263.261293920774
sp|P14743|NMT_YEAST	4932.YLR195C	22	6	37	30	32	20	7	24	48	47	5	25	22	15	19	19	26	28	7	16	32.5136726243254
sp|P21304|PWP1_YEAST	4932.YLR196W	42	4	60	51	17	37	13	27	38	44	15	32	20	12	18	54	28	39	9	16	208.503339156724
sp|Q12460|NOP56_YEAST	4932.YLR197W	44	4	33	46	18	25	8	29	71	53	7	25	13	19	18	37	14	23	2	15	622.77894487114
sp|Q05778|POC1_YEAST	4932.YLR199C	8	6	14	18	16	17	2	21	17	29	7	12	22	13	4	30	15	14	4	7	22.5858246891113
sp|P52553|PFD6_YEAST	4932.YLR200W	5	1	4	20	3	4	0	6	9	13	2	8	3	9	7	4	8	6	0	2	93.8511154914413
sp|P32335|MSS51_YEAST	4932.YLR203C	22	4	22	26	30	21	17	17	29	39	13	17	32	17	25	25	30	21	6	23	83.1703189604636
sp|Q05785|ENT2_YEAST	4932.YLR206W	38	2	32	39	20	22	7	16	22	47	10	31	33	149	37	36	31	14	3	24	48.4726522676343
sp|Q05787|HRD3_YEAST	4932.YLR207W	70	7	42	50	35	44	22	51	41	74	24	54	30	53	41	58	39	36	13	49	0.979454965255933
sp|Q04491|SEC13_YEAST	4932.YLR208W	23	3	17	23	5	22	12	16	20	24	1	13	10	7	8	26	18	27	15	7	210.189772455655
sp|Q05788|PNPH_YEAST	4932.YLR209C	23	5	13	17	10	28	10	19	15	33	10	17	21	7	14	19	20	21	2	7	14.5838443120616
sp|P53378|TBG_YEAST	4932.YLR212C	26	3	39	25	24	27	10	27	15	39	15	36	20	18	19	53	26	32	4	15	48.8317837964078
sp|P32791|FRE1_YEAST	4932.YLR214W	41	17	23	30	46	30	16	48	47	64	19	37	22	15	31	62	37	52	16	33	20.0568030141198
sp|Q05791|CD123_YEAST	4932.YLR215C	20	4	32	33	17	7	8	21	24	36	4	22	20	14	14	24	15	24	7	14	8.9863396218787
sp|P53691|PPID_YEAST	4932.YLR216C	26	7	29	28	20	19	6	21	43	29	7	24	16	17	9	13	19	24	0	14	1892.12752009994
sp|Q05812|MSC3_YEAST	4932.YLR219W	54	0	37	44	18	27	24	19	55	35	12	43	49	41	37	100	69	36	0	28	27.6037083011806
sp|P47818|CCC1_YEAST	4932.YLR220W	18	0	18	18	14	39	2	23	17	34	7	17	9	4	11	38	14	27	2	10	5.43723115329462
sp|Q05942|RSA3_YEAST	4932.YLR221C	13	0	19	29	6	11	2	16	25	18	4	17	5	4	9	24	6	9	0	3	40.1450915708169
sp|Q05946|UTP13_YEAST	4932.YLR222C	49	13	60	49	21	49	19	72	58	90	17	44	24	31	24	66	51	45	14	21	75.5158564766898
sp|Q05948|YL225_YEAST	4932.YLR225C	16	7	27	27	27	18	6	30	44	32	8	24	14	10	12	41	26	21	5	12	25.4065762208754
sp|Q05958|ECM22_YEAST	4932.YLR228C	50	8	44	32	30	44	23	35	39	91	22	76	42	50	26	95	53	36	5	13	1.85106074748059
sp|P19073|CDC42_YEAST	4932.YLR229C	11	7	12	11	8	10	3	10	13	18	2	4	13	8	9	10	12	22	1	7	87.3998960459043
sp|Q05979|KYNU_YEAST	4932.YLR231C	30	7	27	32	24	29	12	27	24	49	8	22	30	13	17	30	21	25	7	19	40.7667646342908
sp|P17214|EST1_YEAST	4932.YLR233C	33	13	36	40	44	19	18	58	58	78	15	42	23	23	45	55	33	33	8	25	4.41164713641878
sp|P13099|TOP3_YEAST	4932.YLR234W	53	11	36	43	26	39	17	29	45	54	16	35	24	27	42	37	44	45	11	22	4.07704612391557
sp|Q05998|THI7_YEAST	4932.YLR237W	42	13	19	23	45	50	12	44	26	44	20	27	20	9	14	60	40	38	21	31	9.6515103738755
sp|Q06001|FAR10_YEAST	4932.YLR238W	11	5	25	36	19	27	12	40	48	39	8	36	20	15	24	47	34	21	0	11	0.673405161615118
sp|P22543|VPS34_YEAST	4932.YLR240W	29	11	54	54	39	31	16	61	66	121	14	58	49	29	44	66	44	47	11	31	29.0437285525892
sp|Q06538|YL241_YEAST	4932.YLR241W	43	9	33	40	47	40	16	60	44	101	11	28	34	24	33	63	52	47	11	46	0.726041318855118
sp|Q06543|GPN3_YEAST	4932.YLR243W	16	5	22	20	13	14	5	22	12	35	11	18	13	11	7	15	10	14	2	7	3.40628371638897
sp|Q01662|MAP1_YEAST	4932.YLR244C	21	14	20	25	9	26	14	22	33	24	8	20	25	11	15	22	33	23	4	18	325.817013473282
sp|Q06549|CDD_YEAST	4932.YLR245C	10	9	5	8	6	11	3	8	6	10	8	8	5	4	7	14	4	12	1	3	36.0811784239627
sp|Q06554|IRC20_YEAST	4932.YLR247C	61	30	86	137	66	54	43	132	117	170	24	118	41	56	84	143	58	66	12	58	1.57596875400475
sp|P38623|RCK2_YEAST	4932.YLR248W	31	5	52	47	26	38	12	42	59	47	10	18	26	27	21	60	38	33	4	14	93.1718607859102
sp|P16521|EF3A_YEAST	4932.YLR249W	91	15	58	92	36	63	24	78	84	87	25	49	43	29	45	60	63	71	11	20	6949.26304310938
sp|P39931|SS120_YEAST	4932.YLR250W	10	0	20	32	13	15	16	16	19	20	5	10	6	4	9	9	9	13	3	5	50.9311355257322
sp|Q06567|YL253_YEAST	4932.YLR253W	31	9	29	35	29	25	18	38	45	60	15	26	21	14	31	37	40	31	10	25	9.12229678904743
sp|C8ZDL9|HAP1_YEAS8	4932.YLR256W	79	23	82	62	50	69	42	74	87	137	60	130	89	57	55	192	93	55	9	38	4.61952159632519
sp|Q92392|YO11A_YEAST	4932.YLR256W-A	22	4	20	17	13	16	12	22	25	24	12	39	41	28	14	52	40	18	3	18	56.2083681891233
sp|Q92392|YO11A_YEAST	4932.YML040W	22	4	20	17	13	16	12	22	25	24	12	39	41	28	14	52	40	18	3	18	20.4449608065058
sp|Q92392|YO11A_YEAST	4932.YOL103W-A	22	4	20	17	13	16	12	22	25	24	12	39	41	28	14	52	40	18	3	18	20.9414899766082
sp|Q92392|YO11A_YEAST	4932.YPR158C-C	22	4	20	17	13	16	12	22	25	24	12	39	41	28	14	52	40	18	3	18	18.4154430985982
sp|Q06146|YL257_YEAST	4932.YLR257W	17	1	26	38	5	14	4	15	24	24	5	22	12	13	21	46	16	10	0	8	214.321443565986
sp|P27472|GYS2_YEAST	4932.YLR258W	52	7	52	44	36	46	24	34	37	70	14	36	31	20	44	35	34	52	8	29	124.155009695134
sp|P19882|HSP60_YEAST	4932.YLR259C	56	5	32	51	14	56	2	42	44	49	11	17	23	13	28	38	35	49	0	7	778.947664055276
sp|Q06147|LCB5_YEAST	4932.YLR260W	37	13	50	46	21	29	17	52	54	55	16	38	37	13	37	78	38	24	3	29	1.56888725456186
sp|Q99260|YPT6_YEAST	4932.YLR262C	12	3	16	17	9	12	1	19	21	15	4	9	4	10	10	20	14	9	2	8	95.9581581684349
sp|Q3E764|TMA7_YEAST	4932.YLR262C-A	7	0	4	2	1	7	0	2	17	4	4	1	3	6	1	4	0	1	0	0	303.585101670845
sp|P14291|RED1_YEAST	4932.YLR263W	20	11	50	78	40	23	15	62	98	71	12	62	30	48	28	71	47	44	5	12	0.388577564948743
sp|Q3E7X9|RS28A_YEAST	4932.YLR264W	2	0	3	6	1	5	0	3	4	6	2	3	2	1	10	3	6	10	0	0	1321.84433559204
sp|Q3E7X9|RS28A_YEAST	4932.YOR167C	2	0	3	6	1	5	0	3	4	6	2	3	2	1	10	3	6	10	0	0	1766.3447685467
sp|Q06150|BOP2_YEAST	4932.YLR267W	18	13	34	31	48	13	9	53	40	61	9	51	19	23	20	43	36	26	4	19	4.03710809357044
sp|P22214|SEC22_YEAST	4932.YLR268W	8	2	13	13	16	5	2	13	19	21	6	11	8	12	7	22	8	14	2	12	34.1363431671147
sp|Q06151|DCPS_YEAST	4932.YLR270W	12	4	21	26	10	18	10	35	24	33	9	25	17	12	16	18	16	18	6	20	96.1401665624493
sp|Q06156|CND1_YEAST	4932.YLR272C	58	23	60	98	47	46	17	87	93	162	31	71	28	55	40	109	60	59	5	27	2.61906366883784
sp|P29496|MCM5_YEAST	4932.YLR274W	43	9	43	55	24	44	12	79	37	70	18	48	30	33	46	79	48	34	2	21	17.9329234348289
sp|Q06218|DBP9_YEAST	4932.YLR276C	27	5	34	45	25	29	13	38	70	69	7	31	22	32	26	33	28	40	0	20	13.7321621299999
sp|Q06224|YSH1_YEAST	4932.YLR277C	40	10	53	62	39	44	23	55	45	76	21	47	26	27	33	58	41	59	5	15	16.8630187829804
sp|Q05854|YL278_YEAST	4932.YLR278C	66	20	67	59	56	43	31	69	77	113	30	155	65	79	59	159	87	57	9	40	5.35763660463106
sp|Q05867|YL283_YEAST	4932.YLR283W	5	7	19	24	12	10	7	24	26	52	6	20	10	23	18	27	14	4	1	5	1.1243080393779
sp|Q05871|ECI1_YEAST	4932.YLR284C	17	6	13	18	17	18	4	18	23	30	6	22	10	6	11	21	10	15	2	13	23.6459380644642
sp|Q05874|NNT1_YEAST	4932.YLR285W	16	1	17	24	11	13	12	15	18	32	5	15	17	6	5	15	11	15	4	9	65.7726838818687
sp|P29029|CHIT_YEAST	4932.YLR286C	58	12	27	21	25	32	2	23	22	51	3	23	14	25	4	94	81	19	6	20	41.3226041212472
sp|Q05881|YL287_YEAST	4932.YLR287C	13	5	31	32	22	10	3	21	39	43	4	19	12	13	10	27	22	18	3	8	72.9549890579937
sp|Q02574|MEC3_YEAST	4932.YLR288C	18	10	31	37	12	32	13	39	23	39	14	31	17	13	26	41	33	28	5	12	1.39803771967462
sp|Q05892|YL290_YEAST	4932.YLR290C	14	2	9	18	14	15	5	19	27	28	6	18	14	14	12	24	12	14	2	10	14.5208138912881
sp|P32502|EI2BB_YEAST	4932.YLR291C	26	3	22	20	18	17	9	31	22	29	7	23	17	16	21	30	28	32	2	8	97.5751782602025
sp|P39742|SEC72_YEAST	4932.YLR292C	20	3	8	17	6	8	2	11	13	32	6	12	7	9	9	8	11	7	2	2	112.916569723325
sp|P32836|GSP2_YEAST	4932.YLR293C	17	3	14	14	12	13	5	11	18	17	4	12	12	11	8	6	13	18	3	9	445.94608774035
sp|P32836|GSP2_YEAST	4932.YOR185C	17	3	14	14	12	13	5	11	18	17	4	12	12	11	8	6	13	18	3	9	364.169077209798
sp|Q12349|ATP14_YEAST	4932.YLR295C	9	1	6	17	2	3	2	5	7	16	1	8	10	5	6	7	8	6	2	3	335.645195640615
sp|Q05902|ECM38_YEAST	4932.YLR299W	40	6	46	36	27	51	18	39	39	70	21	36	31	13	26	55	33	44	11	18	2.72217037740056
sp|P23776|EXG1_YEAST	4932.YLR300W	27	8	38	27	18	31	11	25	17	41	6	28	16	19	17	32	22	23	15	27	122.257361781292
sp|Q05905|HRI1_YEAST	4932.YLR301W	9	1	12	19	14	18	4	10	14	21	1	21	12	7	9	21	15	22	7	7	279.160898537853
sp|P06106|MET17_YEAST	4932.YLR303W	39	1	21	27	26	42	16	24	27	35	2	22	22	18	12	29	24	33	4	20	579.24454272284
sp|P19414|ACON_YEAST	4932.YLR304C	67	7	57	37	28	70	17	52	64	61	16	42	42	22	33	37	47	46	10	23	594.90286388686
sp|P37297|STT4_YEAST	4932.YLR305C	121	28	99	104	107	80	44	147	127	227	35	90	71	66	75	177	123	94	16	69	3.8063817644528
sp|P52491|UBC12_YEAST	4932.YLR306W	8	3	13	13	6	7	2	13	15	25	2	15	15	6	8	15	5	11	1	5	6.70154718116224
sp|Q06704|IMH1_YEAST	4932.YLR309C	41	3	54	130	9	16	11	44	132	119	10	75	11	43	32	83	48	29	2	19	32.4797173565598
sp|P04821|CDC25_YEAST	4932.YLR310C	74	12	93	94	74	50	33	102	115	143	31	136	65	45	66	213	107	75	12	49	2.29442209366205
sp|P36523|RM15_YEAST	4932.YLR312W-A	17	6	8	14	13	14	7	16	22	32	4	22	9	9	10	23	12	10	1	4	45.6379410825724
sp|P32457|CDC3_YEAST	4932.YLR314C	16	3	35	56	22	25	13	36	55	45	8	37	18	35	17	41	16	25	3	14	57.7307528845645
sp|Q06162|NKP2_YEAST	4932.YLR315W	8	0	8	15	6	2	3	11	4	28	2	7	2	17	8	16	7	3	1	5	20.7230766585569
sp|P41697|BUD6_YEAST	4932.YLR319C	43	5	52	62	24	32	14	40	77	75	21	51	34	36	38	72	50	45	4	13	19.112201408313
sp|Q06168|SFH1_YEAST	4932.YLR321C	24	3	36	28	15	18	13	35	20	37	12	45	14	21	23	27	25	15	4	11	50.9838642286471
sp|Q06169|PEX30_YEAST	4932.YLR324W	26	1	26	43	17	25	4	29	36	56	11	32	23	12	27	45	45	35	14	16	22.3576814998324
sp|P49167|RL38_YEAST	4932.YLR325C	6	0	3	2	3	3	0	5	13	9	1	4	3	3	6	4	7	5	0	1	1944.83219149926
sp|Q06177|TMA10_YEAST	4932.YLR327C	1	0	4	5	3	10	4	4	8	3	1	10	3	3	6	7	6	3	2	3	72.8007230946922
sp|Q06178|NMA1_YEAST	4932.YLR328W	21	4	28	28	11	19	21	30	25	34	9	14	26	15	25	33	15	24	3	16	37.496839782537
sp|Q12114|CHS5_YEAST	4932.YLR330W	47	5	42	97	10	24	14	30	55	39	7	49	44	20	14	61	49	55	3	6	35.5318700961103
sp|P36027|MID2_YEAST	4932.YLR332W	20	3	19	9	13	15	4	24	12	24	5	18	10	7	11	116	36	19	2	9	104.316515508812
sp|P32499|NUP2_YEAST	4932.YLR335W	59	1	50	54	45	33	1	19	89	32	8	51	48	18	15	99	60	32	0	6	87.284109889194
sp|Q06132|SGD1_YEAST	4932.YLR336C	50	5	77	75	37	42	12	66	90	90	19	58	19	24	49	95	27	28	9	27	24.4114476647191
sp|P37370|VRP1_YEAST	4932.YLR337C	77	0	28	15	11	45	15	33	47	49	13	35	183	21	19	126	52	44	1	3	31.6715706122717
sp|P05317|RLA0_YEAST	4932.YLR340W	36	0	17	27	15	22	4	18	15	25	6	14	15	6	13	22	14	33	1	9	1872.34457241533
sp|P38631|FKS1_YEAST	4932.YLR342W	138	33	89	100	115	118	43	134	82	175	55	77	86	80	102	114	102	97	37	99	127.925683590219
sp|Q06137|YL345_YEAST	4932.YLR345W	22	6	32	38	21	24	14	35	35	55	14	29	17	16	27	39	27	34	3	21	16.4947688729879
sp|Q06142|IMB1_YEAST	4932.YLR347C	102	11	50	57	33	33	6	59	35	90	25	47	34	55	27	66	44	54	9	24	368.883132488767
sp|Q06143|DIC1_YEAST	4932.YLR348C	30	3	12	10	14	24	4	13	21	31	14	14	14	7	15	15	20	20	4	13	27.6003122719555
sp|Q06144|ORM2_YEAST	4932.YLR350W	6	0	9	9	12	10	5	19	7	22	7	14	13	8	12	16	20	15	5	7	52.1725036103616
sp|P49954|NIT3_YEAST	4932.YLR351C	21	3	16	18	14	15	8	21	21	22	7	12	17	10	13	26	14	21	1	11	39.8971792893812
sp|Q06479|YL352_YEAST	4932.YLR352W	26	18	49	41	35	32	30	55	48	96	8	51	40	38	42	75	48	30	11	34	5.32440653672606
sp|P15019|TAL1_YEAST	4932.YLR354C	31	2	21	27	14	19	3	24	36	27	4	9	11	12	10	25	21	26	2	11	1024.80644367896
sp|P06168|ILV5_YEAST	4932.YLR355C	33	3	20	26	16	34	5	18	28	34	8	18	16	12	26	22	26	24	7	19	2646.323614432
sp|Q06485|ATG33_YEAST	4932.YLR356W	24	3	5	8	9	15	4	12	9	23	2	5	12	3	3	25	17	12	0	6	9.63967458144781
sp|Q06488|RSC2_YEAST	4932.YLR357W	37	5	61	55	28	42	16	51	62	74	19	53	71	43	66	65	52	42	9	38	36.1696639052823
sp|Q05911|PUR8_YEAST	4932.YLR359W	46	4	28	37	22	20	12	30	27	50	11	19	17	18	31	29	29	35	7	10	149.49276627705
sp|Q3E795|YL361_YEAST	4932.YLR361C-A	3	1	4	11	2	9	6	4	9	5	2	9	5	5	7	6	5	5	0	0	6.21996043966379
sp|P23561|STE11_YEAST	4932.YLR362W	38	8	41	49	26	39	21	54	58	74	15	52	25	34	29	56	40	38	5	15	2.12005364139194
sp|Q3E747|YL363_YEAST	4932.YLR363W-A	4	0	1	5	0	3	2	0	23	13	1	2	4	4	6	7	6	4	0	0	61.0565065394269
sp|Q05926|GLRX8_YEAST	4932.YLR364W	6	2	3	9	7	6	2	6	9	9	2	6	5	5	4	8	5	9	4	2	26.9503284366956
sp|Q05930|MDM30_YEAST	4932.YLR368W	23	9	47	36	34	26	14	41	30	74	11	38	25	16	44	31	31	26	10	32	0.391013033382992
sp|Q05931|HSP7Q_YEAST	4932.YLR369W	45	1	43	43	22	44	4	62	54	59	12	46	24	28	29	44	42	42	0	13	26.3410996602134
sp|Q05933|ARPC3_YEAST	4932.YLR370C	10	2	12	6	15	5	3	8	9	20	5	14	12	5	10	12	11	10	1	8	311.380284016566
sp|P51862|ROM2_YEAST	4932.YLR371W	78	15	75	60	60	63	54	86	97	114	26	86	59	59	71	172	68	60	7	46	0.604208497180109
sp|P40319|ELO3_YEAST	4932.YLR372W	21	5	4	12	26	19	10	27	22	44	4	12	8	11	7	30	23	28	8	24	503.573584533792
sp|Q05934|VID22_YEAST	4932.YLR373C	37	9	62	44	48	25	22	87	34	101	17	79	34	44	38	104	53	31	6	26	30.3764359995317
sp|Q05937|STP3_YEAST	4932.YLR375W	18	10	15	11	11	21	19	12	28	24	8	27	24	11	13	46	20	14	2	9	3.48265351235465
sp|P09201|F16P_YEAST	4932.YLR377C	23	5	24	16	20	30	8	25	18	34	7	19	15	11	15	24	21	22	2	9	5.92562410369585
sp|P32915|SC61A_YEAST	4932.YLR378C	34	3	11	19	29	40	1	47	22	66	14	13	24	23	19	36	30	26	5	18	806.875047301222
sp|Q06705|CSR1_YEAST	4932.YLR380W	22	2	27	28	17	13	18	29	33	40	6	23	20	21	14	27	24	19	10	15	81.3956823499688
sp|Q12748|CTF3_YEAST	4932.YLR381W	31	14	35	26	34	19	20	65	45	96	17	40	34	33	29	70	48	36	14	27	0.741505958420343
sp|P11325|SYLM_YEAST	4932.YLR382C	49	12	51	56	46	47	16	60	80	71	24	47	54	34	35	59	46	61	19	27	2.39327151292082
sp|Q06706|ELP1_YEAST	4932.YLR384C	93	14	96	118	56	60	24	82	87	130	26	60	45	51	66	100	70	107	10	54	112.330031121948
sp|Q06707|SWC7_YEAST	4932.YLR385C	5	2	10	5	2	4	3	6	7	22	4	8	6	12	6	5	8	12	0	5	6.92517297139113
sp|Q06708|VAC14_YEAST	4932.YLR386W	46	13	59	56	34	31	15	68	56	125	20	56	31	36	37	81	40	43	5	28	26.2360043522041
sp|Q06709|REH1_YEAST	4932.YLR387C	19	9	25	37	15	21	11	26	35	32	9	30	15	22	28	35	27	18	1	17	52.2478636883977
sp|Q06010|STE23_YEAST	4932.YLR389C	57	9	57	68	56	40	29	59	80	126	16	73	47	37	34	82	58	45	10	44	18.0138811331053
sp|O13547|CCW14_YEAST	4932.YLR390W-A	35	8	5	11	3	5	2	4	13	14	2	6	6	5	1	84	17	14	0	3	258.998863023896
sp|P18496|ATP10_YEAST	4932.YLR393W	19	3	14	15	19	13	3	10	27	25	7	11	11	15	15	23	16	18	6	9	1.42703319475574
sp|P04039|COX8_YEAST	4932.YLR395C	6	2	1	1	8	5	2	6	8	3	4	2	4	3	5	5	4	6	0	3	37.0858299195809
sp|P20795|VPS33_YEAST	4932.YLR396C	22	7	45	49	29	29	15	57	44	91	14	46	21	35	25	56	46	30	8	22	15.5646497389574
sp|P32794|AFG2_YEAST	4932.YLR397C	66	7	49	57	27	57	14	57	51	73	18	28	42	15	38	69	41	52	1	18	32.5414677876447
sp|P35207|SKI2_YEAST	4932.YLR398C	75	12	66	119	59	73	26	100	108	117	33	73	56	40	67	77	71	76	10	29	52.4449832334866
sp|P35817|BDF1_YEAST	4932.YLR399C	45	2	54	54	16	37	10	36	60	51	18	47	45	35	38	59	29	28	2	20	90.2136333207278
sp|Q06053|DUS3_YEAST	4932.YLR401C	34	14	42	54	28	36	13	38	53	45	15	42	32	30	43	51	28	40	9	21	20.268707411231
sp|P32432|SFP1_YEAST	4932.YLR403W	39	7	49	12	10	34	36	38	26	34	24	93	33	37	21	88	53	28	2	19	18.5285931945364
sp|Q06063|DUS4_YEAST	4932.YLR405W	20	14	19	24	11	24	11	31	25	33	12	18	17	9	21	17	18	24	4	15	7.63353273672969
sp|Q06078|UTP21_YEAST	4932.YLR409C	53	8	61	51	50	67	24	64	63	82	17	43	28	31	50	90	63	61	10	23	43.9282498941214
sp|Q06685|VIP1_YEAST	4932.YLR410W	56	11	72	82	46	56	26	76	113	100	29	67	65	35	54	101	58	61	10	28	90.0718682066047
sp|Q06686|CTR3_YEAST	4932.YLR411W	12	11	12	12	13	16	2	19	16	24	6	7	7	7	10	21	13	13	7	13	3.2597158719808
sp|Q06689|YL413_YEAST	4932.YLR413W	60	9	22	31	26	23	7	47	28	89	25	38	23	15	10	86	77	39	6	14	612.294650789713
sp|Q06991|PUN1_YEAST	4932.YLR414C	18	7	5	6	16	14	4	26	10	33	7	19	9	4	6	31	11	18	5	14	79.0606541052951
sp|Q06696|VPS36_YEAST	4932.YLR417W	21	12	30	41	21	26	11	39	37	65	11	47	19	18	27	60	32	28	4	17	1.72230957045058
sp|Q06697|CDC73_YEAST	4932.YLR418C	17	3	23	26	14	23	10	24	30	35	5	27	16	17	20	37	22	27	7	10	64.807569770126
sp|Q06698|YL419_YEAST	4932.YLR419W	71	14	91	97	48	66	24	110	151	145	27	73	59	46	71	108	92	86	11	45	12.879437968565
sp|P20051|PYRC_YEAST	4932.YLR420W	33	6	23	22	19	18	12	25	33	29	6	17	23	12	6	22	16	29	3	10	198.839100289506
sp|O13563|RPN13_YEAST	4932.YLR421C	4	2	9	21	7	8	0	11	11	11	5	10	9	5	6	17	4	9	4	3	118.582211077319
sp|Q06417|TDA5_YEAST	4932.YLR426W	25	11	13	12	16	15	3	29	14	44	4	20	13	13	22	23	14	21	3	11	1.81423608679006
sp|Q06436|MAG2_YEAST	4932.YLR427W	22	12	41	46	24	35	21	38	64	58	11	39	35	31	33	63	35	35	2	25	17.619640084676
sp|Q06440|CORO_YEAST	4932.YLR429W	43	0	43	61	24	37	12	32	67	44	7	27	41	24	24	61	36	45	9	14	119.330764623194
sp|Q00416|SEN1_YEAST	4932.YLR430W	134	31	133	138	102	87	42	146	188	211	42	145	108	84	110	210	110	128	19	63	14.8626423544711
sp|Q06671|ATG23_YEAST	4932.YLR431C	19	4	29	44	7	12	12	36	43	55	10	29	10	22	20	55	21	16	3	6	3.67493099004364
sp|P23287|PP2B1_YEAST	4932.YLR433C	36	10	31	49	28	28	12	30	49	57	15	29	26	9	26	42	23	27	4	22	51.2834507698709
sp|Q06672|TSR2_YEAST	4932.YLR435W	11	1	27	28	7	8	2	11	15	13	5	9	6	8	6	9	7	21	4	7	81.7630300825265
sp|Q06673|ECM30_YEAST	4932.YLR436C	51	8	67	45	78	34	36	90	66	146	22	122	55	56	45	167	87	41	14	44	16.9754031445902
sp|P57743|LSM3_YEAST	4932.YLR438C-A	4	2	8	10	2	4	1	6	2	12	2	4	2	2	6	6	7	7	0	2	216.306928512956
sp|P07991|OAT_YEAST	4932.YLR438W	43	8	19	25	17	33	20	30	27	44	6	13	22	13	12	29	20	28	4	11	260.521352354357
sp|P36517|RM04_YEAST	4932.YLR439W	15	3	23	20	18	6	12	22	23	33	3	18	22	14	20	28	18	12	5	4	36.5028457476942
sp|Q12745|SEC39_YEAST	4932.YLR440C	27	8	39	77	40	25	15	56	52	93	16	39	18	28	21	55	37	30	11	22	24.7563343245027
sp|P33442|RS3A1_YEAST	4932.YLR441C	15	1	13	16	11	16	6	14	34	22	4	11	5	11	15	16	17	24	2	2	1842.62652874442
sp|P33442|RS3A1_YEAST	4932.YML063W	15	1	13	16	11	16	6	14	34	22	4	11	5	11	15	16	17	24	2	2	2952.94220235141
sp|P06701|SIR3_YEAST	4932.YLR442C	40	7	56	89	37	41	13	87	95	81	22	65	38	35	41	92	47	59	9	24	11.8227373974718
sp|P32366|VA0D_YEAST	4932.YLR447C	20	6	24	28	17	16	5	24	12	38	8	22	9	16	15	24	22	14	4	21	309.019808530172
sp|Q02326|RL6A_YEAST	4932.YLR448W	16	0	5	13	7	7	2	6	27	19	2	8	9	6	10	9	7	17	1	5	1166.82735884309
sp|Q02326|RL6A_YEAST	4932.YML073C	16	0	5	13	7	7	2	6	27	19	2	8	9	6	10	9	7	17	1	5	1670.75036504143
sp|Q06205|FKBP4_YEAST	4932.YLR449W	19	1	40	54	9	26	3	19	47	24	6	15	22	10	12	30	18	24	1	12	139.048390782537
sp|P12684|HMDH2_YEAST	4932.YLR450W	77	19	44	51	44	54	21	82	59	121	25	55	43	29	37	98	63	74	7	42	23.416391539551
sp|P08638|LEUR_YEAST	4932.YLR451W	51	14	41	70	34	31	15	53	54	78	23	60	39	33	44	95	60	54	11	26	1.04726985853562
sp|P11972|SST2_YEAST	4932.YLR452C	29	10	41	36	37	21	23	44	62	73	21	41	32	22	24	72	53	30	6	21	27.9149866535951
sp|Q06179|FMP27_YEAST	4932.YLR454W	95	28	166	163	171	104	61	210	239	287	69	183	95	89	99	210	137	121	30	71	2.3757931107867
sp|P41733|CDC91_YEAST	4932.YLR459W	23	4	8	7	37	18	6	44	12	66	5	16	19	12	10	39	15	25	8	20	0.429104461422066
sp|P89887|YL464_YEAST	4932.YLR464W	13	7	18	10	4	10	4	17	14	23	5	8	10	6	15	18	16	11	2	5	0.435843986970609
sp|P32939|YPT7_YEAST	4932.YML001W	19	4	17	14	10	11	2	13	15	14	3	14	3	9	7	18	11	16	2	6	115.630839618355
sp|P50107|LGUL_YEAST	4932.YML004C	11	7	18	26	19	26	13	18	28	25	5	21	17	8	12	23	17	14	4	14	30.339357871333
sp|Q04235|TYW2_YEAST	4932.YML005W	17	6	24	27	26	23	16	36	32	53	5	37	22	14	20	34	23	30	7	10	13.1768269032542
sp|P19880|YAP1_YEAST	4932.YML007W	29	6	60	43	28	26	9	25	49	42	13	77	31	32	23	82	35	28	3	9	26.7978957812243
sp|P25087|ERG6_YEAST	4932.YML008C	36	4	23	33	19	29	8	12	30	27	11	19	11	12	17	18	22	24	5	23	724.768967421667
sp|P27692|SPT5_YEAST	4932.YML010W	78	3	92	76	23	109	15	55	73	54	16	58	39	48	60	91	74	61	15	23	139.574366153015
sp|Q04231|RAD33_YEAST	4932.YML011C	4	5	16	13	7	8	2	13	11	23	7	8	5	5	8	11	10	15	2	4	10.5231962969932
sp|P54837|TMEDA_YEAST	4932.YML012W	13	2	15	17	9	10	3	15	9	20	1	11	3	9	18	15	11	22	3	5	407.61283133453
sp|Q04228|UBX2_YEAST	4932.YML013W	28	6	34	53	30	23	14	33	42	74	11	29	34	22	25	40	38	29	7	12	22.3674816754642
sp|P49957|TRM9_YEAST	4932.YML014W	15	4	13	26	6	18	9	15	21	17	4	12	16	18	21	17	8	19	7	13	9.51531472736069
sp|Q04226|TAF11_YEAST	4932.YML015C	9	1	24	24	12	10	3	23	31	34	5	28	14	35	12	21	24	15	4	17	6.36946370711526
sp|P26570|PPZ1_YEAST	4932.YML016C	25	12	44	33	26	28	24	29	48	51	11	63	36	21	35	110	38	32	4	22	40.9598379586759
sp|P50109|PSP2_YEAST	4932.YML017W	19	0	41	31	29	62	16	21	46	30	10	71	26	20	30	64	43	14	3	17	66.3737254197041
sp|Q03723|OST6_YEAST	4932.YML019W	17	7	11	10	27	14	5	31	20	32	10	17	16	14	6	28	15	29	5	18	3.89700355096194
sp|Q03722|YMC0_YEAST	4932.YML020W	25	4	32	53	33	37	16	54	54	49	9	46	34	25	33	53	47	29	12	19	27.9362885814071
sp|P12887|UNG_YEAST	4932.YML021C	23	1	17	19	17	18	10	13	35	30	9	24	20	10	13	30	28	25	8	9	3.34709349484453
sp|P49435|APT1_YEAST	4932.YML022W	20	1	7	17	15	15	2	12	14	26	2	8	10	6	4	8	4	10	0	6	289.729081320767
sp|P02407|RS17A_YEAST	4932.YML024W	6	1	7	7	2	6	1	7	14	15	2	6	4	7	17	10	8	11	0	5	2625.57841322701
sp|P51998|RL4P_YEAST	4932.YML025C	23	0	11	20	11	15	5	14	19	30	4	17	18	9	21	19	19	22	1	8	40.3534080457514
sp|P35271|RS18B_YEAST	4932.YML026C	7	1	8	7	3	10	7	10	11	15	2	9	2	8	16	4	10	10	2	4	1586.97751690431
sp|P34760|TSA1_YEAST	4932.YML028W	19	2	11	15	11	13	2	13	14	17	1	8	11	6	6	8	13	18	3	5	4859.15428785316
sp|Q03714|USA1_YEAST	4932.YML029W	33	8	50	65	44	29	19	70	41	89	11	61	46	37	37	68	44	42	10	34	6.36453641302251
sp|Q03713|RCF1_YEAST	4932.YML030W	13	2	5	21	4	9	1	7	18	19	5	5	3	6	13	6	8	7	3	4	31.8411383388289
sp|P32500|NDC1_YEAST	4932.YML031W	38	8	33	28	37	29	13	47	34	79	18	38	23	22	32	62	42	41	7	24	106.409428955833
sp|P06778|RAD52_YEAST	4932.YML032C	35	2	35	29	18	25	7	22	40	26	10	33	30	21	26	34	38	28	2	10	23.59579076801
sp|Q03707|SRC1_YEAST	4932.YML034W	26	11	71	70	29	33	11	53	80	72	15	55	50	35	43	76	33	44	9	18	3.64717309953803
sp|P15274|AMPD_YEAST	4932.YML035C	43	8	66	44	31	32	31	39	54	78	9	48	42	39	42	68	34	50	10	42	61.5968416791399
sp|Q03705|CG121_YEAST	4932.YML036W	8	4	15	10	10	5	1	16	15	18	5	9	5	8	9	18	8	12	0	5	3.76109854207513
sp|Q03433|VPS71_YEAST	4932.YML041C	7	7	15	14	8	12	6	16	25	27	4	20	11	8	21	34	19	13	1	12	2.22127030122787
sp|P32796|CACP_YEAST	4932.YML042W	32	7	39	36	37	31	20	38	54	61	18	44	35	34	25	56	33	30	11	29	22.3239686893787
sp|Q04712|RRN11_YEAST	4932.YML043C	15	5	33	46	21	18	12	38	37	41	8	31	17	23	31	50	31	22	9	19	1.69214669090538
sp|P39682|PRP39_YEAST	4932.YML046W	13	6	34	39	39	13	9	53	56	69	10	54	24	25	22	34	49	35	16	29	8.01984967805728
sp|Q04697|GSF2_YEAST	4932.YML048W	32	2	22	30	18	23	6	32	34	42	8	26	18	10	17	23	18	17	7	18	61.7647594165265
sp|Q04693|RSE1_YEAST	4932.YML049C	56	23	90	82	60	61	40	107	83	147	36	90	47	49	50	125	82	86	12	35	188.640009290888
sp|P04387|GAL80_YEAST	4932.YML051W	30	2	17	21	20	32	10	38	24	40	10	27	21	18	15	37	23	25	3	22	1.98466455090589
sp|P54003|SUR7_YEAST	4932.YML052W	29	5	14	8	22	14	7	18	8	25	10	17	13	9	14	26	22	24	9	8	331.269343980081
sp|P00175|CYB2_YEAST	4932.YML054C	45	8	36	39	15	38	9	34	55	59	10	27	34	19	26	36	30	46	6	19	15.2424763226413
sp|Q04969|SPC2_YEAST	4932.YML055W	11	0	6	16	12	8	1	7	22	21	1	10	4	6	6	12	5	15	2	13	83.2089546579118
sp|P14747|PP2B2_YEAST	4932.YML057W	42	10	37	44	26	26	21	30	40	63	14	40	31	15	28	41	38	31	5	22	97.2577297550443
sp|Q04964|SML1_YEAST	4932.YML058W	7	1	5	9	5	4	1	1	4	7	9	8	5	9	5	13	4	4	1	2	425.379269950751
sp|Q04958|NTE1_YEAST	4932.YML059C	85	10	79	85	71	95	50	105	94	169	37	100	78	60	74	203	119	92	16	57	18.224126850138
sp|P07271|PIF1_YEAST	4932.YML061C	48	6	53	67	37	40	17	53	84	81	25	45	43	40	50	78	28	45	8	11	12.2337490551212
sp|P33441|MFT1_YEAST	4932.YML062C	11	1	42	60	8	18	5	22	37	34	4	20	6	16	17	37	18	24	3	9	22.9179075188992
sp|P38987|TEM1_YEAST	4932.YML064C	13	1	11	9	8	14	5	26	17	21	6	14	13	14	10	23	15	15	1	9	63.4751766138704
sp|P54784|ORC1_YEAST	4932.YML065W	61	6	69	83	31	40	11	61	86	78	21	56	27	29	49	57	57	53	8	31	7.8649699903924
sp|Q04651|ERV41_YEAST	4932.YML067C	16	4	27	23	26	17	3	23	23	35	7	16	17	14	12	18	22	25	4	20	64.2451084034389
sp|Q04636|POB3_YEAST	4932.YML069W	31	3	46	55	27	32	7	28	38	42	8	30	18	30	30	42	27	34	4	20	138.636858040988
sp|P54838|DAK1_YEAST	4932.YML070W	50	5	37	38	27	56	9	35	48	54	10	27	19	11	12	51	35	47	2	11	312.294517747822
sp|Q04632|COG8_YEAST	4932.YML071C	24	6	51	80	16	12	6	42	55	63	10	43	13	15	28	49	43	35	1	15	26.5082479633496
sp|Q03640|TCB3_YEAST	4932.YML072C	83	8	105	94	60	100	29	102	153	122	24	94	79	52	41	150	89	102	17	41	194.266880173078
sp|P38911|FKBP3_YEAST	4932.YML074C	18	0	45	73	11	28	3	24	48	22	8	10	24	12	12	22	17	23	1	10	265.456429370108
sp|P12683|HMDH1_YEAST	4932.YML075C	90	17	47	55	47	60	18	68	65	113	25	49	39	26	42	100	63	89	8	33	52.0770754964107
sp|Q03631|WAR1_YEAST	4932.YML076C	40	19	60	57	35	24	23	64	77	86	20	60	52	26	41	95	68	54	8	35	7.75511570007621
sp|Q03630|BET5_YEAST	4932.YML077W	6	3	6	7	9	8	3	12	9	13	4	12	2	8	8	19	9	8	3	10	1.46234504891517
sp|P25719|CYPC_YEAST	4932.YML078W	12	2	9	11	14	22	3	13	16	9	4	9	8	4	7	11	10	12	2	4	205.793218855613
sp|Q03629|YMH9_YEAST	4932.YML079W	11	0	9	17	13	17	5	10	14	16	4	11	14	9	5	12	7	18	2	7	24.2833203681934
sp|P53759|DUS1_YEAST	4932.YML080W	33	7	25	29	16	23	9	25	40	34	11	20	20	17	22	21	21	29	8	13	24.8633838183284
sp|P81450|ATP18_YEAST	4932.YML081C-A	6	0	3	2	6	4	0	2	6	3	2	3	5	0	3	3	2	5	1	3	76.2913165977414
sp|Q04545|TDA9_YEAST	4932.YML081W	68	20	67	62	65	36	42	95	79	122	18	96	63	50	52	144	76	52	11	33	1.12379842032112
sp|Q04533|METX_YEAST	4932.YML082W	34	12	36	64	35	38	16	43	43	63	12	29	26	20	32	45	32	36	6	27	23.2395981996304
sp|P09734|TBA3_YEAST	4932.YML085C	30	11	24	40	20	36	11	23	23	35	9	22	18	13	21	28	24	34	4	19	290.938317985496
sp|P09734|TBA3_YEAST	4932.YML124C	30	11	24	40	20	36	11	23	23	35	9	22	18	13	21	28	24	34	4	19	151.854361591294
sp|P54783|ALO_YEAST	4932.YML086C	27	8	27	31	28	35	9	29	35	43	10	31	27	15	20	42	35	39	15	20	193.115958646147
sp|Q04511|UFO1_YEAST	4932.YML088W	28	7	47	55	27	32	18	47	37	62	12	46	18	33	38	53	43	36	12	17	1.00642054460265
sp|Q02773|RPM2_YEAST	4932.YML091C	41	16	70	69	77	32	22	94	96	147	22	117	49	50	35	110	44	48	5	58	20.8406102092417
sp|P23639|PSA2_YEAST	4932.YML092C	18	0	14	17	9	23	3	15	18	26	4	6	12	6	9	23	19	16	2	10	356.532854273821
sp|Q04500|UTP14_YEAST	4932.YML093W	53	0	89	113	18	38	11	38	99	59	26	63	25	40	56	74	39	39	7	12	47.7841693999019
sp|Q04493|PFD5_YEAST	4932.YML094W	15	1	8	11	5	6	2	13	20	11	4	5	3	23	2	13	8	8	0	5	74.0413904918081
sp|P06838|RAD10_YEAST	4932.YML095C	9	1	12	11	9	7	2	12	13	22	4	21	7	11	13	17	18	9	2	10	13.6752925194066
sp|Q04489|ASND1_YEAST	4932.YML096W	23	8	30	34	23	32	9	39	33	52	6	38	24	14	26	46	22	34	2	30	7.09028581440899
sp|P54787|VPS9_YEAST	4932.YML097C	19	5	35	48	26	13	5	31	43	50	11	25	23	18	21	30	18	16	1	13	21.8443651944355
sp|P05085|ARGR2_YEAST	4932.YML099C	46	15	52	58	32	38	22	46	64	92	19	60	46	29	42	81	45	46	15	32	0.61044459440153
sp|P38427|TSL1_YEAST	4932.YML100W	69	7	68	55	43	44	27	79	65	94	21	70	58	61	46	121	58	68	13	31	199.054181992685
sp|Q04201|CUE4_YEAST	4932.YML101C	9	1	7	7	3	5	4	5	6	5	6	5	10	4	8	8	8	15	0	1	38.6811069120075
sp|Q04199|CAC2_YEAST	4932.YML102W	36	10	30	23	15	35	11	25	25	40	7	24	24	16	21	41	21	42	8	14	23.7951881019048
sp|P52593|NU188_YEAST	4932.YML103C	57	12	97	89	101	41	27	160	117	244	18	115	48	79	34	177	98	81	12	48	58.0793998941268
sp|P29478|SEC65_YEAST	4932.YML105C	13	3	14	25	14	15	5	17	29	19	8	18	23	7	17	14	11	15	0	6	128.795982528488
sp|P13298|PYRE_YEAST	4932.YML106W	22	2	9	16	11	19	2	27	17	21	3	9	5	10	6	16	10	12	0	9	333.496449624593
sp|P54786|ZDS2_YEAST	4932.YML109W	40	2	72	80	22	32	27	51	67	74	17	70	35	35	46	130	66	54	4	18	1.44368443097139
sp|P49017|COQ5_YEAST	4932.YML110C	17	4	21	20	18	21	6	20	24	24	10	13	11	10	14	28	13	19	3	11	33.9689034093514
sp|Q03758|BUL2_YEAST	4932.YML111W	28	14	58	57	37	32	27	60	75	91	16	75	45	38	44	94	64	39	4	22	1.77851959434273
sp|P46963|CTK3_YEAST	4932.YML112W	11	4	28	15	12	1	11	16	22	35	5	16	10	14	14	24	31	10	4	13	17.9229344149581
sp|Q03750|TAF8_YEAST	4932.YML114C	29	1	28	55	15	8	16	30	34	56	11	41	31	27	18	42	43	16	3	6	6.52670522155035
sp|P23642|VAN1_YEAST	4932.YML115C	29	3	42	36	25	34	14	33	31	51	13	26	23	21	27	43	22	29	7	26	19.0552865968326
sp|Q03735|NAB6_YEAST	4932.YML117W	60	11	53	69	41	64	26	68	68	88	27	121	55	37	48	134	60	56	2	46	33.6328943553784
sp|Q03208|YML9_YEAST	4932.YML119W	12	3	14	17	17	12	7	21	28	27	4	35	23	20	17	50	25	16	0	9	3.02559320702008
sp|P32340|NDI1_YEAST	4932.YML120C	41	0	20	31	28	33	11	34	43	56	6	29	26	15	22	36	31	29	4	18	153.918540537397
sp|Q00582|GTR1_YEAST	4932.YML121W	8	5	15	20	22	11	7	24	28	34	14	27	6	12	10	32	11	16	3	5	19.8386160332254
sp|P25297|PHO84_YEAST	4932.YML123C	52	12	27	28	30	54	18	54	25	58	13	23	19	20	20	35	39	31	9	20	248.521020157308
sp|Q12746|PGA3_YEAST	4932.YML125C	15	1	21	20	9	22	7	23	19	33	6	14	15	7	13	22	16	25	4	20	181.297723231058
sp|P54839|HMCS_YEAST	4932.YML126C	32	8	33	23	18	34	8	29	43	42	8	27	16	21	17	35	31	34	4	28	899.454251919402
sp|Q03124|RSC9_YEAST	4932.YML127W	41	9	27	36	27	19	7	39	40	81	12	31	34	21	25	54	31	27	4	16	59.8557631592874
sp|Q03104|MSC1_YEAST	4932.YML128C	22	0	54	19	22	17	7	17	62	48	7	33	11	26	11	60	27	28	21	21	37.5219567865203
sp|P39103|COX14_YEAST	4932.YML129C	4	0	2	4	0	5	1	0	4	9	3	2	3	7	2	3	10	4	1	6	43.8107946047348
sp|Q03103|ERO1_YEAST	4932.YML130C	31	14	43	34	37	23	6	34	45	49	10	49	14	18	23	36	37	28	11	21	72.6108673870855
sp|Q03102|YMN1_YEAST	4932.YML131W	28	3	20	20	20	34	4	21	36	39	3	18	13	11	6	22	17	32	6	12	6.88054362409672
sp|P32562|CDC5_YEAST	4932.YMR001C	32	9	40	51	34	37	24	51	63	66	15	27	34	21	43	57	34	36	5	26	3.4698477062763
sp|Q03667|MIC17_YEAST	4932.YMR002W	20	4	5	4	4	14	3	5	1	5	6	7	9	22	11	15	13	4	0	4	261.532410777427
sp|Q03673|AIM34_YEAST	4932.YMR003W	3	4	8	7	9	7	7	15	21	25	3	9	11	10	11	22	12	9	2	3	3.14645475429469
sp|P40959|MVP1_YEAST	4932.YMR004W	22	3	34	46	22	13	9	40	35	52	13	35	20	19	31	39	36	20	12	10	14.1733124214197
sp|P50105|TAF4_YEAST	4932.YMR005W	32	1	20	24	7	22	8	18	38	27	8	30	20	14	22	48	21	21	1	6	18.8194418610721
sp|Q03674|PLB2_YEAST	4932.YMR006C	57	10	44	25	29	53	4	37	24	64	14	61	27	14	18	97	64	30	11	23	2.42631379960233
sp|P39105|PLB1_YEAST	4932.YMR008C	59	9	47	22	35	51	6	31	22	64	10	62	24	16	19	74	48	33	13	19	15.4192282201381
sp|Q03677|MTND_YEAST	4932.YMR009W	12	4	12	19	6	7	6	12	11	16	1	12	6	5	11	10	6	10	2	11	33.0912090235228
sp|P23585|HXT2_YEAST	4932.YMR011W	36	11	14	24	43	53	2	48	24	37	20	19	17	15	20	44	35	45	10	24	408.810886438184
sp|Q03690|CLU_YEAST	4932.YMR012W	71	4	67	111	61	51	31	74	119	126	20	79	52	47	40	116	67	84	7	50	429.481703993829
sp|Q04347|BUD22_YEAST	4932.YMR014W	29	4	34	58	9	22	8	29	73	39	8	39	13	21	28	47	24	9	5	20	31.4556843283847
sp|P54781|ERG5_YEAST	4932.YMR015C	43	12	31	29	32	18	13	35	47	50	16	21	29	16	16	32	29	39	9	21	177.492607651005
sp|P53438|SOK2_YEAST	4932.YMR016C	45	2	25	29	9	37	10	40	36	38	22	64	72	80	22	113	71	32	4	34	8.73348234278951
sp|P50104|STB4_YEAST	4932.YMR019W	48	23	52	55	53	32	28	57	54	91	19	82	30	45	51	84	57	39	16	33	3.80417334052332
sp|P50264|FMS1_YEAST	4932.YMR020W	30	11	35	34	26	29	12	31	25	48	12	29	18	24	30	36	22	35	8	13	4.85036339526673
sp|Q02159|UBC7_YEAST	4932.YMR022W	7	3	9	12	6	8	2	14	11	18	4	9	18	6	5	15	4	7	3	4	17.781619078503
sp|P36516|RM03_YEAST	4932.YMR024W	28	5	9	26	16	17	9	21	30	41	9	16	20	14	20	38	27	24	5	15	55.7346875558749
sp|Q04370|PEX12_YEAST	4932.YMR026C	13	8	12	22	24	19	5	25	28	50	7	23	20	19	19	35	27	19	7	17	4.08514082559774
sp|Q04371|YMR7_YEAST	4932.YMR027W	30	7	29	43	27	25	7	30	38	47	7	21	15	14	24	31	26	24	14	11	102.527385183526
sp|Q04372|TAP42_YEAST	4932.YMR028W	11	2	28	35	16	17	8	16	32	49	7	24	8	22	18	28	18	13	2	12	4.04173597464925
sp|Q05040|FAR8_YEAST	4932.YMR029C	17	2	38	45	16	15	13	45	48	65	6	38	21	19	12	56	25	27	4	11	17.7467636109851
sp|Q05043|RSF1_YEAST	4932.YMR030W	10	3	24	22	15	12	12	19	30	32	13	37	24	22	18	31	22	17	2	11	4.43708484142534
sp|Q05050|EIS1_YEAST	4932.YMR031C	77	2	50	93	13	39	16	42	101	61	19	45	18	38	31	90	51	39	3	15	147.412013230132
sp|Q05080|CYK2_YEAST	4932.YMR032W	32	4	40	44	20	30	15	37	55	52	23	43	25	36	41	78	40	28	7	19	26.4732450631672
sp|Q05123|ARP9_YEAST	4932.YMR033W	23	4	30	38	22	21	8	48	36	41	5	27	19	24	14	36	30	22	6	13	28.454052674191
sp|P33748|MSN2_YEAST	4932.YMR037C	27	5	46	23	19	18	21	39	31	56	18	102	44	30	28	110	53	20	1	13	24.8441704262316
sp|P40202|CCS1_YEAST	4932.YMR038C	18	7	12	17	8	17	5	19	20	14	3	20	10	7	7	20	16	19	4	6	374.530581261545
sp|P54000|SUB1_YEAST	4932.YMR039C	22	0	23	38	3	14	3	13	36	20	5	28	14	9	19	24	8	6	0	7	52.5124779743805
sp|Q04212|ARA2_YEAST	4932.YMR041C	18	8	16	29	15	17	8	21	18	38	5	22	13	10	17	29	11	21	3	16	1.25723023465415
sp|P11746|MCM1_YEAST	4932.YMR043W	15	1	16	18	7	15	10	10	11	17	6	16	19	77	8	13	12	10	0	5	47.842691017284
sp|Q04213|IOC4_YEAST	4932.YMR044W	22	5	36	63	18	16	4	35	59	29	10	21	23	18	25	34	18	21	8	10	3.77852203529155
sp|Q02630|NU116_YEAST	4932.YMR047C	75	4	24	34	73	156	7	35	56	64	15	136	48	110	19	119	95	29	0	14	6.76737167800198
sp|Q04659|CSM3_YEAST	4932.YMR048W	13	1	35	27	12	19	7	11	22	31	10	17	14	14	19	17	14	23	3	8	39.3251917446687
sp|Q04660|ERB1_YEAST	4932.YMR049C	43	5	72	74	19	41	19	53	69	67	13	41	48	19	38	64	40	41	14	27	43.545750502248
sp|P37296|STV1_YEAST	4932.YMR054W	50	7	51	60	56	56	21	62	42	98	35	41	26	37	39	60	48	56	15	30	9.5057008783948
sp|P04710|ADT1_YEAST	4932.YMR056C	27	3	15	8	20	34	3	13	21	37	9	7	5	13	18	22	19	17	3	15	15.3428935731556
sp|P38993|FET3_YEAST	4932.YMR058W	31	6	51	35	35	35	25	37	21	52	21	45	28	27	15	30	58	47	9	28	333.916792918348
sp|P50110|SAM37_YEAST	4932.YMR060C	14	5	20	21	13	14	4	17	29	44	6	23	6	17	12	31	12	21	4	14	1.85830565157601
sp|P25298|RNA14_YEAST	4932.YMR061W	24	8	33	59	35	22	5	35	54	73	17	54	18	39	30	57	34	28	12	40	21.961826576871
sp|Q04728|ARGJ_YEAST	4932.YMR062C	34	7	28	20	18	32	2	29	35	41	12	29	10	15	13	35	37	33	3	8	186.718956425244
sp|P32493|AEP1_YEAST	4932.YMR064W	28	8	20	31	27	15	14	53	44	57	11	40	23	16	25	33	27	25	3	18	1.35665778013732
sp|Q04746|KAR5_YEAST	4932.YMR065W	18	9	34	39	24	17	5	34	35	64	23	39	7	18	16	44	25	26	9	18	1.11687083508988
sp|Q04748|SOV1_YEAST	4932.YMR066W	35	9	34	82	49	25	13	74	90	102	19	69	27	35	36	70	47	39	5	38	42.400706847115
sp|P54730|UBX4_YEAST	4932.YMR067C	17	2	23	24	19	12	11	27	39	44	10	31	33	19	13	37	27	21	3	4	16.3728519742342
sp|P54785|MOT3_YEAST	4932.YMR070W	39	4	16	5	10	16	32	18	17	27	9	99	36	47	9	49	22	16	3	16	31.2737612162884
sp|Q04767|TVP18_YEAST	4932.YMR071C	12	3	5	6	14	11	3	26	6	16	5	9	4	5	4	11	6	13	2	6	115.019489383851
sp|Q02486|ABF2_YEAST	4932.YMR072W	12	0	8	14	7	4	3	11	26	18	2	8	11	13	9	16	5	3	2	11	785.6141236876
sp|Q04772|IRC21_YEAST	4932.YMR073C	6	4	13	4	8	7	8	13	19	21	5	12	14	9	9	19	5	14	3	8	14.659226817879
sp|Q04773|YMW4_YEAST	4932.YMR074C	16	0	14	11	6	9	1	9	9	11	1	17	3	8	9	9	5	6	0	1	80.0306657206144
sp|Q04779|RCO1_YEAST	4932.YMR075W	10	15	44	42	31	21	13	49	77	53	7	73	31	29	25	83	35	19	8	19	4.81506955062692
sp|Q04264|PDS5_YEAST	4932.YMR076C	66	8	92	89	65	34	25	110	115	153	13	76	46	44	48	97	76	61	9	50	17.7244080521675
sp|P49956|CTF18_YEAST	4932.YMR078C	36	9	52	43	28	34	13	59	66	74	14	56	33	32	35	58	35	36	11	17	0.252733753281026
sp|P24280|SEC14_YEAST	4932.YMR079W	19	4	17	28	17	18	4	14	24	29	8	9	19	11	14	22	11	15	3	18	554.316563358
sp|P30771|NAM7_YEAST	4932.YMR080C	59	19	55	66	39	53	22	54	60	99	14	57	44	50	49	80	45	65	13	28	80.8760160636913
sp|P07246|ADH3_YEAST	4932.YMR083W	31	7	18	20	12	39	9	22	32	33	5	12	16	10	11	26	19	36	5	12	535.604291464169
sp|Q04279|YMX6_YEAST	4932.YMR086W	48	2	36	76	24	52	16	31	102	56	13	87	58	50	53	146	60	35	1	14	33.8349937229943
sp|Q04299|YMX7_YEAST	4932.YMR087W	14	8	13	14	12	23	12	25	16	29	10	14	17	8	11	16	11	14	3	14	1.53233964758765
sp|P40341|YTA12_YEAST	4932.YMR089C	60	5	51	74	36	53	13	49	76	74	16	46	40	27	49	45	34	49	7	21	53.7913988020411
sp|Q04304|YMY0_YEAST	4932.YMR090W	20	2	14	16	8	15	1	15	18	20	4	14	6	6	10	18	9	23	1	7	24.222486646975
sp|P32832|RSC7_YEAST	4932.YMR091C	21	2	37	47	16	26	10	26	27	31	5	31	17	12	29	32	24	24	2	16	63.3109006975486
sp|P46680|AIP1_YEAST	4932.YMR092C	30	8	43	31	27	50	13	40	38	44	7	28	23	24	20	75	36	52	13	13	189.091343619027
sp|Q04305|UTP15_YEAST	4932.YMR093W	35	5	27	24	20	24	15	24	31	47	8	27	22	24	33	52	35	38	7	15	148.838891716164
sp|P35203|CBF3C_YEAST	4932.YMR094W	15	6	29	31	26	14	8	39	43	51	7	32	14	13	30	39	20	31	9	21	1.69120004549794
sp|Q03144|SNO1_YEAST	4932.YMR095C	17	6	11	12	13	13	8	15	13	21	4	11	10	9	9	14	14	18	2	4	1.16324315472845
sp|Q03148|SNZ1_YEAST	4932.YMR096W	30	5	18	25	8	25	6	22	24	21	13	6	11	6	11	22	11	30	2	1	9.9226569864408
sp|Q03161|YMY9_YEAST	4932.YMR099C	14	2	14	24	10	16	9	17	26	31	6	12	17	15	5	17	21	21	8	12	176.078330707598
sp|Q03177|YMZ2_YEAST	4932.YMR102C	38	11	48	51	38	38	27	39	58	65	16	57	34	26	52	111	53	42	8	22	6.4600434329112
sp|P18961|YPK2_YEAST	4932.YMR104C	27	6	47	37	33	42	21	48	57	76	10	30	37	24	27	64	34	26	8	23	12.752172639849
sp|P37012|PGM2_YEAST	4932.YMR105C	39	6	36	35	29	52	11	44	49	38	8	28	27	13	17	38	33	32	7	27	334.503841304546
sp|Q04437|KU80_YEAST	4932.YMR106C	22	11	43	52	20	21	8	39	50	66	13	33	29	27	26	60	41	47	3	18	33.9712457369857
sp|Q04438|SPG4_YEAST	4932.YMR107W	4	0	9	9	4	8	3	3	8	5	4	8	5	7	9	13	3	8	1	4	2.95155005040135
sp|P07342|ILVB_YEAST	4932.YMR108W	65	3	32	39	27	54	16	37	45	52	21	30	44	32	30	42	43	54	7	14	530.393945147754
sp|Q04439|MYO5_YEAST	4932.YMR109W	109	9	63	69	42	63	26	86	94	85	21	68	68	63	70	90	71	62	10	50	92.9029044383642
sp|Q04458|HFD1_YEAST	4932.YMR110C	29	7	28	34	32	30	11	48	38	48	9	29	31	13	20	39	31	31	4	20	17.5207323366895
sp|Q04461|YM01_YEAST	4932.YMR111C	24	2	28	39	15	30	9	26	26	33	10	34	25	19	39	39	32	16	2	14	3.6751122027445
sp|Q99278|MED11_YEAST	4932.YMR112C	3	1	6	12	4	4	1	6	11	16	3	6	5	11	5	8	6	5	0	2	12.4194933979441
sp|Q12676|FOLD_YEAST	4932.YMR113W	19	11	19	27	12	29	13	31	23	53	9	28	17	17	19	25	27	31	4	13	8.09389647212688
sp|Q04471|YM04_YEAST	4932.YMR114C	13	4	30	33	13	21	3	11	41	29	11	19	17	13	23	23	23	19	9	13	2.29773923492399
sp|Q04472|MGR3_YEAST	4932.YMR115W	37	5	27	48	21	14	9	28	52	62	15	24	18	21	27	39	16	18	6	14	10.8399177743846
sp|P38011|GBLP_YEAST	4932.YMR116C	35	2	25	9	10	22	7	16	19	29	7	15	8	12	10	28	23	24	11	7	2895.19246615478
sp|Q04477|SPC24_YEAST	4932.YMR117C	7	0	19	27	4	7	2	16	24	28	3	17	5	5	10	17	4	12	1	5	44.046509902148
sp|P38009|PUR92_YEAST	4932.YMR120C	61	6	35	38	21	35	12	41	39	49	6	24	31	22	28	45	24	47	6	22	1933.91963037522
sp|Q03880|PKR1_YEAST	4932.YMR123W	10	1	8	7	7	3	3	10	9	14	1	6	2	4	5	12	8	6	4	2	439.940500173519
sp|P34160|NCBP1_YEAST	4932.YMR125W	43	4	53	75	61	30	8	69	52	91	12	70	34	26	38	52	47	49	11	36	80.3825420497044
sp|Q04217|DHR1_YEAST	4932.YMR128W	58	10	81	128	56	69	25	81	123	98	33	60	64	47	69	87	66	71	6	35	42.5512437780265
sp|P39685|PO152_YEAST	4932.YMR129W	47	15	79	85	76	66	29	114	106	108	16	69	70	44	47	134	80	84	5	63	23.179965983689
sp|Q04223|YM14_YEAST	4932.YMR130W	13	2	19	22	15	13	7	28	24	32	5	19	17	8	12	17	14	12	5	18	4.84682099338599
sp|Q04225|RRB1_YEAST	4932.YMR131C	29	4	48	46	10	25	10	31	33	39	6	27	27	25	16	42	34	36	12	11	302.268973387789
sp|P40207|YM17_YEAST	4932.YMR134W	3	4	16	27	15	12	7	20	20	31	3	11	6	4	13	11	10	14	0	10	28.9498624694904
sp|P40208|GID8_YEAST	4932.YMR135C	19	4	18	32	20	25	11	34	36	46	10	43	13	27	13	44	27	13	5	15	10.7943414453511
sp|P30620|PSO2_YEAST	4932.YMR137C	18	14	36	48	31	19	20	47	58	52	15	50	22	20	29	61	53	40	8	20	0.933401670277785
sp|P38615|RIM11_YEAST	4932.YMR139W	10	7	21	25	19	12	10	27	29	40	10	22	25	20	12	26	14	21	2	18	27.2533351571143
sp|P40210|SIP5_YEAST	4932.YMR140W	25	10	34	37	17	17	11	29	34	34	6	33	30	15	39	49	34	17	3	15	20.0315866053697
sp|P40213|RS16A_YEAST	4932.YMR143W	12	0	5	6	6	12	3	8	17	11	1	3	6	6	10	11	6	14	0	6	1614.59077911426
sp|P40214|YM22_YEAST	4932.YMR144W	12	3	19	24	5	14	7	22	28	33	13	35	10	29	14	36	22	12	1	3	4.4596976169887
sp|P40215|NDH1_YEAST	4932.YMR145C	47	2	32	29	24	33	7	26	51	59	10	22	21	19	25	43	32	44	7	27	100.442569462378
sp|P40217|EIF3I_YEAST	4932.YMR146C	20	6	23	26	16	26	12	24	28	22	4	14	11	8	8	31	25	22	5	16	250.530642393206
sp|P40219|OSW5_YEAST	4932.YMR148W	13	1	3	6	17	5	0	9	7	15	4	4	10	9	5	15	10	13	0	2	37.0855212469871
sp|Q02795|OSTD_YEAST	4932.YMR149W	24	2	10	16	22	13	5	29	17	31	4	13	15	7	8	21	20	21	1	7	165.231338849711
sp|P28627|IMP1_YEAST	4932.YMR150C	8	3	12	6	9	15	6	14	10	15	7	13	9	2	8	11	14	16	5	7	1.91844201133188
sp|P28625|YIM1_YEAST	4932.YMR152W	18	3	29	15	19	19	8	27	36	18	7	26	17	5	9	27	19	34	5	24	55.3215125716384
sp|Q03790|NUP53_YEAST	4932.YMR153W	29	1	24	26	23	25	5	27	46	36	4	45	27	20	19	63	26	16	7	6	24.9832889962218
sp|Q03798|AIM36_YEAST	4932.YMR157C	10	5	16	14	14	13	2	15	27	25	3	9	12	7	15	20	13	23	0	12	51.9629236128015
sp|Q03799|RT08_YEAST	4932.YMR158W	6	5	7	5	3	7	3	10	15	20	5	10	8	7	8	13	7	11	1	4	10.0544649845078
sp|Q03818|ATG16_YEAST	4932.YMR159C	8	0	11	17	2	6	3	11	17	19	3	13	1	7	9	9	9	4	1	0	1.26567022698106
sp|P48353|HLJ1_YEAST	4932.YMR161W	16	0	13	14	21	23	3	13	15	12	7	10	14	11	16	20	4	7	0	5	14.0272071229236
sp|Q12674|ATC8_YEAST	4932.YMR162C	85	21	109	97	70	83	33	121	111	152	49	104	55	56	83	147	106	91	21	62	8.2268747756729
sp|P32567|PAH1_YEAST	4932.YMR165C	34	3	77	63	30	53	14	45	60	69	16	55	41	22	38	111	60	50	5	16	20.2356160640094
sp|Q03829|YM39_YEAST	4932.YMR166C	20	2	17	14	21	32	9	22	18	30	9	18	20	17	20	36	25	19	5	14	1.77266410257595
sp|P40969|CBF3B_YEAST	4932.YMR168C	23	14	42	36	34	16	12	38	41	78	16	30	21	28	29	47	31	32	10	30	6.31261423371865
sp|P54114|ALDH3_YEAST	4932.YMR169C	43	6	32	30	29	39	4	35	46	37	8	22	24	17	10	33	33	37	5	16	25.4839834704884
sp|P54114|ALDH3_YEAST	4932.YMR170C	43	6	32	30	29	39	4	35	46	37	8	22	24	17	10	33	33	37	5	16	19.1732881560055
sp|Q03212|EAR1_YEAST	4932.YMR171C	17	6	45	41	30	41	13	43	24	37	10	41	33	19	25	47	24	22	4	28	10.0577319829139
sp|Q03213|HOT1_YEAST	4932.YMR172W	40	2	42	34	15	38	16	44	41	61	19	85	31	36	36	81	60	22	3	13	1.67926574802024
sp|P18899|DDR48_YEAST	4932.YMR173W	2	0	58	4	5	49	0	3	30	1	3	100	0	6	6	114	2	4	0	43	180.380223785297
sp|P01094|IPA3_YEAST	4932.YMR174C	5	0	7	6	2	4	2	1	13	2	2	3	0	7	0	6	3	3	0	2	16.2526705988839
sp|Q03214|ECM5_YEAST	4932.YMR176W	54	27	95	98	87	58	31	101	121	148	21	84	61	40	62	124	63	68	15	53	0.663752065819257
sp|Q03218|MMT1_YEAST	4932.YMR177W	38	5	22	34	7	33	26	52	32	54	5	33	14	15	19	39	28	37	6	11	9.98140733489785
sp|Q03219|YM44_YEAST	4932.YMR178W	13	7	20	20	11	14	7	23	24	20	8	13	10	7	10	18	17	19	1	12	51.9586447340469
sp|P39926|SSO2_YEAST	4932.YMR183C	27	3	22	29	7	7	5	22	20	21	6	26	5	27	14	14	10	21	0	9	63.6042377822693
sp|Q03233|ADD37_YEAST	4932.YMR184W	11	8	9	12	6	7	2	10	22	17	4	12	12	9	7	16	16	13	2	3	35.5724079960714
sp|P15108|HSC82_YEAST	4932.YMR186W	44	0	46	96	34	25	4	47	73	68	13	28	27	22	27	45	40	42	5	19	1221.64085363517
sp|P15108|HSC82_YEAST	4932.YPL240C	44	0	46	96	34	25	4	47	73	68	13	28	27	22	27	45	40	42	5	19	2116.84309541921
sp|Q03246|RT17_YEAST	4932.YMR188C	10	1	14	21	9	9	4	14	26	30	5	10	4	19	19	15	10	14	0	3	54.2575634150812
sp|P49095|GCSP_YEAST	4932.YMR189W	74	17	54	55	35	62	34	68	63	116	27	53	57	35	42	86	61	56	5	34	244.67297376563
sp|Q04322|GYL1_YEAST	4932.YMR192W	35	6	46	70	25	25	14	42	63	83	21	46	38	25	29	61	32	35	3	21	28.1698421014817
sp|P36525|RM24_YEAST	4932.YMR193W	10	0	11	16	12	17	3	18	39	21	5	12	13	7	18	16	11	14	4	11	32.3817994906634
sp|P05745|RL36A_YEAST	4932.YMR194W	11	0	1	5	2	7	1	8	14	6	3	5	3	0	12	8	6	6	0	2	1852.56682384816
sp|P05745|RL36A_YEAST	4932.YPL249C-A	11	0	1	5	2	7	1	8	14	6	3	5	3	0	12	8	6	6	0	2	1699.37968305094
sp|Q04336|YM54_YEAST	4932.YMR196W	56	8	75	97	68	66	25	45	75	90	27	70	56	23	60	65	50	56	26	50	41.6054398116157
sp|Q04338|VTI1_YEAST	4932.YMR197C	16	0	19	12	7	6	2	15	16	29	5	9	3	17	14	22	12	8	1	4	6.11326094356814
sp|P20437|CG11_YEAST	4932.YMR199W	18	9	26	32	21	22	12	41	26	45	15	50	23	33	20	63	35	27	5	23	1.13092097244847
sp|Q03691|ROT1_YEAST	4932.YMR200W	10	3	12	13	10	18	3	11	11	26	6	15	17	10	10	27	21	10	4	19	109.143092347719
sp|P28519|RAD14_YEAST	4932.YMR201C	21	8	27	39	12	19	13	17	37	28	6	19	19	16	28	18	19	12	3	10	10.9943043690153
sp|P32352|ERG2_YEAST	4932.YMR202W	17	2	10	11	13	19	8	11	10	27	9	10	8	6	4	10	18	12	3	14	163.969735742187
sp|P23644|TOM40_YEAST	4932.YMR203W	30	4	19	16	21	30	4	16	19	42	6	22	20	28	10	37	26	23	3	11	109.402604459261
sp|P16862|K6PF2_YEAST	4932.YMR205C	99	11	50	60	26	70	19	56	50	77	24	43	42	27	52	77	64	68	10	34	1909.44490305366
sp|Q03695|YM58_YEAST	4932.YMR206W	19	7	17	12	10	9	15	14	17	18	5	26	21	18	19	51	14	10	0	11	0.28741220653554
sp|P32874|HFA1_YEAST	4932.YMR207C	116	22	122	152	92	137	51	196	163	219	44	124	98	80	136	170	103	132	26	90	2.64732303134221
sp|P07277|KIME_YEAST	4932.YMR208W	31	9	27	24	21	30	10	30	30	61	7	24	17	15	9	38	29	19	3	9	101.36749855011
sp|Q03648|YM59_YEAST	4932.YMR209C	19	6	24	30	19	26	14	34	32	55	7	21	14	18	22	43	16	30	4	23	4.12564105441064
sp|Q03649|YM60_YEAST	4932.YMR210W	21	7	27	27	22	30	12	29	30	39	9	28	28	8	29	25	28	22	3	25	2.22106592280607
sp|Q03653|EFR3_YEAST	4932.YMR212C	33	10	56	42	33	20	13	45	66	93	20	66	17	28	32	81	47	50	1	29	46.940309179734
sp|P25303|SCJ1_YEAST	4932.YMR214W	20	8	25	25	16	50	9	21	34	27	11	12	18	20	16	16	11	22	1	15	28.2278370608463
sp|Q03655|GAS3_YEAST	4932.YMR215W	35	6	39	20	23	35	3	30	28	42	5	44	18	12	11	77	36	28	2	30	73.4755757809984
sp|Q03656|SKY1_YEAST	4932.YMR216C	33	10	55	48	25	42	24	48	51	56	17	62	31	20	35	92	34	31	9	19	43.0887828204422
sp|P38625|GUAA_YEAST	4932.YMR217W	32	5	29	38	21	43	17	42	38	46	12	21	24	16	20	26	32	42	7	14	275.180081403835
sp|Q03660|TR130_YEAST	4932.YMR218C	36	17	61	91	72	43	16	89	92	128	19	66	31	45	44	81	46	72	12	41	1.39051204598161
sp|Q03661|ESC1_YEAST	4932.YMR219W	72	7	159	236	36	59	42	78	120	88	22	134	55	62	59	202	92	89	1	45	4.73264498893109
sp|P24521|ERG8_YEAST	4932.YMR220W	33	6	36	25	19	30	15	25	31	38	6	17	17	15	22	38	23	32	6	17	71.8668351931201
sp|Q04991|FMP42_YEAST	4932.YMR221C	28	11	20	16	35	33	7	42	17	74	9	20	23	15	18	40	36	33	6	21	1.44589114856548
sp|Q05015|FSH2_YEAST	4932.YMR222C	15	1	11	14	14	24	6	6	7	23	5	9	16	14	5	11	15	14	2	11	39.362583354354
sp|P50102|UBP8_YEAST	4932.YMR223W	16	26	23	23	25	26	21	37	38	41	10	35	11	25	10	43	20	20	5	16	7.84371550101484
sp|P32829|MRE11_YEAST	4932.YMR224C	34	7	56	50	29	37	18	38	54	56	16	44	38	20	34	53	45	47	3	13	0.75584790411778
sp|P19956|RM44_YEAST	4932.YMR225C	5	0	5	6	5	2	4	6	12	7	6	6	5	5	4	5	4	8	0	3	11.7886688730849
sp|Q05016|YM71_YEAST	4932.YMR226C	31	1	17	16	10	16	3	25	20	24	3	14	9	12	12	12	19	17	0	6	445.601350368238
sp|Q05021|TAF7_YEAST	4932.YMR227C	32	1	59	106	9	31	13	32	62	51	10	24	24	22	24	28	17	32	3	10	4.85749741724842
sp|P14908|MTF1_YEAST	4932.YMR228W	11	5	27	18	20	17	6	24	30	36	11	14	19	9	12	23	18	16	9	16	5.38305023019126
sp|Q05022|RRP5_YEAST	4932.YMR229C	97	12	128	144	69	88	31	131	181	159	12	83	50	43	66	162	98	130	11	34	226.706756039803
sp|Q08745|RS10A_YEAST	4932.YMR230W	3	0	3	10	3	4	3	5	9	9	2	5	5	9	6	3	7	7	1	11	1059.09414545121
sp|Q08745|RS10A_YEAST	4932.YOR293W	3	0	3	10	3	4	3	5	9	9	2	5	5	9	6	3	7	7	1	11	766.475472935878
sp|P12868|PEP5_YEAST	4932.YMR231W	40	18	67	74	60	37	22	91	76	112	15	63	38	33	42	90	57	60	4	30	19.5108188813262
sp|Q05024|TRI1_YEAST	4932.YMR233W	4	1	13	23	5	5	3	17	29	26	7	13	14	11	16	20	5	10	1	3	6.74262352194201
sp|Q04740|RNH1_YEAST	4932.YMR234W	21	5	12	24	15	25	7	13	37	19	7	32	9	12	14	37	18	16	4	21	2.17548998162967
sp|P11745|RNA1_YEAST	4932.YMR235C	29	5	29	53	17	19	10	19	31	64	4	21	11	10	10	21	20	24	1	9	410.613383825637
sp|Q05027|TAF9_YEAST	4932.YMR236W	13	1	9	10	2	13	3	3	10	19	5	7	9	10	7	10	7	11	2	6	70.5083057450623
sp|Q05029|BCH1_YEAST	4932.YMR237W	42	10	49	44	31	23	15	64	44	81	15	42	25	31	26	70	40	41	10	21	60.6768681399303
sp|Q05031|DFG5_YEAST	4932.YMR238W	36	10	30	19	19	48	6	26	17	35	17	32	7	17	11	26	43	22	13	24	67.155435427033
sp|Q02555|RNT1_YEAST	4932.YMR239C	28	1	31	42	10	19	6	31	55	49	9	36	16	20	22	27	21	27	3	18	30.1417530215407
sp|Q02554|CUS1_YEAST	4932.YMR240C	21	4	30	41	11	23	11	23	51	34	9	28	22	20	25	26	18	22	6	11	2.0467309804084
sp|Q04013|YHM2_YEAST	4932.YMR241W	23	3	5	16	14	36	3	19	25	24	9	18	11	9	14	21	24	25	7	8	295.372117844368
sp|P20107|ZRC1_YEAST	4932.YMR243C	36	5	26	19	16	27	25	45	12	45	6	22	17	13	18	51	17	28	5	9	124.477665357654
sp|Q3E846|COA6_YEAST	4932.YMR244C-A	5	4	7	11	7	3	2	6	15	4	2	5	3	7	8	8	2	2	2	1	40.9859100319864
sp|P47912|LCF4_YEAST	4932.YMR246W	47	12	35	53	26	57	14	59	58	58	14	32	32	14	23	30	44	50	11	25	381.834228026222
sp|Q04781|LTN1_YEAST	4932.YMR247C	60	21	97	104	98	51	19	109	118	205	28	114	38	60	51	142	81	86	17	63	4.7168456567874
tr|D0VFN3|D0VFN3_YEASX	4932.YMR250W	34	8	29	44	26	38	25	30	39	60	14	29	29	22	23	48	28	33	9	17	35.510776607586
sp|Q04835|YM87_YEAST	4932.YMR253C	16	2	18	16	20	23	4	43	20	49	14	19	18	10	18	41	29	31	9	14	18.511965373718
sp|Q04839|GFD1_YEAST	4932.YMR255W	5	0	9	16	2	3	5	10	33	12	4	18	13	12	5	23	9	6	3	0	32.3192713558106
sp|P10174|COX7_YEAST	4932.YMR256C	8	0	0	0	3	1	1	6	6	6	1	2	5	3	3	3	2	4	2	4	81.3261706091607
sp|Q04847|ROY1_YEAST	4932.YMR258C	18	10	42	31	32	23	15	36	41	78	11	28	19	17	23	41	28	25	7	28	3.28454728258721
sp|Q03496|TR732_YEAST	4932.YMR259C	79	31	75	92	83	35	28	104	102	206	25	82	41	64	52	118	72	65	14	52	26.2654612588106
sp|P38912|IF1A_YEAST	4932.YMR260C	6	2	19	18	6	17	2	8	16	9	4	11	2	6	9	4	4	6	1	3	483.21140422349
sp|P38426|TPS3_YEAST	4932.YMR261C	66	13	57	71	50	40	29	68	67	81	20	68	46	40	43	122	45	79	13	36	153.316620999321
sp|P38430|YM8C_YEAST	4932.YMR262W	13	9	23	19	14	15	11	15	23	33	3	16	14	13	15	22	17	20	5	13	5.75871133942287
sp|P38429|SAP30_YEAST	4932.YMR263W	8	2	11	8	7	14	8	7	16	11	3	35	8	11	14	12	13	5	0	8	8.40457005087185
sp|P38428|CUE1_YEAST	4932.YMR264W	13	1	11	15	10	14	5	6	10	23	5	16	10	11	14	13	11	12	1	2	5.10878206381959
sp|Q03508|YM8F_YEAST	4932.YMR265C	29	10	19	39	26	13	16	31	35	42	6	18	26	12	36	31	26	20	8	18	0.247916516640995
sp|Q03516|RSN1_YEAST	4932.YMR266W	73	6	36	51	62	46	14	70	69	91	17	48	51	37	27	73	48	73	16	45	71.6758572533658
sp|P28239|IPYR2_YEAST	4932.YMR267W	8	4	19	21	12	19	8	23	29	30	4	22	16	12	11	19	17	19	6	11	5.66073534570442
sp|P49960|PRP24_YEAST	4932.YMR268C	25	8	21	32	21	19	10	31	40	44	13	33	16	15	29	34	19	22	1	11	1.16108543152048
sp|P53437|RRN9_YEAST	4932.YMR270C	14	2	35	35	9	7	10	25	36	42	8	23	13	14	18	26	17	14	3	14	3.02357020589235
sp|P30402|PYRX_YEAST	4932.YMR271C	21	3	7	15	12	18	2	20	15	20	3	9	6	11	10	19	11	17	0	8	16.6699788985597
sp|Q03529|SCS7_YEAST	4932.YMR272C	22	7	24	23	29	20	21	12	27	46	9	13	18	7	10	18	21	24	9	24	64.8037735814583
sp|P48524|BUL1_YEAST	4932.YMR275C	40	12	63	50	37	49	32	67	78	97	13	67	49	27	47	118	59	42	6	23	3.79853568655019
sp|P48510|DSK2_YEAST	4932.YMR276W	50	0	20	13	15	33	5	10	8	27	22	36	27	27	13	32	18	11	1	5	60.6801557861797
sp|Q03254|FCP1_YEAST	4932.YMR277W	28	9	77	60	22	36	16	41	51	70	15	36	40	42	25	46	42	44	10	22	30.9627830159661
sp|Q03262|PGM3_YEAST	4932.YMR278W	38	6	38	43	35	36	19	35	47	50	17	32	35	22	21	35	30	45	10	28	53.3848988376313
sp|P39113|CAT8_YEAST	4932.YMR280C	75	16	83	60	60	59	26	71	107	159	37	143	70	63	63	150	98	54	5	34	0.439312349423987
sp|P22136|AEP2_YEAST	4932.YMR282C	27	11	38	26	31	22	15	48	54	62	12	27	18	19	40	50	22	29	9	20	2.87696022487488
sp|P32807|KU70_YEAST	4932.YMR284W	16	4	51	44	38	27	9	45	60	60	14	31	22	19	29	45	29	22	2	35	11.299080810415
sp|Q03264|NGL2_YEAST	4932.YMR285C	23	10	35	39	24	30	19	18	50	42	14	26	24	21	26	33	21	33	8	19	14.3625350150947
sp|P20084|RM33_YEAST	4932.YMR286W	3	0	1	6	2	6	2	6	11	8	1	2	4	2	5	8	6	11	0	2	38.5280506838326
sp|P39112|DSS1_YEAST	4932.YMR287C	35	13	56	47	38	40	22	76	77	107	23	51	52	46	47	77	62	57	10	33	1.05081381693263
sp|P49955|SF3B1_YEAST	4932.YMR288W	63	12	52	64	35	41	26	73	61	109	32	51	50	28	52	50	62	74	7	29	4.68456219193834
sp|Q03266|PABC_YEAST	4932.YMR289W	14	8	24	26	14	22	5	28	22	37	13	21	12	13	22	29	23	23	3	15	1.9244304787955
sp|Q03532|HAS1_YEAST	4932.YMR290C	34	5	24	33	24	31	8	34	45	53	9	23	26	22	28	29	35	27	1	14	67.6408303417351
sp|Q03533|TDA1_YEAST	4932.YMR291W	28	14	43	30	27	24	17	24	47	54	15	36	22	23	22	56	49	32	3	20	122.288824471743
sp|Q03554|GOT1_YEAST	4932.YMR292W	8	0	3	2	23	16	1	17	5	21	2	2	6	3	6	5	6	9	2	1	41.7646239939248
sp|P36224|JNM1_YEAST	4932.YMR294W	12	2	29	52	7	11	2	27	35	44	9	21	6	27	25	28	12	17	1	6	0.461834472730839
sp|Q03559|YM8V_YEAST	4932.YMR295C	18	1	16	11	10	12	5	6	14	6	7	7	11	17	12	14	10	13	1	6	486.568701458795
sp|P25045|LCB1_YEAST	4932.YMR296C	36	12	24	33	24	26	12	34	34	58	10	29	30	30	14	47	38	40	3	24	140.284856578941
sp|P00729|CBPY_YEAST	4932.YMR297W	31	12	43	32	28	38	11	24	29	54	7	34	28	17	11	36	24	35	12	26	100.648831726473
sp|Q03579|LIP1_YEAST	4932.YMR298W	7	5	8	11	6	8	5	14	11	8	2	5	12	3	6	9	9	9	2	10	38.0447182473379
sp|P04046|PUR1_YEAST	4932.YMR300C	39	14	31	36	20	41	10	32	29	38	10	31	21	12	31	28	23	39	0	25	254.928666085437
sp|P40416|ATM1_YEAST	4932.YMR301C	49	4	35	29	37	41	11	56	47	80	15	34	23	27	40	44	46	48	8	16	16.1973827899584
sp|P32843|YME2_YEAST	4932.YMR302C	51	4	37	64	33	39	14	57	65	85	15	55	38	33	47	65	51	58	12	27	7.84870576636008
sp|P00331|ADH2_YEAST	4932.YMR303C	37	8	15	21	8	42	11	22	24	25	5	13	15	6	8	24	14	32	5	13	1010.35874430182
sp|P00331|ADH2_YEAST	4932.YOL086C	37	8	15	21	8	42	11	22	24	25	5	13	15	6	8	24	14	32	5	13	8176.89802086258
sp|P50101|UBP15_YEAST	4932.YMR304W	40	7	92	110	75	57	29	75	85	127	22	69	52	52	52	80	64	68	14	60	40.4456803333252
sp|Q04951|SCW10_YEAST	4932.YMR305C	41	5	22	17	8	28	4	15	16	19	2	17	9	17	5	63	40	40	5	16	59.5972918591446
sp|Q04952|FKS3_YEAST	4932.YMR306W	92	26	70	103	154	89	38	132	100	206	43	80	75	61	82	133	96	85	39	81	0.319882777914583
sp|P22146|GAS1_YEAST	4932.YMR307W	56	14	40	22	26	38	1	23	29	27	9	43	14	7	10	82	45	38	5	30	1163.77170592076
sp|P32337|IMB3_YEAST	4932.YMR308C	103	15	71	77	43	38	16	84	54	132	25	52	46	50	32	82	60	68	11	30	124.447711519984
sp|P32497|EIF3C_YEAST	4932.YMR309C	45	4	67	66	41	18	9	53	60	85	11	46	24	42	37	94	33	42	7	28	613.156571226168
sp|Q04867|YM91_YEAST	4932.YMR310C	19	4	16	10	17	10	4	17	26	33	4	9	19	19	15	26	33	21	1	14	2.45150715483227
sp|P41818|GLC8_YEAST	4932.YMR311C	10	1	27	32	7	8	6	10	23	15	4	14	14	13	10	10	13	6	1	5	129.847267682849
sp|Q04868|ELP6_YEAST	4932.YMR312W	11	4	12	11	16	7	10	19	13	34	4	27	11	11	6	37	14	18	1	7	3.461272632695
sp|P40308|TGL3_YEAST	4932.YMR313C	26	12	24	41	27	27	12	54	43	80	14	43	32	22	30	43	39	39	7	27	16.9460458107145
sp|P40302|PSA6_YEAST	4932.YMR314W	20	3	14	12	7	21	4	14	14	26	2	11	6	10	12	17	14	15	0	12	342.912744190858
sp|Q04869|YM94_YEAST	4932.YMR315W	32	2	24	21	20	25	9	21	33	28	1	17	17	11	8	19	16	34	2	9	218.7413896959
sp|Q04894|ADH6_YEAST	4932.YMR318C	19	10	20	25	11	38	11	24	30	24	11	10	18	7	11	26	12	32	4	17	262.033791583077
sp|P40988|FET4_YEAST	4932.YMR319C	31	9	32	35	28	38	10	53	23	41	13	24	19	17	30	34	36	44	16	19	22.9679557548276
sp|Q08985|SAM4_YEAST	4932.YMR321C	16	6	19	23	15	21	5	29	21	29	5	24	16	10	11	26	16	15	6	12	52.1811726205245
sp|Q08985|SAM4_YEAST	4932.YPL273W	16	6	19	23	15	21	5	29	21	29	5	24	16	10	11	26	16	15	6	12	260.806638342888
sp|Q08914|HSP33_YEAST	4932.YMR322C	23	1	15	12	15	22	6	18	19	18	2	12	9	1	8	15	16	13	2	10	0.291845113952384
sp|Q08914|HSP33_YEAST	4932.YOR391C	23	1	15	12	15	22	6	18	19	18	2	12	9	1	8	15	16	13	2	10	0.291845113952384
sp|Q12007|ERR2_YEAST	4932.YMR323W	46	7	26	32	12	38	10	33	25	37	8	21	16	11	17	32	19	28	5	14	7.74467515300054
sp|Q12007|ERR2_YEAST	4932.YPL281C	46	7	26	32	12	38	10	33	25	37	8	21	16	11	17	32	19	28	5	14	8.81657975794258
sp|P33309|DOM34_YEAST	4932.YNL001W	20	5	34	30	17	18	6	26	54	44	10	14	8	10	2	24	20	23	1	20	72.4119512862439
sp|P40693|RLP7_YEAST	4932.YNL002C	21	2	13	34	11	14	4	29	33	30	2	21	10	10	25	22	16	21	0	4	64.6037103957263
sp|P38921|PET8_YEAST	4932.YNL003C	24	4	6	11	15	27	3	20	16	25	8	8	11	10	14	28	24	14	5	11	12.4579798178395
sp|P38922|HRB1_YEAST	4932.YNL004W	19	4	50	29	16	40	11	18	19	21	5	36	13	5	60	39	17	28	1	23	43.8467923753416
sp|P12687|RM02_YEAST	4932.YNL005C	19	2	19	32	17	15	7	17	44	41	3	15	12	10	33	35	16	18	2	14	39.7556243916767
sp|P41318|LST8_YEAST	4932.YNL006W	21	7	25	11	6	15	16	15	10	22	5	17	9	11	18	29	24	25	9	8	27.167441159486
sp|P25294|SIS1_YEAST	4932.YNL007C	18	0	18	18	21	56	5	15	29	21	8	12	28	18	12	31	17	11	1	13	524.23183744683
sp|P53982|IDHH_YEAST	4932.YNL009W	24	2	31	24	21	27	7	36	47	35	15	18	12	15	19	22	29	20	4	12	26.0445913888955
sp|P53981|YNB0_YEAST	4932.YNL010W	11	4	22	20	16	14	5	16	27	19	6	5	8	7	7	14	13	19	2	6	499.88400135444
sp|P53978|EF3B_YEAST	4932.YNL014W	81	15	56	89	35	64	23	67	85	96	24	45	42	30	43	71	67	77	11	23	120.879499994703
sp|P0CT05|IPB1_YEASX	4932.YNL015W	2	0	6	6	3	3	6	6	12	5	1	6	2	0	0	2	5	9	0	1	305.358515366332
sp|P01095|IPB2_YEAST	4932.YNL015W	2	0	6	7	3	3	6	6	11	5	1	6	2	0	0	2	5	9	0	1	305.358515366332
sp|P32588|PUB1_YEAST	4932.YNL016W	30	3	25	20	19	32	8	23	13	19	20	54	27	58	17	30	15	24	4	12	418.331823675493
sp|P53974|ARK1_YEAST	4932.YNL020C	31	6	34	30	19	25	16	40	49	62	17	46	46	35	23	70	35	31	1	22	1.506439327407
sp|P53973|HDA1_YEAST	4932.YNL021W	32	14	49	53	28	44	20	55	44	58	16	38	36	19	32	52	30	49	10	27	10.1190655500393
sp|P53972|YNC2_YEAST	4932.YNL022C	25	12	32	36	23	23	13	36	56	43	8	14	32	11	24	34	16	30	7	15	16.261501914266
sp|P53971|FAP1_YEAST	4932.YNL023C	40	92	47	70	30	46	32	38	87	66	19	42	63	33	48	73	57	53	5	24	4.1971907188881
sp|Q8TGJ3|KISH_YEAST	4932.YNL024C-A	6	3	1	2	4	3	2	4	2	11	3	3	2	3	4	9	0	5	2	3	5.51451208626067
sp|P47821|SSN8_YEAST	4932.YNL025C	18	7	14	19	12	6	13	29	17	39	6	11	16	19	14	25	18	15	7	18	1.07146931850015
sp|P53969|SAM50_YEAST	4932.YNL026W	16	6	26	18	29	35	19	25	32	59	10	28	21	20	17	47	35	22	7	12	6.66482171528195
sp|P53968|CRZ1_YEAST	4932.YNL027W	25	7	60	30	22	29	15	29	44	57	9	81	27	41	34	92	38	16	2	20	26.0678626061428
sp|P02309|H4_YEAST	4932.YNL030W	6	0	3	4	2	16	2	7	11	9	1	1	1	2	14	6	6	8	0	4	2648.01681086372
sp|P02309|H4_YEAST	4932.YBR009C	6	0	3	4	2	16	2	7	11	9	1	1	1	2	14	6	6	8	0	4	1646.10691880212
sp|P61830|H3_YEAST	4932.YNL031C	16	0	4	7	5	7	2	7	16	13	1	1	5	8	17	10	9	6	0	2	1061.22697196751
sp|P53965|SIW14_YEAST	4932.YNL032W	8	3	20	28	13	14	10	27	22	29	5	21	13	11	14	16	6	11	3	7	11.1419474043262
sp|P53962|YND5_YEAST	4932.YNL035C	18	9	35	26	12	24	15	32	29	33	6	19	16	12	13	36	15	20	7	12	35.5702328105406
sp|P53615|CAN_YEAST	4932.YNL036W	11	9	9	12	6	10	10	14	14	23	3	19	7	12	5	16	18	13	2	8	66.1852512253108
sp|P28834|IDH1_YEAST	4932.YNL037C	29	0	18	22	12	32	10	32	26	28	8	19	13	8	18	20	30	25	2	8	320.684602827178
sp|P46678|TFC5_YEAST	4932.YNL039W	33	3	39	67	18	27	11	33	65	41	12	42	32	15	38	47	34	23	2	12	9.00266884321506
sp|P53960|YNE0_YEAST	4932.YNL040W	18	9	21	38	13	35	10	38	37	46	8	24	12	21	17	41	27	23	3	15	15.6111605295456
sp|P53959|COG6_YEAST	4932.YNL041C	26	5	63	64	38	18	10	63	73	118	18	64	27	41	30	70	44	39	2	26	27.3637467852828
sp|P53958|BOP3_YEAST	4932.YNL042W	17	1	16	19	9	16	13	22	28	29	11	35	32	24	20	58	24	17	1	4	3.3441712989539
sp|P53633|PRA1_YEAST	4932.YNL044W	10	2	1	10	14	12	1	12	10	24	3	10	6	9	3	16	11	16	1	5	243.279764808078
sp|Q10740|LKHA4_YEAST	4932.YNL045W	35	6	46	39	47	28	21	42	46	66	9	33	34	25	29	53	42	34	13	23	60.355508016054
sp|P53954|ALG11_YEAST	4932.YNL048W	24	7	30	26	34	30	9	47	53	50	11	32	27	16	16	39	24	34	15	24	26.0368004864173
sp|P53953|SFB2_YEAST	4932.YNL049C	45	13	54	55	38	35	14	55	39	96	22	55	52	37	45	79	50	55	3	34	30.3870392448018
sp|P53952|YNF0_YEAST	4932.YNL050C	12	1	15	36	11	10	4	14	36	19	2	10	12	18	15	24	11	11	1	8	1.06092194905328
sp|P53951|COG5_YEAST	4932.YNL051W	18	2	23	21	12	11	4	31	37	57	12	37	10	16	12	49	19	16	1	15	17.1968925368962
sp|P00424|COX5A_YEAST	4932.YNL052W	14	0	5	8	5	12	1	4	11	13	5	7	6	11	9	15	7	10	6	4	68.1386392752662
sp|P53950|VAC7_YEAST	4932.YNL054W	63	4	85	54	30	44	38	55	70	84	21	161	63	43	36	154	77	55	2	26	0.582188747440851
sp|P04840|VDAC1_YEAST	4932.YNL055C	27	2	15	8	17	21	3	10	19	31	4	20	13	11	5	24	25	18	2	8	982.898000781375
sp|P53949|OCA2_YEAST	4932.YNL056W	5	2	10	14	8	15	7	17	13	20	6	8	10	7	8	16	6	13	1	11	12.1888306920283
sp|P53947|YNF8_YEAST	4932.YNL058C	19	0	16	18	12	10	7	19	18	24	6	18	19	11	15	54	22	15	3	10	10.5826271207383
sp|P53946|ARP5_YEAST	4932.YNL059C	39	3	58	73	31	34	16	37	66	71	14	45	34	42	40	36	43	39	8	26	44.4376613895745
sp|P40991|NOP2_YEAST	4932.YNL061W	52	7	49	73	26	31	10	31	57	48	11	28	27	19	33	35	31	33	1	16	204.952653993848
sp|P41814|TRM6_YEAST	4932.YNL062C	20	4	21	41	19	28	13	31	46	54	12	25	20	19	16	41	22	24	3	19	17.7329084028892
sp|P25491|MAS5_YEAST	4932.YNL064C	30	11	28	37	19	50	7	28	41	20	6	10	23	14	19	16	13	25	1	11	1487.32117303939
sp|P53616|SUN4_YEAST	4932.YNL066W	35	11	24	18	7	41	3	17	13	21	3	18	16	13	4	68	48	32	7	21	41.3451553169813
sp|P41813|FKH2_YEAST	4932.YNL068C	57	2	31	33	21	51	16	51	48	62	21	115	56	52	31	102	55	27	6	25	5.61514853041977
sp|P53507|TOM7_YEAST	4932.YNL070W	2	0	1	2	4	2	3	4	2	10	1	4	5	0	2	8	3	3	2	2	39.0443776702023
sp|P12695|ODP2_YEAST	4932.YNL071W	55	3	22	34	13	25	3	36	39	34	10	20	29	18	18	46	36	30	2	9	252.098687738147
sp|P53942|RNH2A_YEAST	4932.YNL072W	19	3	20	14	7	12	2	16	24	24	11	12	22	17	16	24	20	24	5	15	1.88766252512493
sp|P32048|SYKM_YEAST	4932.YNL073W	21	9	31	35	30	28	9	36	48	72	12	35	27	27	30	44	29	29	4	20	13.3595026965937
sp|P32047|MLF3_YEAST	4932.YNL074C	28	5	17	20	13	6	9	16	16	35	11	45	36	15	22	91	35	20	0	12	11.4622752340151
sp|P53941|IMP4_YEAST	4932.YNL075W	19	2	19	21	13	13	9	15	18	29	5	13	12	17	27	15	15	20	1	7	11.468437830449
sp|P34072|MKS1_YEAST	4932.YNL076W	30	2	34	30	20	21	14	26	45	40	12	64	35	32	32	71	41	20	3	12	8.00009357513919
sp|P17536|TPM1_YEAST	4932.YNL079C	10	0	13	45	1	1	3	6	27	26	1	14	0	15	6	14	7	6	2	2	664.577687777761
sp|P53938|EOS1_YEAST	4932.YNL080C	21	5	23	20	12	11	9	18	18	51	11	12	15	10	17	40	26	23	7	17	1.7065519453666
sp|P53937|SWS2_YEAST	4932.YNL081C	10	2	3	5	5	12	7	14	16	10	6	5	4	5	9	11	8	6	2	3	11.2294897439553
sp|P39013|END3_YEAST	4932.YNL084C	11	4	30	25	11	9	3	26	34	38	5	33	16	18	13	32	11	15	5	10	77.9364192345158
sp|P40850|MKT1_YEAST	4932.YNL085W	42	5	39	58	52	31	13	54	53	91	17	55	38	31	27	80	58	44	7	35	45.2416571686133
sp|P48231|TCB2_YEAST	4932.YNL087W	45	8	67	75	52	72	12	78	114	114	18	72	53	31	38	82	91	101	16	39	70.1692510743005
sp|P06786|TOP2_YEAST	4932.YNL088W	65	9	91	133	52	78	23	116	159	115	28	80	56	50	60	94	83	61	15	60	32.4481183639802
sp|P06781|RHO2_YEAST	4932.YNL090W	18	6	13	16	8	12	2	12	15	17	4	5	7	4	10	8	11	15	2	7	43.9915996638207
sp|P53935|NST1_YEAST	4932.YNL091W	53	7	80	133	39	45	38	56	100	99	31	86	56	67	60	143	81	32	5	29	23.4401326666075
sp|P36019|YPT53_YEAST	4932.YNL093W	18	4	13	20	9	12	4	13	14	16	4	14	7	9	11	11	18	16	2	5	2.76025302831806
sp|P53932|YNJ5_YEAST	4932.YNL095C	45	11	26	26	35	31	7	52	26	66	21	34	34	23	27	60	50	43	9	16	3.21375874966142
sp|P48164|RS7B_YEAST	4932.YNL096C	9	0	9	12	7	6	3	12	20	21	2	3	11	13	13	16	10	19	0	4	1568.77772886816
sp|P50947|PHO23_YEAST	4932.YNL097C	23	8	19	24	5	17	13	13	23	29	9	29	13	8	21	31	20	13	2	10	9.68068246240114
sp|P01120|RAS2_YEAST	4932.YNL098C	26	2	17	18	4	28	2	14	22	18	7	32	6	22	13	32	23	24	0	12	235.246783728237
sp|P50946|OCA1_YEAST	4932.YNL099C	8	5	17	31	7	13	5	15	7	25	3	14	14	6	14	13	14	17	4	6	4.97162287970048
sp|P50945|AIM37_YEAST	4932.YNL100W	17	2	9	14	9	9	6	15	18	24	1	16	8	12	13	19	10	16	6	10	39.0886127244029
sp|P13382|DPOA_YEAST	4932.YNL102W	66	29	119	95	46	68	22	87	111	145	35	94	68	60	86	112	78	91	7	49	10.2801704357807
sp|P32389|MET4_YEAST	4932.YNL103W	34	0	50	43	23	30	27	35	44	49	6	91	30	25	23	83	43	26	1	9	43.5233505481461
sp|P06208|LEU1_YEAST	4932.YNL104C	56	9	37	44	23	38	12	35	37	41	9	34	27	22	33	55	30	50	7	20	467.238192764331
sp|P50942|INP52_YEAST	4932.YNL106C	57	14	69	71	56	59	25	76	91	105	13	63	70	41	63	123	75	63	9	40	3.43208483696394
sp|P53930|AF9_YEAST	4932.YNL107W	9	1	12	24	11	9	6	18	19	14	3	19	16	6	8	14	11	16	2	8	6.47082361335889
sp|P53929|YNK8_YEAST	4932.YNL108C	17	3	12	28	15	15	6	21	21	14	10	15	23	1	12	19	13	12	6	7	54.0034315150875
sp|P53927|NOP15_YEAST	4932.YNL110C	10	0	10	28	6	11	6	10	38	19	5	8	6	9	8	17	11	10	1	7	84.594353876361
sp|P40312|CYB5_YEAST	4932.YNL111C	5	0	11	11	3	11	3	9	7	11	3	4	3	4	2	10	4	12	1	6	51.1185090128963
sp|P24783|DBP2_YEAST	4932.YNL112W	28	5	37	31	15	68	8	36	27	34	12	29	27	26	48	29	27	27	7	25	694.894498691078
sp|P28000|RPAC2_YEAST	4932.YNL113W	6	2	12	22	3	6	3	9	11	10	5	4	6	9	3	7	13	8	0	3	455.545970396662
sp|P53925|YNL5_YEAST	4932.YNL115C	26	3	40	34	34	46	18	50	33	76	7	42	18	20	33	48	47	23	17	29	7.29280191444854
sp|P53924|DMA2_YEAST	4932.YNL116W	32	11	24	28	19	26	16	30	19	36	12	36	32	30	30	67	38	24	3	9	1.74830824929499
sp|A6ZRW6|MASY_YEAS7	4932.YNL117W	36	6	32	33	21	30	14	39	36	55	15	38	33	18	26	23	37	35	8	19	46.1665341645936
sp|A6ZRW5|DCP2_YEAS7	4932.YNL118C	40	4	55	68	35	38	16	51	78	85	25	97	62	53	31	127	39	40	7	19	83.0560237188444
sp|P53923|CTU2_YEAST	4932.YNL119W	14	11	26	36	23	14	8	40	45	47	12	42	14	24	12	48	29	30	4	14	10.9588158327457
sp|P07213|TOM70_YEAST	4932.YNL121C	61	3	46	55	32	22	3	29	68	61	13	40	24	26	20	37	31	18	1	27	173.343218515363
sp|P53920|NM111_YEAST	4932.YNL123W	55	15	68	61	40	60	24	81	57	80	15	49	45	24	50	77	71	89	8	28	30.3350313522444
sp|P53919|NAF1_YEAST	4932.YNL124W	22	1	37	41	18	31	9	19	29	33	14	31	53	42	18	44	19	17	1	13	2.46955631926571
sp|P53918|ESBP6_YEAST	4932.YNL125C	60	12	29	25	36	40	10	39	40	75	25	26	26	16	21	67	48	47	10	21	3.63121182077677
sp|P53540|SPC98_YEAST	4932.YNL126W	29	4	36	57	50	30	18	68	55	107	18	66	29	31	37	78	44	39	5	45	0.554474724942305
sp|P53917|FAR11_YEAST	4932.YNL127W	44	13	63	81	43	34	24	60	70	103	22	63	38	32	45	99	35	37	10	37	1.08675786353627
sp|P53916|TEP1_YEAST	4932.YNL128W	17	8	23	35	23	25	9	37	32	50	14	20	13	9	23	30	25	18	6	17	4.30410497727683
sp|P53915|NRK1_YEAST	4932.YNL129W	13	3	25	12	14	9	5	17	28	20	2	13	9	6	7	14	12	17	4	10	3.12576446814555
sp|P49334|TOM22_YEAST	4932.YNL131W	14	0	17	14	9	5	0	8	7	16	2	10	4	8	4	11	12	10	1	0	77.0621638606821
sp|P53914|KRE33_YEAST	4932.YNL132W	72	6	66	72	37	50	23	67	85	121	27	56	46	46	54	86	44	58	6	34	96.7989665916271
sp|P53912|YNN4_YEAST	4932.YNL134C	33	4	26	23	14	30	8	32	34	32	5	14	20	13	9	17	17	30	3	12	266.787752970752
sp|P20081|FKBP_YEAST	4932.YNL135C	3	1	7	5	5	16	1	9	7	8	1	5	10	3	4	7	7	11	1	3	644.859924606718
sp|P53911|EAF7_YEAST	4932.YNL136W	13	1	29	72	6	18	9	17	55	22	8	31	17	14	24	34	26	17	4	8	1.01954530809098
sp|P27929|NAM9_YEAST	4932.YNL137C	27	3	21	37	24	22	10	22	59	52	8	24	28	24	26	33	20	22	8	16	23.4871141362414
sp|P17555|CAP_YEAST	4932.YNL138W	42	4	31	36	20	29	5	30	46	36	7	31	35	22	13	58	31	30	5	15	253.807078576299
sp|P53552|THO2_YEAST	4932.YNL139C	77	15	83	118	74	53	32	111	122	171	28	121	59	59	80	157	82	72	15	68	26.7223228471985
sp|P53909|ADE_YEAST	4932.YNL141W	18	7	28	27	20	18	13	18	26	41	3	9	17	14	12	23	16	21	4	12	214.178783079614
sp|P41948|MEP2_YEAST	4932.YNL142W	47	12	19	13	24	60	10	33	15	48	16	20	19	7	13	37	36	36	17	17	6.66895939277662
sp|P53905|LSM7_YEAST	4932.YNL147W	4	0	8	7	1	8	2	6	14	14	5	6	3	7	5	9	4	8	0	4	101.038740604944
sp|P53904|TBCB_YEAST	4932.YNL148C	22	2	18	29	6	18	5	12	12	17	5	9	10	11	18	16	9	25	2	8	5.60302855874344
sp|P53903|PGA2_YEAST	4932.YNL149C	12	0	12	15	3	5	1	6	14	13	2	4	2	5	11	5	6	7	3	3	78.2358296649734
sp|P17890|RPC7_YEAST	4932.YNL151C	12	0	35	21	10	27	2	16	21	18	5	21	10	3	6	17	9	6	0	12	11.8619637064435
sp|P53900|PFD4_YEAST	4932.YNL153C	7	0	14	16	5	3	0	10	12	16	3	6	2	11	7	5	4	5	0	3	171.574219270951
sp|P23292|KC12_YEAST	4932.YNL154C	34	3	29	25	16	40	19	21	38	44	12	39	28	61	26	37	23	20	4	27	94.076984209148
sp|P53899|YNP5_YEAST	4932.YNL155W	12	8	17	18	11	10	8	14	30	24	6	21	8	8	15	30	12	11	3	8	24.6705919980557
sp|P53898|NSG2_YEAST	4932.YNL156C	10	7	16	11	14	21	10	22	11	40	6	16	9	9	14	37	11	17	5	13	40.2050012355966
sp|P53897|IGO1_YEAST	4932.YNL157W	5	1	8	6	3	14	2	11	15	11	4	17	12	4	5	28	13	3	0	6	55.3483035121063
sp|P53896|PGA1_YEAST	4932.YNL158W	11	1	9	8	9	5	7	21	6	21	4	9	11	8	8	15	18	18	2	7	35.9924247865593
sp|P38616|YGP1_YEAST	4932.YNL160W	33	2	13	13	13	18	2	25	17	25	1	27	17	9	5	51	30	38	2	13	141.09796527051
sp|P53894|CBK1_YEAST	4932.YNL161W	38	4	33	42	27	46	22	36	36	58	22	40	37	95	40	66	43	25	8	38	2.37021540590197
sp|P02405|RL44B_YEAST	4932.YNL162W	6	5	1	3	5	9	4	0	23	7	1	1	2	9	8	2	10	7	0	3	972.830087268702
sp|P53893|RIA1_YEAST	4932.YNL163C	61	17	71	102	42	61	21	76	71	115	24	48	51	42	54	92	52	79	9	22	46.9896896193911
sp|P53892|IBD2_YEAST	4932.YNL164C	17	4	31	34	12	20	13	19	18	25	11	22	15	15	21	32	13	16	1	12	0.900181327902391
sp|P53890|BNI5_YEAST	4932.YNL166C	24	3	41	42	10	28	9	26	39	26	8	39	16	22	16	43	22	25	2	7	48.6518578644258
sp|Q02100|SKO1_YEAST	4932.YNL167C	22	3	24	29	16	28	14	34	39	44	8	82	46	21	26	110	57	32	0	12	18.1476887586991
sp|P53889|FMP41_YEAST	4932.YNL168C	12	4	11	15	11	17	8	20	19	24	6	18	17	7	11	21	16	15	1	6	52.595572722735
sp|P39006|PSD1_YEAST	4932.YNL169C	25	5	21	30	33	36	12	21	32	48	14	28	22	17	29	43	26	37	8	13	10.5269779905363
sp|P53886|APC1_YEAST	4932.YNL172W	85	20	111	99	78	95	32	132	108	206	36	90	72	59	72	189	95	90	19	60	1.44251406996671
sp|P53885|MDG1_YEAST	4932.YNL173C	24	0	18	43	14	25	2	16	50	20	2	17	23	14	7	30	30	22	3	6	41.401694335335
sp|P53883|NOP13_YEAST	4932.YNL175C	24	4	33	34	15	22	3	17	56	24	9	28	13	10	26	37	17	22	1	8	162.055073584503
sp|P53881|RM22_YEAST	4932.YNL177C	17	3	11	19	7	22	7	25	30	31	3	12	11	14	23	31	12	17	5	9	26.1402450755504
sp|P05750|RS3_YEAST	4932.YNL178W	28	1	9	22	8	17	2	13	18	19	6	5	11	7	20	9	13	25	0	7	2257.90379257614
sp|P53879|RHO5_YEAST	4932.YNL180C	19	6	20	20	7	17	7	18	34	25	2	21	16	18	11	33	30	13	2	12	31.1948102495845
sp|P53878|YNS1_YEAST	4932.YNL181W	22	5	22	25	11	22	2	28	38	47	10	21	16	18	23	27	25	23	10	12	31.3908374046662
sp|P53877|IPI3_YEAST	4932.YNL182C	25	10	31	34	17	33	12	41	37	62	7	42	17	31	15	48	36	36	3	18	35.1852118194961
sp|P22211|NPR1_YEAST	4932.YNL183C	41	12	39	34	31	47	24	52	45	45	11	62	42	25	35	143	38	38	4	22	37.8788660528046
sp|P53875|RM19_YEAST	4932.YNL185C	15	1	4	7	4	16	3	11	18	13	6	4	14	4	4	11	6	14	0	3	55.2098894123367
sp|P53874|UBP10_YEAST	4932.YNL186W	42	8	52	76	17	35	16	46	79	60	16	63	35	19	25	98	44	31	5	25	51.1768404203517
sp|Q02821|IMA1_YEAST	4932.YNL189W	48	8	34	42	16	26	2	36	29	51	10	34	24	36	27	34	30	36	7	12	80.4729658037236
sp|P53871|DUG3_YEAST	4932.YNL191W	24	6	23	21	17	20	11	20	21	37	6	16	19	8	22	28	25	18	3	12	30.644452787952
sp|P08004|CHS1_YEAST	4932.YNL192W	50	16	58	67	66	58	22	78	57	95	29	92	45	42	52	102	65	61	14	62	2.92193919510554
sp|P53870|YNT3_YEAST	4932.YNL193W	28	6	41	42	22	17	10	40	34	75	10	36	17	33	18	39	39	26	4	21	1.01802613512448
sp|P40168|YNT5_YEAST	4932.YNL195C	19	4	18	12	3	20	11	9	12	9	9	23	18	13	12	31	15	13	1	9	2.83157570607254
sp|P34761|WHI3_YEAST	4932.YNL197C	37	4	22	20	23	36	17	35	21	51	14	70	43	49	24	119	42	21	2	11	70.5335959875809
sp|Q01722|GCR2_YEAST	4932.YNL199C	30	1	26	22	11	42	4	28	26	45	15	62	21	29	27	65	49	15	4	12	8.00289676147965
sp|P40165|NNRE_YEAST	4932.YNL200C	10	5	9	16	18	20	5	14	19	21	4	9	19	12	9	14	11	23	2	6	18.2006976135996
sp|P40164|PP4R3_YEAST	4932.YNL201C	23	12	68	68	39	41	23	68	60	89	20	62	25	31	31	69	50	48	2	29	19.4117032968459
sp|P32573|SPS19_YEAST	4932.YNL202W	36	5	14	14	15	29	4	16	27	27	3	12	8	7	9	15	17	25	2	7	86.0224535956807
sp|P40161|RT106_YEAST	4932.YNL206C	17	3	47	51	22	22	4	26	40	44	8	25	16	17	13	43	23	20	0	14	23.1899222477087
sp|P40160|RIO2_YEAST	4932.YNL207W	16	5	42	34	16	25	11	22	31	33	17	27	12	12	26	36	13	23	1	23	70.7069114192906
sp|P40159|YNU8_YEAST	4932.YNL208W	10	0	3	9	13	56	5	3	5	4	1	24	14	22	7	12	2	3	1	5	126.123195561776
sp|P40157|VID27_YEAST	4932.YNL212W	38	7	68	65	37	42	7	54	74	57	13	41	26	27	30	69	44	46	10	27	39.7754967997874
sp|P40154|IES2_YEAST	4932.YNL215W	13	1	35	50	3	22	3	12	29	21	4	14	6	7	25	35	17	15	0	8	32.7668802641429
sp|P11938|RAP1_YEAST	4932.YNL216W	71	4	74	60	33	29	19	38	43	51	15	65	47	30	45	72	61	43	2	25	71.9624831211885
sp|P40152|YNV7_YEAST	4932.YNL217W	14	6	24	14	14	20	10	22	30	34	11	18	12	8	12	23	16	20	4	14	3.30608481279879
sp|P53868|ALG9_YEAST	4932.YNL219C	33	11	15	21	45	27	11	47	25	74	7	34	33	12	20	37	27	33	16	27	56.5375081936506
sp|P80210|PURA_YEAST	4932.YNL220W	19	3	24	31	17	45	9	23	37	45	5	19	17	10	20	19	26	41	5	18	522.194889274729
sp|P41812|POP1_YEAST	4932.YNL221C	48	17	44	39	33	42	23	56	76	82	20	52	38	39	65	77	47	37	13	27	2.43390842570642
sp|P53538|SSU72_YEAST	4932.YNL222W	10	7	18	13	7	9	4	11	15	18	6	16	8	7	9	20	6	11	2	9	2.4297606561403
sp|P53866|SQS1_YEAST	4932.YNL224C	34	3	63	72	29	51	19	49	68	50	15	50	36	20	44	71	33	32	4	24	7.6312841324721
sp|P53865|CNM67_YEAST	4932.YNL225C	24	7	38	62	20	16	13	40	60	63	14	48	20	25	28	43	30	15	2	13	3.52714656072492
sp|P53863|JJJ1_YEAST	4932.YNL227C	33	6	51	64	23	18	10	24	83	45	7	40	11	19	24	42	33	27	6	24	3.17800424916898
sp|P23202|URE2_YEAST	4932.YNL229C	25	0	15	21	19	19	11	18	11	26	10	46	12	18	19	27	16	24	6	11	60.045362264432
sp|P53861|ELOA1_YEAST	4932.YNL230C	13	3	18	21	14	13	16	19	45	28	6	19	23	21	26	30	24	26	1	13	15.9823793779539
sp|P53860|PDR16_YEAST	4932.YNL231C	15	2	23	30	16	18	11	20	37	40	5	11	24	9	17	16	16	22	6	13	191.464503396494
sp|P53859|CSL4_YEAST	4932.YNL232W	23	5	18	22	9	29	1	16	17	17	4	16	13	10	18	18	25	22	1	8	103.339474120996
sp|P53858|BNI4_YEAST	4932.YNL233W	35	3	75	82	35	26	16	46	68	67	17	58	49	32	45	120	63	36	0	19	8.38694515541727
sp|P32259|MED16_YEAST	4932.YNL236W	45	14	46	49	54	32	20	75	74	98	21	63	46	46	33	96	62	51	13	36	14.8587597438712
sp|P13134|KEX2_YEAST	4932.YNL238W	50	8	66	53	32	57	22	48	41	62	10	45	36	16	32	92	55	46	15	28	38.8529710701188
sp|Q01532|BLH1_YEAST	4932.YNL239W	25	3	31	25	20	18	8	25	40	59	12	25	22	21	23	39	31	28	7	21	72.5123609121148
sp|P23503|NAR1_YEAST	4932.YNL240C	36	13	22	32	14	32	9	23	31	57	12	20	23	23	24	46	26	30	4	14	3.31839748337359
sp|P11412|G6PD_YEAST	4932.YNL241C	29	1	37	38	27	32	10	27	43	45	11	21	29	15	25	30	22	37	5	21	269.011059792963
sp|P33338|SLA2_YEAST	4932.YNL243W	88	9	56	74	26	23	23	53	57	103	23	42	38	84	41	78	68	53	6	23	142.784105563098
sp|P32911|SUI1_YEAST	4932.YNL244C	4	2	8	7	5	8	2	11	11	8	3	6	3	8	5	4	6	5	0	2	849.754134375997
sp|P53853|VPS75_YEAST	4932.YNL246W	13	2	26	33	14	16	5	17	26	17	5	5	11	9	10	20	7	12	5	11	37.0968506141379
sp|P53852|SYC_YEAST	4932.YNL247W	49	6	53	53	38	34	16	51	77	66	12	50	30	37	24	54	43	39	14	21	203.428557798013
sp|Q01080|RPA49_YEAST	4932.YNL248C	27	1	24	27	16	17	3	29	44	41	5	17	23	15	24	40	20	28	0	14	88.4708438794811
sp|P53583|MPA43_YEAST	4932.YNL249C	26	11	31	33	22	33	14	46	37	53	13	31	15	21	20	51	23	27	8	27	1.35974735182298
sp|P12753|RAD50_YEAST	4932.YNL250W	49	9	97	132	39	29	22	101	149	153	27	92	14	79	59	108	73	47	5	28	8.2143910402041
sp|P53617|NRD1_YEAST	4932.YNL251C	37	5	32	19	16	32	15	34	33	45	10	35	48	43	30	63	28	25	5	20	126.533834624817
sp|P36528|RM17_YEAST	4932.YNL252C	17	0	18	21	14	12	5	15	31	28	4	14	13	8	13	24	15	15	5	9	12.2982576703101
sp|P53851|TEX1_YEAST	4932.YNL253W	16	10	27	15	15	24	12	32	39	38	9	32	10	4	12	53	30	22	8	14	1.52431451851412
sp|P53849|GIS2_YEAST	4932.YNL255C	5	21	8	9	3	13	7	4	13	4	5	9	6	7	8	10	9	6	0	6	1440.43542583843
sp|P53848|FOL1_YEAST	4932.YNL256W	39	12	52	55	36	38	21	71	60	76	19	44	38	31	35	67	41	62	7	20	8.45484313580424
sp|P38717|SIP3_YEAST	4932.YNL257C	51	18	69	87	74	34	16	88	122	137	29	55	38	42	52	125	66	58	15	53	34.2210370341752
sp|P53847|DSL1_YEAST	4932.YNL258C	32	7	53	74	33	20	14	52	60	94	18	58	15	28	26	57	38	34	14	27	30.9148070665129
sp|P38636|ATX1_YEAST	4932.YNL259C	2	2	4	5	2	4	1	5	10	7	2	2	2	3	1	5	5	8	0	3	66.273953223744
sp|P53846|YN00_YEAST	4932.YNL260C	4	1	8	17	12	12	4	13	22	21	7	14	2	12	11	9	11	11	2	5	1.57822779015021
sp|P50874|ORC5_YEAST	4932.YNL261W	27	7	26	32	24	12	8	43	31	55	7	28	21	20	19	37	30	22	5	25	2.7309139391434
sp|P21951|DPOE_YEAST	4932.YNL262W	103	33	137	155	112	105	40	152	185	226	56	128	92	86	97	165	104	126	30	90	17.1301819846322
sp|P53845|YIF1_YEAST	4932.YNL263C	14	3	13	5	24	22	2	19	14	37	11	28	16	20	9	24	14	20	4	15	3.18633531185464
sp|P53844|PDR17_YEAST	4932.YNL264C	22	4	29	23	17	16	8	17	33	36	10	17	23	10	18	10	16	20	7	14	13.7130217962559
sp|P53843|IST1_YEAST	4932.YNL265C	16	4	25	31	5	3	6	28	38	31	5	15	11	14	12	20	10	16	1	7	30.932730275167
sp|P39104|PIK1_YEAST	4932.YNL267W	71	8	69	74	44	48	22	60	78	109	27	75	32	47	53	107	60	50	5	27	2.51944208321845
sp|P41832|BNI1_YEAST	4932.YNL271C	113	10	115	170	60	76	38	75	181	208	53	121	96	90	84	215	103	93	10	42	7.86269742829974
sp|P17065|SEC2_YEAST	4932.YNL272C	47	9	65	65	17	26	11	46	71	67	9	46	19	34	29	101	49	28	7	13	51.4532852440308
sp|P53840|TOF1_YEAST	4932.YNL273W	64	7	93	82	68	49	19	73	99	140	23	72	44	47	59	119	64	69	11	36	1.50699466256031
sp|P53839|GOR1_YEAST	4932.YNL274C	21	4	16	32	13	28	11	22	23	33	6	18	18	11	18	18	18	32	3	5	37.0522884236003
sp|P08465|MET2_YEAST	4932.YNL277W	37	7	25	32	17	32	9	32	25	41	8	20	19	23	21	51	32	31	8	16	1.69064065837168
sp|P53836|CA120_YEAST	4932.YNL278W	59	9	55	55	34	56	26	40	73	78	20	85	93	46	53	124	54	48	9	43	17.4542374500888
sp|P53835|PRM1_YEAST	4932.YNL279W	43	12	33	29	18	29	11	59	38	77	17	47	16	22	16	55	57	50	10	22	2.1425191073412
sp|P32462|ERG24_YEAST	4932.YNL280C	16	7	15	19	28	37	9	36	25	65	10	20	15	14	18	23	19	24	13	25	129.903159987488
sp|P53834|HCH1_YEAST	4932.YNL281W	2	1	19	8	5	8	3	9	14	16	3	9	6	6	2	15	8	13	3	3	239.643521655111
sp|P53833|POP3_YEAST	4932.YNL282W	6	4	12	4	6	4	4	11	21	25	6	9	14	13	7	14	7	17	4	7	23.9724145215638
sp|P36520|RM10_YEAST	4932.YNL284C	19	0	10	16	16	29	6	16	39	34	7	13	16	13	22	23	13	17	4	9	57.3567780492186
sp|Q12391|YN11A_YEAST	4932.YNL284C-A	24	4	24	15	14	15	15	20	24	24	14	31	36	30	18	55	42	14	3	18	17.5139508554995
sp|P53830|CUS2_YEAST	4932.YNL286W	13	5	23	32	10	19	2	18	32	25	6	21	6	10	10	18	14	12	0	9	2.44977631691271
sp|P32074|COPG_YEAST	4932.YNL287W	63	11	59	69	49	25	14	68	59	111	12	58	34	35	35	97	53	58	2	23	384.745957599257
sp|P53829|CAF40_YEAST	4932.YNL288W	18	7	16	16	12	28	7	17	12	52	14	36	21	16	19	25	22	25	2	8	90.9706456064984
sp|P38629|RFC3_YEAST	4932.YNL290W	27	5	21	28	9	17	5	24	25	36	4	20	12	10	21	20	20	23	2	11	58.0514451576294
sp|P48567|PUS4_YEAST	4932.YNL292W	25	2	22	41	12	23	8	19	44	36	7	14	15	20	15	31	24	31	2	12	35.4845399585238
sp|P48563|MON2_YEAST	4932.YNL297C	57	33	95	111	80	47	22	142	116	225	26	105	53	52	61	167	99	79	15	51	24.7634228901332
sp|P48562|CLA4_YEAST	4932.YNL298W	43	10	42	34	19	36	26	42	59	63	21	56	71	58	35	100	50	43	9	25	10.3099809155367
sp|P07281|RS19B_YEAST	4932.YNL302C	14	0	8	9	3	15	2	10	11	8	3	5	5	8	12	10	2	12	1	6	1632.57861698458
sp|P07281|RS19B_YEAST	4932.YOL121C	14	0	8	9	3	15	2	10	11	8	3	5	5	8	12	10	2	12	1	6	1430.21829714897
sp|P48558|BXI1_YEAST	4932.YNL305C	18	7	10	15	14	11	4	20	7	44	8	11	14	10	9	35	15	20	8	17	0.357114010909659
sp|P42847|RT18_YEAST	4932.YNL306W	9	2	9	11	12	16	3	10	25	16	6	13	7	5	12	20	13	18	3	7	14.226096781773
sp|P21965|MCK1_YEAST	4932.YNL307C	16	6	18	23	23	25	10	28	26	41	8	16	24	22	21	18	17	16	2	15	142.415838932418
sp|P42846|KRI1_YEAST	4932.YNL308C	46	0	48	102	20	21	8	23	86	37	5	30	18	20	31	30	27	22	4	13	620.409380027963
sp|P42845|STB1_YEAST	4932.YNL309W	31	0	23	15	9	16	14	15	27	30	12	38	41	18	20	56	35	13	0	7	6.42004308051232
sp|P42844|ZIM17_YEAST	4932.YNL310C	12	6	10	7	5	5	11	10	19	13	5	8	9	7	9	11	10	12	1	4	49.9245821534686
sp|P42843|SKP2_YEAST	4932.YNL311C	17	15	50	46	46	16	16	49	51	96	9	62	33	26	41	75	42	37	6	30	1.45939802715078
sp|P26754|RFA2_YEAST	4932.YNL312W	13	6	17	18	15	23	7	17	15	17	3	20	10	16	6	25	19	18	1	7	49.1317383170558
sp|P42842|EMW1_YEAST	4932.YNL313C	79	18	42	75	27	37	11	57	65	116	15	33	38	39	36	74	45	39	20	38	86.4518110005814
sp|P21705|DAL82_YEAST	4932.YNL314W	9	2	17	17	8	9	9	14	18	29	6	11	21	14	16	31	9	8	2	5	4.9445978304654
sp|P32453|ATP11_YEAST	4932.YNL315C	15	2	14	24	16	11	9	13	29	31	11	18	18	23	15	22	16	20	4	7	29.3367040178554
sp|P32452|PHA2_YEAST	4932.YNL316C	18	8	20	21	14	11	11	24	16	33	4	21	16	16	17	28	21	18	4	13	5.46829429041045
sp|P42841|PFS2_YEAST	4932.YNL317W	25	7	31	18	19	20	16	34	30	31	15	34	30	17	22	42	26	21	11	16	16.6107813882799
sp|P42840|YN60_YEAST	4932.YNL320W	10	6	15	13	17	21	8	27	17	33	5	12	12	5	12	26	14	12	5	14	4.0867147509264
sp|P42839|VNX1_YEAST	4932.YNL321W	62	16	33	38	52	42	37	72	35	95	21	47	42	40	30	89	53	51	17	36	1.76095894078876
sp|P42838|LEM3_YEAST	4932.YNL323W	23	7	29	24	20	27	7	26	28	30	8	29	21	15	18	21	26	24	10	21	58.4919863865876
sp|P42836|PFA3_YEAST	4932.YNL326C	17	15	18	16	19	13	12	20	14	43	7	12	14	10	22	19	23	19	8	15	14.4074662083678
sp|P42835|EGT2_YEAST	4932.YNL327W	77	5	39	38	28	42	12	68	32	69	7	40	37	32	12	216	178	68	3	38	113.47217867518
sp|P33760|PEX6_YEAST	4932.YNL329C	59	21	68	53	58	49	15	76	58	111	23	55	51	38	44	90	61	61	6	33	10.4626012416118
sp|P32561|RPD3_YEAST	4932.YNL330C	27	10	33	28	19	39	14	17	23	28	16	24	20	6	21	21	18	35	2	32	43.2689609718881
sp|P00890|CISY1_YEAST	4932.YNR001C	41	1	19	39	18	35	13	25	39	57	5	13	23	15	21	36	26	27	6	20	378.156907510605
sp|P32910|RPC6_YEAST	4932.YNR003C	15	3	13	30	16	17	5	20	27	31	10	18	9	17	7	25	18	21	4	11	10.0779868932281
sp|P40343|VPS27_YEAST	4932.YNR006W	30	10	39	64	12	11	12	37	47	52	11	30	48	40	33	68	27	30	2	19	18.3213261243188
sp|P40344|ATG3_YEAST	4932.YNR007C	11	4	31	30	12	15	6	22	20	21	9	8	13	14	14	23	19	19	5	14	9.72307689160528
sp|P40345|PDAT_YEAST	4932.YNR008W	34	5	44	41	31	54	22	37	39	55	22	41	27	22	37	51	23	36	16	24	1.87201667959102
sp|P53718|NRM1_YEAST	4932.YNR009W	13	4	8	9	6	9	8	14	24	17	6	15	12	9	14	40	25	9	0	7	2.83452825139087
sp|P33308|MED9_YEAST	4932.YNR010W	3	1	10	12	3	2	5	10	11	20	1	14	8	12	8	14	9	2	1	3	6.37107498967112
sp|P20095|PRP2_YEAST	4932.YNR011C	42	13	44	68	29	45	14	63	70	87	24	43	38	47	50	56	66	45	5	27	0.617117666924282
sp|P27515|URK1_YEAST	4932.YNR012W	32	8	35	22	20	25	12	51	34	48	12	32	22	13	24	35	22	35	5	14	4.75091351225972
sp|P27514|PHO91_YEAST	4932.YNR013C	56	10	35	30	47	37	20	76	43	105	30	55	42	41	25	97	57	55	13	20	36.5286174265696
sp|P53720|DUS2_YEAST	4932.YNR015W	30	10	21	19	11	18	11	27	31	33	7	19	20	18	19	24	26	28	4	8	25.2241281708922
sp|Q00955|ACAC_YEAST	4932.YNR016C	157	12	123	173	92	149	53	161	137	199	50	102	105	80	122	156	113	157	24	68	579.515979649633
sp|P32897|TIM23_YEAST	4932.YNR017W	18	3	11	8	5	31	4	12	14	29	6	12	11	7	5	18	12	8	3	5	84.8823399954894
sp|P53721|RCF2_YEAST	4932.YNR018W	20	1	6	19	7	13	4	17	20	18	6	11	7	5	13	19	14	11	6	7	44.2492872129208
sp|P53629|ARE2_YEAST	4932.YNR019W	37	8	29	33	50	31	14	45	41	64	25	28	17	16	22	51	45	42	16	28	12.5566519846543
sp|P53723|YN8B_YEAST	4932.YNR021W	20	3	12	30	31	13	7	23	35	44	9	33	13	23	20	33	18	21	4	12	212.667691255497
sp|P53724|RM50_YEAST	4932.YNR022C	4	2	5	16	4	6	7	6	18	17	3	6	4	9	6	6	7	9	0	4	52.4739312226757
sp|P53628|SNF12_YEAST	4932.YNR023W	33	2	35	44	21	16	13	31	43	55	17	53	30	20	21	56	33	28	4	11	10.2420812310045
sp|P53725|MPP6_YEAST	4932.YNR024W	3	0	21	14	7	15	1	7	33	9	4	17	4	3	9	20	6	8	1	4	14.22994882642
sp|P11655|SEC12_YEAST	4932.YNR026C	31	3	33	22	23	28	11	39	41	37	7	30	10	8	10	46	42	35	1	14	28.4150082254231
sp|P53727|BUD17_YEAST	4932.YNR027W	16	6	21	14	14	21	6	25	22	38	4	11	9	16	11	26	18	25	3	11	18.2106206475047
sp|P53728|CYP8_YEAST	4932.YNR028W	14	2	20	22	11	16	9	23	26	31	8	11	17	11	14	28	14	17	0	14	15.2678930466615
sp|P53729|YN8H_YEAST	4932.YNR029C	20	7	32	38	11	35	8	43	33	40	11	25	12	11	18	26	19	23	5	12	17.2622136405271
sp|P53730|ALG12_YEAST	4932.YNR030W	31	4	21	24	45	27	11	47	30	65	17	24	23	13	13	38	42	43	10	23	32.8497345122886
sp|P53599|SSK2_YEAST	4932.YNR031C	67	15	97	111	72	75	26	102	109	157	47	120	60	61	71	144	86	83	23	53	3.49778044620274
sp|Q6Q546|HUB1_YEAST	4932.YNR032C-A	1	1	6	5	1	5	2	4	8	10	1	3	1	4	2	4	2	10	0	3	10.069020205049
sp|P32838|PP2A4_YEAST	4932.YNR032W	16	9	29	24	18	21	11	23	13	35	10	23	15	15	19	23	14	25	3	22	5.73766866889616
sp|P37254|PABS_YEAST	4932.YNR033W	32	16	48	49	34	53	17	54	56	76	19	40	37	36	23	60	46	52	11	28	15.7968330511702
sp|P50278|SOL1_YEAST	4932.YNR034W	23	3	20	23	16	23	8	20	28	24	5	16	14	6	15	27	15	24	4	7	56.1056785761045
sp|Q3E841|YN034_YEAST	4932.YNR034W-A	7	0	3	7	4	8	2	9	8	6	1	6	6	1	4	7	5	9	0	5	106.248336552746
sp|P53731|ARPC2_YEAST	4932.YNR035C	18	3	18	26	22	11	9	26	21	37	4	11	14	22	20	25	22	20	1	12	324.517981408806
sp|P53732|RT12_YEAST	4932.YNR036C	9	4	4	2	2	13	3	6	13	10	4	6	10	10	16	15	8	13	1	4	3.74390994683037
sp|P53733|RT19_YEAST	4932.YNR037C	7	0	1	5	4	6	2	7	8	6	3	4	8	4	7	4	7	5	1	2	5.7437227856467
sp|P53734|DBP6_YEAST	4932.YNR038W	33	5	34	41	22	22	11	49	45	75	9	49	27	29	22	68	43	27	2	16	52.6750552808014
sp|P53735|ZRG17_YEAST	4932.YNR039C	34	4	27	24	35	22	12	55	29	62	12	44	34	20	20	75	47	25	6	18	6.3058413717704
sp|P53736|YN8O_YEAST	4932.YNR040W	20	3	5	12	17	14	4	12	23	20	5	14	11	6	15	23	22	20	3	7	20.3902719421128
sp|P32377|MVD1_YEAST	4932.YNR043W	37	5	22	27	20	18	7	19	25	34	10	16	15	16	16	38	31	23	7	10	261.460743053087
sp|P53738|TR112_YEAST	4932.YNR046W	7	5	10	7	6	5	3	8	7	19	3	11	10	5	2	8	8	7	1	3	137.115898351567
sp|P53739|FPK1_YEAST	4932.YNR047W	36	8	46	62	44	44	32	39	60	61	19	67	51	35	50	123	57	33	4	22	27.3022687676779
sp|P53740|YN8S_YEAST	4932.YNR048W	24	5	21	16	19	20	6	29	25	40	7	27	24	17	14	23	27	24	7	18	29.4099159868777
sp|P53604|MSO1_YEAST	4932.YNR049C	10	0	10	9	11	13	7	3	17	10	6	14	15	8	14	35	16	6	2	4	5.74101637696237
sp|P38999|LYS9_YEAST	4932.YNR050C	41	4	36	25	14	32	5	28	34	44	9	15	22	6	15	31	28	31	6	20	1225.47728797714
sp|P53741|BRE5_YEAST	4932.YNR051C	28	3	24	48	19	22	9	28	63	24	8	35	32	13	21	49	44	32	2	11	116.684940923101
sp|P39008|POP2_YEAST	4932.YNR052C	14	1	18	17	25	25	8	18	17	44	17	32	27	63	12	33	18	24	5	15	48.1310896247976
sp|P53742|NOG2_YEAST	4932.YNR053C	27	5	28	38	16	31	10	30	53	40	6	18	23	20	34	31	26	30	8	12	267.849701309321
sp|P53743|ESF2_YEAST	4932.YNR054C	16	1	23	37	11	16	5	18	44	20	5	18	7	18	17	26	12	14	2	6	42.9859250394677
sp|P53630|BIOD_YEAST	4932.YNR057C	13	3	11	17	7	15	8	11	12	24	5	11	14	16	4	13	20	24	5	4	2.11970845881247
sp|P53746|FRE4_YEAST	4932.YNR060W	58	12	18	37	44	44	22	50	45	75	16	32	28	17	33	44	42	45	10	47	0.787390985716149
sp|P53751|YN94_YEAST	4932.YNR065C	55	29	89	86	74	91	21	69	78	78	12	53	39	28	46	95	68	52	9	44	0.720863878763181
sp|P53752|YN95_YEAST	4932.YNR066C	17	10	36	27	23	19	14	45	26	31	4	24	20	13	13	47	24	18	7	18	0.550182188454963
sp|P53753|ENG1_YEAST	4932.YNR067C	66	2	55	51	40	60	14	68	31	92	22	66	41	44	16	197	109	69	13	61	20.5446011526386
sp|P53756|PDR18_YEAST	4932.YNR070W	97	23	43	75	80	95	27	86	75	131	40	55	46	54	49	115	85	70	20	67	1.08564767583429
sp|P53631|HXT17_YEAST	4932.YNR072W	34	14	21	28	40	54	6	48	29	53	16	16	24	14	19	41	27	42	13	25	0.0642484138517738
sp|P39941|DSF1_YEAST	4932.YNR073C	36	7	33	33	14	30	13	27	36	47	20	18	31	11	20	22	32	42	6	24	3.13324188727329
sp|P52923|AIF1_YEAST	4932.YNR074C	23	3	26	17	19	33	5	27	28	40	2	22	13	3	15	33	20	32	2	15	1.8222278221861
sp|P22579|SIN3_YEAST	4932.YOL004W	86	9	96	120	61	59	47	95	105	122	24	90	98	116	57	132	87	69	14	49	12.6384387219855
sp|P38902|RPB11_YEAST	4932.YOL005C	13	1	9	10	9	5	2	6	11	15	1	9	5	2	5	2	8	4	1	2	146.628413380622
sp|P04786|TOP1_YEAST	4932.YOL006C	39	7	51	84	34	25	12	41	108	60	7	33	37	39	39	45	32	43	11	22	51.4255914183988
sp|Q08058|COQ10_YEAST	4932.YOL008W	15	3	6	9	12	6	6	14	16	20	6	11	13	4	14	13	12	17	1	9	1.67574364995238
sp|Q92328|MDM12_YEAST	4932.YOL009C	10	4	27	23	13	12	4	19	14	35	4	15	15	10	9	20	12	16	3	6	0.975176289156019
sp|Q08096|RCL1_YEAST	4932.YOL010W	22	4	15	24	13	33	5	40	29	29	8	13	18	9	16	31	19	26	4	9	65.8937616420611
sp|Q12692|H2AZ_YEAST	4932.YOL012C	16	0	5	5	1	15	4	7	16	17	1	2	3	3	11	12	6	7	0	3	181.609779931029
sp|Q08109|HRD1_YEAST	4932.YOL013C	14	9	36	27	33	17	14	41	27	71	14	33	19	27	21	41	52	33	9	13	1.75918084323479
sp|P22517|KCC2_YEAST	4932.YOL016C	24	3	33	36	16	27	10	29	40	47	7	22	16	15	20	32	20	33	4	13	53.4114553448741
sp|Q08144|TLG2_YEAST	4932.YOL018C	19	3	37	34	14	15	10	23	29	45	9	29	9	19	24	25	20	20	0	13	1.84805882049339
sp|Q08157|YOL19_YEAST	4932.YOL019W	28	5	28	22	23	33	8	35	22	45	11	49	38	25	23	69	31	28	3	25	13.8456978232389
sp|Q08162|RRP44_YEAST	4932.YOL021C	65	15	80	59	37	35	21	59	62	94	22	53	53	32	68	74	48	84	7	33	47.0604526152634
sp|P25040|TSR4_YEAST	4932.YOL022C	18	9	38	33	19	21	5	16	39	38	10	23	24	16	11	34	15	25	3	11	60.7967142892303
sp|P25038|IF2M_YEAST	4932.YOL023W	30	10	30	53	17	39	15	72	68	61	8	43	27	24	26	42	37	57	4	13	32.0163369893226
sp|Q92325|LAG2_YEAST	4932.YOL025W	21	6	55	47	27	19	17	53	33	101	15	44	27	29	21	51	36	34	4	20	1.09343783694946
sp|Q08179|MDM38_YEAST	4932.YOL027C	48	3	28	60	24	15	6	28	65	56	11	24	29	21	24	47	33	31	2	18	95.9370412608982
sp|Q08193|GAS5_YEAST	4932.YOL030W	43	8	33	24	18	30	2	21	21	30	8	31	16	14	13	83	29	31	2	27	82.8487360788237
sp|Q08199|SIL1_YEAST	4932.YOL031C	17	4	30	32	18	14	11	38	28	49	9	37	16	14	20	41	15	15	4	9	9.77490038143588
sp|Q08202|OPI10_YEAST	4932.YOL032W	18	0	15	13	12	16	3	19	15	23	5	17	13	12	7	23	14	11	3	7	5.63086042686
sp|P48525|SYEM_YEAST	4932.YOL033W	27	11	28	35	26	28	16	35	51	65	12	26	26	15	29	39	24	18	5	20	2.32177913110692
sp|Q08204|SMC5_YEAST	4932.YOL034W	57	9	74	98	37	33	22	86	116	102	24	56	32	55	62	80	58	61	3	28	1.01940398332916
sp|P40303|PSA4_YEAST	4932.YOL038W	13	4	13	22	6	15	4	14	19	18	1	7	10	16	16	23	17	26	1	9	230.315720059619
sp|P05319|RLA2_YEAST	4932.YOL039W	22	0	8	16	2	10	0	5	7	10	2	3	3	0	0	8	3	5	0	2	1376.48161821097
sp|Q01855|RS15_YEAST	4932.YOL040C	14	0	2	9	7	10	4	7	12	9	8	5	9	2	14	7	8	11	0	4	3408.96091367503
sp|Q08208|NOP12_YEAST	4932.YOL041C	35	4	29	47	18	20	7	24	70	28	4	21	13	13	27	38	27	26	1	7	154.64294967379
sp|Q08213|NGL1_YEAST	4932.YOL042W	7	5	26	15	17	18	9	22	30	44	9	21	14	13	14	23	20	27	6	23	2.8474137934434
sp|Q08217|PSK2_YEAST	4932.YOL045W	53	11	83	75	45	39	31	85	89	112	23	70	50	24	36	103	59	73	7	33	12.3686603533272
sp|Q08220|GSHB_YEAST	4932.YOL049W	25	3	30	37	22	26	4	31	42	53	5	29	21	22	18	42	26	26	4	25	30.1267902294506
sp|P19659|MED15_YEAST	4932.YOL051W	107	4	34	37	25	30	13	59	77	69	33	118	55	173	34	88	61	46	5	13	14.6286187594312
sp|P21182|DCAM_YEAST	4932.YOL052C	15	8	28	30	28	14	12	19	35	40	9	20	13	14	9	28	31	18	6	19	125.9609212116
sp|Q12161|PSH1_YEAST	4932.YOL054W	16	11	62	53	13	15	11	16	19	27	7	24	11	11	29	34	18	16	3	10	5.28354375232338
sp|Q08224|THI20_YEAST	4932.YOL055C	43	14	25	44	17	36	13	35	45	48	10	25	28	14	14	26	39	43	6	26	7.38410653216381
sp|Q12326|PMG3_YEAST	4932.YOL056W	8	4	17	28	10	18	6	19	23	28	6	21	13	15	17	21	15	20	3	11	35.8102026185906
sp|Q08225|DPP3_YEAST	4932.YOL057W	40	5	38	52	46	41	22	45	56	68	14	33	33	32	19	61	37	37	6	26	48.203504674844
sp|P22768|ASSY_YEAST	4932.YOL058W	32	9	32	27	17	27	3	24	33	37	7	13	21	16	20	22	27	32	4	17	2018.43291023459
sp|P41911|GPD2_YEAST	4932.YOL059W	32	7	21	30	16	29	21	31	26	44	8	19	17	18	21	23	25	34	5	13	302.541806470015
sp|Q12296|MAM3_YEAST	4932.YOL060C	30	6	35	38	19	39	26	52	39	67	13	47	40	22	23	86	48	51	5	20	30.1979862117786
sp|Q12265|KPR5_YEAST	4932.YOL061W	37	7	29	18	14	32	11	40	26	41	10	23	27	21	20	57	37	32	2	12	116.759638173164
sp|Q99186|AP2M_YEAST	4932.YOL062C	17	5	30	24	24	29	15	35	32	44	13	31	20	10	25	53	27	37	7	13	3.1480286704334
sp|Q08226|CRT10_YEAST	4932.YOL063C	40	24	65	59	57	48	22	61	53	92	11	63	41	32	46	81	55	51	14	42	0.202564671911841
sp|P32179|MET22_YEAST	4932.YOL064C	26	6	28	19	13	29	11	25	25	35	3	16	9	12	14	30	18	25	3	10	131.363934671144
sp|Q08227|INP54_YEAST	4932.YOL065C	13	9	18	22	18	25	8	22	24	45	3	27	16	13	17	26	28	25	8	17	1.73572453560435
sp|Q12362|RIB2_YEAST	4932.YOL066C	31	13	40	45	20	37	18	32	42	42	12	32	37	15	34	32	39	40	6	24	14.073096684062
sp|P32607|RTG1_YEAST	4932.YOL067C	12	1	12	10	4	19	1	10	12	13	2	13	8	8	9	17	12	8	0	6	69.8946200068737
sp|P53685|HST1_YEAST	4932.YOL068C	21	11	33	25	27	20	14	38	48	56	14	31	25	18	18	30	27	28	3	16	1.62547816683368
sp|P33895|NUF2_YEAST	4932.YOL069W	7	4	33	52	16	11	2	40	38	63	13	33	5	38	13	28	22	18	0	15	20.6595036420397
sp|Q08229|NBA1_YEAST	4932.YOL070C	19	0	31	48	8	22	5	24	42	46	10	29	31	17	30	63	42	22	0	12	33.2510765592717
sp|Q08230|SDHF2_YEAST	4932.YOL071W	9	1	12	12	5	5	2	9	19	20	4	8	6	6	8	14	8	2	5	7	12.354825921969
sp|Q08232|YO073_YEAST	4932.YOL073C	28	3	11	10	16	25	7	24	9	42	5	18	18	11	13	21	24	14	10	13	0.544212771904104
sp|Q12387|NAA25_YEAST	4932.YOL076W	29	14	47	56	40	24	17	52	79	113	16	58	19	28	26	69	33	29	7	40	98.8253815935827
sp|Q08235|BRX1_YEAST	4932.YOL077C	15	2	14	22	13	13	9	18	29	28	5	19	14	14	16	23	8	17	2	10	147.081069161817
sp|P81451|ATP19_YEAST	4932.YOL077W-A	6	0	4	4	3	5	3	4	10	7	2	3	5	2	0	2	3	3	0	2	59.0029128224143
sp|Q08236|AVO1_YEAST	4932.YOL078W	42	6	94	73	40	68	33	59	104	87	29	99	43	32	50	145	78	58	2	34	3.65683475285342
sp|Q08237|REXO4_YEAST	4932.YOL080C	16	1	9	25	9	14	9	17	40	21	8	19	10	5	15	25	17	20	3	6	11.8639547394238
sp|P19158|IRA2_YEAST	4932.YOL081W	147	38	157	179	171	93	101	258	179	339	79	189	117	97	136	332	197	141	20	109	18.1773466257192
sp|Q12292|ATG34_YEAST	4932.YOL083W	11	7	19	36	29	22	6	32	37	34	7	27	20	19	8	40	23	23	3	9	2.94206214068059
sp|Q12252|PHM7_YEAST	4932.YOL084W	58	13	47	53	54	52	15	61	63	107	20	50	56	28	49	75	56	72	13	49	0.573171360544409
sp|Q3E835|YO086_YEAST	4932.YOL086W-A	6	0	7	8	2	4	1	3	4	14	3	3	2	8	9	5	2	5	1	3	0.983033414897743
sp|Q99247|YO087_YEAST	4932.YOL087C	43	13	78	64	39	59	32	69	89	105	20	77	51	42	40	117	74	60	15	29	24.3965472809454
sp|Q99316|MPD2_YEAST	4932.YOL088C	8	8	18	24	13	9	6	15	24	35	4	13	10	9	15	22	15	14	4	11	23.0371681092222
sp|Q12180|HAL9_YEAST	4932.YOL089C	43	17	65	58	41	35	22	67	83	117	31	71	36	38	42	115	51	44	8	46	1.4790650663638
sp|P25847|MSH2_YEAST	4932.YOL090W	52	13	58	78	33	45	27	71	85	119	19	53	32	35	29	70	46	65	7	27	39.1448363646965
sp|Q12010|YO092_YEAST	4932.YOL092W	14	5	14	12	22	17	3	30	9	38	8	21	16	13	8	27	8	24	7	12	108.320429276416
sp|Q12400|TRM10_YEAST	4932.YOL093W	15	3	18	29	9	9	6	18	34	21	8	19	16	10	23	14	13	15	4	9	17.8671472389411
sp|P40339|RFC4_YEAST	4932.YOL094C	22	3	19	16	6	18	10	28	26	39	11	16	9	16	16	23	16	20	2	7	40.9131519972019
sp|P27680|COQ3_YEAST	4932.YOL096C	10	9	19	22	14	16	9	22	21	31	11	16	10	15	18	18	16	20	7	8	0.780526712790206
sp|Q12109|SYWC_YEAST	4932.YOL097C	22	6	35	28	35	25	9	19	44	33	8	11	21	22	16	24	27	32	3	12	311.168310364148
sp|Q12496|YO098_YEAST	4932.YOL098C	49	17	68	86	52	44	20	73	71	111	19	63	46	33	35	82	57	59	13	39	100.141268257831
sp|Q12236|PKH2_YEAST	4932.YOL100W	55	5	61	51	38	43	19	62	120	88	24	73	63	40	47	121	85	42	3	41	1.26811458007126
sp|Q12272|TPT1_YEAST	4932.YOL102C	7	3	11	14	5	9	12	21	20	27	5	10	9	11	12	22	11	16	1	4	6.15540099426761
sp|Q12239|YO107_YEAST	4932.YOL107W	11	3	13	11	30	10	4	39	18	44	8	21	19	13	15	21	23	23	6	10	7.59773647049801
sp|P13902|INO4_YEAST	4932.YOL108C	5	0	7	16	1	8	2	15	17	15	1	7	5	10	11	15	4	7	2	3	27.9911512898582
sp|Q08245|ZEO1_YEAST	4932.YOL109W	14	0	3	20	2	4	0	5	20	5	1	8	1	11	1	6	6	6	0	0	928.879994106437
sp|Q12285|MDY2_YEAST	4932.YOL111C	15	0	10	14	6	5	7	11	26	26	3	10	17	12	3	17	15	10	2	3	129.247490407747
sp|Q12469|SKM1_YEAST	4932.YOL113W	27	9	39	44	24	27	17	40	61	63	14	41	30	27	33	55	31	42	10	21	3.35099734791781
sp|P53632|PAP2_YEAST	4932.YOL115W	32	3	49	54	24	31	18	46	54	45	2	33	25	12	25	48	32	30	5	16	21.3802939028091
sp|P22148|MSN1_YEAST	4932.YOL116W	19	2	12	30	10	18	10	16	19	29	6	40	19	29	19	43	23	22	4	12	5.57141063528047
sp|Q08268|MCH4_YEAST	4932.YOL119C	43	13	14	14	34	44	5	47	23	50	11	23	15	8	18	45	32	33	10	19	2.63064228026919
sp|P07279|RL18B_YEAST	4932.YOL120C	20	1	6	5	9	15	5	8	19	15	2	6	9	4	22	9	13	16	0	2	801.915836332102
sp|Q99383|HRP1_YEAST	4932.YOL123W	24	2	45	26	18	51	6	14	34	19	24	54	29	48	28	48	29	13	3	19	89.1519940912363
sp|Q12463|TRM11_YEAST	4932.YOL124C	20	3	26	31	27	30	7	28	32	38	11	27	15	18	26	29	20	19	4	22	27.1458071166564
sp|Q12383|TRM13_YEAST	4932.YOL125W	22	17	25	36	15	24	12	28	42	46	11	30	20	12	27	40	21	28	2	18	7.52432886310135
sp|P22133|MDHC_YEAST	4932.YOL126C	24	5	20	14	9	28	11	33	17	38	9	24	20	16	14	37	14	34	0	10	125.288231499744
sp|P04456|RL25_YEAST	4932.YOL127W	19	0	6	5	2	5	1	7	22	11	3	7	6	3	7	6	10	14	0	8	2403.20469672997
sp|Q12222|YGK3_YEAST	4932.YOL128C	13	6	20	24	25	19	12	27	28	41	10	19	16	15	16	35	17	15	3	14	2.16129489123345
sp|Q12016|VPS68_YEAST	4932.YOL129W	12	3	10	4	13	19	2	12	5	26	3	8	4	3	6	17	8	17	4	8	33.2824059622807
sp|Q08269|ALR1_YEAST	4932.YOL130W	56	11	50	56	34	37	25	43	50	60	22	47	46	33	46	110	53	49	7	24	9.75781875490741
sp|Q08273|RBX1_YEAST	4932.YOL133W	12	9	10	8	3	2	4	8	8	3	4	9	5	6	6	6	5	7	6	0	26.3561196673098
sp|Q08278|MED7_YEAST	4932.YOL135C	6	2	7	21	3	8	4	13	18	27	5	14	17	16	9	21	10	8	1	12	10.9464784967209
sp|Q08280|BSC6_YEAST	4932.YOL137W	32	11	13	24	37	39	10	32	20	63	16	21	21	8	9	41	24	44	7	25	0.698102888636374
sp|P07260|IF4E_YEAST	4932.YOL139C	10	0	17	18	10	12	7	10	18	20	1	8	12	6	8	17	14	15	8	2	1011.30637706822
sp|P18544|ARGD_YEAST	4932.YOL140W	36	6	19	33	19	32	12	30	37	37	6	20	15	13	15	25	26	28	2	12	303.117673489734
sp|Q08282|LCMT2_YEAST	4932.YOL141W	28	11	42	40	39	37	15	56	52	71	16	39	30	28	27	58	37	40	5	24	9.33588255853986
sp|Q08285|RRP40_YEAST	4932.YOL142W	16	7	14	14	15	15	2	17	17	18	4	13	11	7	8	18	16	19	1	8	69.646302729017
sp|P50861|RIB4_YEAST	4932.YOL143C	16	1	9	12	5	16	6	15	11	12	8	6	6	4	7	7	7	15	3	3	221.646400329744
sp|Q08287|NOP8_YEAST	4932.YOL144W	18	4	41	51	27	20	11	18	55	36	10	43	14	19	26	27	20	26	9	9	763.957151901573
sp|P89105|CTR9_YEAST	4932.YOL145C	73	7	65	108	39	34	23	58	113	135	20	74	23	50	44	79	47	33	10	42	88.8984753409952
sp|Q12462|PEX11_YEAST	4932.YOL147C	22	3	12	5	13	10	5	8	17	35	4	11	4	13	14	16	10	21	5	8	73.9081624988487
sp|P50875|SPT20_YEAST	4932.YOL148C	46	2	18	36	17	22	11	22	39	44	18	70	35	46	34	60	42	23	2	17	10.4797606716085
sp|Q12517|DCP1_YEAST	4932.YOL149W	10	2	14	14	8	13	4	16	17	21	3	29	8	8	7	18	9	15	3	12	33.5509965556706
sp|Q12068|GRE2_YEAST	4932.YOL151W	26	4	25	24	22	19	9	19	32	29	6	18	13	9	10	25	15	28	3	6	101.392247991473
sp|Q12333|FRE7_YEAST	4932.YOL152W	29	13	25	27	40	38	16	56	33	59	13	23	29	18	30	54	28	44	11	34	5.98725218521168
sp|Q8TGE1|AWA1_YEASK	4932.YOL155C	141	20	44	88	30	146	10	70	36	58	3	45	57	28	10	495	274	120	1	37	3.9533850971214
sp|Q08299|ENB1_YEAST	4932.YOL158C	44	7	15	21	32	52	7	58	29	70	13	18	17	22	26	49	35	53	12	26	5.51608850420675
sp|Q3E769|YO59A_YEAST	4932.YOL159C-A	0	4	6	9	6	4	3	6	6	11	1	5	2	4	4	4	4	3	2	6	5.47699851171407
sp|Q12149|RRP6_YEAST	4932.YOR001W	42	3	52	56	22	20	17	50	62	78	11	48	44	20	43	65	25	42	7	26	23.4095188764654
sp|Q12001|ALG6_YEAST	4932.YOR002W	35	9	15	11	49	28	12	45	24	73	13	20	34	16	17	44	22	26	16	35	16.8464081898807
sp|Q12339|UTP23_YEAST	4932.YOR004W	14	5	11	15	5	10	5	10	34	20	4	17	13	12	19	22	13	19	0	6	51.3446711345645
sp|Q12118|SGT2_YEAST	4932.YOR007C	45	1	24	31	8	28	2	17	28	25	15	24	13	16	9	29	8	12	0	11	387.20671813168
sp|P54867|SLG1_YEAST	4932.YOR008C	27	9	17	19	10	26	7	16	13	16	5	22	10	12	6	87	44	17	1	14	72.9596940195086
sp|Q08409|AUS1_YEAST	4932.YOR011W	89	26	70	59	103	77	26	94	83	145	27	70	48	53	43	125	86	82	21	67	4.89398319729661
sp|P38903|2A5D_YEAST	4932.YOR014W	33	8	33	62	36	23	18	47	54	64	13	52	42	32	29	102	48	37	5	19	67.5876111168286
sp|Q12450|ERP4_YEAST	4932.YOR016C	9	2	10	13	12	9	3	19	14	20	5	10	4	5	8	23	15	15	2	9	70.9433398702842
sp|P32606|PT127_YEAST	4932.YOR017W	30	6	50	54	31	31	25	46	72	78	14	56	28	24	57	78	37	34	3	46	12.567138210526
sp|Q02805|ROD1_YEAST	4932.YOR018W	45	5	42	41	26	31	20	52	48	80	11	76	45	24	43	127	52	45	4	20	15.158313045958
sp|P38910|CH10_YEAST	4932.YOR020C	10	0	7	5	3	8	0	7	11	11	2	5	5	6	3	5	4	13	0	1	335.478452167283
sp|Q3E824|YO020_YEAST	4932.YOR020W-A	10	0	7	4	4	6	1	3	11	4	2	5	2	4	1	10	8	6	0	2	6.96702409001825
sp|Q12314|YO021_YEAST	4932.YOR021C	8	1	21	19	10	11	2	18	18	29	6	5	11	6	13	8	14	5	2	6	49.402310324687
sp|Q12204|YOR22_YEAST	4932.YOR022C	29	5	45	47	33	31	14	35	60	76	11	48	35	34	31	69	41	35	5	31	0.943099043676059
sp|P26449|BUB3_YEAST	4932.YOR026W	19	10	30	14	15	17	3	34	24	31	3	27	9	15	12	27	16	18	4	13	19.893522571146
sp|P15705|STI1_YEAST	4932.YOR027W	74	3	38	59	13	21	8	28	60	41	16	34	24	33	24	36	32	17	3	25	1064.54045994681
sp|P40917|YAP4_YEAST	4932.YOR028C	19	2	9	19	11	11	7	13	22	25	7	23	23	12	18	31	25	11	0	7	3.50389711297307
sp|Q12398|HMS1_YEAST	4932.YOR032C	17	5	29	22	14	15	13	22	26	32	9	42	28	27	18	48	32	20	0	15	2.46210107395758
sp|Q12013|AKR2_YEAST	4932.YOR034C	42	13	44	32	48	40	19	46	43	90	15	45	23	24	26	52	45	57	13	32	0.484000827384976
sp|P51534|SHE4_YEAST	4932.YOR035C	43	11	39	63	36	21	10	72	58	110	19	47	27	32	29	67	42	42	2	19	5.62906197442574
sp|P32480|HIR2_YEAST	4932.YOR038C	39	13	50	43	35	46	8	71	68	94	18	60	41	32	33	73	71	40	12	28	5.76007721565539
sp|P38930|CSK2C_YEAST	4932.YOR039W	7	6	24	15	12	16	7	13	19	26	8	5	11	12	14	19	11	17	2	14	153.60481205625
sp|Q08412|CUE5_YEAST	4932.YOR042W	19	0	39	54	10	17	10	14	29	26	3	26	30	23	28	35	22	19	4	3	71.5453032850447
sp|P12611|WHI2_YEAST	4932.YOR043W	22	8	26	38	20	18	12	30	32	44	8	31	23	30	22	56	26	21	7	12	26.7242968689169
sp|P33448|TOM6_YEAST	4932.YOR045W	12	0	2	1	6	5	0	2	2	5	5	1	6	5	1	4	1	2	0	1	19.0812432688213
sp|P20449|DBP5_YEAST	4932.YOR046C	34	3	36	31	16	22	5	32	46	48	12	20	22	26	21	30	32	35	1	10	177.32746044162
sp|Q02792|XRN2_YEAST	4932.YOR048C	58	10	60	77	44	51	21	55	70	83	26	83	55	40	60	63	39	55	14	42	30.8387780696883
sp|Q08421|ETT1_YEAST	4932.YOR051C	25	1	36	55	16	18	11	21	41	51	3	17	10	17	13	29	13	19	3	13	88.4877652639503
sp|Q08438|VHS3_YEAST	4932.YOR054C	35	2	85	42	19	42	11	34	49	40	17	48	35	20	24	77	47	36	6	5	3.82872700415874
sp|Q08444|NOB1_YEAST	4932.YOR056C	34	6	26	39	11	29	13	22	44	37	5	35	14	20	26	33	24	23	6	12	103.544949951549
sp|Q08446|SGT1_YEAST	4932.YOR057W	25	1	29	34	15	14	7	20	48	37	6	17	19	9	11	45	24	13	7	14	16.2093012158461
sp|P50275|ASE1_YEAST	4932.YOR058C	30	5	41	84	31	32	14	71	89	98	19	55	37	35	52	88	57	25	4	18	1.83138023024524
sp|P19454|CSK22_YEAST	4932.YOR061W	13	5	21	20	14	18	8	23	31	34	8	17	17	11	15	16	16	26	5	21	119.237122310238
sp|P14126|RL3_YEAST	4932.YOR063W	33	2	16	20	15	31	17	18	43	21	7	8	14	7	33	21	27	35	7	12	3248.5050841374
sp|P07143|CY1_YEAST	4932.YOR065W	36	4	15	18	12	22	8	10	19	25	6	11	22	7	16	22	20	16	6	14	124.080010241408
sp|P40351|ALG8_YEAST	4932.YOR067C	32	8	19	16	60	21	10	48	38	81	8	19	26	17	21	37	31	41	15	29	0.651380744093739
sp|Q92331|VPS5_YEAST	4932.YOR069W	39	2	46	70	32	29	9	36	59	60	11	44	25	27	32	70	35	31	6	12	27.5409281055203
sp|P06785|TYSY_YEAST	4932.YOR074C	12	5	30	15	18	23	7	19	26	29	10	8	18	11	18	12	16	12	4	11	24.8047830730682
sp|P41834|UFE1_YEAST	4932.YOR075W	13	4	23	32	17	9	8	26	30	33	11	31	5	21	15	21	17	19	2	9	14.8859786171479
sp|Q08491|SKI7_YEAST	4932.YOR076C	24	8	40	49	27	21	20	63	73	95	8	66	31	26	17	76	46	33	5	19	1.12164807020716
sp|Q08492|BUD21_YEAST	4932.YOR078W	12	0	20	24	3	6	4	8	28	17	1	8	4	13	14	26	11	12	1	2	5.27225915972753
sp|Q08496|DIA2_YEAST	4932.YOR080W	20	19	40	41	35	26	11	58	64	94	18	58	25	36	39	47	40	33	6	22	6.46724765267726
sp|Q12416|WHI5_YEAST	4932.YOR083W	15	0	13	29	5	15	11	6	12	21	4	12	33	15	26	28	32	13	1	4	14.6488891662331
sp|Q12405|LPX1_YEAST	4932.YOR084W	27	7	20	20	17	21	14	22	18	40	8	24	19	19	25	24	22	26	4	10	49.3275074423583
sp|P48439|OST3_YEAST	4932.YOR085W	26	5	12	12	33	8	7	35	21	37	9	14	21	13	7	34	23	20	4	9	9.65506345509092
sp|Q12466|TCB1_YEAST	4932.YOR086C	62	7	76	83	47	71	13	79	115	114	19	67	52	38	42	74	80	92	17	38	141.705376484497
sp|Q12324|YVC1_YEAST	4932.YOR087W	34	9	50	40	36	28	8	47	44	86	18	34	26	21	30	42	35	43	9	35	37.3308630919168
sp|P36017|VPS21_YEAST	4932.YOR089C	23	2	8	22	9	13	3	12	15	16	3	15	4	8	9	15	12	16	2	3	185.691689451916
sp|Q12511|PP2C5_YEAST	4932.YOR090C	30	3	36	31	20	33	10	38	42	51	8	36	33	17	30	61	36	33	2	22	9.60862985068504
sp|Q12000|TMA46_YEAST	4932.YOR091W	23	6	27	29	12	20	5	14	55	21	9	19	13	13	18	17	19	14	5	6	28.7365331794735
sp|Q12275|YO093_YEAST	4932.YOR093C	62	32	79	91	76	71	39	128	127	176	40	118	62	48	65	155	106	105	14	54	1.88450349437677
sp|P40994|ARF3_YEAST	4932.YOR094W	8	1	6	13	6	13	1	10	21	21	7	14	6	6	5	12	10	14	5	4	58.8163929767466
sp|Q12189|RPIA_YEAST	4932.YOR095C	21	2	20	17	11	22	5	21	21	21	1	12	10	9	11	17	7	22	1	7	88.2257935495434
sp|P26786|RS7A_YEAST	4932.YOR096W	13	0	7	15	9	7	4	12	19	21	1	3	11	14	13	12	9	17	0	3	2184.27396681336
sp|P20676|NUP1_YEAST	4932.YOR098C	77	2	39	52	71	87	9	32	93	42	12	100	77	31	30	161	118	37	1	5	30.1613679396655
sp|P27810|KTR1_YEAST	4932.YOR099W	24	7	28	25	28	20	15	22	30	25	8	14	19	5	17	31	17	20	11	27	73.4435244354243
sp|Q12289|CRC1_YEAST	4932.YOR100C	28	3	7	12	18	34	3	21	26	28	7	15	16	12	10	31	24	23	2	7	1.66814327580784
sp|P01119|RAS1_YEAST	4932.YOR101W	16	3	21	21	6	23	1	16	19	20	4	32	4	17	18	35	16	21	0	16	21.1890024591408
sp|P46964|OST2_YEAST	4932.YOR103C	11	5	3	3	17	4	2	12	9	16	2	6	5	5	4	8	8	8	0	2	21.3112195204186
sp|Q12241|VAM3_YEAST	4932.YOR106W	9	4	11	26	8	10	10	23	22	25	3	16	8	35	13	26	16	14	0	4	1.45831819897672
sp|Q12166|LEU9_YEAST	4932.YOR108W	49	8	32	42	22	35	14	39	39	43	12	36	30	20	30	47	33	47	7	19	218.986828145525
sp|Q12271|INP53_YEAST	4932.YOR109W	60	9	66	67	56	55	21	65	83	106	17	53	57	44	47	121	70	58	10	42	53.4661687639377
sp|Q12415|TFC7_YEAST	4932.YOR110W	25	4	26	43	13	26	7	28	26	34	9	21	28	14	20	34	28	23	7	19	16.9163857623497
sp|Q99210|YO111_YEAST	4932.YOR111W	7	4	18	21	9	16	2	26	20	17	5	12	11	5	6	11	13	14	2	13	4.58429291398632
sp|Q12453|CEX1_YEAST	4932.YOR112W	35	9	47	47	36	36	5	65	53	85	9	49	38	23	28	80	60	34	12	10	36.31864986189
sp|P41696|AZF1_YEAST	4932.YOR113W	38	8	47	41	38	53	23	36	50	51	17	129	61	71	36	111	57	28	0	19	5.68877650276681
sp|Q99394|TRS33_YEAST	4932.YOR115C	7	2	12	22	12	13	8	24	17	27	9	17	13	17	12	24	9	15	1	7	10.4517328938497
sp|P04051|RPC1_YEAST	4932.YOR116C	98	24	89	87	50	105	30	95	103	141	37	79	67	47	84	100	67	107	10	40	99.0877299825847
sp|P33297|PRS6A_YEAST	4932.YOR117W	36	1	37	36	13	23	3	21	33	48	13	21	16	20	24	26	24	32	1	6	82.2321737529166
sp|Q12108|RTC5_YEAST	4932.YOR118W	22	6	30	40	27	35	13	37	41	67	18	32	22	29	20	49	33	24	6	16	15.6540721420744
sp|Q12196|RIO1_YEAST	4932.YOR119C	26	3	40	48	24	22	14	26	53	37	11	22	13	11	28	38	18	28	1	21	4.24249990686407
sp|P14065|GCY_YEAST	4932.YOR120W	20	2	18	19	8	16	9	22	28	30	3	19	19	13	10	18	19	24	7	8	83.4271541643602
sp|P07274|PROF_YEAST	4932.YOR122C	12	1	8	5	2	14	3	10	5	9	2	4	4	10	5	6	7	11	2	6	956.253843776353
sp|P38439|LEO1_YEAST	4932.YOR123C	21	2	59	74	15	15	8	19	29	20	5	30	13	23	33	38	27	21	2	10	49.3133902565219
sp|Q01476|UBP2_YEAST	4932.YOR124C	52	13	92	104	54	48	24	88	92	135	16	84	50	52	55	101	81	63	7	61	21.6780653128916
sp|P41735|CAT5_YEAST	4932.YOR125C	24	3	10	15	8	13	12	15	13	21	4	8	10	10	13	15	16	13	3	7	4.0307463634815
sp|P41734|IAH1_YEAST	4932.YOR126C	17	1	16	18	14	16	5	18	19	23	7	11	10	10	9	12	8	9	4	11	6.80075161577634
sp|P39083|RGA1_YEAST	4932.YOR127W	42	21	54	81	28	41	18	52	76	89	20	80	56	31	48	131	49	54	5	31	0.679726388587458
sp|P21264|PUR6_YEAST	4932.YOR128C	48	9	25	37	15	36	14	44	39	56	16	27	32	15	22	39	31	49	1	16	297.662255831933
sp|Q12375|ORT1_YEAST	4932.YOR130C	27	6	8	14	19	27	4	23	24	28	2	10	9	11	8	23	19	21	4	5	54.2366572961909
sp|Q12486|YOR31_YEAST	4932.YOR131C	9	3	14	17	10	11	7	17	18	24	11	9	13	7	10	11	10	14	1	2	39.4641812071664
sp|P32913|VPS17_YEAST	4932.YOR132W	36	1	32	48	21	22	7	31	40	45	11	38	19	30	38	47	39	23	6	17	32.1355768895268
sp|P32324|EF2_YEAST	4932.YOR133W	68	8	58	55	35	59	16	50	61	69	23	26	40	32	41	44	48	81	8	20	1767.00349922153
sp|P32324|EF2_YEAST	4932.YDR385W	68	8	58	55	35	59	16	50	61	69	23	26	40	32	41	44	48	81	8	20	3014.71676063451
sp|P28241|IDH2_YEAST	4932.YOR136W	29	3	15	19	13	28	7	29	20	34	4	21	20	7	18	33	30	29	1	9	554.291778609988
sp|Q12242|RUP1_YEAST	4932.YOR138C	42	10	43	65	26	31	12	37	37	65	12	44	38	26	24	59	36	35	5	24	39.339513169902
sp|P20134|SFL1_YEAST	4932.YOR140W	56	3	35	32	25	36	22	35	49	44	19	69	72	41	24	103	44	35	3	19	15.7489609466711
sp|Q12386|ARP8_YEAST	4932.YOR141C	50	8	73	85	38	29	17	63	65	81	8	62	48	35	32	68	38	50	8	23	19.4344083658839
sp|P53598|SUCA_YEAST	4932.YOR142W	32	3	13	19	15	35	6	30	26	22	8	6	18	18	9	19	24	20	0	6	185.807934311862
sp|P35202|THI80_YEAST	4932.YOR143C	6	8	23	18	13	16	6	32	25	38	4	24	11	7	12	20	24	15	3	14	4.56432183024943
sp|Q12050|ELG1_YEAST	4932.YOR144C	29	8	62	52	31	17	21	55	67	89	11	57	31	30	42	72	47	43	7	20	0.190598700639242
sp|Q99216|PNO1_YEAST	4932.YOR145C	16	0	23	16	9	20	6	18	25	24	5	10	12	5	18	19	24	19	1	4	15.8584992753595
sp|Q12487|RM23_YEAST	4932.YOR150W	10	2	7	6	6	12	7	9	19	14	3	6	7	10	10	11	7	11	2	4	54.2757412537742
sp|P08518|RPB2_YEAST	4932.YOR151C	80	17	77	93	50	83	33	91	74	106	40	41	53	48	79	75	70	61	7	46	292.108925737976
sp|Q99325|YO152_YEAST	4932.YOR152C	11	1	14	13	25	7	1	16	13	34	4	14	10	12	7	25	22	10	3	14	21.1400179090705
sp|P33302|PDR5_YEAST	4932.YOR153W	120	28	66	84	90	94	25	88	87	134	42	70	59	56	68	126	81	93	23	77	446.697780316275
sp|Q99312|ISN1_YEAST	4932.YOR155C	24	4	33	34	21	28	10	29	21	49	5	19	18	21	31	34	20	28	6	15	7.8152140399189
sp|Q12216|SIZ2_YEAST	4932.YOR156C	40	12	45	31	26	30	19	50	51	55	11	66	50	40	23	64	53	32	5	23	2.37109899778506
sp|P25043|PSB2_YEAST	4932.YOR157C	26	4	13	14	6	21	9	18	15	21	4	13	7	12	8	21	18	19	3	9	297.658084883955
sp|P17558|RTPT_YEAST	4932.YOR158W	15	0	13	22	13	16	6	16	42	39	5	31	10	11	13	26	20	13	0	7	53.4226105248962
sp|Q99189|MTR10_YEAST	4932.YOR160W	54	21	56	70	56	29	13	88	44	132	13	57	37	49	33	79	46	56	15	24	22.8908602441174
sp|Q12172|YRR1_YEAST	4932.YOR162C	36	16	39	54	38	38	12	54	60	90	18	53	38	22	40	72	53	34	9	34	0.316280739090242
sp|Q99321|DDP1_YEAST	4932.YOR163W	13	4	11	20	4	10	6	10	20	12	3	9	11	5	13	8	11	10	3	5	52.4446895753827
sp|Q12125|GET4_YEAST	4932.YOR164C	18	2	22	24	24	15	7	20	24	36	6	15	6	12	9	23	11	16	3	19	40.8185506916069
sp|Q99287|SEY1_YEAST	4932.YOR165W	39	5	57	74	40	34	19	53	63	78	12	37	17	30	35	52	42	57	12	20	57.5533745210315
sp|Q12104|SWT1_YEAST	4932.YOR166C	18	7	35	32	22	16	13	38	33	43	7	37	16	16	15	40	33	19	6	12	0.367939040299195
sp|P13188|SYQ_YEAST	4932.YOR168W	30	8	47	69	36	44	16	42	78	58	15	43	42	22	45	58	48	63	10	35	421.432140783764
sp|Q12246|LCB4_YEAST	4932.YOR171C	28	12	42	38	24	33	12	44	52	61	13	43	37	15	21	60	34	33	5	17	15.6013880389844
sp|Q12123|DCS2_YEAST	4932.YOR173W	9	1	26	23	14	24	16	30	24	31	7	19	15	10	18	21	16	25	6	18	16.9867372312371
sp|Q12343|MED4_YEAST	4932.YOR174W	17	2	29	33	11	9	3	13	27	30	6	14	12	9	10	21	18	14	1	5	10.5063298225056
sp|Q08548|ALE1_YEAST	4932.YOR175C	31	9	23	35	50	38	14	42	54	58	19	23	27	15	33	44	34	25	14	31	26.0333176820216
sp|P16622|HEMH_YEAST	4932.YOR176W	25	3	18	23	20	21	7	25	33	33	9	16	22	21	16	32	25	22	6	16	139.492260784307
sp|Q08558|DCI1_YEAST	4932.YOR180C	15	4	9	14	19	16	7	18	23	33	5	18	9	10	4	25	14	21	1	6	9.74042641154796
sp|Q12446|LAS17_YEAST	4932.YOR181W	61	1	26	22	21	39	11	18	24	42	9	40	112	41	31	47	47	27	3	11	30.7450529719232
sp|Q12087|RS30A_YEAST	4932.YOR182C	4	0	0	2	1	5	1	0	11	4	2	3	5	2	7	3	4	7	0	2	1055.72161645436
sp|P33330|SERC_YEAST	4932.YOR184W	35	3	22	27	17	30	12	29	35	35	5	22	17	13	8	24	16	29	3	13	550.878942866043
sp|P02992|EFTU_YEAST	4932.YOR187W	36	3	24	33	13	39	14	31	22	37	18	13	19	12	29	19	34	32	0	9	299.110993026196
sp|P21339|MSB1_YEAST	4932.YOR188W	61	10	60	71	48	33	29	52	95	76	30	89	95	67	53	116	51	51	12	38	21.4784397865859
sp|Q08561|IES4_YEAST	4932.YOR189W	6	0	11	14	3	6	0	4	12	5	1	6	7	5	7	15	4	6	2	2	43.2709756469718
sp|Q08562|ULS1_YEAST	4932.YOR191W	83	22	99	130	60	63	30	99	146	158	32	108	54	88	83	151	88	78	11	36	0.835136138257511
sp|Q08579|THI72_YEAST	4932.YOR192C	41	16	20	22	48	48	11	48	26	46	18	27	19	9	15	57	41	37	20	30	0.204129932112296
sp|Q08580|PEX27_YEAST	4932.YOR193W	14	2	17	22	22	12	6	29	39	50	5	34	4	12	20	27	26	15	5	15	0.64592555618893
sp|P32773|TOA1_YEAST	4932.YOR194C	13	2	23	38	6	13	1	18	22	18	2	36	6	11	7	17	25	20	4	4	6.35555955219876
sp|Q08581|SLK19_YEAST	4932.YOR195W	18	2	69	106	15	15	15	54	97	91	12	100	13	43	22	68	37	28	2	14	4.5306470943421
sp|P32875|LIPA_YEAST	4932.YOR196C	26	10	22	26	10	30	5	16	36	35	11	19	18	9	33	26	36	31	5	10	38.5805006948412
sp|Q08601|MCA1_YEAST	4932.YOR197W	25	3	30	11	11	40	7	24	16	27	16	31	32	49	15	28	19	20	2	26	91.6160307379102
sp|P38934|BFR1_YEAST	4932.YOR198C	22	0	35	49	11	8	6	31	76	48	3	30	13	37	20	28	20	26	0	7	778.791503367764
sp|P25270|MRM1_YEAST	4932.YOR201C	27	4	19	23	19	20	14	23	38	43	7	28	20	12	15	31	26	26	3	14	8.20490610569031
sp|P06633|HIS7_YEAST	4932.YOR202W	24	4	11	18	8	17	12	16	12	20	4	6	7	7	10	15	11	16	1	1	14.4511428621042
sp|P06634|DED1_YEAST	4932.YOR204W	45	4	36	29	29	69	8	27	23	44	11	46	30	19	43	56	30	32	7	16	291.534945618865
sp|Q08622|GEP3_YEAST	4932.YOR205C	16	11	30	26	22	29	10	40	54	56	7	35	32	24	26	45	28	30	5	30	0.768272036571218
sp|P39744|NOC2_YEAST	4932.YOR206W	39	5	33	70	32	24	9	43	77	72	16	38	23	32	32	60	42	37	5	21	103.092586495322
sp|P22276|RPC2_YEAST	4932.YOR207C	65	19	74	63	34	78	28	93	85	111	42	49	44	48	60	73	60	71	4	48	55.8128511434044
sp|P39683|NPT1_YEAST	4932.YOR209C	25	2	24	32	20	24	11	30	39	36	9	26	16	10	14	34	27	21	7	22	176.039261746759
sp|P22139|RPAB5_YEAST	4932.YOR210W	1	4	5	6	2	4	1	3	5	11	2	2	2	1	7	3	2	5	1	3	276.423917596778
sp|P32266|MGM1_YEAST	4932.YOR211C	48	7	59	63	27	37	18	60	83	109	22	47	30	27	39	89	45	45	3	23	3.42697342163375
sp|P18851|GBB_YEAST	4932.YOR212W	34	9	29	15	12	25	8	29	22	28	11	27	13	21	16	54	23	23	8	16	21.6905566655129
sp|Q12032|AIM41_YEAST	4932.YOR215C	14	0	13	12	5	5	0	17	29	17	8	8	5	7	7	16	7	7	2	6	89.5504708671395
sp|Q12234|RUD3_YEAST	4932.YOR216C	20	0	34	80	8	9	10	25	61	53	10	31	10	22	16	40	24	23	2	6	79.9226683782011
sp|P38630|RFC1_YEAST	4932.YOR217W	62	6	57	52	27	57	15	53	90	70	16	42	41	25	40	75	56	53	7	17	28.6655001886114
sp|P33894|STE13_YEAST	4932.YOR219C	35	0	64	54	60	49	23	66	61	75	11	64	46	36	36	77	63	50	16	45	1.54541215079504
sp|Q12044|RCN2_YEAST	4932.YOR220W	10	2	15	12	12	8	4	10	19	34	4	20	19	14	8	41	22	7	1	3	29.3615733027352
sp|Q12283|FABD_YEAST	4932.YOR221C	15	8	20	16	13	12	8	28	20	41	6	32	19	17	14	35	23	17	2	14	12.1209938402433
sp|Q99297|ODC2_YEAST	4932.YOR222W	23	5	10	12	15	26	1	20	27	23	14	14	13	10	14	20	18	26	3	13	16.774512948523
sp|P20436|RPAB3_YEAST	4932.YOR224C	12	2	13	8	5	6	0	6	5	16	3	10	5	6	9	12	9	9	1	9	155.5916627761
sp|Q12056|ISU2_YEAST	4932.YOR226C	16	3	7	6	4	10	6	12	16	12	5	8	8	2	6	12	8	11	0	4	127.865037702337
sp|Q12276|HER1_YEAST	4932.YOR227W	59	9	81	68	40	44	33	70	106	133	21	70	68	52	60	158	81	61	6	26	4.08716358221498
sp|Q12206|WTM2_YEAST	4932.YOR229W	26	2	48	23	24	31	12	21	24	31	7	21	20	17	22	49	38	31	7	13	22.7484038005201
sp|Q12363|WTM1_YEAST	4932.YOR230W	23	2	32	26	20	28	11	28	27	27	4	22	22	13	15	49	37	30	7	14	388.068037389392
sp|P32490|MKK1_YEAST	4932.YOR231W	22	7	24	31	18	27	7	30	37	49	13	34	31	17	22	69	26	21	6	17	0.982064550412818
sp|P38523|GRPE_YEAST	4932.YOR232W	16	0	15	23	15	9	4	7	24	19	5	10	11	10	15	15	15	13	0	2	133.064806403967
sp|Q01919|KIN4_YEAST	4932.YOR233W	42	5	43	49	19	41	27	47	59	57	10	57	47	23	59	88	51	43	5	28	13.6990907460575
sp|P41056|RL33B_YEAST	4932.YOR234C	8	0	0	4	4	8	3	6	9	6	2	7	4	3	11	9	5	11	1	6	1448.39535929931
sp|P41056|RL33B_YEAST	4932.YPL143W	8	0	0	4	4	8	3	6	9	6	2	7	4	3	11	9	5	11	1	6	1264.43824436488
sp|P07807|DYR_YEAST	4932.YOR236W	9	3	11	17	12	12	3	16	18	18	7	11	15	7	11	13	9	10	3	6	23.7419278878071
sp|Q08634|YO238_YEAST	4932.YOR238W	15	4	19	21	19	11	6	23	25	27	5	20	14	13	11	26	13	11	4	16	3.05500868531932
sp|Q08641|AB140_YEAST	4932.YOR239W	40	3	48	84	27	32	9	29	56	31	6	56	23	27	23	39	38	35	8	14	186.513187210314
sp|Q08645|FOLE_YEAST	4932.YOR241W	28	5	26	37	28	32	13	42	47	51	13	31	18	15	24	43	39	33	9	14	80.7268001199978
sp|Q08647|PUS7_YEAST	4932.YOR243C	43	4	46	55	23	34	10	40	58	59	17	41	20	26	44	47	39	44	4	22	53.4756049736935
sp|Q08649|ESA1_YEAST	4932.YOR244W	13	7	36	32	16	18	11	33	42	43	8	23	18	15	27	25	28	17	7	26	9.54741504516334
sp|Q08650|DGAT2_YEAST	4932.YOR245C	21	7	13	19	28	26	7	32	29	43	4	24	24	9	24	30	27	24	6	21	1.66650111126194
sp|Q08651|ENV9_YEAST	4932.YOR246C	17	7	17	13	16	24	13	23	20	39	9	13	13	8	14	23	17	22	8	14	3.23979914540558
sp|Q08685|CLP1_YEAST	4932.YOR250C	20	6	23	30	16	25	9	37	26	50	7	23	26	17	18	28	31	31	7	15	7.08274785172135
sp|Q08686|THTR_YEAST	4932.YOR251C	18	4	22	19	17	17	7	15	25	25	5	10	26	5	10	26	14	21	6	12	29.4825470765231
sp|Q08687|TMA16_YEAST	4932.YOR252W	7	1	12	12	9	9	5	7	23	18	4	11	6	10	16	8	8	10	1	1	56.2850646188615
sp|Q08689|NAT5_YEAST	4932.YOR253W	12	3	10	9	10	11	7	9	18	19	3	11	6	8	2	10	6	15	1	6	71.1067169208705
sp|P14906|SEC63_YEAST	4932.YOR254C	34	7	55	44	35	28	13	51	52	63	9	31	36	24	23	49	43	37	8	21	183.856647479174
sp|P06704|CDC31_YEAST	4932.YOR257W	7	1	18	21	9	9	3	12	12	20	6	7	3	4	8	9	4	3	0	5	6.20987920002113
sp|P53549|PRS10_YEAST	4932.YOR259C	28	2	29	45	16	32	9	34	32	38	11	15	22	21	31	17	25	21	0	9	523.554657082482
sp|P09032|EI2BG_YEAST	4932.YOR260W	27	11	52	36	29	22	10	40	38	52	9	38	29	36	21	52	27	27	3	19	115.596620287143
sp|Q08723|RPN8_YEAST	4932.YOR261C	16	3	27	28	7	14	8	26	34	39	4	26	10	16	11	20	17	23	2	7	243.444760183942
sp|Q08726|GPN2_YEAST	4932.YOR262W	17	6	26	36	17	19	4	24	23	35	12	17	12	15	9	24	9	23	4	15	29.9116752213767
sp|P48606|TBCA_YEAST	4932.YOR265W	7	0	11	13	2	2	1	3	15	14	1	0	3	8	4	5	7	5	0	5	86.1062813029804
sp|Q08732|HRK1_YEAST	4932.YOR267C	43	19	56	36	20	28	47	36	56	42	15	67	40	45	31	72	45	37	3	21	17.7831765411414
sp|P32563|VPH1_YEAST	4932.YOR270C	62	7	50	53	53	50	21	61	45	87	32	32	23	28	31	61	45	49	15	35	509.443074279099
sp|Q12029|FSF1_YEAST	4932.YOR271C	28	2	10	13	11	25	8	18	20	38	9	18	19	8	16	26	21	28	4	5	124.058666621771
sp|Q12024|YTM1_YEAST	4932.YOR272W	21	4	37	22	10	26	12	32	33	41	5	23	15	17	23	51	34	33	7	14	133.649645894032
sp|Q12256|TPO4_YEAST	4932.YOR273C	47	5	27	33	39	46	9	38	32	66	24	20	43	13	31	56	47	48	13	22	123.507021789135
sp|Q12033|PALA_YEAST	4932.YOR275C	41	6	36	54	28	17	7	47	57	79	8	45	20	36	25	54	40	28	5	28	3.47606541544544
sp|P12962|CAF20_YEAST	4932.YOR276W	11	1	12	18	8	7	8	9	16	9	1	8	8	4	7	10	13	9	1	1	306.803717977687
sp|P06174|HEM4_YEAST	4932.YOR278W	12	3	19	17	10	13	6	26	24	25	2	12	15	6	14	21	19	22	1	8	4.12696706313505
sp|Q12192|RFM1_YEAST	4932.YOR279C	11	0	22	28	7	17	2	32	22	16	2	18	14	8	32	44	18	7	2	8	6.92974661556631
sp|Q99369|FSH3_YEAST	4932.YOR280C	12	2	18	18	19	19	7	12	22	25	4	13	12	16	10	21	7	16	3	10	7.56175695881306
sp|Q12017|PLP2_YEAST	4932.YOR281C	15	2	25	39	13	20	5	18	22	22	6	20	8	10	16	16	5	15	1	8	58.2069301353507
sp|Q12040|YO283_YEAST	4932.YOR283W	10	3	13	18	8	18	11	15	17	16	4	12	3	10	15	14	14	20	1	8	199.309334699046
sp|Q12305|RDL1_YEAST	4932.YOR285W	9	1	9	8	4	10	5	8	10	7	4	8	9	4	4	17	2	11	3	6	269.133611527406
sp|Q08742|RDL2_YEAST	4932.YOR286W	11	1	6	10	7	9	4	7	18	12	2	5	12	2	7	7	12	11	1	5	136.402333187495
sp|Q12404|MPD1_YEAST	4932.YOR288C	17	4	21	12	20	11	6	20	41	30	4	19	16	7	12	31	13	18	3	13	11.5768379907787
sp|Q12012|YO289_YEAST	4932.YOR289W	12	4	12	20	19	17	7	21	24	19	5	14	10	4	11	19	13	4	4	12	11.9087795822805
sp|P22082|SNF2_YEAST	4932.YOR290C	108	8	108	129	52	75	37	90	126	163	41	132	77	109	102	118	97	76	11	44	8.02964243073613
sp|Q12697|YPK9_YEAST	4932.YOR291W	70	24	76	90	90	70	29	109	72	139	27	75	71	48	71	162	82	92	18	57	18.9295660633853
sp|Q08746|RRS1_YEAST	4932.YOR294W	13	0	16	14	2	11	0	6	27	22	6	13	12	7	11	10	12	13	4	4	57.3027500610005
sp|O14467|MBF1_YEAST	4932.YOR298C-A	14	0	10	5	0	14	0	8	16	9	2	11	7	7	15	10	9	11	1	2	1206.05956639014
sp|Q08754|BUD7_YEAST	4932.YOR299W	47	17	41	50	29	21	10	54	35	83	19	60	32	31	33	59	40	49	10	26	4.54454105929629
sp|Q08760|RAX1_YEAST	4932.YOR301W	16	8	22	26	23	25	13	30	16	48	9	19	18	22	31	32	25	30	8	14	0.63120074015105
sp|P07258|CARA_YEAST	4932.YOR303W	31	8	18	20	18	29	12	25	23	34	5	22	23	21	14	30	26	31	3	18	277.390096801553
sp|Q08773|ISW2_YEAST	4932.YOR304W	53	6	82	103	43	48	24	70	113	109	17	59	33	60	61	70	60	56	15	38	21.4480930434184
sp|Q12420|SNU66_YEAST	4932.YOR308C	26	0	40	65	14	27	14	31	69	44	11	49	23	12	31	52	44	26	2	7	3.18209172180819
sp|Q12499|NOP58_YEAST	4932.YOR310C	58	1	37	52	8	20	6	30	77	53	9	16	8	10	21	44	22	23	2	14	556.940634769673
sp|Q12382|DGK1_YEAST	4932.YOR311C	19	2	11	12	20	16	8	25	18	32	5	13	12	4	9	26	19	19	8	12	8.83557116238275
sp|P0C2I0|RL20A_YEAST	4932.YOR312C	12	0	5	10	10	4	7	10	19	9	4	5	7	7	16	12	9	15	2	9	1579.04746474449
sp|P32798|COT1_YEAST	4932.YOR316C	30	5	26	18	17	30	25	43	17	48	9	22	17	10	11	41	32	22	5	11	39.921986782985
sp|P30624|LCF1_YEAST	4932.YOR317W	43	13	38	43	24	55	16	47	62	63	13	37	25	24	20	43	43	54	10	27	442.227845594255
sp|Q99181|HSH49_YEAST	4932.YOR319W	14	1	15	9	10	10	1	19	22	21	4	21	6	9	8	9	8	12	0	14	62.8826228352873
sp|Q12096|GNT1_YEAST	4932.YOR320C	18	4	31	29	27	11	9	42	46	58	7	34	20	17	18	37	18	31	5	29	8.50608865155077
sp|P47190|PMT3_YEAST	4932.YOR321W	42	11	36	36	49	50	22	47	35	78	22	28	35	17	31	59	34	58	25	38	3.93081202875841
sp|P54885|PROA_YEAST	4932.YOR323C	44	3	37	29	15	34	9	33	39	44	6	20	9	15	15	29	28	33	3	11	240.729323023097
sp|P19524|MYO2_YEAST	4932.YOR326W	92	14	78	138	61	62	29	117	134	168	29	94	40	90	62	103	95	94	16	58	125.838706600947
sp|P33328|SNC2_YEAST	4932.YOR327C	8	1	7	6	3	5	1	10	7	8	5	8	6	4	8	9	3	12	2	2	51.7566747280648
sp|P51533|PDR10_YEAST	4932.YOR328W	116	29	73	80	93	90	27	98	91	138	40	66	65	66	69	144	96	84	23	76	7.61925657439415
sp|P34758|SCD5_YEAST	4932.YOR329C	38	2	35	33	28	36	25	36	33	70	15	83	78	104	35	102	55	39	3	22	14.6549936859237
sp|P15801|DPOG_YEAST	4932.YOR330C	73	28	68	87	56	54	19	75	122	110	22	71	64	45	61	99	66	67	21	46	2.00790802486252
sp|P22203|VATE_YEAST	4932.YOR332W	18	0	13	28	5	7	0	20	26	27	6	16	6	9	11	16	9	11	0	5	915.699097332091
sp|P40825|SYA_YEAST	4932.YOR335C	68	7	73	78	54	77	16	57	93	83	11	51	38	27	37	53	56	61	8	35	948.745415179611
sp|P22023|KRE5_YEAST	4932.YOR336W	44	11	99	95	67	60	25	111	86	166	24	82	61	51	56	120	62	77	13	55	3.71849329659583
sp|P47988|TEA1_YEAST	4932.YOR337W	24	14	43	46	34	35	10	43	48	87	9	58	31	36	35	74	50	38	9	35	8.33837247417309
sp|P46669|RPA43_YEAST	4932.YOR340C	11	2	26	27	10	24	9	20	23	22	4	34	13	8	9	29	14	29	4	8	109.075424400682
sp|P10964|RPA1_YEAST	4932.YOR341W	103	24	105	111	61	96	37	92	130	143	43	98	64	65	79	132	104	115	8	54	287.459584424507
sp|Q12293|YO22A_YEAST	4932.YOR343W-A	24	4	18	23	11	9	19	22	25	29	10	38	34	32	15	47	33	20	4	21	0.58991060419593
sp|P33122|TYE7_YEAST	4932.YOR344C	20	0	21	26	10	4	3	21	21	23	5	24	14	13	11	41	17	9	3	5	3.43905229928255
sp|P52489|KPYK2_YEAST	4932.YOR347C	45	5	34	23	17	37	11	45	25	45	11	24	22	19	29	31	35	36	1	11	93.5332674326362
sp|P15380|PUT4_YEAST	4932.YOR348C	49	16	26	22	36	58	12	55	25	55	10	25	26	13	24	50	37	48	18	22	0.854063520591352
sp|Q08816|YO352_YEAST	4932.YOR352W	10	4	36	17	16	13	9	23	20	35	4	31	15	14	15	32	16	18	2	13	4.10602487972517
sp|Q08817|SOG2_YEAST	4932.YOR353C	49	9	32	47	19	23	19	61	54	80	18	67	33	31	24	103	62	39	4	17	5.88359634152522
sp|Q08818|MSC6_YEAST	4932.YOR354C	34	8	45	40	32	15	13	42	60	82	11	49	29	34	29	57	37	39	4	32	47.6108356544853
sp|P41913|GDS1_YEAST	4932.YOR355W	29	1	26	27	13	18	7	22	42	49	15	51	31	22	15	93	32	16	3	10	4.09140844576446
sp|Q08822|ETFD_YEAST	4932.YOR356W	37	9	29	50	23	65	12	35	59	53	13	23	33	16	22	40	30	48	7	27	69.4252787191229
sp|Q08826|SNX3_YEAST	4932.YOR357C	3	2	3	16	11	10	7	10	13	13	6	8	10	3	11	16	5	10	1	4	14.5041568033304
sp|Q08831|VTS1_YEAST	4932.YOR359W	22	1	24	11	12	20	16	29	26	48	14	52	43	43	13	85	33	13	4	14	33.9792607090376
sp|P06776|PDE2_YEAST	4932.YOR360C	25	11	32	31	31	13	25	42	32	61	10	37	18	25	20	41	25	26	8	13	34.6416777368671
sp|P06103|EIF3B_YEAST	4932.YOR361C	41	6	49	62	47	29	15	40	59	52	18	45	38	22	38	56	45	61	17	23	577.752087823107
sp|P21242|PSA7_YEAST	4932.YOR362C	24	3	23	22	10	25	9	16	21	21	3	15	10	10	9	20	13	22	2	10	309.282745123707
sp|P52960|PIP2_YEAST	4932.YOR363C	43	22	52	66	52	24	11	80	71	125	27	76	42	34	49	86	53	43	4	36	3.18256920164673
sp|Q08873|SCP1_YEAST	4932.YOR367W	10	2	14	12	9	11	3	10	22	19	4	4	12	11	8	17	10	12	3	7	18.8581821840954
sp|P48589|RS12_YEAST	4932.YOR369C	14	0	7	18	1	10	2	6	9	15	3	5	2	5	6	7	8	23	2	0	1673.4198118579
sp|P32864|RAEP_YEAST	4932.YOR370C	37	8	36	51	34	38	7	31	35	50	13	27	31	27	18	50	34	47	6	23	77.0847941520787
sp|Q08886|GPB1_YEAST	4932.YOR371C	31	20	66	44	40	49	24	59	51	70	17	52	55	19	49	96	63	50	6	36	7.09958199402482
sp|Q08887|NDD1_YEAST	4932.YOR372C	24	3	29	11	25	21	6	25	36	48	5	57	33	47	18	92	50	16	0	8	6.82436434796425
sp|P32336|NUD1_YEAST	4932.YOR373W	35	7	47	41	31	46	23	36	60	99	13	89	37	41	23	102	60	39	7	15	4.9204909413405
sp|P46367|ALDH4_YEAST	4932.YOR374W	43	5	26	33	23	45	8	43	38	36	8	27	21	16	18	37	30	39	5	18	411.981696042175
sp|P07262|DHE4_YEAST	4932.YOR375C	35	6	17	36	18	48	4	29	28	28	8	20	15	21	19	38	22	37	6	19	2195.24836294636
sp|P40353|ATF1_YEAST	4932.YOR377W	17	14	27	37	30	27	17	36	37	51	12	31	27	21	23	34	23	29	9	23	5.63660812313968
sp|Q08904|RDR1_YEAST	4932.YOR380W	43	13	27	27	14	21	22	34	24	56	7	25	31	25	32	41	36	43	9	16	3.00145009371832
sp|P05066|PHR_YEAST	4932.YOR386W	25	9	29	31	25	24	13	34	49	51	18	36	22	21	29	46	30	26	16	31	3.1874372982582
sp|Q08992|HSP32_YEAST	4932.YOR391C	23	1	15	12	15	22	6	19	19	18	2	12	9	1	8	15	16	12	2	10	0.291845113952384
sp|Q08992|HSP32_YEAST	4932.YPL280W	23	1	15	12	15	22	6	19	19	18	2	12	9	1	8	15	16	12	2	10	0.291845113952384
sp|Q12341|HAT1_YEAST	4932.YPL001W	19	2	33	30	23	11	6	25	33	37	3	19	11	12	19	31	12	23	6	19	7.5580479940805
sp|Q12059|ULA1_YEAST	4932.YPL003W	24	9	30	32	17	22	6	25	30	63	8	24	18	20	20	28	26	31	6	23	1.74449415701
sp|Q12230|LSP1_YEAST	4932.YPL004C	34	0	26	41	8	16	7	15	21	29	5	9	17	16	17	28	16	22	3	11	348.926357145547
sp|Q12308|TFC8_YEAST	4932.YPL007C	25	9	30	39	29	19	11	42	43	63	15	46	23	13	18	54	37	34	12	26	3.21442887857538
sp|P22516|CHL1_YEAST	4932.YPL008W	34	15	51	59	37	34	17	60	74	86	19	57	36	33	40	77	46	45	6	35	1.42724915097281
sp|Q12532|TAE2_YEAST	4932.YPL009C	45	7	74	113	31	44	15	63	127	102	16	67	31	48	39	90	43	47	10	26	80.2586830647964
sp|P53600|COPZ_YEAST	4932.YPL010W	10	0	13	15	7	10	4	15	14	24	4	8	5	15	6	13	7	9	1	9	215.851588455774
sp|Q12297|TAF3_YEAST	4932.YPL011C	20	2	29	33	12	11	5	22	21	39	9	24	13	18	18	31	23	12	3	8	13.8669357451724
sp|Q12754|RRP12_YEAST	4932.YPL012W	87	15	70	84	52	47	19	88	95	134	24	67	46	43	55	117	69	78	7	31	128.348715348844
sp|Q02608|RT16_YEAST	4932.YPL013C	8	1	5	6	3	7	0	6	12	9	2	7	7	1	12	6	8	16	2	3	26.0181098485257
sp|P09547|SWI1_YEAST	4932.YPL016W	63	8	52	51	54	33	13	86	79	140	17	214	63	111	36	132	75	51	5	31	14.6206587912088
sp|Q02733|IRC15_YEAST	4932.YPL017C	43	11	26	27	15	40	10	34	25	52	13	20	21	28	19	34	26	39	1	15	6.235006327737
sp|Q02732|CTF19_YEAST	4932.YPL018W	10	7	25	21	14	15	7	28	29	48	9	30	8	18	23	24	24	16	2	11	6.73902043932275
sp|Q02725|VTC3_YEAST	4932.YPL019C	37	2	59	59	44	28	14	48	73	90	7	61	40	29	44	70	36	52	10	32	57.6441809961004
sp|Q02724|ULP1_YEAST	4932.YPL020C	23	5	45	41	26	26	9	39	67	48	12	46	20	21	45	58	35	23	8	24	0.717530105920897
sp|P06777|RAD1_YEAST	4932.YPL022W	46	10	78	96	40	38	24	75	85	126	18	76	40	45	53	88	54	67	12	29	15.8994355134378
sp|P46151|MTHR1_YEAST	4932.YPL023C	46	6	42	52	30	43	17	49	37	64	10	24	33	20	32	54	36	28	12	22	6.17148131250143
sp|Q02685|RMI1_YEAST	4932.YPL024W	14	3	19	9	10	14	0	17	24	21	4	20	6	13	10	22	11	17	3	4	1.94661134961158
sp|P41338|THIL_YEAST	4932.YPL028W	53	6	19	22	12	38	6	25	30	29	5	19	15	16	11	27	16	39	3	7	706.62819925416
sp|P32580|SUV3_YEAST	4932.YPL029W	33	8	45	41	34	35	16	49	68	81	20	39	33	21	34	59	38	46	8	29	4.96687382227327
sp|Q02648|TRM44_YEAST	4932.YPL030W	26	8	26	39	25	26	21	46	43	41	9	38	31	22	29	46	25	41	8	17	41.1079032995856
sp|P17157|PHO85_YEAST	4932.YPL031C	12	3	15	18	12	19	10	14	22	42	9	17	17	14	13	18	19	15	5	11	40.8447407616928
sp|Q03088|SVL3_YEAST	4932.YPL032C	41	3	28	45	36	25	20	50	52	75	19	78	51	64	27	112	53	29	3	14	75.8961314848666
sp|Q02642|NACB1_YEAST	4932.YPL037C	21	0	11	11	6	10	4	6	18	14	3	9	6	13	2	7	5	10	0	1	1924.67824348573
sp|Q03081|MET31_YEAST	4932.YPL038W	14	5	9	11	3	10	7	12	15	18	3	9	8	7	13	16	8	8	0	1	20.2327376897145
sp|P48526|SYIM_YEAST	4932.YPL040C	42	14	52	67	38	47	34	72	79	119	15	51	41	49	46	79	52	45	18	42	1.10673137176308
sp|P39073|SSN3_YEAST	4932.YPL042C	45	5	26	25	15	36	19	32	41	48	16	33	25	28	34	31	31	32	6	27	7.8179549357839
sp|P37838|NOP4_YEAST	4932.YPL043W	50	6	57	65	24	38	9	28	88	41	16	39	24	16	50	38	33	48	3	12	69.9640012117373
sp|Q03308|VPS16_YEAST	4932.YPL045W	38	15	53	53	36	30	12	66	74	98	17	38	24	37	30	52	36	38	11	40	16.9184377922244
sp|Q03071|ELOC_YEAST	4932.YPL046C	6	0	8	13	4	3	1	8	7	11	4	2	4	2	3	11	3	4	0	5	1.47999319467369
sp|Q03067|SGF11_YEAST	4932.YPL047W	5	3	6	5	1	5	2	8	2	12	1	7	2	9	9	8	8	2	0	4	33.3539903660108
sp|P29547|EF1G1_YEAST	4932.YPL048W	41	2	31	23	20	18	3	15	43	34	8	24	25	11	14	22	21	30	11	19	409.516551740255
sp|Q03063|DIG1_YEAST	4932.YPL049C	36	1	21	28	9	26	12	16	28	19	14	33	37	19	24	65	30	16	2	16	59.0917419485208
sp|P39107|MNN9_YEAST	4932.YPL050C	27	1	21	29	21	19	16	29	29	40	11	21	18	18	16	19	19	15	7	19	54.6292001834969
sp|P54070|KTR6_YEAST	4932.YPL053C	23	7	31	34	34	23	9	36	35	27	12	28	20	17	17	30	15	18	12	18	29.6310091701144
sp|Q02796|LGE1_YEAST	4932.YPL055C	14	2	16	16	3	24	11	6	15	18	5	32	23	16	26	50	19	9	0	27	21.3673194597123
sp|Q02785|PDR12_YEAST	4932.YPL058C	115	31	67	91	82	95	36	79	77	136	47	69	52	53	70	116	76	115	27	77	219.422819768565
sp|Q02784|GLRX5_YEAST	4932.YPL059W	12	2	6	18	9	9	0	10	9	15	4	5	11	4	9	8	7	7	1	4	94.9212967071871
sp|P54115|ALDH6_YEAST	4932.YPL061W	44	7	27	36	21	45	4	35	37	38	11	27	21	11	17	24	37	38	4	16	5529.14028208093
sp|Q02776|TIM50_YEAST	4932.YPL063W	22	1	31	42	22	24	8	23	51	47	14	20	26	20	21	37	22	18	6	21	110.71155300645
sp|Q02770|CWC27_YEAST	4932.YPL064C	15	4	22	34	13	13	2	21	33	23	8	16	11	9	20	16	18	13	5	5	1.88587977980877
sp|Q02767|VPS28_YEAST	4932.YPL065W	15	1	20	16	10	4	6	23	20	26	2	18	4	11	7	20	19	10	1	9	2.90908184333297
sp|Q02754|YP067_YEAST	4932.YPL067C	21	0	9	15	9	7	9	6	11	21	4	7	10	13	12	13	5	15	5	6	3.12455203283346
sp|Q12051|GGPPS_YEAST	4932.YPL069C	11	0	20	20	13	12	13	33	18	51	10	29	13	15	12	22	19	11	2	11	14.6391804468194
sp|Q02866|MUK1_YEAST	4932.YPL070W	16	5	28	43	32	26	9	42	48	62	15	55	24	22	28	80	38	19	1	19	3.90343840007966
sp|Q02863|UBP16_YEAST	4932.YPL072W	20	10	19	35	15	18	10	40	45	49	4	36	17	17	26	51	32	30	2	23	1.40595304935064
sp|P40328|TBP6_YEAST	4932.YPL074W	48	1	37	64	19	35	8	40	79	81	14	42	27	24	54	86	34	35	6	20	1.00063760813049
sp|P07261|GCR1_YEAST	4932.YPL075W	28	7	37	44	33	33	9	52	55	73	10	69	56	37	31	101	48	35	7	20	21.0668987104291
sp|P05626|ATPF_YEAST	4932.YPL078C	23	1	9	18	7	10	2	13	21	27	6	10	6	13	11	26	11	23	1	6	418.405645030039
sp|P32333|MOT1_YEAST	4932.YPL082C	120	16	112	122	66	83	43	112	136	248	49	103	75	87	77	146	92	121	15	44	91.7131006035139
sp|P48582|BRO1_YEAST	4932.YPL084W	47	9	59	74	48	25	12	47	79	93	12	47	37	39	31	77	39	30	8	31	54.3044952743544
sp|P48415|SEC16_YEAST	4932.YPL085W	141	3	135	158	59	95	48	116	162	155	34	168	175	113	58	249	141	115	16	54	65.4757815939732
sp|Q02908|ELP3_YEAST	4932.YPL086C	26	11	32	36	13	41	14	33	42	49	13	16	27	20	42	31	37	37	3	34	49.6759019671207
sp|Q02896|YDC1_YEAST	4932.YPL087W	10	4	8	15	19	19	7	33	12	39	10	10	14	9	10	19	21	22	15	21	5.97213232537782
sp|Q12224|RLM1_YEAST	4932.YPL089C	32	1	32	18	24	36	14	30	38	35	15	103	55	37	23	109	40	18	1	15	5.40066832365801
sp|P02365|RS6A_YEAST	4932.YPL090C	18	1	12	17	9	17	2	12	28	20	2	7	9	12	28	9	10	18	0	5	2164.96359222798
sp|P41921|GSHR_YEAST	4932.YPL091W	33	5	24	35	17	43	15	32	42	34	9	28	14	11	18	29	26	45	4	19	227.969265040281
sp|Q02892|NOG1_YEAST	4932.YPL093W	44	7	47	51	25	30	13	38	58	57	19	34	24	25	50	37	26	40	3	19	274.815278247196
sp|P21825|SEC62_YEAST	4932.YPL094C	21	3	8	16	15	17	5	19	29	26	5	12	12	12	14	19	6	17	3	15	116.989286007873
sp|Q02890|PNG1_YEAST	4932.YPL096W	12	14	25	28	19	21	7	21	31	29	4	26	9	18	19	24	13	18	8	17	5.85487512866593
sp|P48527|SYYM_YEAST	4932.YPL097W	23	7	29	20	22	34	8	35	34	55	7	29	16	22	28	43	25	33	3	19	15.8174276209274
sp|Q02889|MGR2_YEAST	4932.YPL098C	7	1	4	2	5	15	1	7	6	9	7	4	8	8	5	9	6	4	2	3	13.9532200658805
sp|Q02888|AIM43_YEAST	4932.YPL099C	4	0	7	18	6	5	8	11	17	25	5	8	5	6	14	15	11	7	6	4	2.7717561400599
sp|Q02887|ATG21_YEAST	4932.YPL100W	26	14	31	27	21	24	8	33	35	37	10	49	18	10	24	56	30	28	2	13	3.72376671906781
sp|Q02884|ELP4_YEAST	4932.YPL101W	21	0	24	28	14	27	14	34	35	44	12	19	28	18	28	47	27	23	3	10	1.96819833462594
sp|P15179|SYDM_YEAST	4932.YPL104W	35	8	39	46	39	32	12	43	61	62	15	37	34	23	34	45	30	36	5	22	2.0795476946289
sp|Q02875|SYH1_YEAST	4932.YPL105C	53	3	38	75	24	37	8	46	82	57	13	53	55	47	32	102	58	40	10	16	27.8221550078353
sp|P32589|HSP7F_YEAST	4932.YPL106C	64	5	46	72	27	35	12	43	65	52	11	29	31	22	26	39	46	45	4	19	1959.26618174581
sp|Q02981|YP109_YEAST	4932.YPL109C	27	9	39	40	43	27	15	57	49	79	15	32	23	25	36	49	30	35	9	18	1.65333227025604
sp|Q02979|GDE1_YEAST	4932.YPL110C	74	14	73	82	47	58	37	88	87	136	23	88	44	35	55	102	64	70	13	33	14.6972332846581
sp|P00812|ARGI_YEAST	4932.YPL111W	26	6	21	20	6	35	10	21	22	35	10	13	18	4	8	22	16	26	3	11	505.447438774385
sp|Q02969|PEX25_YEAST	4932.YPL112C	18	4	30	14	17	16	8	27	38	58	4	18	9	19	15	40	23	17	5	14	47.8362022672091
sp|P32873|BEM3_YEAST	4932.YPL115C	45	7	61	69	39	42	25	69	78	115	15	76	71	43	44	161	85	54	2	27	29.3227746501081
sp|Q02959|HOS3_YEAST	4932.YPL116W	49	8	37	55	31	34	28	44	52	42	14	32	32	28	36	65	40	38	12	20	26.2754035978532
sp|P15496|IDI1_YEAST	4932.YPL117C	13	7	21	28	14	13	10	20	19	26	7	22	14	10	10	14	16	11	7	6	305.341110385489
sp|Q02950|RT51_YEAST	4932.YPL118W	15	0	12	23	19	20	6	23	34	32	8	27	19	11	22	24	20	17	4	8	35.186164144673
sp|P24784|DBP1_YEAST	4932.YPL119C	38	4	39	30	33	65	11	28	32	47	12	45	32	18	44	50	33	34	5	17	23.8397460571066
sp|Q02939|TFB2_YEAST	4932.YPL122C	25	2	28	34	21	20	9	32	42	70	16	31	18	27	17	40	29	31	5	16	14.312885289341
sp|Q02933|RNY1_YEAST	4932.YPL123C	9	12	27	21	26	33	10	27	34	38	5	42	19	15	18	34	17	14	8	25	1.84923336277352
sp|Q02932|KA120_YEAST	4932.YPL125W	49	14	57	75	50	22	17	92	52	144	19	64	36	52	48	82	54	54	17	34	28.7598388662437
sp|Q02931|UTP17_YEAST	4932.YPL126W	27	6	58	38	45	43	24	70	60	95	14	85	23	45	21	94	59	53	12	24	71.9512336291384
sp|P53551|H1_YEAST	4932.YPL127C	25	1	5	15	7	14	0	11	58	16	3	9	15	4	4	33	18	14	0	6	141.401469323564
sp|Q02457|TBF1_YEAST	4932.YPL128C	28	6	32	30	25	29	11	34	34	65	8	45	28	29	23	60	38	19	6	12	45.6660652408405
sp|P35189|TAF14_YEAST	4932.YPL129W	11	0	12	25	10	14	5	16	19	23	3	13	16	7	9	10	25	19	3	4	78.8587361220078
sp|P26321|RL5_YEAST	4932.YPL131W	32	1	19	27	14	20	6	14	22	23	2	4	10	12	22	16	21	13	2	17	2121.97076547853
sp|P19516|COX11_YEAST	4932.YPL132W	32	5	20	17	20	11	4	24	20	22	5	10	16	9	22	20	14	16	2	11	1.01615714096398
sp|P19541|RDS2_YEAST	4932.YPL133C	27	13	25	31	16	18	6	21	29	39	11	28	23	18	29	52	23	22	1	14	4.44180631596892
sp|Q03028|ODC1_YEAST	4932.YPL134C	25	2	9	12	19	26	4	19	27	28	8	11	16	10	13	16	20	31	3	11	15.5260560723071
sp|Q03020|ISU1_YEAST	4932.YPL135W	16	3	8	6	3	10	4	11	15	15	8	6	10	2	8	12	11	13	0	4	281.794914440961
sp|Q03016|GIP3_YEAST	4932.YPL137C	70	14	85	65	46	48	23	77	100	131	20	91	70	41	49	163	90	63	5	25	40.4701318966972
sp|Q03010|UME1_YEAST	4932.YPL139C	22	6	25	36	21	31	10	40	36	33	8	28	19	11	8	45	26	35	7	13	12.7403549523793
sp|P32491|MKK2_YEAST	4932.YPL140C	22	6	24	33	19	30	7	31	41	47	13	27	27	19	23	57	34	23	5	18	8.03585392227383
sp|Q12245|POC4_YEAST	4932.YPL144W	7	3	10	7	3	6	3	12	9	19	5	5	8	2	9	18	8	8	1	5	20.6291840930922
sp|P35844|KES1_YEAST	4932.YPL145C	24	3	21	44	24	21	10	23	42	45	4	15	22	13	14	49	19	18	10	13	378.155850384582
sp|Q12080|NOP53_YEAST	4932.YPL146C	18	1	24	58	4	17	12	27	80	37	4	27	12	15	20	40	22	23	5	9	53.9260758337952
sp|P41909|PXA1_YEAST	4932.YPL147W	43	6	49	39	49	43	14	77	65	107	19	54	29	25	54	63	41	50	9	34	2.68594360647084
sp|Q12417|PRP46_YEAST	4932.YPL151C	26	5	32	25	14	28	16	22	32	37	9	17	16	14	23	40	34	38	12	11	21.9220605745301
sp|P22216|RAD53_YEAST	4932.YPL153C	37	10	49	50	32	56	15	62	66	68	19	51	27	57	35	73	42	49	6	17	11.0960841939429
sp|P07267|CARP_YEAST	4932.YPL154C	32	4	26	27	24	38	9	24	24	41	4	18	19	12	6	26	28	18	4	21	225.841399163586
sp|P26637|SYLC_YEAST	4932.YPL160W	97	13	64	99	59	60	20	74	100	77	27	39	52	37	41	56	57	53	13	52	1012.74619306909
sp|P39011|BEM4_YEAST	4932.YPL161C	32	13	37	43	24	23	5	56	45	96	11	47	12	27	15	62	31	33	2	19	30.42411810312
sp|Q12042|YP162_YEAST	4932.YPL162C	7	6	14	11	20	15	5	25	14	37	6	19	10	8	8	20	11	21	6	10	37.0304676198544
sp|Q99257|MEX67_YEAST	4932.YPL169C	35	1	21	28	28	26	8	34	36	58	21	53	33	42	22	59	35	36	7	16	21.1335249698887
sp|Q12091|DAP1_YEAST	4932.YPL170W	7	2	15	8	10	16	3	9	9	11	1	11	10	4	5	9	9	7	2	4	53.6296981168022
sp|P41816|OYE3_YEAST	4932.YPL171C	35	2	23	29	15	34	9	25	18	31	7	21	23	12	23	21	21	21	8	22	17.1141130467598
sp|P36534|RM40_YEAST	4932.YPL173W	15	1	19	22	12	14	5	18	35	18	8	10	23	7	17	21	17	25	4	6	2.13906133381803
sp|P32363|GPI3_YEAST	4932.YPL175W	21	7	26	23	23	23	17	39	26	41	11	19	17	13	21	32	33	41	6	13	7.22470660200991
sp|P41817|CUP9_YEAST	4932.YPL177C	18	3	12	17	7	7	6	16	22	22	5	32	18	14	17	37	24	13	2	14	2.46683623634268
sp|Q08920|NCBP2_YEAST	4932.YPL178W	7	4	18	16	16	16	2	11	11	15	4	9	12	6	16	19	11	6	0	9	61.1599847992263
sp|P32945|PPQ1_YEAST	4932.YPL179W	27	8	32	20	27	24	11	27	47	49	9	42	28	12	24	75	34	28	5	20	0.303095987339772
sp|Q08921|TCO89_YEAST	4932.YPL180W	43	2	55	47	26	40	34	36	58	59	12	74	27	40	45	117	44	28	2	10	2.49862870007836
sp|Q08923|CTI6_YEAST	4932.YPL181W	31	7	46	57	8	23	6	18	32	23	12	23	19	25	41	58	40	23	4	10	15.3689978992835
sp|Q08924|WDR6_YEAST	4932.YPL183C	38	20	67	58	51	62	25	80	69	105	12	66	20	21	37	97	62	69	15	39	28.5736520694758
sp|Q08925|MRN1_YEAST	4932.YPL184C	43	9	33	33	35	35	10	43	27	38	11	69	32	32	29	45	25	37	2	24	73.1735089058121
sp|Q08926|UIP4_YEAST	4932.YPL186C	15	0	27	42	13	19	7	9	27	13	4	27	14	9	5	25	23	14	5	6	0.648622080489321
sp|Q06892|POS5_YEAST	4932.YPL188W	14	4	23	17	19	23	13	29	28	40	5	25	28	14	19	40	29	31	4	9	10.3693829567286
sp|P38996|NAB3_YEAST	4932.YPL190C	41	2	66	82	21	44	18	35	37	40	24	63	66	83	29	67	29	29	1	25	22.2867003306341
sp|Q08949|DDC1_YEAST	4932.YPL194W	27	12	41	46	27	25	13	41	52	48	12	47	21	24	29	48	50	31	5	13	5.11899483869624
sp|Q08951|AP3D_YEAST	4932.YPL195W	40	12	70	87	43	25	7	71	85	109	22	59	30	31	38	82	38	55	5	23	55.0097173606746
sp|Q08954|YP199_YEAST	4932.YPL199C	18	3	12	16	7	18	9	11	18	19	4	23	8	22	7	15	8	13	0	9	30.2064111041738
sp|Q08956|YIG1_YEAST	4932.YPL201C	9	5	34	18	28	28	15	32	27	51	6	42	14	24	13	38	25	25	3	24	0.957600464442106
sp|P06245|KAPB_YEAST	4932.YPL203W	16	1	22	21	17	23	13	23	22	36	9	11	21	33	19	15	24	27	6	21	21.4701388586506
sp|P29295|HRR25_YEAST	4932.YPL204W	21	5	24	27	22	28	14	26	33	47	13	31	29	43	32	35	20	17	4	23	77.1150931571348
sp|Q08959|PGC1_YEAST	4932.YPL206C	19	6	20	15	18	15	10	26	29	38	10	9	9	4	12	16	19	26	11	9	14.2855410560419
sp|Q08960|TYW1_YEAST	4932.YPL207W	45	25	48	53	35	74	14	38	81	70	10	40	32	22	30	62	41	50	10	30	56.9305930782947
sp|Q08961|RKM1_YEAST	4932.YPL208W	29	7	41	45	31	20	8	38	46	70	6	33	25	19	19	44	35	31	10	26	20.0566298752546
sp|P38991|IPL1_YEAST	4932.YPL209C	13	3	19	22	12	14	10	29	41	37	12	27	23	9	23	24	15	14	5	15	0.67475473996019
sp|P38688|SRP72_YEAST	4932.YPL210C	29	7	37	39	26	27	11	39	76	84	8	40	14	38	27	50	29	34	5	20	129.471296670455
sp|Q08962|NIP7_YEAST	4932.YPL211W	12	1	9	10	10	13	7	10	15	17	6	7	8	4	9	9	11	16	1	6	141.401715686759
sp|Q12211|PUS1_YEAST	4932.YPL212C	43	5	36	51	26	30	9	36	63	32	12	26	29	20	27	33	18	23	4	21	94.0953070602926
sp|Q08963|RU2A_YEAST	4932.YPL213W	10	2	17	15	5	9	7	13	12	34	8	18	10	8	20	14	16	16	0	4	4.94218004273897
sp|P41835|THI6_YEAST	4932.YPL214C	42	15	28	29	17	44	7	38	34	51	12	27	25	17	16	41	39	42	4	12	0.65927520659916
sp|P21560|CBP3_YEAST	4932.YPL215W	22	2	17	24	19	14	6	11	31	34	7	11	16	14	22	24	17	20	4	20	68.2627017674164
sp|Q08965|BMS1_YEAST	4932.YPL217C	69	6	88	118	53	75	23	63	123	82	33	51	54	41	75	62	66	61	11	29	11.8792234753173
sp|P20606|SAR1_YEAST	4932.YPL218W	16	1	12	12	12	15	4	10	8	26	4	10	7	6	10	7	9	12	6	3	185.92736114094
sp|P53030|RL1A_YEAST	4932.YPL220W	9	4	12	9	10	10	2	8	28	25	6	14	9	8	9	19	6	23	1	5	2261.51743551469
sp|Q08967|FLC1_YEAST	4932.YPL221W	70	15	33	33	50	37	10	56	42	72	25	44	22	26	29	74	48	53	14	40	74.9700825089467
sp|Q08968|FMP40_YEAST	4932.YPL222W	53	9	49	45	46	32	12	29	47	74	16	31	27	36	28	48	41	34	10	21	1.66887012299395
sp|Q08969|GRE1_YEAST	4932.YPL223C	4	0	21	9	6	22	4	1	5	7	1	15	3	25	12	11	13	1	1	7	16.8244456327366
sp|Q08971|YP225_YEAST	4932.YPL225W	10	1	8	19	14	5	1	6	15	10	2	6	2	5	8	4	12	9	3	6	171.264098730634
sp|Q08972|NEW1_YEAST	4932.YPL226W	74	12	82	87	41	69	20	55	99	130	17	75	52	51	48	97	55	77	14	41	492.461399131215
sp|P40350|ALG5_YEAST	4932.YPL227C	21	5	18	21	19	18	8	37	25	35	8	12	9	8	20	20	16	18	3	13	44.4411945402892
sp|O13297|CET1_YEAST	4932.YPL228W	28	2	43	44	15	21	10	40	49	38	7	41	28	25	24	59	30	27	3	15	21.612150404289
sp|Q99395|YP229_YEAST	4932.YPL229W	8	3	7	8	12	4	3	10	7	15	6	19	20	28	6	32	8	4	0	6	6.4567968557329
sp|Q12132|USV1_YEAST	4932.YPL230W	20	4	13	12	15	11	15	19	24	13	8	40	31	21	20	68	30	12	0	15	1.45046652531147
sp|P19097|FAS2_YEAST	4932.YPL231W	182	10	95	163	68	139	30	114	143	157	44	74	80	73	66	139	107	128	19	56	1075.99031097563
sp|P32867|SSO1_YEAST	4932.YPL232W	25	1	20	29	9	10	8	18	21	23	5	18	4	24	15	15	10	27	1	7	19.2239251815397
sp|Q12143|NSL1_YEAST	4932.YPL233W	11	0	23	21	4	5	6	8	17	21	9	8	4	22	9	11	9	17	2	9	27.3422643688114
sp|P32842|VATL2_YEAST	4932.YPL234C	17	5	2	4	9	22	2	16	4	21	8	4	6	2	3	12	6	14	0	7	106.794009577876
sp|Q12464|RUVB2_YEAST	4932.YPL235W	34	2	29	40	12	34	7	40	32	41	12	15	12	21	23	39	37	32	1	8	89.1039260483816
sp|P09064|IF2B_YEAST	4932.YPL237W	20	5	18	21	13	19	2	13	40	25	4	11	11	9	15	28	13	14	0	4	136.773379389242
sp|P46683|YAR1_YEAST	4932.YPL239W	16	2	18	28	6	9	5	10	15	19	2	11	4	5	5	12	17	11	1	4	160.737509883397
sp|Q12280|IQG1_YEAST	4932.YPL242C	59	20	80	100	74	46	26	109	131	151	25	95	68	57	80	135	71	93	10	65	1.24614493471323
sp|P38687|SRP68_YEAST	4932.YPL243W	33	4	34	45	19	20	11	38	61	83	7	41	15	28	26	43	35	26	4	26	153.725741499917
sp|Q12179|YP245_YEAST	4932.YPL245W	25	7	35	22	15	23	8	27	38	39	11	25	19	16	31	36	16	31	7	23	3.54651436824615
sp|Q12270|RBD2_YEAST	4932.YPL246C	17	3	8	11	17	19	6	19	10	42	3	7	18	2	9	18	18	13	7	15	119.129054515153
sp|Q12523|YP247_YEAST	4932.YPL247C	29	11	35	16	17	35	11	24	21	41	11	38	35	24	20	71	26	30	10	18	6.82009912276416
sp|P04386|GAL4_YEAST	4932.YPL248C	43	18	45	40	38	29	17	56	47	95	19	62	46	46	36	100	66	39	12	27	32.2667877711577
sp|Q12344|GYP5_YEAST	4932.YPL249C	43	2	50	113	29	40	17	54	58	79	20	69	41	36	41	71	55	46	5	25	5.56170398804452
sp|Q12184|ADRX_YEAST	4932.YPL252C	10	6	13	10	5	12	6	11	9	18	5	8	8	4	8	12	17	6	0	4	81.7821982747581
sp|Q12060|HFI1_YEAST	4932.YPL254W	27	3	30	36	13	27	10	33	33	53	10	48	26	11	21	47	22	20	4	14	14.5056167917957
sp|P20438|CG12_YEAST	4932.YPL256C	18	9	21	35	21	24	12	39	23	47	18	51	30	31	21	60	30	30	4	21	2.87648796076071
sp|Q6Q5H1|YP14A_YEAST	4932.YPL257W-A	22	4	21	17	13	16	12	22	25	24	12	38	41	27	14	53	40	18	3	18	29.1294105062367
sp|Q08975|THI21_YEAST	4932.YPL258C	43	17	27	43	15	32	14	38	39	53	7	27	27	13	18	31	35	41	6	25	2.19022393758622
sp|Q00776|AP1M1_YEAST	4932.YPL259C	22	5	29	27	17	18	9	43	45	43	9	28	26	15	17	42	30	27	4	19	18.3014003912612
sp|Q08977|YP260_YEAST	4932.YPL260W	21	6	42	55	10	21	16	28	41	78	6	36	15	28	25	55	26	24	1	17	161.126295844572
sp|P08417|FUMH_YEAST	4932.YPL262W	44	8	15	31	22	37	15	30	35	45	11	31	21	26	15	34	28	31	2	7	196.239749194649
sp|Q08979|KEL3_YEAST	4932.YPL263C	27	7	64	60	30	33	13	28	66	55	6	47	27	25	27	56	28	16	16	20	100.569775011789
sp|P53388|DIP5_YEAST	4932.YPL265W	45	9	25	23	46	46	5	49	39	57	16	25	23	8	22	49	29	47	8	37	313.652667493099
sp|P41819|DIM1_YEAST	4932.YPL266W	18	3	18	16	14	17	6	17	28	29	12	17	17	13	19	19	16	30	2	7	24.4823269381628
sp|P33311|MDL2_YEAST	4932.YPL270W	47	11	41	33	36	47	12	59	52	89	13	34	35	30	39	80	51	45	1	18	28.7177630903696
sp|P21306|ATP5E_YEAST	4932.YPL271W	11	0	1	2	1	2	0	3	4	4	1	3	2	4	3	7	7	2	1	4	349.897941980277
sp|Q08986|SAM3_YEAST	4932.YPL274W	50	15	16	28	41	46	6	54	26	53	11	21	19	16	21	62	26	44	10	22	76.2442278447152
sp|Q08993|YP202_YEAST	4932.YPL283C	6	5	14	18	19	9	6	16	21	20	5	16	8	9	10	16	14	15	0	11	0.293725533081554
sp|Q08993|YP202_YEAST	4932.YPR202W	6	5	14	18	19	9	6	16	21	20	5	16	8	9	10	16	14	15	0	11	0.351891972778692
sp|P43635|CISY3_YEAST	4932.YPR001W	28	7	16	27	19	40	13	32	28	63	16	29	24	17	21	41	26	21	6	12	1.14380017062858
sp|Q12428|PRPD_YEAST	4932.YPR002W	46	6	31	23	22	30	14	35	44	51	12	27	20	19	22	29	28	35	5	17	3.71110973139111
sp|Q12480|ETFA_YEAST	4932.YPR004C	33	6	18	17	9	20	3	24	31	39	3	13	18	10	9	33	20	29	1	8	211.97354256753
sp|Q12753|HAA1_YEAST	4932.YPR008W	27	11	38	32	18	33	20	35	43	49	23	70	42	33	36	110	38	23	2	11	15.2009794566613
sp|P22138|RPA2_YEAST	4932.YPR010C	50	18	71	67	52	100	30	78	67	103	34	58	61	59	72	86	58	80	10	49	272.549629976515
sp|Q12251|YP011_YEAST	4932.YPR011C	22	5	7	14	15	30	2	15	15	35	2	17	11	15	19	30	18	33	6	15	3.17085319680049
sp|Q12522|IF6_YEAST	4932.YPR016C	14	4	12	18	6	20	4	16	2	26	3	13	8	13	13	22	20	25	0	6	308.60169927422
sp|P32601|DSS4_YEAST	4932.YPR017C	4	6	12	9	6	7	3	12	10	13	3	9	5	4	6	15	5	10	2	2	29.1631779691034
sp|Q12495|RLF2_YEAST	4932.YPR018W	24	5	42	76	20	21	4	26	83	51	9	31	31	29	33	48	32	24	5	12	5.19752194603026
sp|P30665|MCM4_YEAST	4932.YPR019W	43	13	71	60	21	42	17	64	52	85	21	52	38	45	66	99	49	66	1	28	48.4673639034126
sp|Q12233|ATPN_YEAST	4932.YPR020W	6	1	0	5	3	10	2	8	13	16	1	6	3	7	3	11	3	7	0	10	190.535632217949
sp|Q12482|AGC1_YEAST	4932.YPR021C	42	8	67	45	67	44	18	64	74	98	12	76	23	38	41	68	38	34	3	42	2.07733827937674
sp|Q12139|YP022_YEAST	4932.YPR022C	38	18	62	54	59	50	30	68	61	99	25	94	72	100	49	105	51	47	14	37	0.396483545222393
sp|Q12432|EAF3_YEAST	4932.YPR023C	17	6	24	27	8	25	8	22	37	46	10	16	18	18	18	51	12	16	6	16	18.8674075698354
sp|P32795|YME1_YEAST	4932.YPR024W	71	8	47	48	24	50	11	37	57	66	17	33	35	24	36	59	48	50	6	20	50.6963036436159
sp|P37366|CCL1_YEAST	4932.YPR025C	26	5	21	38	16	7	7	24	42	38	6	20	16	16	15	31	29	18	1	17	24.9170856919734
sp|Q12402|YOP1_YEAST	4932.YPR028W	14	0	6	7	11	10	2	15	11	23	3	6	6	7	5	16	12	12	3	11	330.25777685956
sp|Q12028|AP1G1_YEAST	4932.YPR029C	42	9	64	50	32	33	15	76	67	124	8	58	18	29	24	75	44	37	3	24	9.22153269659306
sp|Q12038|SRO7_YEAST	4932.YPR032W	68	8	49	55	42	65	16	85	69	81	26	65	48	33	42	100	67	65	8	41	16.5459633890203
sp|P07263|SYH_YEAST	4932.YPR033C	52	5	35	40	20	40	6	39	54	44	12	16	15	16	22	46	28	35	4	17	359.441399738468
sp|Q12406|ARP7_YEAST	4932.YPR034W	31	4	25	32	18	26	4	30	34	45	16	30	21	28	15	36	30	26	7	19	70.5071665622402
sp|P32288|GLNA_YEAST	4932.YPR035W	30	7	23	27	13	35	11	24	21	20	12	15	18	12	22	21	16	15	7	21	2388.65262496447
sp|P41807|VATH_YEAST	4932.YPR036W	23	7	31	32	17	16	11	40	41	70	5	29	9	25	15	38	21	32	5	11	421.494376097745
sp|Q3E752|YP036_YEAST	4932.YPR036W-A	8	0	5	1	2	0	1	2	2	10	1	5	4	2	3	15	1	5	0	0	2.42727445437414
sp|Q12284|ERV2_YEAST	4932.YPR037C	17	6	11	17	6	13	7	15	20	15	5	4	7	5	8	12	8	9	3	8	9.10228142361148
sp|Q12199|TIP41_YEAST	4932.YPR040W	18	4	25	20	11	10	8	30	21	30	8	29	21	16	25	28	19	18	6	9	23.3626269305386
sp|P38431|IF5_YEAST	4932.YPR041W	30	7	35	39	14	23	8	29	37	33	6	20	19	11	16	27	15	24	3	9	546.004040845964
sp|Q12221|PUF2_YEAST	4932.YPR042C	44	12	42	34	32	43	19	60	44	110	12	144	65	64	45	127	78	58	7	35	23.9634160205887
sp|P49631|RL43A_YEAST	4932.YPR043W	11	5	1	3	1	9	1	4	11	3	2	0	0	3	10	6	9	8	1	4	1430.23650629218
sp|P08425|SYFM_YEAST	4932.YPR047W	13	6	32	34	19	19	14	35	40	43	13	27	20	12	28	32	28	29	10	15	3.19478700612566
sp|Q12181|TAH18_YEAST	4932.YPR048W	21	9	39	42	31	37	13	44	53	63	12	32	25	24	36	42	29	33	9	29	7.98666507961086
sp|Q12527|ATG11_YEAST	4932.YPR049C	45	6	70	96	56	38	19	87	96	133	21	90	35	57	46	117	68	57	9	32	0.588463724879162
sp|Q03503|NAA30_YEAST	4932.YPR051W	10	4	8	15	6	10	4	16	11	17	9	8	7	3	12	8	8	8	1	11	23.8109385241934
sp|P11632|NHP6A_YEAST	4932.YPR052C	10	0	4	10	3	3	0	2	15	5	2	5	7	3	7	3	6	3	1	4	437.710851193004
sp|P41808|SMK1_YEAST	4932.YPR054W	22	10	18	19	22	20	13	37	30	38	5	23	17	11	16	29	15	21	5	17	0.464873145011534
sp|P32855|SEC8_YEAST	4932.YPR055W	42	7	51	77	54	35	24	94	85	134	23	105	33	48	34	95	52	37	8	27	20.8015661642843
sp|Q12004|TFB4_YEAST	4932.YPR056W	23	9	13	22	13	15	5	28	30	29	6	13	15	10	14	33	23	26	1	10	12.7591280083789
sp|P32331|YMC1_YEAST	4932.YPR058W	27	5	9	14	16	31	7	14	17	35	9	13	16	12	16	16	23	18	2	7	17.0118508937556
sp|P32178|CHMU_YEAST	4932.YPR060C	11	2	14	27	14	8	4	27	23	20	3	13	16	5	15	17	11	15	1	10	188.569899194322
sp|Q12178|FCY1_YEAST	4932.YPR062W	6	6	10	13	4	21	3	10	13	9	7	6	4	5	7	6	9	11	2	6	256.209004507644
sp|Q12160|YP063_YEAST	4932.YPR063C	11	3	4	7	5	5	1	11	9	10	6	8	11	7	2	13	11	9	1	6	98.3346640845599
sp|Q12425|ISA2_YEAST	4932.YPR067W	5	4	14	10	10	9	2	16	15	21	1	14	8	3	10	20	13	5	0	5	31.0317653701437
sp|Q12074|SPEE_YEAST	4932.YPR069C	19	4	17	26	12	14	10	20	24	23	7	9	14	10	7	17	20	23	5	12	420.197978770579
sp|Q12321|MED1_YEAST	4932.YPR070W	19	7	44	44	26	19	10	44	38	49	9	48	16	21	16	75	31	25	5	20	23.187820421577
sp|Q12514|NOT5_YEAST	4932.YPR072W	16	6	51	53	27	11	10	28	59	46	12	33	32	30	25	49	28	18	6	20	79.872004305412
sp|P40347|PPAL_YEAST	4932.YPR073C	5	4	10	12	11	10	6	16	19	6	3	12	5	7	3	9	8	7	2	6	47.1039976289239
sp|P23254|TKT1_YEAST	4932.YPR074C	68	2	34	35	28	58	17	36	43	63	11	31	38	23	22	57	37	42	9	26	1750.42700954366
sp|Q06815|MRL1_YEAST	4932.YPR079W	18	7	19	21	17	24	12	26	25	36	4	30	14	12	21	45	20	16	5	9	21.5286093308209
sp|P02994|EF1A_YEAST	4932.YPR080W	37	7	24	31	17	42	11	30	49	24	8	16	23	12	18	21	28	46	6	8	12720.0704735861
sp|Q06817|SYG2_YEAST	4932.YPR081C	21	8	36	46	39	37	13	44	46	58	18	34	25	25	36	40	38	35	6	13	8.10727621248028
sp|Q06821|YP084_YEAST	4932.YPR084W	18	4	25	27	13	22	12	30	31	50	8	32	28	12	19	58	18	31	5	13	1.185559952125
sp|P29055|TF2B_YEAST	4932.YPR086W	23	10	21	23	9	23	5	26	36	31	10	17	13	9	16	20	23	22	1	7	42.3246022401067
sp|P20424|SRP54_YEAST	4932.YPR088C	37	4	22	35	23	47	5	35	46	32	49	28	23	40	16	33	33	28	0	5	24.3281916761453
sp|O13585|YP089_YEAST	4932.YPR089W	35	10	72	61	40	25	22	58	60	99	18	57	43	50	30	76	49	38	12	33	27.7467960933948
sp|Q06833|YP091_YEAST	4932.YPR091C	47	2	54	50	38	25	13	43	73	76	11	58	34	31	32	72	48	38	7	18	45.5590196366893
sp|Q06834|ASR1_YEAST	4932.YPR093C	14	16	21	24	6	15	12	18	15	29	8	13	5	15	20	17	13	12	2	13	2.03699162324833
sp|Q06836|SYT1_YEAST	4932.YPR095C	58	16	83	70	52	57	27	79	97	99	27	98	55	37	53	168	57	44	8	41	0.834929546390716
sp|Q06839|YP097_YEAST	4932.YPR097W	43	7	82	79	56	40	21	65	103	109	32	66	32	49	34	97	58	61	9	30	5.47991886332055
sp|Q06090|RM51_YEAST	4932.YPR100W	6	3	6	7	6	11	3	9	12	12	3	11	4	3	15	10	4	10	4	1	33.7019953163303
sp|P30656|PSB5_YEAST	4932.YPR103W	25	5	17	15	12	27	7	16	14	23	4	12	8	13	13	22	16	20	6	12	18.859122303701
sp|P39521|FHL1_YEAST	4932.YPR104C	68	2	61	78	22	35	19	54	82	58	11	70	53	52	37	103	67	46	3	15	9.27920127336375
sp|Q06096|COG4_YEAST	4932.YPR105C	45	4	54	56	43	19	18	66	63	107	15	62	19	48	32	84	45	51	9	21	2.93270712391321
sp|Q06102|YTH1_YEAST	4932.YPR107C	3	15	12	17	12	10	7	13	19	14	6	9	19	7	15	11	4	5	1	9	10.5952334941564
sp|Q06103|RPN7_YEAST	4932.YPR108W	32	5	24	42	14	18	4	22	38	50	6	23	8	16	16	33	21	28	3	26	167.577462906244
sp|P07703|RPAC1_YEAST	4932.YPR110C	24	5	25	24	19	15	5	24	23	23	4	22	20	8	18	22	17	26	2	9	380.887201536733
sp|P32328|DBF20_YEAST	4932.YPR111W	27	6	42	37	32	26	13	23	40	55	13	27	22	20	45	42	33	28	5	28	15.2687905958264
sp|Q06106|MRD1_YEAST	4932.YPR112C	61	1	64	93	45	45	15	38	95	72	17	52	26	37	54	61	41	53	3	14	18.1439390047167
sp|P06197|PIS_YEAST	4932.YPR113W	19	5	8	6	13	11	6	8	12	25	8	11	5	7	7	19	18	15	4	13	82.588811426061
sp|Q06107|YP114_YEAST	4932.YPR114W	14	4	11	10	28	10	8	27	24	37	5	14	12	13	7	24	15	28	8	16	111.948983884497
sp|Q06108|RGC1_YEAST	4932.YPR115W	63	13	54	64	30	48	18	55	106	93	20	65	71	42	47	147	60	42	4	41	6.48418924143844
sp|Q06489|MTNA_YEAST	4932.YPR118W	24	4	27	26	15	27	4	35	26	41	5	24	19	8	13	33	31	34	3	12	78.9193407160927
sp|P24869|CG22_YEAST	4932.YPR119W	24	5	25	43	21	20	13	31	40	49	11	35	19	22	23	42	24	26	4	14	6.68969843948718
sp|P30283|CGS5_YEAST	4932.YPR120C	31	6	26	34	17	12	10	27	33	40	12	34	15	18	25	32	17	22	5	19	2.0291777413506
sp|P49573|CTR1_YEAST	4932.YPR124W	29	7	19	18	18	20	8	16	24	30	37	25	14	13	7	69	24	15	4	9	92.6977707001918
sp|Q06493|YLH47_YEAST	4932.YPR125W	30	2	23	37	13	11	7	28	47	55	11	23	25	16	27	35	18	27	3	16	94.0151686622088
sp|Q06494|PLR1_YEAST	4932.YPR127W	21	5	20	26	18	25	9	24	24	31	5	18	12	10	14	29	16	23	4	11	9.16570510894798
sp|Q06497|ANT1_YEAST	4932.YPR128C	25	1	8	12	20	20	5	20	24	40	8	15	9	16	11	31	25	24	3	11	35.9413714459882
sp|P45978|SCD6_YEAST	4932.YPR129W	17	1	19	23	14	24	3	10	20	9	6	38	25	28	22	33	22	20	2	13	46.2293395877843
sp|Q06504|NAT3_YEAST	4932.YPR131C	9	3	15	11	13	6	6	9	14	13	9	12	10	2	12	9	16	14	2	10	15.5634826526719
sp|P32827|RS23A_YEAST	4932.YPR132W	9	2	4	7	6	16	2	5	22	13	1	10	6	2	12	10	2	13	2	1	1709.51620115892
sp|Q06505|IWS1_YEAST	4932.YPR133C	34	0	32	37	5	12	4	17	41	37	7	25	17	19	28	39	27	20	2	7	40.9792934959001
sp|P80967|TOM5_YEAST	4932.YPR133W-A	5	0	0	6	2	1	2	1	6	4	2	0	2	6	1	2	2	4	3	1	26.9509988495162
sp|Q01454|CTF4_YEAST	4932.YPR135W	56	12	67	68	42	46	24	57	64	90	19	58	37	26	31	85	52	50	11	32	4.91494087972199
sp|Q06506|RRP9_YEAST	4932.YPR137W	32	6	42	54	24	38	8	35	51	47	5	27	19	18	34	47	29	31	8	18	58.4229680485118
sp|P53390|MEP3_YEAST	4932.YPR138C	48	11	19	17	26	48	10	33	18	48	14	21	11	10	13	36	31	34	17	24	24.8038169782008
sp|Q06508|LOA1_YEAST	4932.YPR139C	11	5	10	15	13	19	2	25	34	36	8	20	13	9	11	18	21	19	2	9	9.24244503289505
sp|Q06510|TAZ1_YEAST	4932.YPR140W	17	2	23	27	23	19	6	18	26	40	9	17	27	7	28	31	18	21	10	12	1.10449501092376
sp|P17119|KAR3_YEAST	4932.YPR141C	24	5	28	76	20	26	21	52	80	76	15	61	17	31	33	58	56	31	4	15	2.96872701934576
sp|Q06511|RRP15_YEAST	4932.YPR143W	21	0	22	36	5	10	3	13	41	17	3	14	4	6	12	23	9	9	0	2	78.9485291466092
sp|Q06512|NOC4_YEAST	4932.YPR144C	33	3	29	39	37	13	15	34	41	75	12	36	27	19	15	46	24	27	7	20	38.9368047789673
sp|P49089|ASNS1_YEAST	4932.YPR145W	54	9	45	38	23	35	19	40	38	45	14	10	30	14	30	36	34	24	11	23	1944.80964626482
sp|Q06522|YP147_YEAST	4932.YPR147C	13	5	12	15	17	17	15	26	20	26	9	13	11	12	9	25	17	23	6	13	11.690506084823
sp|Q06523|YP148_YEAST	4932.YPR148C	30	5	36	59	18	13	6	17	50	34	6	26	11	14	10	40	27	22	4	7	35.0528298964457
sp|Q12207|NCE2_YEAST	4932.YPR149W	16	5	4	1	17	12	3	13	3	18	4	11	3	6	9	18	11	13	1	5	867.757236857981
sp|Q06525|URN1_YEAST	4932.YPR152C	18	7	44	60	17	20	6	32	37	35	2	21	16	18	26	38	20	22	8	18	2.27545954918546
sp|Q06449|PIN3_YEAST	4932.YPR154W	17	1	9	6	8	14	3	10	11	16	1	16	24	29	4	24	5	6	2	9	30.4726188625257
sp|Q12374|NCA2_YEAST	4932.YPR155C	20	8	36	38	25	22	14	51	39	77	11	30	19	30	31	63	23	48	8	23	8.14412527682424
sp|Q06451|TPO3_YEAST	4932.YPR156C	57	11	20	29	33	48	7	44	27	60	18	23	36	15	21	60	30	43	13	27	112.258909570382
sp|P0C2J1|YP14B_YEAST	4932.YPR158C-D	81	15	102	90	51	68	62	129	125	141	31	129	114	74	70	179	135	71	14	74	5.25633403385144
sp|P32486|KRE6_YEAST	4932.YPR159W	42	6	59	33	33	55	15	34	20	55	13	46	46	27	26	78	50	27	14	41	81.1273662355812
sp|P06738|PHSG_YEAST	4932.YPR160W	56	5	61	66	43	48	19	61	63	83	18	53	41	35	40	53	45	59	17	36	91.176856598294
sp|P23293|BUR1_YEAST	4932.YPR161C	38	5	28	37	21	41	23	35	57	49	12	48	55	25	36	48	32	32	4	31	10.8582568998555
sp|P54791|ORC4_YEAST	4932.YPR162C	23	6	27	36	23	18	6	47	32	60	9	30	16	33	29	47	39	26	5	17	19.871978817353
sp|P34167|IF4B_YEAST	4932.YPR163C	38	0	39	40	13	35	1	12	27	21	2	25	30	14	42	34	21	26	11	5	677.34743064116
sp|Q06211|MMS1_YEAST	4932.YPR164W	37	26	90	84	76	63	27	116	88	165	19	98	56	52	60	124	90	70	17	49	0.367459033514362
sp|P06780|RHO1_YEAST	4932.YPR165W	12	7	12	15	6	17	1	10	16	17	2	7	8	14	10	12	11	23	2	7	255.523626306806
sp|P18408|MET16_YEAST	4932.YPR167C	15	2	17	22	11	13	10	20	22	25	3	11	10	15	8	13	16	9	5	14	5.83235404297849
sp|Q06213|MED10_YEAST	4932.YPR168W	5	0	12	13	4	7	2	12	8	12	3	12	8	11	10	12	9	12	0	5	49.1986152993381
sp|Q06214|JIP5_YEAST	4932.YPR169W	16	11	55	38	17	29	13	33	53	45	6	26	12	13	15	43	23	33	5	6	25.9991890982884
sp|P0C5R9|YP17B_YEAST	4932.YPR169W-A	8	3	2	3	7	5	3	4	2	8	1	3	4	1	4	6	4	13	1	3	4.84369302144442
sp|P0C5R9|YP17B_YEAST	4932.YPR170W-B	8	3	2	3	7	5	3	4	2	8	1	3	4	1	4	6	4	13	1	3	192.830170081026
sp|Q06604|BSP1_YEAST	4932.YPR171W	28	1	24	45	9	13	6	29	66	53	9	42	61	12	38	67	41	19	0	13	8.01125904555758
sp|Q06608|PDXH_YEAST	4932.YPR172W	13	2	8	15	7	7	4	15	17	18	4	19	10	8	4	17	11	12	2	7	38.3429699393341
sp|P52917|VPS4_YEAST	4932.YPR173C	36	2	30	40	14	34	3	23	39	41	9	18	18	13	19	32	29	21	4	12	48.159571352677
sp|Q06616|YP174_YEAST	4932.YPR174C	13	2	8	15	6	5	7	9	19	19	3	12	19	19	17	19	8	15	2	4	16.5034408666778
sp|P24482|DPB2_YEAST	4932.YPR175W	24	5	44	39	34	36	13	47	41	72	20	46	40	36	32	61	37	36	9	17	10.879949505592
sp|P20133|PGTB2_YEAST	4932.YPR176C	19	9	24	21	17	24	7	17	20	42	4	10	13	7	12	22	15	21	8	13	1.41830571053729
sp|P20053|PRP4_YEAST	4932.YPR178W	21	4	34	34	11	34	14	30	25	53	12	25	11	24	26	43	19	27	10	8	3.42943840430921
sp|Q06623|HDA3_YEAST	4932.YPR179C	23	8	45	57	18	25	17	40	61	76	15	39	21	23	30	48	47	33	3	26	1.87554769602114
sp|Q06624|RHC31_YEAST	4932.YPR180W	20	2	23	28	16	20	2	34	26	36	9	15	10	20	15	18	21	22	3	7	38.4490042608604
sp|P15303|SEC23_YEAST	4932.YPR181C	62	11	46	35	39	38	18	44	31	79	16	46	48	37	30	62	52	40	6	28	113.102043899063
sp|P54999|RUXF_YEAST	4932.YPR182W	3	1	2	7	5	6	2	4	4	9	2	9	4	2	4	7	4	8	0	3	55.645015060171
sp|P14020|DPM1_YEAST	4932.YPR183W	17	3	12	16	17	17	6	17	16	29	8	9	15	10	13	16	12	19	2	13	378.028102016752
sp|Q06625|GDE_YEAST	4932.YPR184W	84	20	110	94	70	93	41	96	86	148	26	89	84	41	75	123	67	84	27	78	20.0658956688969
sp|P20435|RPAB2_YEAST	4932.YPR187W	9	0	14	21	8	9	2	9	11	10	4	6	8	6	9	5	11	7	1	5	287.355767453984
sp|Q06580|MLC2_YEAST	4932.YPR188C	7	0	14	21	11	10	2	8	11	19	4	8	5	6	5	11	13	5	1	2	7.31371951488129
sp|P17883|SKI3_YEAST	4932.YPR189W	103	19	100	116	60	50	27	115	126	169	22	72	33	65	44	109	64	66	22	50	51.4875772124814
sp|P32349|RPC3_YEAST	4932.YPR190C	39	4	33	58	16	22	9	36	53	88	16	31	24	25	34	63	38	41	3	21	35.4373695902661
sp|P07257|QCR2_YEAST	4932.YPR191W	35	1	25	21	18	20	3	12	31	47	1	18	12	9	16	32	19	33	0	15	259.889834294736
sp|P39734|HPH2_YEAST	4932.YAL028W	31	4	35	28	18	18	24	21	49	46	13	23	30	21	21	85	19	28	2	12	2.32312685395359
sp|P39732|GIP4_YEAST	4932.YAL031C	38	10	27	41	24	15	18	51	66	87	13	50	47	28	42	93	42	35	10	23	7.96071911368625
sp|P33200|PDR3_YEAST	4932.YBL005W	44	19	52	60	55	23	21	71	63	108	17	61	41	45	39	98	64	41	9	45	2.2631775114245
sp|P38208|POP8_YEAST	4932.YBL018C	5	2	14	10	6	5	3	8	9	13	3	3	1	6	6	14	8	8	4	5	4.89644928319975
sp|P38202|YBC8_YEAST	4932.YBL028C	7	0	8	8	3	4	3	3	22	8	3	2	1	5	9	10	4	4	1	1	107.631201155477
sp|P38064|RM16_YEAST	4932.YBL038W	11	2	8	11	12	21	5	11	27	21	6	14	11	7	19	12	10	14	2	8	15.6191517560887
sp|P38162|YBK7_YEAST	4932.YBL107C	10	6	12	18	8	5	1	13	16	14	2	19	7	12	14	9	17	5	3	5	2.02406424732796
sp|P22219|VPS15_YEAST	4932.YBR097W	49	29	77	85	80	49	26	137	91	157	24	106	53	51	62	140	84	89	11	54	0.83337769028689
sp|P38336|POP4_YEAST	4932.YBR257W	8	6	22	15	12	10	2	23	34	34	5	18	8	14	16	15	14	8	2	13	1.26422926429375
sp|P38347|YB9P_YEAST	4932.YBR271W	16	7	29	38	11	17	9	28	29	60	4	26	21	12	15	27	20	28	9	13	1.97171714918233
sp|P38352|SAF1_YEAST	4932.YBR280C	36	11	34	36	30	53	18	38	31	44	9	47	30	18	27	65	44	32	11	23	0.559789840759796
sp|P25578|PGPS1_YEAST	4932.YCL004W	29	5	22	19	26	24	8	33	42	64	5	32	26	24	26	49	34	21	7	25	0.114400809472663
sp|P25604|STP22_YEAST	4932.YCL008C	22	2	25	17	10	10	15	28	12	40	13	22	37	26	15	30	24	24	5	8	0.974795055082569
sp|P25568|ATG22_YEAST	4932.YCL038C	29	5	22	14	40	35	6	45	25	63	13	20	16	16	15	62	24	47	13	18	0.436801075306983
sp|P25576|POF1_YEAST	4932.YCL047C	12	6	16	14	17	10	8	14	22	34	6	11	12	13	10	21	7	15	1	9	1.83792622260699
sp|P25580|PBN1_YEAST	4932.YCL052C	10	5	30	32	20	22	10	25	26	45	8	21	20	11	24	33	28	25	5	16	18.7460465654863
sp|P25354|YCP7_YEAST	4932.YCR007C	14	3	14	15	18	6	4	16	15	20	5	15	11	8	7	21	11	20	3	13	0.486287993760152
sp|P25337|BUD31_YEAST	4932.YCR063W	10	9	8	10	3	6	4	10	20	13	2	4	5	9	13	9	9	3	3	7	39.2304434880515
sp|P19736|PRP9_YEAST	4932.YDL030W	20	7	31	61	27	18	12	27	49	58	11	26	20	25	36	38	17	17	4	26	6.35993742468367
sp|Q12361|GPR1_YEAST	4932.YDL035C	45	11	58	49	55	41	17	72	68	86	18	125	42	26	36	80	45	29	21	37	5.02521001135882
sp|P22007|FNTB_YEAST	4932.YDL090C	29	15	26	26	14	32	10	27	25	45	8	19	19	14	21	34	20	21	7	19	2.6692887310473
sp|Q12229|UBX3_YEAST	4932.YDL091C	17	3	27	35	17	19	11	27	20	54	8	32	17	35	35	42	16	19	3	18	1.54685243302583
sp|P52867|PMT5_YEAST	4932.YDL093W	50	15	21	37	57	43	24	53	38	74	12	43	29	17	23	58	35	56	18	40	0.121422414983279
sp|Q12368|SNU23_YEAST	4932.YDL098C	9	3	16	15	11	6	5	10	23	18	4	10	4	6	11	16	12	7	1	7	5.03492258517325
sp|P40990|MSS2_YEAST	4932.YDL107W	16	7	15	33	25	12	6	22	43	39	10	23	8	10	15	20	14	15	4	14	1.29482027608682
sp|P48569|YD183_YEAST	4932.YDL183C	10	2	9	22	7	11	6	24	39	45	4	12	18	13	12	30	19	14	4	19	1.12684772674899
sp|Q12328|TIM22_YEAST	4932.YDL217C	24	2	7	10	12	27	1	10	11	12	11	8	11	10	5	13	14	10	0	9	0.563331702470663
sp|Q07729|GUAD_YEAST	4932.YDL238C	21	11	35	29	22	29	14	25	32	45	9	24	17	24	20	33	38	41	6	14	0.284219533205957
sp|Q07788|COS7_YEAST	4932.YDL248W	16	10	14	27	33	8	5	21	36	51	11	18	14	13	13	29	14	22	17	11	1.34276925645474
sp|Q07788|COS7_YEAST	4932.YJR161C	16	10	14	27	33	8	5	21	36	51	11	18	14	13	13	29	14	22	17	11	0.492953776217122
sp|P40317|SOK1_YEAST	4932.YDR006C	47	9	49	37	30	28	21	64	56	87	16	84	59	39	47	105	58	36	7	22	0.463822118865988
sp|Q12185|YD018_YEAST	4932.YDR018C	20	7	13	16	28	19	8	28	33	48	9	25	14	17	17	27	19	22	7	19	0.0772102649207854
sp|P32325|DBF4_YEAST	4932.YDR052C	46	6	42	50	23	19	19	31	77	61	10	53	27	28	38	52	62	33	7	20	3.4266914950143
sp|Q99220|OS9_YEAST	4932.YDR057W	26	9	37	50	21	30	8	47	27	48	13	46	15	20	19	42	31	29	5	19	0.991621498781149
sp|P32571|UBP4_YEAST	4932.YDR069C	33	20	49	43	42	32	29	79	73	91	18	78	43	42	27	106	50	32	6	33	10.6220566942242
sp|P52892|ALAT_YEAST	4932.YDR111C	32	8	29	37	22	35	10	36	32	52	9	18	28	26	23	32	31	26	3	18	17.8641774022573
sp|Q03764|EKI1_YEAST	4932.YDR147W	16	11	42	34	24	24	14	38	45	55	12	34	21	17	17	47	29	22	12	20	2.36865753823849
sp|Q03981|CSN9_YEAST	4932.YDR179C	2	3	9	22	6	2	3	15	16	19	5	8	4	7	7	11	8	6	2	7	5.92317433806915
sp|P53688|HST4_YEAST	4932.YDR191W	14	10	22	17	16	21	10	20	29	40	9	22	23	12	24	29	16	26	0	10	1.53516171230545
sp|Q03956|RAV2_YEAST	4932.YDR202C	13	9	18	24	19	11	6	26	24	38	11	27	13	21	14	29	17	25	2	4	13.2843130157079
sp|Q04925|YDR22_YEAST	4932.YDR222W	8	8	25	20	26	24	8	27	37	33	8	27	16	17	13	42	23	30	5	18	1.2590235194352
sp|Q03782|SNU56_YEAST	4932.YDR240C	18	8	19	27	23	26	13	39	37	38	11	33	22	32	27	48	23	23	3	22	2.91101643360181
sp|P23394|PRP28_YEAST	4932.YDR243C	32	3	33	44	18	27	9	52	55	46	13	35	28	26	28	45	34	38	7	15	1.83303663745565
sp|P40314|NACB2_YEAST	4932.YDR252W	10	2	5	10	3	9	6	4	15	18	4	17	5	11	3	7	8	9	0	3	18.6715485455913
sp|Q12041|MET32_YEAST	4932.YDR253C	12	5	11	11	5	11	5	13	22	15	1	18	9	9	16	13	7	7	0	1	4.69600755986193
sp|Q05473|YD336_YEAST	4932.YDR336W	11	6	15	14	16	16	7	18	35	36	6	24	13	8	14	22	23	21	2	7	0.213519967131718
sp|P50273|ATP22_YEAST	4932.YDR350C	26	13	21	43	45	26	21	40	57	93	14	46	24	24	31	52	38	32	7	31	0.129394110705289
sp|P32584|STE14_YEAST	4932.YDR410C	10	3	6	14	23	12	11	21	14	32	4	8	8	5	7	18	11	15	4	13	17.8397887791653
sp|Q04089|DOT1_YEAST	4932.YDR440W	20	10	36	32	22	28	10	38	56	53	10	41	27	22	29	58	33	30	2	25	2.46641474566511
sp|Q04093|YD444_YEAST	4932.YDR444W	29	3	36	53	27	41	17	49	57	55	14	44	44	17	35	51	30	51	7	27	2.17192160259514
sp|P40960|PAC11_YEAST	4932.YDR488C	43	9	30	44	10	27	9	21	24	56	13	25	22	32	34	32	34	43	10	15	1.02634301588382
sp|Q04408|YD514_YEAST	4932.YDR514C	28	10	27	35	20	24	13	29	49	47	13	25	18	13	24	35	20	27	6	20	2.26749754855484
sp|P33751|PAD1_YEAST	4932.YDR538W	19	4	9	11	12	13	7	19	14	26	5	4	14	3	16	21	22	17	3	3	1.60871640911612
sp|P40031|SPO73_YEAST	4932.YER046W	3	1	9	7	7	8	3	8	9	17	3	10	8	4	8	14	8	6	5	5	0.839551040092307
sp|P40036|GIP2_YEAST	4932.YER054C	24	5	35	35	26	30	13	26	50	37	9	56	33	15	28	47	25	30	4	20	7.59961057365047
sp|P39945|AST2_YEAST	4932.YER101C	21	4	28	19	16	31	12	28	40	39	10	25	21	8	15	30	19	37	5	22	0.947754128957003
sp|P40074|AVT6_YEAST	4932.YER119C	41	10	8	13	21	25	10	52	14	61	14	15	21	12	16	40	22	35	3	15	0.373834409389043
sp|P10355|PT122_YEAST	4932.YER153C	27	1	11	15	8	11	6	9	8	40	12	4	13	18	25	9	13	14	4	6	6.68124999691579
sp|P53822|COS1_YEAST	4932.YFL062W	17	10	10	31	33	10	3	20	34	49	12	19	12	12	14	33	9	24	15	14	0.286861176832739
sp|P53822|COS1_YEAST	4932.YNL336W	17	10	10	31	33	10	3	20	34	49	12	19	12	12	14	33	9	24	15	14	35.1940457034036
sp|P43587|YPI1_YEAST	4932.YFR003C	5	3	10	20	2	5	5	4	11	5	5	11	7	12	15	18	5	7	1	4	1.86113039122218
sp|P53178|ALG13_YEAST	4932.YGL047W	8	6	10	13	12	15	4	16	10	20	4	6	8	13	9	17	9	15	1	6	11.4056312318982
sp|P53170|PKP2_YEAST	4932.YGL059W	16	5	20	36	21	20	17	36	38	57	14	28	22	19	20	37	27	23	2	33	0.338723306646108
sp|P19807|HNM1_YEAST	4932.YGL077C	46	16	17	23	43	43	14	45	24	54	15	23	22	9	12	57	28	38	15	19	132.434286359132
sp|P30777|GPI10_YEAST	4932.YGL142C	29	4	26	32	65	22	17	44	35	89	10	15	33	13	27	52	28	28	15	32	0.320039797649145
sp|P30775|RF1M_YEAST	4932.YGL143C	26	2	20	37	13	22	10	25	34	41	7	15	17	15	28	38	26	21	2	14	0.758384551876373
sp|P53096|HOS2_YEAST	4932.YGL194C	16	8	36	31	24	30	16	29	24	48	10	28	22	9	18	34	23	21	2	23	20.0410560784832
sp|P32912|VAM7_YEAST	4932.YGL212W	18	1	28	25	6	15	4	13	22	35	7	16	9	21	33	18	17	17	4	7	23.2673369175979
sp|P51979|HFM1_YEAST	4932.YGL251C	49	26	59	89	58	50	31	89	101	120	18	73	40	44	49	122	73	53	10	33	0.143860729570093
tr|D0UZV3|D0UZV3_YEASX	4932.YGL254W	8	12	19	15	11	14	18	11	24	22	4	12	19	16	12	36	20	12	3	11	1.73059840712975
sp|P53217|YG1I_YEAST	4932.YGR026W	10	1	6	12	17	10	6	17	32	41	11	12	9	7	10	17	13	19	10	18	140.516374748563
sp|P49704|PRP31_YEAST	4932.YGR091W	29	4	17	47	21	20	14	36	44	55	12	26	21	29	22	44	21	20	3	9	2.64524426971195
sp|P53272|YG34_YEAST	4932.YGR122W	21	8	19	21	16	19	4	32	31	52	8	29	8	19	13	42	25	15	3	17	2.98392446229012
sp|P53274|YG36_YEAST	4932.YGR126W	8	0	18	21	7	9	12	9	24	16	4	14	11	5	8	28	19	13	0	4	8.01842560334693
sp|P53277|SYF2_YEAST	4932.YGR129W	12	0	18	20	4	10	2	7	31	13	3	11	4	14	15	20	10	12	1	8	3.80277563728979
sp|P42936|YG4D_YEAST	4932.YGR201C	13	3	16	21	17	8	4	11	16	24	4	5	10	6	15	15	13	13	4	7	1.15374066752256
sp|P31334|RM09_YEAST	4932.YGR220C	14	2	7	12	12	26	11	14	26	15	9	13	14	8	16	24	12	25	2	7	37.1934264911629
sp|P53314|CPD1_YEAST	4932.YGR247W	15	6	11	13	9	12	8	11	13	16	5	9	12	14	11	23	9	31	5	6	8.74531423593376
sp|P53320|MTM1_YEAST	4932.YGR257C	29	9	11	16	17	21	4	26	23	33	16	19	14	10	19	40	24	18	9	8	36.0025330330151
sp|Q08295|IMA2_YEAST	4932.YGR287C	30	5	42	50	36	33	14	34	44	37	10	36	31	12	29	50	28	21	20	27	0.806602214559104
sp|Q08295|IMA2_YEAST	4932.YJL221C	30	5	42	50	36	33	14	34	44	37	10	36	31	12	29	50	28	21	20	27	0.0474355890486862
sp|Q08295|IMA2_YEAST	4932.YOL157C	30	5	42	50	36	33	14	34	44	37	10	36	31	12	29	50	28	21	20	27	2.17364564799463
sp|P38751|SHU1_YEAST	4932.YHL006C	7	1	6	8	4	8	3	3	4	22	3	4	8	11	11	13	7	17	3	7	1.80851076373748
sp|P38741|RIM4_YEAST	4932.YHL024W	37	5	48	45	27	44	22	33	35	36	22	75	48	24	36	80	34	25	4	33	2.39356448510099
sp|P40588|YIW4_YEAST	4932.YHL048W	1	1	3	6	4	0	0	3	6	9	2	2	2	3	2	5	2	5	3	2	8.48536532269566
sp|P38766|RRM3_YEAST	4932.YHR031C	41	4	41	40	25	35	10	48	66	71	19	33	27	30	47	68	43	52	6	17	0.667700696613902
sp|P38767|ERC1_YEAST	4932.YHR032W	46	17	18	37	26	43	13	42	20	65	17	25	19	25	25	47	34	36	9	17	0.677437614791827
sp|P38800|YHO0_YEAST	4932.YHR080C	57	4	88	78	44	72	33	86	114	97	28	96	69	40	62	167	98	71	11	30	0.925162077068654
sp|P14693|SAM35_YEAST	4932.YHR083W	17	8	14	21	14	12	8	18	22	41	8	15	11	21	12	26	22	25	2	12	6.92273405631757
sp|P38812|GEP4_YEAST	4932.YHR100C	8	3	14	5	7	9	5	12	17	22	3	14	11	2	6	14	10	12	3	8	1.18787255724345
sp|P38815|YPT35_YEAST	4932.YHR105W	11	3	12	14	9	5	5	15	15	20	2	14	12	10	13	23	12	9	4	6	3.09051079985128
sp|P38824|COX23_YEAST	4932.YHR116W	6	4	12	8	4	3	0	1	11	5	3	12	12	9	10	23	13	4	2	9	17.5683502276859
sp|P38843|CHS7_YEAST	4932.YHR142W	21	9	16	4	28	25	4	31	10	40	9	14	7	6	6	20	19	30	5	12	44.2763572382323
sp|P06773|DCTD_YEAST	4932.YHR144C	15	14	16	22	13	15	9	20	18	32	8	17	10	12	23	19	20	20	1	8	2.03769467787889
sp|P38852|LIN1_YEAST	4932.YHR156C	7	1	30	43	11	10	12	20	37	28	6	29	3	10	13	31	10	18	5	16	0.73572158721672
sp|P38862|ATG7_YEAST	4932.YHR171W	35	14	46	35	32	25	13	36	44	80	11	31	28	21	28	53	28	45	10	15	0.423882796971839
sp|P38877|CTF8_YEAST	4932.YHR191C	4	0	10	9	6	9	1	8	12	14	8	3	7	8	8	8	7	9	1	1	0.948708379351789
sp|P38888|MNL1_YEAST	4932.YHR204W	44	11	54	54	54	39	20	50	39	90	18	39	47	20	32	53	50	35	12	35	1.36862973524621
sp|P38892|CRG1_YEAST	4932.YHR209W	15	5	16	23	17	12	4	22	20	23	5	18	14	6	15	27	12	15	7	15	3.41263415910764
sp|P40555|PSMD9_YEAST	4932.YIL007C	9	1	17	12	5	9	5	15	13	28	8	17	9	14	11	18	8	17	1	3	3.88819985776466
sp|P40550|PDR11_YEAST	4932.YIL013C	80	33	67	69	98	69	35	98	76	143	32	71	52	51	50	124	86	92	20	65	0.0107225871600571
sp|P39928|SLN1_YEAST	4932.YIL147C	72	7	64	73	48	73	20	78	79	123	24	80	49	38	57	134	94	72	5	30	0.877888418835585
sp|P40454|PTPA1_YEAST	4932.YIL153W	17	4	20	22	20	24	19	17	15	42	12	15	28	17	21	30	24	22	8	16	20.2300595302675
sp|P40586|YIW2_YEAST	4932.YIR042C	15	3	10	25	14	16	1	13	16	22	3	11	7	8	18	10	16	13	6	9	0.476303993594636
sp|P41544|SYS1_YEAST	4932.YJL004C	7	2	8	10	17	8	3	20	8	30	1	7	7	10	8	19	11	12	8	7	7.2390978040415
sp|P47042|IKS1_YEAST	4932.YJL057C	26	12	38	44	37	38	16	46	40	65	12	43	29	23	33	70	35	35	4	21	1.75967870097366
sp|P40366|DLS1_YEAST	4932.YJL065C	11	1	18	14	5	2	4	6	6	13	3	10	12	12	5	11	13	16	0	5	21.5974009562634
sp|P40360|NAGS_YEAST	4932.YJL071W	29	5	36	31	29	22	20	41	50	62	10	36	26	16	26	55	24	31	5	20	0.491100186687757
sp|P12685|TRK1_YEAST	4932.YJL129C	52	9	92	63	55	70	39	75	85	99	28	83	50	41	79	124	77	54	16	44	0.0784300078797839
sp|P47013|DS1P1_YEAST	4932.YJL134W	14	13	14	15	29	27	10	23	20	50	13	16	22	6	23	26	21	33	10	24	0.315203831437333
sp|P46987|YJS1_YEAST	4932.YJL181W	30	11	41	37	30	22	19	60	30	56	9	37	19	23	28	71	33	27	5	23	0.432767907013694
sp|P39531|RCY1_YEAST	4932.YJL204C	29	10	51	58	55	21	7	81	73	94	8	79	27	42	26	63	40	40	4	32	1.64520321012323
sp|P07252|CBP1_YEAST	4932.YJL209W	39	12	40	23	22	15	19	54	60	79	14	49	16	26	38	43	33	34	10	28	4.38980846953589
sp|P32800|PEX2_YEAST	4932.YJL210W	22	13	5	11	16	16	6	7	12	30	5	15	10	7	16	21	18	19	7	15	2.73478599406472
sp|P47118|YAE1_YEAST	4932.YJR067C	5	1	14	11	5	10	3	10	13	13	2	6	5	5	6	11	7	7	3	4	9.51883295642232
sp|P47125|I23O_YEAST	4932.YJR078W	27	10	23	28	13	31	14	31	28	50	12	23	20	12	26	34	27	24	5	15	3.05601834619727
sp|P47139|YJ68_YEAST	4932.YJR098C	28	6	54	41	26	39	15	41	60	58	13	36	28	14	33	59	38	38	6	23	2.01401118790124
sp|P47142|VPS25_YEAST	4932.YJR102C	4	4	16	11	6	6	1	16	14	18	5	12	8	10	10	22	14	10	7	8	0.992213448785319
sp|P47161|VPS70_YEAST	4932.YJR126C	50	3	49	51	33	52	24	47	52	74	19	44	33	24	44	80	38	41	11	42	6.12063490410709
sp|P47175|HMS2_YEAST	4932.YJR147W	22	5	15	13	25	8	14	22	21	38	6	24	21	25	15	31	18	20	4	11	10.6538088018441
sp|P47180|PGLR_YEAST	4932.YJR153W	17	9	19	5	9	46	5	31	23	22	3	25	7	7	5	51	36	28	6	7	2.95176276152328
sp|P32801|ELM1_YEAST	4932.YKL048C	20	14	40	38	24	29	11	51	52	53	9	38	31	26	31	76	39	36	9	13	0.769487448196106
sp|P34246|MTC2_YEAST	4932.YKL098W	23	6	19	23	15	16	9	20	26	35	11	18	19	8	15	35	18	29	4	8	0.128883561585145
sp|P35999|PMIP_YEAST	4932.YKL134C	39	17	50	44	40	39	17	51	64	80	21	45	27	34	31	63	40	33	8	29	8.43893847854425
sp|P24309|DBR1_YEAST	4932.YKL149C	14	5	27	26	17	20	16	37	31	35	10	31	19	15	23	27	12	13	14	13	1.03295536335361
sp|P36142|TM184_YEAST	4932.YKR051W	21	11	18	16	30	22	7	35	21	46	8	17	24	11	20	28	21	21	13	28	0.170186993486734
sp|P36162|DAD2_YEAST	4932.YKR083C	6	0	14	17	0	7	0	11	10	13	5	11	3	10	3	10	5	4	2	2	24.2162351500797
sp|P15938|PRP16_YEAST	4932.YKR086W	56	14	71	68	45	46	17	81	94	113	18	54	52	51	52	76	72	54	7	30	0.898421924872203
sp|P36164|TVP38_YEAST	4932.YKR088C	16	1	15	16	23	20	6	29	11	45	11	22	8	11	16	29	17	24	4	13	45.516591492084
sp|P36166|PXL1_YEAST	4932.YKR090W	33	16	43	66	27	31	10	32	48	44	12	58	43	33	36	80	42	29	1	22	21.8399678359545
sp|P36172|VBA5_YEAST	4932.YKR105C	42	9	20	15	45	54	7	56	26	77	16	24	16	17	14	49	35	37	7	16	0.0624508382350993
sp|P36172|VBA5_YEAST	4932.YCL069W	42	9	20	15	45	54	7	56	26	77	16	24	16	17	14	49	35	37	7	16	1.28934046427211
sp|Q07804|YEH1_YEAST	4932.YLL012W	27	7	34	38	39	23	21	31	40	58	11	37	23	14	23	41	30	42	13	21	25.7835586632784
sp|Q07821|ISA1_YEAST	4932.YLL027W	18	5	11	11	12	15	3	17	30	15	4	12	16	7	15	28	12	13	3	3	44.9846984086678
sp|P32385|RNP1_YEAST	4932.YLL046C	7	2	11	20	15	13	1	17	43	20	5	25	9	7	12	8	15	15	0	4	0.803048210970503
sp|Q12198|METW_YEAST	4932.YLL058W	35	11	25	47	36	41	6	24	46	58	6	33	28	11	25	46	28	44	6	19	1.75697029909701
sp|Q07923|LOT6_YEAST	4932.YLR011W	13	3	11	13	1	12	5	19	13	18	3	8	10	10	7	10	6	19	3	7	1.04566266371865
sp|P42900|SLS1_YEAST	4932.YLR139C	19	3	30	23	30	14	17	43	49	83	9	46	40	41	17	82	47	22	9	19	1.95142683228361
sp|P35181|AP1S1_YEAST	4932.YLR170C	6	3	10	11	5	5	4	13	13	16	9	8	3	2	7	9	10	13	1	8	3.71405690991223
sp|P39520|IFH1_YEAST	4932.YLR223C	38	2	128	122	26	55	26	52	99	77	17	92	35	38	37	124	53	34	3	27	2.28641287752775
sp|Q05949|BUR2_YEAST	4932.YLR226W	18	9	22	32	27	13	4	33	43	32	8	26	22	9	13	26	21	18	4	15	15.5341839180317
sp|Q06005|LIPB_YEAST	4932.YLR239C	15	8	17	18	13	14	5	29	30	23	12	17	15	19	17	17	30	22	1	6	1.18558654618015
sp|Q06217|SMD2_YEAST	4932.YLR275W	4	1	4	12	5	3	4	10	10	10	4	7	4	1	9	7	4	10	1	0	7.76687234447558
sp|P46943|GUF1_YEAST	4932.YLR289W	40	5	40	40	25	40	15	43	54	66	11	28	24	27	41	33	32	54	3	24	5.3854919399609
sp|Q9URQ3|TAD3_YEAST	4932.YLR316C	10	9	25	23	7	14	4	22	25	26	9	24	13	10	20	23	12	29	6	11	2.44392981569923
sp|P53769|CWC24_YEAST	4932.YLR323C	9	10	22	18	10	13	5	5	41	23	6	16	5	10	11	22	15	10	2	6	1.21216002171962
sp|Q06170|YL326_YEAST	4932.YLR326W	18	6	10	12	6	15	8	10	20	23	5	17	16	9	14	10	11	13	6	11	1.70232330603908
sp|Q05924|DCR2_YEAST	4932.YLR361C	19	9	39	38	30	45	18	39	36	53	7	26	28	20	24	35	27	39	10	36	2.43339653947904
sp|Q06011|ECM19_YEAST	4932.YLR390W	3	2	8	3	3	5	2	7	8	9	3	6	13	4	6	6	13	8	1	2	6.40419760527603
sp|P18634|ART10_YEAST	4932.YLR392C	13	4	25	34	32	24	7	33	39	46	16	41	28	23	27	50	23	30	4	19	2.96516008461068
sp|Q06070|YL407_YEAST	4932.YLR407W	17	1	10	19	4	9	3	10	23	15	4	14	8	11	10	24	23	13	5	5	31.1571736262934
sp|Q06409|YL422_YEAST	4932.YLR422W	86	31	95	128	113	70	48	132	131	209	45	111	82	47	96	197	103	113	16	79	2.52106743184131
sp|Q06200|ECM7_YEAST	4932.YLR443W	25	6	23	26	20	28	7	28	14	48	13	21	8	16	21	52	38	24	7	23	0.723863948189701
sp|P36533|RM39_YEAST	4932.YML009C	6	0	2	2	2	2	1	3	13	6	1	1	3	1	6	6	3	9	0	3	26.3227907381041
sp|P34161|YOX1_YEAST	4932.YML027W	22	3	16	18	11	7	12	20	34	33	4	18	34	16	29	64	27	14	1	2	1.50334151993903
sp|Q04705|PRM6_YEAST	4932.YML047C	5	8	16	19	23	14	4	45	30	41	4	16	8	10	12	34	20	14	8	21	0.838068926506248
sp|P43542|COS4_YEAST	4932.YML132W	17	8	10	30	33	10	3	20	32	49	12	18	12	12	17	34	9	22	17	14	0.423736262623381
sp|P43542|COS4_YEAST	4932.YFL062W	17	8	10	30	33	10	3	20	32	49	12	18	12	12	17	34	9	22	17	14	0.286861176832739
sp|P07249|ARGR1_YEAST	4932.YMR042W	8	1	15	13	4	7	2	10	12	10	2	7	14	5	11	20	24	9	0	3	0.358950495733365
sp|C8ZET7|YM084_YEAS8	4932.YMR084W	15	9	14	21	12	20	11	23	21	34	2	19	11	6	11	22	19	19	1	15	7.5759312629433
sp|Q03151|MTG1_YEAST	4932.YMR097C	11	2	18	21	12	25	7	22	29	41	11	34	16	10	24	19	22	24	4	15	1.24968475519567
sp|Q03153|ATP25_YEAST	4932.YMR098C	23	7	28	41	27	29	17	38	51	76	9	50	16	22	36	51	31	36	8	16	1.31007884903556
sp|P54074|ASI1_YEAST	4932.YMR119W	22	19	33	39	50	25	8	45	36	70	12	40	23	12	27	67	32	35	7	22	0.122204131005767
sp|P39523|YM11_YEAST	4932.YMR124W	41	0	50	64	30	48	13	42	58	67	31	93	61	78	52	114	53	25	1	22	21.1506360263203
sp|Q04216|DLT1_YEAST	4932.YMR126C	17	6	24	19	23	12	11	23	22	37	5	21	16	6	20	31	14	22	1	12	3.19230941713033
sp|P35209|SPT21_YEAST	4932.YMR179W	33	8	45	57	22	28	14	55	58	55	11	72	41	38	31	86	57	31	2	14	3.13455271367383
sp|Q12751|TNG6_YEAST	4932.YMR185W	23	9	76	70	38	24	20	84	72	146	20	65	30	39	35	84	53	54	5	34	0.616154056812426
sp|P35187|SGS1_YEAST	4932.YMR190C	71	18	107	101	50	62	33	91	104	103	38	104	61	67	82	147	93	69	6	40	1.92366884697213
sp|Q03694|INP1_YEAST	4932.YMR204C	16	5	29	19	20	17	9	31	33	28	3	38	22	24	18	52	24	18	1	13	0.840223864499186
sp|Q03652|DML1_YEAST	4932.YMR211W	15	4	36	36	28	23	14	22	28	36	12	32	19	18	23	51	28	17	9	24	0.307837533835286
sp|Q03654|CEF1_YEAST	4932.YMR213W	42	3	31	64	12	23	9	29	63	52	15	32	31	36	35	36	28	27	4	18	1.47429450393739
sp|Q03557|GATA_YEAST	4932.YMR293C	20	6	26	24	22	37	7	34	37	50	7	23	27	5	19	49	23	31	0	17	0.728199694157053
sp|P53980|YNB1_YEAST	4932.YNL011C	19	6	22	37	14	27	19	49	28	48	12	27	18	13	15	40	14	22	3	11	4.46838662634149
sp|P53966|KTR5_YEAST	4932.YNL029C	20	13	38	40	41	27	17	36	33	42	11	33	16	16	27	29	21	25	11	26	1.21686389990899
sp|P53907|YNO4_YEAST	4932.YNL144C	23	14	61	43	31	30	24	36	44	55	15	54	36	17	48	96	46	36	4	27	0.692055853411913
sp|P53901|INN1_YEAST	4932.YNL152W	16	5	31	21	12	13	10	19	23	32	12	35	37	9	28	48	27	16	2	13	1.8133082513915
sp|P40169|YNT4_YEAST	4932.YNL194C	23	6	6	8	22	16	5	15	13	27	6	18	13	9	18	26	27	22	7	14	0.472856233990493
sp|P53855|ATG2_YEAST	4932.YNL242W	76	15	116	86	76	72	31	119	123	170	26	99	62	71	49	171	73	103	9	45	3.17855121467783
sp|P48564|YN35_YEAST	4932.YNL295W	20	4	27	32	21	23	20	29	55	46	13	31	22	19	39	43	27	26	4	23	2.60006029245894
sp|Q12442|IZH2_YEAST	4932.YOL002C	17	9	9	14	25	19	11	28	20	43	5	7	7	5	12	30	14	20	7	15	0.680022769312751
sp|Q08108|PLB3_YEAST	4932.YOL011W	48	9	43	27	41	46	8	39	26	60	14	54	32	21	23	82	44	39	11	19	15.5287066699272
sp|Q08119|ESC8_YEAST	4932.YOL017W	27	15	50	54	36	30	15	42	57	67	15	53	24	20	43	64	45	31	9	17	0.393374981378093
sp|Q08231|THP1_YEAST	4932.YOL072W	18	7	13	22	22	18	15	37	20	63	11	37	23	29	22	29	24	22	8	15	0.909134226693032
sp|Q12039|HMI1_YEAST	4932.YOL095C	29	9	37	37	29	27	15	57	60	77	23	50	28	28	23	66	40	37	8	26	5.29140982857151
sp|Q12348|CSN10_YEAST	4932.YOL117W	20	9	51	62	41	15	5	57	46	72	24	34	11	29	38	51	25	27	5	23	0.752547712749533
sp|Q12094|TSR3_YEAST	4932.YOR006C	15	9	16	37	7	26	7	12	24	25	11	21	11	14	21	26	3	15	7	6	20.0584123882336
sp|Q12043|TGL5_YEAST	4932.YOR081C	34	7	33	30	42	30	21	51	48	85	22	57	39	34	29	86	48	26	8	19	8.44122382259982
sp|Q08553|SYC1_YEAST	4932.YOR179C	6	4	12	13	5	11	3	19	15	17	5	13	3	8	6	20	15	10	2	1	17.3593304898757
sp|Q99314|SAS5_YEAST	4932.YOR213C	11	2	17	21	16	7	9	18	19	25	9	12	14	11	11	14	11	13	4	4	1.11310915181501
sp|Q12282|YO214_YEAST	4932.YOR214C	11	0	11	21	14	10	5	18	9	29	8	9	15	6	1	27	21	12	0	9	10.8914224285522
sp|Q08681|YO248_YEAST	4932.YOR248W	1	1	0	1	0	2	4	3	2	24	4	3	12	10	5	12	9	6	0	1	37.2990270468909
sp|Q08693|TRE2_YEAST	4932.YOR256C	29	1	56	55	41	55	20	65	56	71	10	47	39	32	29	78	36	40	13	36	1.61881381773285
sp|P07884|MOD5_YEAST	4932.YOR274W	15	7	29	30	12	20	11	31	46	35	10	22	16	21	25	20	29	22	9	18	12.3098004133294
sp|Q12502|LDB19_YEAST	4932.YOR322C	36	8	30	51	18	44	21	42	47	62	18	55	59	39	41	111	58	56	5	17	20.8318382032549
sp|P40987|CIN1_YEAST	4932.YOR349W	50	21	55	40	65	21	28	89	61	138	11	63	39	65	43	97	42	49	11	26	3.20517810566011
sp|Q08906|FIT2_YEAST	4932.YOR382W	17	0	4	3	3	9	0	5	7	8	3	6	3	2	1	32	30	15	0	5	3.73845566709375
sp|Q08911|FDH1_YEAST	4932.YOR388C	32	4	24	28	8	30	9	25	29	29	6	22	12	13	18	17	18	33	3	16	9.48239313340353
sp|Q12200|NPC1_YEAST	4932.YPL006W	66	39	57	71	90	57	12	81	64	127	22	62	48	45	35	91	63	79	16	45	1.65391742197109
sp|P33300|SUR1_YEAST	4932.YPL057C	15	7	25	16	22	15	9	28	36	49	7	16	18	7	16	30	20	13	9	24	37.8625772821849
sp|Q02883|FMP30_YEAST	4932.YPL103C	14	14	18	37	21	26	17	19	31	57	11	23	29	16	26	26	25	30	11	17	0.750101056136949
sp|Q02872|YP108_YEAST	4932.YPL108W	3	4	7	21	7	12	5	6	18	12	5	4	5	9	12	8	9	12	1	8	1.89980833270785
sp|Q03012|SPP1_YEAST	4932.YPL138C	8	18	29	30	13	17	9	20	36	29	6	13	11	18	20	20	17	19	7	13	1.49441227843255
sp|Q12461|PTPA2_YEAST	4932.YPL152W	13	6	23	25	21	20	18	25	28	35	12	14	18	7	13	31	14	14	7	14	3.18201999992951
sp|P21592|COX10_YEAST	4932.YPL172C	38	7	12	11	21	29	12	31	27	46	15	29	24	15	24	32	32	24	12	21	1.16780741018394
sp|Q08932|RSA1_YEAST	4932.YPL193W	15	1	24	32	10	16	10	20	34	28	6	36	26	24	14	33	16	12	4	20	0.78455329582577
sp|Q08957|AFT2_YEAST	4932.YPL202C	17	7	28	23	18	11	8	28	43	38	12	35	25	9	16	46	26	15	2	9	0.331547347372309
sp|Q12045|VIK1_YEAST	4932.YPL253C	19	6	38	56	29	10	16	43	69	78	15	56	17	42	26	60	27	22	2	16	0.543885587123793
sp|Q08984|YP272_YEAST	4932.YPL272C	15	9	35	31	37	19	15	37	34	56	9	39	18	14	19	51	35	24	5	15	2.5545216587927
sp|P48016|ATH1_YEAST	4932.YPR026W	68	5	84	58	49	66	27	86	61	120	21	112	57	37	44	106	64	63	18	65	0.45830275223166
sp|Q12049|THP3_YEAST	4932.YPR045C	15	8	19	27	21	23	9	29	40	47	15	48	20	24	18	45	22	19	2	19	18.4510083206461
sp|Q12262|MCM16_YEAST	4932.YPR046W	6	0	7	21	2	3	7	15	12	30	3	9	5	14	9	15	11	6	1	5	5.98598432916189
sp|Q12214|HOS1_YEAST	4932.YPR068C	14	10	37	29	21	25	14	32	24	51	14	38	16	21	21	32	19	19	6	27	0.335731043793043
sp|Q06835|RDS3_YEAST	4932.YPR094W	2	13	7	4	4	8	2	5	13	9	2	7	4	4	8	4	1	7	1	2	2.59198721460012
sp|O13570|YPR42_YEAST	4932.YPR142C	7	6	6	6	22	4	3	13	6	30	4	6	7	3	6	42	5	6	1	4	0.0155860542639637
sp|P10663|RT02_YEAST	4932.YPR166C	6	2	3	4	9	6	1	7	12	14	3	11	6	5	12	4	3	4	1	2	3.32427548247998
sp|P39933|TF3A_YEAST	4932.YPR186C	7	20	19	35	15	18	29	21	44	40	5	25	17	23	23	35	23	16	2	12	1.03896158285167
sp|P39703|YAA4_YEAST	4932.YAL004W	0	2	13	8	12	18	6	13	5	23	1	15	0	12	9	28	20	25	5	0	0.623600941405246
sp|P18410|SPO7_YEAST	4932.YAL009W	16	2	12	13	17	11	5	21	17	19	3	10	7	11	24	25	14	18	6	8	1.30821252164727
sp|P31377|STX8_YEAST	4932.YAL014C	6	2	23	17	5	7	4	12	13	42	4	20	11	22	12	22	10	18	0	5	0.725356210526038
sp|P31379|YAB8_YEAST	4932.YAL018C	19	1	5	13	34	21	7	27	15	40	10	19	16	12	6	22	15	21	2	20	0.0363864333857104
sp|P28004|PRP45_YEAST	4932.YAL032C	35	1	22	29	9	16	8	15	34	29	7	27	20	19	24	31	17	24	2	10	9.5340617764787
sp|P28003|FUN19_YEAST	4932.YAL034C	21	3	20	13	12	16	7	17	32	40	8	40	34	15	28	51	15	14	5	22	1.58135503103897
sp|Q3E741|YA037_YEAST	4932.YAL037C-A	0	0	1	0	2	1	1	5	3	3	3	3	1	1	0	2	2	2	0	0	1.02015367090565
sp|P13365|CG13_YEAST	4932.YAL040C	42	11	24	16	31	7	12	32	34	71	12	42	28	24	22	92	43	11	5	21	0.564840352619039
sp|O13514|YA042_YEAST	4932.YAL042C-A	4	5	4	2	5	3	4	8	3	9	5	7	5	0	9	26	12	11	0	3	13.0600289826851
sp|O13513|YA056_YEAST	4932.YAL056C-A	5	4	2	2	5	4	1	5	4	15	4	6	6	4	9	13	10	13	1	3	1.00530452402857
sp|P39717|GPB2_YEAST	4932.YAL056W	33	13	58	46	38	61	22	57	60	74	26	57	51	24	41	95	38	46	8	32	0.164519969420818
sp|P39712|FLO9_YEAST	4932.YAL063C	68	17	37	63	30	72	4	91	20	49	22	52	75	30	19	183	356	87	20	27	0.981153671515218
sp|P39712|FLO9_YEAST	4932.YAR050W	68	17	37	63	30	72	4	91	20	49	22	52	75	30	19	183	356	87	20	27	9.88199447457416
sp|Q3E791|YA063_YEAST	4932.YAL063C-A	3	4	5	1	4	2	3	17	8	9	1	8	1	1	7	7	6	3	1	5	0.796587096372434
sp|P39709|SEO1_YEAST	4932.YAL067C	34	8	30	29	35	30	9	46	39	57	11	32	16	18	23	48	31	40	22	35	1.38923355558007
sp|Q8TGK6|YA067_YEAST	4932.YAL067W-A	1	4	2	1	5	2	1	6	6	9	1	4	7	0	7	5	2	8	0	4	0.592046044766855
sp|Q8TGK6|YA067_YEAST	4932.YKL223W	1	4	2	1	5	2	1	6	6	9	1	4	7	0	7	5	2	8	0	4	0.22531077348705
sp|P39706|SWD1_YEAST	4932.YAR003W	20	10	29	38	14	18	12	34	19	42	5	20	18	15	17	38	24	27	11	15	0.986170207571063
sp|P39707|SEN34_YEAST	4932.YAR008W	14	1	22	15	13	20	7	24	21	34	6	10	8	11	16	19	12	11	4	7	1.2560206390845
sp|P53176|MST27_YEAST	4932.YAR033W	15	2	10	16	9	7	4	17	12	27	3	15	12	6	15	15	13	16	4	16	0.107864536018445
sp|P53176|MST27_YEAST	4932.YGL051W	15	2	10	16	9	7	4	17	12	27	3	15	12	6	15	15	13	16	4	16	0.112238644559029
sp|P39564|YAN8_YEAST	4932.YAR068W	7	0	1	0	6	0	8	1	6	41	3	4	25	14	3	10	17	12	3	0	0.119155356829399
sp|P39564|YAN8_YEAST	4932.YHR214W-A	7	0	1	0	6	0	8	1	6	41	3	4	25	14	3	10	17	12	3	0	0.119155356829399
sp|P32789|ALK2_YEAST	4932.YBL009W	21	11	37	26	28	25	23	33	57	79	10	44	21	34	30	102	42	30	7	16	0.0894628041316973
sp|P32788|YBB0_YEAST	4932.YBL010C	7	4	25	27	12	8	6	13	22	32	4	19	9	16	16	22	17	13	2	6	0.869554576053473
sp|P38209|YBB2_YEAST	4932.YBL012C	7	6	7	4	10	8	5	6	7	20	2	3	7	2	13	9	4	8	1	4	1.08212320397946
sp|P32785|FMT_YEAST	4932.YBL013W	35	9	20	16	17	25	8	21	22	50	9	19	25	19	32	23	23	19	2	7	1.33560981574909
sp|P38206|RFT1_YEAST	4932.YBL020W	28	7	17	24	55	26	7	57	33	81	10	30	13	21	22	48	32	31	9	23	0.0708559805883331
sp|P13434|HAP3_YEAST	4932.YBL021C	11	3	8	15	2	5	2	7	9	13	4	10	5	10	6	15	7	7	1	4	18.8290879756945
sp|P38201|YBC9_YEAST	4932.YBL029W	15	4	17	26	14	7	5	21	22	35	6	51	24	9	18	56	21	8	1	16	2.03592364112879
sp|P38200|SHE1_YEAST	4932.YBL031W	12	0	15	12	11	11	12	18	29	21	8	32	17	15	24	54	28	13	1	5	0.283563188907087
sp|P38195|ECM13_YEAST	4932.YBL043W	19	3	29	24	7	8	8	9	12	17	2	18	10	6	7	31	22	12	0	13	0.891920410907513
sp|P38192|RRT1_YEAST	4932.YBL048W	2	3	1	2	14	1	0	13	4	13	2	4	4	2	3	11	1	11	4	8	2.01364428185986
sp|P38191|MOH1_YEAST	4932.YBL049W	1	7	6	5	4	8	5	9	11	11	3	8	3	7	9	16	6	8	2	9	0.30128088920863
sp|P34218|SAS3_YEAST	4932.YBL052C	24	11	59	75	37	30	17	58	69	66	12	66	31	24	55	67	49	34	12	35	1.38574252658907
sp|P34225|YEL1_YEAST	4932.YBL060W	30	8	36	55	31	24	15	44	58	66	18	55	19	20	24	77	39	33	11	24	0.109453218247322
sp|P28742|KIP1_YEAST	4932.YBL063W	41	16	60	75	33	36	27	98	86	112	20	117	29	69	41	116	73	38	1	23	0.10849861531889
sp|P38188|YBG5_YEAST	4932.YBL065W	2	0	3	4	5	2	5	8	4	19	6	6	4	4	9	7	6	9	1	10	0.389416196641117
sp|P38185|YBH1_YEAST	4932.YBL071C	6	2	3	3	6	4	3	10	9	12	4	5	3	2	4	15	3	3	0	5	1.20667765735839
sp|Q3E840|DPH3_YEAST	4932.YBL071W-A	7	4	8	12	5	3	1	6	2	3	5	1	7	2	1	3	3	4	0	5	124.176026211096
sp|P38184|YBH3_YEAST	4932.YBL073W	3	7	7	1	8	2	1	9	8	13	4	5	8	0	3	11	0	4	4	5	3.92356842943717
sp|P32357|AAR2_YEAST	4932.YBL074C	12	3	28	29	19	17	12	25	24	25	16	25	13	16	11	25	13	16	4	22	5.35332164656916
sp|P38183|YBH7_YEAST	4932.YBL077W	5	4	4	3	9	2	5	11	6	18	5	9	4	3	5	26	8	7	2	7	1.49495518958578
sp|P33893|GATB_YEAST	4932.YBL080C	29	3	32	33	22	24	16	41	40	65	12	30	25	29	25	41	28	22	3	21	1.17479993179908
sp|P38180|YBI1_YEAST	4932.YBL081W	16	0	9	4	9	9	15	11	8	24	11	63	27	22	7	74	25	9	3	22	0.328008373238239
sp|P38110|ATM_YEAST	4932.YBL088C	120	49	149	179	157	98	47	206	207	357	59	170	84	112	109	251	140	143	41	109	2.15451401936048
sp|P38176|AVT5_YEAST	4932.YBL089W	26	10	10	13	33	29	12	51	15	55	12	22	21	13	18	44	24	33	1	17	0.236672774491067
sp|Q6Q595|SCS22_YEAST	4932.YBL091C-A	13	1	10	11	6	8	3	15	16	16	2	8	11	6	8	12	6	15	2	6	0.489868065073838
sp|P38173|YBJ4_YEAST	4932.YBL094C	5	4	1	2	8	6	2	8	7	16	3	7	6	6	2	15	5	5	1	1	2.20802986822815
sp|P38171|YBJ6_YEAST	4932.YBL096C	8	3	3	2	4	6	2	6	4	16	1	8	6	0	5	8	7	9	1	3	2.49245730163642
sp|P38168|YBK0_YEAST	4932.YBL100C	16	6	3	7	5	2	0	7	5	13	2	2	5	0	6	10	5	7	0	3	0.527094879731985
sp|P38163|SRO77_YEAST	4932.YBL106C	59	14	46	48	46	66	22	93	66	86	20	52	46	30	41	96	76	64	8	31	0.0747925610278425
sp|P38161|YBK8_YEAST	4932.YBL108W	6	8	2	6	8	5	4	5	6	12	3	3	7	0	6	7	1	6	2	4	0.263558072395243
sp|P38211|GPI18_YEAST	4932.YBR004C	22	8	9	10	45	13	5	40	25	56	4	20	19	15	14	44	20	23	14	27	1.63039002134565
sp|P38213|DSF2_YEAST	4932.YBR007C	39	10	40	43	25	30	17	29	69	64	15	57	44	22	36	101	57	12	4	22	0.328027839095215
sp|P38220|YBN7_YEAST	4932.YBR027C	1	7	2	2	9	8	4	15	5	15	2	8	3	3	6	3	6	5	2	4	0.718705541694782
sp|P38070|YPK3_YEAST	4932.YBR028C	26	5	33	34	20	28	14	34	46	53	9	36	22	13	22	50	30	21	4	25	37.6473410820049
sp|P38073|EDS1_YEAST	4932.YBR033W	41	25	39	56	43	47	15	65	67	84	21	69	42	36	46	99	47	45	4	28	3.68574778779302
sp|P38227|QDR3_YEAST	4932.YBR043C	47	6	30	35	28	42	10	47	31	75	19	33	31	24	35	67	40	44	12	33	11.6626636283875
sp|P38229|GIP1_YEAST	4932.YBR045C	22	10	59	59	30	19	13	30	52	46	8	39	23	20	38	83	43	22	2	21	1.12838450345317
sp|P38231|FMP23_YEAST	4932.YBR047W	5	1	11	15	12	5	7	12	17	17	3	9	8	5	9	12	6	15	0	6	2.09588290669184
sp|P38232|REG2_YEAST	4932.YBR050C	18	7	27	18	14	7	9	20	28	26	6	32	14	10	20	35	19	16	4	8	2.09032108530305
sp|P38233|YBQ1_YEAST	4932.YBR051W	7	2	4	3	16	5	5	10	9	16	1	3	4	6	3	10	4	4	1	3	2.4444439580626
sp|P38239|YBR2_YEAST	4932.YBR062C	6	7	11	20	4	12	6	6	7	20	5	8	6	12	9	15	11	6	3	6	0.963268925791494
sp|P38083|YBR3_YEAST	4932.YBR063C	10	5	25	29	21	16	4	40	28	32	10	29	12	8	24	41	32	21	3	14	0.337060776956797
sp|P38240|YBR4_YEAST	4932.YBR064W	4	1	3	9	12	4	0	21	11	15	5	6	6	3	1	19	3	14	1	4	0.502887698571877
sp|P38082|NRG2_YEAST	4932.YBR066C	8	8	10	8	10	12	10	16	24	13	5	17	9	7	14	22	20	2	1	4	1.40153185714354
sp|P38243|YBS1_YEAST	4932.YBR071W	11	1	16	12	8	5	7	9	18	20	7	11	4	7	11	42	18	1	0	3	0.832877311153067
sp|P38246|ECM8_YEAST	4932.YBR076W	10	11	16	21	24	14	10	26	29	27	6	28	12	15	20	31	20	10	5	19	1.04215292336643
sp|P38252|YBT9_YEAST	4932.YBR089W	9	3	5	10	8	5	2	20	9	19	6	15	8	2	9	39	11	11	5	3	3.1409731382046
sp|P38253|YBU0_YEAST	4932.YBR090C	6	2	1	4	10	7	0	4	8	14	2	5	10	9	12	5	9	7	4	3	165.634561179075
sp|P38258|YBU9_YEAST	4932.YBR099C	4	10	3	4	16	2	1	10	6	15	2	10	5	0	8	17	6	3	2	3	1.74663756830472
sp|P38263|GID4_YEAST	4932.YBR105C	19	4	20	20	20	14	11	13	24	30	5	22	24	24	12	36	24	19	3	18	80.4334275609698
sp|P90471|YB09A_YEAST	4932.YBR109W-A	7	2	2	1	5	1	3	8	2	9	1	2	0	3	5	7	3	8	2	3	0.502285976458665
sp|P38267|YBW3_YEAST	4932.YBR113W	12	9	2	7	10	6	3	4	15	23	2	4	8	8	9	9	5	19	2	3	1.98342176110065
sp|P32605|RU1A_YEAST	4932.YBR119W	16	1	10	20	8	9	3	15	35	40	8	23	11	18	22	20	17	15	0	7	2.13388545829038
sp|P0C5L4|YB121_YEAST	4932.YBR121C-A	0	1	0	2	5	0	0	1	6	11	3	2	2	4	1	5	3	4	2	0	1.79616695856428
sp|P38269|YBX4_YEAST	4932.YBR124W	7	4	1	7	11	9	1	12	7	13	1	5	3	1	4	15	5	7	2	4	0.945231538339862
sp|Q8TGQ5|YB131_YEAST	4932.YBR131C-A	1	0	1	1	3	0	1	0	2	4	1	3	1	3	2	0	2	1	0	3	9.277840388558
sp|P38273|CCZ1_YEAST	4932.YBR131W	22	10	45	44	42	31	12	50	41	73	9	70	20	28	26	79	36	29	13	24	8.2456593481681
sp|P38090|AGP2_YEAST	4932.YBR132C	42	14	25	28	42	39	11	52	28	57	11	25	26	14	24	45	29	42	11	31	40.914912501674
sp|P38275|YBY4_YEAST	4932.YBR134W	5	5	2	7	11	4	9	14	11	3	3	6	5	6	4	13	12	6	2	5	1.08647053021821
sp|P38277|YBY8_YEAST	4932.YBR138C	10	6	29	42	15	9	9	36	46	52	8	58	28	22	27	67	19	22	4	15	1.66595646280723
sp|P38278|BMT2_YEAST	4932.YBR141C	8	9	15	16	12	22	9	25	30	39	8	24	10	17	24	31	10	17	1	10	0.47304221784236
sp|Q8TGQ4|YB141_YEAST	4932.YBR141W-A	1	3	0	2	1	1	0	2	1	2	2	1	2	2	3	3	2	2	0	1	0.759117974991886
sp|P34215|YBZ4_YEAST	4932.YBR144C	7	3	5	5	11	2	3	7	6	7	3	5	4	2	7	9	5	6	2	5	2.71823943952135
sp|P38279|RTC2_YEAST	4932.YBR147W	16	6	10	16	19	16	1	33	16	42	8	16	14	11	7	23	7	18	5	12	0.510133968938782
sp|P38280|YSW1_YEAST	4932.YBR148W	17	6	43	56	26	21	12	28	74	62	11	61	14	26	23	58	35	22	3	11	3.23794653780944
sp|P38283|SLI15_YEAST	4932.YBR156C	32	0	38	44	16	16	17	47	86	45	12	50	49	25	42	86	47	29	5	12	4.04267394209898
sp|P38284|ICS2_YEAST	4932.YBR157C	7	2	11	18	15	14	9	13	22	16	3	14	12	9	16	47	14	5	0	8	0.242302308079929
sp|P38285|AMN1_YEAST	4932.YBR158W	26	12	25	35	22	17	15	31	43	65	10	35	30	20	33	50	27	36	8	9	2.6717197407528
sp|P38287|CSH1_YEAST	4932.YBR161W	11	5	24	15	24	17	12	32	33	33	7	20	20	9	17	27	25	12	10	23	7.07387707131905
sp|P38374|YSY6_YEAST	4932.YBR162W-A	4	0	0	3	2	6	0	4	10	9	1	4	2	3	3	2	4	4	1	3	18.0894913544129
sp|P38291|POP7_YEAST	4932.YBR167C	7	1	9	9	3	6	6	8	20	11	3	4	2	6	4	9	14	14	0	4	9.42260556718483
sp|P38292|PEX32_YEAST	4932.YBR168W	11	5	19	24	26	17	9	39	29	57	7	22	17	13	20	30	26	14	13	15	0.115159257261034
sp|P38296|YB28_YEAST	4932.YBR178W	5	4	2	6	11	6	2	13	8	11	4	6	5	1	11	9	11	4	1	4	0.136968113679422
sp|P38128|SMP1_YEAST	4932.YBR182C	28	6	21	13	16	27	18	19	27	32	10	42	33	18	22	60	20	27	0	13	2.04255074869067
sp|P38299|YB34_YEAST	4932.YBR184W	25	14	28	35	20	15	12	39	44	46	9	43	16	21	30	48	29	20	5	24	2.32520684949554
sp|P38126|PCH2_YEAST	4932.YBR186W	21	11	36	41	29	33	11	51	41	65	7	32	11	20	25	55	33	28	2	12	0.00738074018178766
sp|P38302|NTC20_YEAST	4932.YBR188C	5	1	10	13	2	7	1	11	14	11	2	10	6	12	8	9	8	7	0	3	18.5008530724418
sp|Q3E820|YB96A_YEAST	4932.YBR196C-A	1	1	0	1	9	0	0	5	0	4	2	2	4	0	4	3	1	4	1	7	1.75316915835851
sp|Q3E778|YB96B_YEAST	4932.YBR196C-B	3	0	0	2	1	2	0	2	5	6	1	0	0	0	2	2	1	4	1	2	7.21540396230137
sp|P38306|YB47_YEAST	4932.YBR197C	12	1	18	11	2	8	6	7	19	16	6	13	14	12	14	24	16	14	1	3	1.06339341020308
sp|Q3E755|YB200_YEAST	4932.YBR200W-A	1	3	2	0	4	3	2	3	2	9	4	1	2	1	6	4	2	2	2	1	2.69945515417958
sp|P38307|DER1_YEAST	4932.YBR201W	8	3	10	6	13	13	3	21	10	26	9	13	8	3	8	14	7	17	5	14	1.23110388074454
sp|P38308|CS111_YEAST	4932.YBR203W	37	11	56	38	29	41	24	47	75	86	18	66	30	21	64	140	53	42	9	37	0.00768594547299379
sp|P38316|ATG12_YEAST	4932.YBR217W	7	3	7	15	7	7	3	15	12	13	6	12	5	16	9	27	9	8	1	4	0.941161427432113
sp|P38318|YB70_YEAST	4932.YBR220C	25	10	22	13	38	46	9	52	31	64	13	22	20	15	20	46	37	37	12	28	0.610048367793146
sp|Q3E781|YB221_YEAST	4932.YBR221W-A	0	0	1	2	2	1	1	2	2	2	2	2	2	1	6	4	1	3	0	0	1.260975100349
sp|P38319|TYDP1_YEAST	4932.YBR223C	32	12	25	39	30	21	12	30	40	46	15	28	26	18	29	47	40	27	7	20	1.25971718231017
sp|P38320|YB74_YEAST	4932.YBR224W	8	7	5	2	15	6	9	17	10	26	2	5	8	4	6	18	11	7	0	5	0.918417475308334
sp|P38321|YB75_YEAST	4932.YBR225W	49	8	58	49	40	34	28	55	72	77	13	62	53	28	39	121	49	29	10	26	0.55975473824176
sp|P38322|YB76_YEAST	4932.YBR226C	3	5	1	7	8	7	2	10	12	15	4	8	5	5	4	10	6	13	3	8	0.635524993966922
sp|P38324|SLX1_YEAST	4932.YBR228W	13	11	14	23	17	15	13	17	29	24	9	16	10	15	20	9	13	22	5	9	0.463672090412126
sp|Q3E762|YB230_YEAST	4932.YBR230W-A	11	2	1	4	1	1	0	0	4	4	2	4	0	3	8	7	2	6	3	3	1.73820365892089
sp|P38327|YB82_YEAST	4932.YBR232C	8	4	6	8	7	5	1	10	3	15	1	1	3	0	4	21	8	12	2	0	0.0468305449403961
sp|P38329|YB85_YEAST	4932.YBR235W	64	16	49	39	62	75	17	83	56	127	27	52	57	48	44	99	82	77	15	31	0.148454182427496
sp|P21372|PRP5_YEAST	4932.YBR237W	37	9	52	83	34	44	14	58	98	78	17	35	28	35	41	74	49	45	3	15	13.014887402914
sp|P38330|RMD9L_YEAST	4932.YBR238C	48	8	36	32	32	25	37	45	37	61	21	76	37	35	29	59	39	33	9	32	1.45937780653478
sp|P38141|THI2_YEAST	4932.YBR240C	19	19	26	18	18	13	9	28	31	45	12	28	17	24	25	43	30	22	9	14	0.16010744667746
sp|P07286|GPT_YEAST	4932.YBR243C	29	10	18	13	31	32	10	41	21	65	15	18	25	5	16	24	17	31	8	19	0.0894224467718336
sp|P33757|SPO23_YEAST	4932.YBR250W	16	6	26	38	31	15	8	40	46	56	9	25	21	16	18	66	39	21	1	25	1.51309456322058
sp|P38334|TRS20_YEAST	4932.YBR254C	9	1	10	7	10	14	5	12	9	13	5	17	9	7	7	13	7	10	1	9	6.92250170347482
sp|P38335|MTC4_YEAST	4932.YBR255W	22	1	30	45	13	37	26	48	53	57	15	50	26	27	47	76	59	33	10	19	0.898846945808463
sp|P38346|BIT2_YEAST	4932.YBR270C	22	3	27	28	26	29	15	36	34	47	8	44	20	18	26	75	33	29	5	20	1.7088527253465
sp|P38350|YB9U_YEAST	4932.YBR277C	15	4	5	2	18	4	2	7	5	18	2	6	1	1	6	19	11	5	0	2	0.406344088334224
sp|P38150|YB9Z_YEAST	4932.YBR284W	30	13	42	48	51	28	23	46	49	92	18	56	36	34	32	69	39	39	14	38	0.748591703597509
sp|P38354|YB8A_YEAST	4932.YBR285W	4	3	13	10	8	4	3	11	13	10	3	14	4	3	10	15	7	4	0	5	23.0508337211823
sp|P38356|BSD2_YEAST	4932.YBR290W	16	1	22	25	14	28	8	24	15	27	7	22	10	19	11	26	21	12	2	11	25.9957114455743
sp|P38357|YB8F_YEAST	4932.YBR292C	6	3	1	7	14	3	4	14	12	14	1	7	4	4	5	13	3	3	0	5	0.344099563553284
sp|P38358|VBA2_YEAST	4932.YBR293W	27	8	9	7	33	39	3	49	20	74	10	21	14	13	16	58	31	22	6	14	4.66471950576329
sp|P38359|SUL1_YEAST	4932.YBR294W	58	14	43	43	46	46	15	63	50	75	11	41	39	18	31	81	57	74	16	38	3.5349572032277
sp|P38360|ATU1_YEAST	4932.YBR295W	75	42	54	76	39	88	29	95	77	96	19	51	34	31	55	136	80	109	6	24	8.12487493055189
sp|P38361|PHO89_YEAST	4932.YBR296C	55	5	24	20	27	46	7	53	24	53	15	26	18	15	16	48	38	47	18	19	2.35868824400203
sp|P38157|MAL33_YEAST	4932.YBR297W	25	18	34	23	24	15	13	27	33	54	11	18	18	14	25	39	19	28	7	23	1.14015242408272
sp|P15685|MAL61_YEASX	4932.YBR298C	55	18	26	36	33	49	3	39	36	63	18	24	22	18	21	44	32	35	16	26	0.157671643297957
sp|P53341|MAL12_YEAST	4932.YBR299W	25	5	45	43	41	37	14	35	46	38	8	29	28	17	26	44	33	24	20	26	2.77927915094606
sp|P53341|MAL12_YEAST	4932.YGR292W	25	5	45	43	41	37	14	35	46	38	8	29	28	17	26	44	33	24	20	26	3.31139793840188
sp|P07265|MAL62_YEASX	4932.YBR299W	25	5	45	43	42	37	14	35	46	37	8	29	28	17	27	44	32	24	20	26	2.77927915094606
sp|P07265|MAL62_YEASX	4932.YGR292W	25	5	45	43	42	37	14	35	46	37	8	29	28	17	27	44	32	24	20	26	3.31139793840188
sp|P38155|PAU24_YEAST	4932.YBR301W	18	0	5	5	3	6	2	9	3	8	3	3	5	4	4	10	13	11	1	7	0.137073998164591
sp|P87012|YC01A_YEAST	4932.YCL001W-A	7	3	5	11	8	4	3	13	21	18	4	10	1	5	8	12	10	6	1	3	0.687692902562979
sp|P25565|YCA2_YEAST	4932.YCL002C	8	11	5	4	18	15	4	25	13	42	6	10	10	10	10	24	7	19	3	19	0.736210676765383
sp|P25587|LDB16_YEAST	4932.YCL005W	12	5	14	6	16	10	5	23	8	24	7	16	16	9	14	20	21	19	5	6	0.440752108349285
sp|Q96VH3|YC021_YEAST	4932.YCL021W-A	7	2	5	7	9	1	4	6	8	16	2	2	7	4	8	12	9	9	2	5	0.867173641512352
sp|P37261|FRM2_YEAST	4932.YCL026C-A	21	2	9	9	7	10	5	11	9	15	2	12	13	9	8	8	17	17	3	6	0.957472892132862
sp|P25370|GFD2_YEAST	4932.YCL036W	33	12	32	40	22	35	15	26	44	52	16	24	19	21	38	38	30	38	10	21	1.88283149591968
sp|P25572|YCE2_YEAST	4932.YCL042W	7	2	2	3	0	4	3	4	7	10	2	5	15	1	10	14	18	3	5	4	0.506750280545604
sp|P25575|YCE6_YEAST	4932.YCL046W	4	2	3	10	5	7	1	5	11	6	6	3	2	4	5	12	9	9	1	2	0.200563288011948
sp|P25380|SPS22_YEAST	4932.YCL048W	17	7	23	30	25	26	9	47	32	56	7	44	15	18	15	37	22	24	2	7	1.96729263154747
sp|P25579|LRE1_YEAST	4932.YCL051W	37	8	39	30	19	25	15	24	37	40	15	48	44	26	35	75	28	22	1	15	0.927248757764653
sp|P25584|PEX34_YEAST	4932.YCL056C	5	5	7	5	5	7	2	15	17	21	2	8	1	2	6	10	4	13	4	5	4.0546281055109
sp|P25585|FYV5_YEAST	4932.YCL058C	8	5	3	3	20	3	3	14	3	24	3	3	7	1	3	22	9	11	1	6	1.24704353664745
sp|Q2V2Q1|ADF1_YEAST	4932.YCL058W-A	5	1	3	12	1	6	0	6	22	9	5	3	2	6	6	11	9	6	0	0	5.38678539151354
sp|P25591|VAC17_YEAST	4932.YCL063W	20	5	23	28	18	10	8	22	26	37	8	31	25	28	29	58	26	15	1	5	0.816886070652192
sp|P25300|BUD5_YEAST	4932.YCL068C	33	7	39	27	27	10	22	47	37	85	9	44	18	40	30	44	41	41	11	30	0.763242043548535
sp|P25300|BUD5_YEAST	4932.YCR038C	33	7	39	27	27	10	22	47	37	85	9	44	18	40	30	44	41	41	11	30	2.21483578749994
sp|P36173|GEX2_YEAST	4932.YCL073C	44	11	16	23	39	38	8	50	30	64	18	24	19	16	23	66	42	39	14	31	0.338607246102245
sp|P36173|GEX2_YEAST	4932.YKR106W	44	11	16	23	39	38	8	50	30	64	18	24	19	16	23	66	42	39	14	31	0.57367343347901
sp|P25602|YCH6_YEAST	4932.YCL076W	14	4	15	19	12	8	3	14	19	23	7	21	5	10	10	28	11	12	2	10	0.243589192075799
sp|P25347|YCP2_YEAST	4932.YCR001W	2	4	2	1	14	3	3	7	9	13	3	6	5	1	3	9	4	5	2	8	0.73166577320629
sp|P25350|YCP6_YEAST	4932.YCR006C	8	5	3	6	11	9	2	10	8	16	1	10	3	6	17	12	10	11	4	5	2.11921218170747
sp|P25333|HAL4_YEAST	4932.YCR008W	41	16	25	32	18	37	18	31	52	37	19	39	33	17	29	69	36	30	4	20	0.7055419360928
sp|P25614|YCQ3_YEAST	4932.YCR013C	23	1	2	8	13	8	0	10	17	20	9	13	23	3	2	28	18	13	1	3	2.21038833109625
sp|P09007|SRD1_YEAST	4932.YCR018C	11	7	11	17	3	8	1	11	28	12	2	18	6	8	21	24	15	8	3	7	2.48441971218784
sp|Q96VH1|YC018_YEAST	4932.YCR018C-A	2	2	3	4	4	2	4	14	2	10	2	6	3	2	0	10	3	7	0	4	114.630263625653
sp|P23060|MAK32_YEAST	4932.YCR019W	15	8	30	17	22	29	7	32	25	31	7	19	12	8	17	33	20	15	5	11	0.152861925110849
sp|P25362|PET18_YEAST	4932.YCR020C	15	6	15	19	16	5	6	10	17	24	1	6	7	6	8	14	16	9	7	8	0.329009018484668
sp|P23059|NAA38_YEAST	4932.YCR020C-A	4	0	6	5	1	4	1	7	4	13	7	4	2	2	5	8	4	11	0	0	2.67774330269822
sp|P25620|YCR2_YEAST	4932.YCR022C	6	5	2	3	11	4	3	6	4	12	2	3	8	5	13	20	0	3	2	2	6.11009126437263
sp|P40975|PMP2_YEAST	4932.YCR024C-A	3	1	0	0	2	4	0	7	1	6	2	0	1	3	4	2	2	3	1	1	1085.72034145968
sp|P40975|PMP2_YEAST	4932.YEL017C-A	3	1	0	0	2	4	0	7	1	6	2	0	1	3	4	2	2	3	1	1	857.805060480506
sp|Q3E7Z8|YC204_YEAST	4932.YCR024C-B	3	6	1	3	17	0	2	8	3	8	3	2	4	1	5	6	2	10	0	4	0.611937397197422
sp|P25352|YCR5_YEAST	4932.YCR025C	5	3	0	5	7	7	8	6	12	13	3	2	11	8	13	10	10	5	4	4	0.252070692388669
sp|P25621|FEN2_YEAST	4932.YCR028C	35	9	23	23	37	31	10	37	20	47	20	25	17	15	25	45	21	40	16	16	26.0884690301332
sp|P25593|YCG8_YEAST	4932.YCR038C	17	2	17	6	10	4	9	16	12	39	6	19	9	18	17	15	10	22	5	7	2.21483578749994
sp|P25593|YCG8_YEAST	4932.YCL068C	17	2	17	6	10	4	9	16	12	39	6	19	9	18	17	15	10	22	5	7	0.763242043548535
sp|Q6B2C0|MTAL2_YEAST	4932.YCR039C	6	2	10	18	6	5	1	17	25	25	4	18	8	7	12	16	17	8	2	3	0.125266744105723
sp|P01365|HMAL1_YEAST	4932.YCR040W	12	1	5	7	14	8	5	11	18	11	3	12	6	10	9	17	5	9	4	8	0.507438547060836
sp|P25361|YCT3_YEAST	4932.YCR043C	3	5	12	5	9	9	4	8	10	12	3	3	5	2	2	10	5	7	4	9	53.7128151710361
sp|P25381|RRT12_YEAST	4932.YCR045C	35	4	28	35	27	33	10	32	28	39	8	35	21	16	20	37	24	33	6	20	0.830148662959117
sp|Q8TGQ2|YC045_YEAST	4932.YCR045W-A	8	3	1	1	4	3	1	4	4	18	6	3	16	1	6	15	12	5	4	1	2.09804084648108
sp|Q8TGQ1|YC047_YEAST	4932.YCR047W-A	3	5	3	1	2	2	4	5	4	7	2	1	7	0	2	11	2	4	2	1	2.92054293872069
sp|P25628|ARE1_YEAST	4932.YCR048W	33	12	22	34	59	19	15	30	35	57	21	22	23	22	27	46	44	46	16	27	0.16648364479559
sp|P25640|YCV4_YEAST	4932.YCR064C	6	5	8	4	14	6	0	8	4	15	4	2	2	4	9	19	4	12	5	5	1.08871747026838
sp|P25364|HCM1_YEAST	4932.YCR065W	22	4	31	38	19	26	20	30	42	53	9	40	41	24	25	66	34	18	5	17	6.97042995593756
sp|P25641|ATG15_YEAST	4932.YCR068W	31	18	29	38	20	38	15	23	22	43	13	19	26	9	27	40	41	33	12	23	2.00995171560939
sp|P25334|CYPR_YEAST	4932.YCR069W	18	4	20	18	14	20	11	18	26	30	7	13	17	8	9	19	25	22	1	18	6.56940487913957
sp|P25390|SSK22_YEAST	4932.YCR073C	71	14	78	85	62	68	22	83	101	151	49	85	43	50	64	93	68	75	19	50	0.0352280676763884
sp|P17261|ERS1_YEAST	4932.YCR075C	10	5	12	2	17	15	6	20	9	33	12	12	8	10	10	24	14	17	10	14	1.73980682158285
sp|P25659|YCW6_YEAST	4932.YCR076C	11	2	15	16	10	32	3	9	12	17	7	8	25	9	10	24	15	15	3	7	1.12171905656138
sp|P25650|YCX5_YEAST	4932.YCR085W	6	4	2	5	10	5	2	7	6	19	5	4	1	4	2	6	10	10	0	9	2.85675387719235
sp|P25652|YCX7_YEAST	4932.YCR087W	7	6	4	2	13	6	11	16	3	45	2	4	4	5	13	5	7	15	1	2	2.02816318831081
sp|P25653|FIG2_YEAST	4932.YCR089W	90	25	32	57	42	47	13	80	42	100	15	50	77	56	12	425	291	103	12	40	0.0563156808754795
sp|P25341|KIN82_YEAST	4932.YCR091W	33	15	40	45	35	31	21	43	58	63	15	52	42	22	38	80	42	23	4	18	1.1391711293581
sp|P01366|MATA1_YEASX	4932.YCR097W	4	2	3	11	5	3	4	12	14	10	4	14	3	5	8	10	6	5	1	2	0.499863824570456
sp|P25346|GIT1_YEAST	4932.YCR098C	36	9	18	25	32	48	4	49	30	38	17	24	13	7	20	37	37	42	10	22	1.44180584284577
sp|P25657|YCY9_YEAST	4932.YCR099C	8	10	16	16	7	6	2	13	17	11	5	6	5	3	7	9	5	3	1	5	1.71370398607379
sp|P25606|YCZ0_YEAST	4932.YCR100C	14	2	24	15	18	24	7	29	13	26	2	21	12	11	12	34	22	13	5	12	0.807702033511395
sp|P40585|PAU15_YEAST	4932.YCR104W	20	0	4	6	3	7	2	9	3	9	2	2	8	3	5	9	12	12	1	7	0.586521129451156
sp|P40585|PAU15_YEAST	4932.YIR041W	20	0	4	6	3	7	2	9	3	9	2	2	8	3	5	9	12	12	1	7	1.11708794331583
sp|P25377|ADH7_YEAST	4932.YCR105W	21	10	18	23	13	39	14	29	29	28	9	11	16	8	11	29	8	31	5	9	2.52806739019449
sp|P25611|RDS1_YEAST	4932.YCR106W	44	21	43	60	43	26	18	51	53	108	26	49	24	40	33	79	28	46	9	31	0.00716377574185654
sp|Q08361|AAD15_YEAST	4932.YCR107W	14	1	6	13	7	11	2	11	12	8	4	9	5	3	6	9	7	11	1	3	2.57468869015251
sp|Q08361|AAD15_YEAST	4932.YOL165C	14	1	6	13	7	11	2	11	12	8	4	9	5	3	6	9	7	11	1	3	0.900566348636862
sp|Q12157|APC11_YEAST	4932.YDL008W	7	9	16	13	8	9	7	12	6	9	3	9	9	8	9	8	7	11	3	2	24.4658898069897
sp|Q12210|YD009_YEAST	4932.YDL009C	4	4	3	1	16	3	6	8	7	13	2	6	5	2	5	7	2	8	1	4	0.961268067996051
sp|Q12023|YD011_YEAST	4932.YDL011C	9	3	3	5	8	3	0	10	6	16	3	6	4	0	0	14	6	8	1	2	6.82897901973878
sp|Q12115|YD016_YEAST	4932.YDL016C	2	2	1	2	9	1	0	3	9	15	2	6	4	1	6	23	6	4	0	4	1.50418661318981
sp|P52290|PPAD_YEAST	4932.YDL024C	31	10	26	28	27	27	8	27	23	42	6	35	17	12	20	46	28	19	7	29	0.659715106655209
sp|Q12147|YDL26_YEAST	4932.YDL026W	5	1	1	4	7	8	1	8	5	18	2	5	5	1	3	11	5	7	1	5	2.04540696849943
sp|Q12448|YD034_YEAST	4932.YDL034W	6	5	5	3	10	4	2	10	4	10	1	7	6	1	9	12	5	11	3	0	0.483043005590451
sp|Q12069|PUS9_YEAST	4932.YDL036C	20	7	28	37	16	27	14	31	44	35	6	26	23	15	33	22	28	28	6	16	0.56323107212707
sp|Q12140|BSC1_YEAST	4932.YDL037C	8	4	19	2	10	11	4	13	11	9	3	10	8	15	2	88	76	15	7	13	1.37019303955383
sp|Q12459|PRM7_YEAST	4932.YDL039C	56	0	40	12	9	19	7	44	8	25	7	22	34	17	12	187	126	62	1	10	0.460282824088361
sp|Q12352|YD041_YEAST	4932.YDL041W	9	6	5	4	9	11	0	8	3	15	4	0	3	1	0	19	9	10	0	1	4.60890214265454
sp|P50112|KNH1_YEAST	4932.YDL049C	26	3	12	7	10	13	4	15	14	16	8	14	13	10	11	15	36	22	4	15	1.34023715890255
sp|Q07355|YD050_YEAST	4932.YDL050C	4	3	7	5	16	3	3	3	12	20	3	6	5	1	1	21	3	3	1	3	14.2616608260153
sp|Q07376|MCH1_YEAST	4932.YDL054C	27	7	12	9	26	29	10	35	18	77	11	15	19	14	13	67	32	34	9	22	0.124212599205884
sp|Q07410|YD062_YEAST	4932.YDL062W	6	4	6	6	13	6	1	8	7	26	4	9	5	1	8	18	8	2	2	1	3.20154846101063
sp|Q07435|YD068_YEAST	4932.YDL068W	2	2	1	0	12	4	1	10	2	13	4	5	6	0	6	16	7	15	0	3	0.492845584313642
sp|P14066|CBS1_YEAST	4932.YDL069C	5	2	7	12	9	8	4	26	22	27	7	24	7	5	13	13	20	10	2	6	0.883728304180353
sp|Q07438|YD071_YEAST	4932.YDL071C	15	6	2	6	11	0	4	4	6	18	2	5	7	1	4	17	4	10	0	2	2.26415842722308
sp|Q07458|RXT3_YEAST	4932.YDL076C	9	2	17	19	12	16	8	18	17	26	2	25	19	14	15	26	18	11	3	17	18.727115634637
sp|Q07500|NDH2_YEAST	4932.YDL085W	35	2	26	35	27	31	7	32	43	58	17	22	24	20	23	38	38	38	7	22	1.41051553067733
sp|Q07508|LUC7_YEAST	4932.YDL087C	12	6	13	20	8	15	8	11	21	27	10	9	6	19	22	15	14	17	0	8	1.61337090967198
sp|Q07509|YD094_YEAST	4932.YDL094C	6	3	7	7	16	6	5	13	14	17	7	7	4	5	9	18	6	12	0	7	2.94379789393027
sp|Q07521|OPI6_YEAST	4932.YDL096C	8	6	2	2	3	7	1	3	4	10	4	6	4	1	4	19	14	8	0	2	2.22333686264746
sp|P43122|QRI7_YEAST	4932.YDL104C	21	8	26	21	19	30	10	34	23	46	10	19	18	13	25	32	21	20	6	5	1.31934986103644
sp|P43124|NSE4_YEAST	4932.YDL105W	19	1	27	27	18	16	12	28	36	30	11	27	12	21	27	43	24	14	2	7	0.292908758433839
sp|Q07530|YD114_YEAST	4932.YDL114W	22	4	11	13	13	16	11	34	23	29	8	22	15	6	13	26	19	13	1	9	5.07410799079719
sp|Q07535|YD118_YEAST	4932.YDL118W	12	5	5	5	13	5	3	6	10	14	2	5	7	1	5	9	2	13	1	3	0.95523193814592
sp|Q07549|SNA4_YEAST	4932.YDL123W	8	6	4	4	7	6	2	4	1	15	2	8	16	9	6	13	6	12	1	10	65.5471499390866
sp|P25693|PCL2_YEAST	4932.YDL127W	14	3	13	16	10	4	6	28	29	32	5	24	15	6	17	38	25	10	3	10	4.2277504709601
sp|Q07555|YD129_YEAST	4932.YDL129W	16	0	11	31	5	10	4	6	28	33	3	18	20	5	23	32	22	15	2	7	1.47814229624019
sp|Q12516|SRF1_YEAST	4932.YDL133W	25	6	21	26	17	21	7	30	32	44	4	31	17	18	22	44	24	23	8	17	0.361690794866769
sp|Q12300|RGT2_YEAST	4932.YDL138W	57	9	31	30	35	55	13	71	26	59	14	58	35	24	24	81	44	56	8	33	0.236264429877205
sp|Q07560|CRD1_YEAST	4932.YDL142C	18	3	10	9	15	15	2	24	18	38	6	11	16	7	16	21	22	14	3	15	1.49459131779078
sp|Q12342|LDB17_YEAST	4932.YDL146W	18	9	31	29	21	11	7	34	34	67	18	34	23	16	19	45	27	23	2	23	6.17435924430377
sp|Q12142|ATG9_YEAST	4932.YDL149W	32	8	63	68	64	50	23	59	68	99	16	94	38	35	42	77	53	51	11	46	2.69361428590848
sp|Q12064|BUD30_YEAST	4932.YDL151C	15	5	10	7	17	4	0	5	5	40	3	8	21	0	6	33	8	3	1	2	4.0624369664691
sp|Q12175|MSH5_YEAST	4932.YDL154W	39	19	60	69	40	51	17	83	54	105	17	52	15	34	43	70	58	43	8	24	0.0606037866915971
sp|Q12047|YD158_YEAST	4932.YDL158C	4	5	5	2	9	2	1	15	5	14	3	7	0	2	5	9	3	5	2	4	0.375038808988675
sp|Q12307|YD162_YEAST	4932.YDL162C	5	6	5	5	11	3	6	6	6	11	2	6	9	1	6	11	8	4	1	6	0.433195873351461
sp|Q12148|YD163_YEAST	4932.YDL163W	8	4	6	7	7	8	0	3	3	13	3	7	4	1	4	9	3	9	0	1	1.5144929284515
sp|Q12135|YD172_YEAST	4932.YDL172C	11	1	6	4	24	5	0	9	8	31	3	5	16	1	2	20	5	7	1	0	3.73014325860208
sp|Q12257|YD177_YEAST	4932.YDL177C	10	5	3	9	4	11	5	8	17	15	3	16	5	11	9	14	8	12	3	2	0.489458507334504
sp|Q12477|PCL9_YEAST	4932.YDL179W	11	3	11	13	12	8	9	24	16	31	7	26	18	13	19	32	22	17	4	8	0.386298895877892
sp|Q12301|YD180_YEAST	4932.YDL180W	17	9	33	20	37	27	14	48	17	59	14	43	24	19	19	56	32	28	6	25	0.310381481442235
sp|P0C5M4|YD85A_YEAST	4932.YDL185C-A	2	1	0	3	13	1	1	1	2	13	2	5	3	4	8	5	3	3	0	5	1.92692430789625
sp|P48568|YD186_YEAST	4932.YDL186W	11	4	18	23	16	10	8	11	9	14	5	13	15	24	23	32	14	16	4	7	2.12240775015589
sp|Q07613|YD187_YEAST	4932.YDL187C	4	5	0	2	11	3	5	5	5	12	2	4	7	5	9	12	4	8	1	5	0.0214869750894287
sp|P10870|SNF3_YEAST	4932.YDL194W	57	7	47	42	48	64	14	66	34	69	20	57	35	32	34	101	64	58	7	28	2.46588201910185
sp|Q12407|YD199_YEAST	4932.YDL199C	32	6	32	18	45	36	14	59	30	85	14	37	30	31	31	84	32	36	10	25	2.72876102315812
sp|Q07622|ACK1_YEAST	4932.YDL203C	50	11	27	35	22	38	7	29	51	56	13	43	44	30	18	58	27	22	7	35	10.2165427094666
sp|Q12424|YD206_YEAST	4932.YDL206W	26	13	43	28	40	36	15	82	30	103	11	45	23	20	30	74	58	47	9	29	0.51956206675105
sp|P32837|UGA4_YEAST	4932.YDL210W	58	14	25	16	32	54	5	59	27	53	14	19	18	18	12	48	26	35	14	24	2.50875361637737
sp|Q12310|PRR2_YEAST	4932.YDL214C	31	13	45	45	27	30	18	53	47	50	13	46	22	15	36	85	48	42	5	28	0.586873359450342
sp|Q12468|CSN5_YEAST	4932.YDL216C	13	7	34	33	16	17	10	25	27	39	14	31	8	19	28	47	30	22	2	18	0.934060406099841
tr|C9ELN6|C9ELN6_YEASX	4932.YDL227C	31	21	27	38	20	50	15	38	52	43	11	25	24	19	41	31	31	38	6	21	1.00802164975509
sp|Q07658|YD228_YEAST	4932.YDL228C	1	1	15	5	21	16	6	4	2	25	1	16	0	14	11	33	16	18	8	0	0.916865965827397
sp|Q07660|BRE4_YEAST	4932.YDL231C	67	18	50	61	73	47	30	89	69	119	18	53	43	38	66	112	53	52	25	42	4.66794608588562
sp|Q07684|YD233_YEAST	4932.YDL233W	25	2	19	20	27	22	6	26	24	29	17	33	42	28	18	38	33	31	3	15	1.44039657327611
sp|Q07732|ADY3_YEAST	4932.YDL239C	26	4	37	83	32	24	18	49	91	92	11	59	21	48	35	74	34	30	5	17	2.16565183204902
sp|Q07738|YD241_YEAST	4932.YDL241W	9	4	2	7	9	11	3	6	8	8	2	8	5	3	1	8	16	5	0	8	1.22505872941128
sp|Q07746|YD242_YEAST	4932.YDL242W	4	3	7	6	3	4	3	11	8	14	4	8	3	5	8	12	6	7	0	1	2.44760307310841
sp|Q07747|AAD4_YEAST	4932.YDL243C	26	2	18	24	12	25	9	23	27	22	10	13	9	12	12	26	16	22	8	13	0.354786138394306
sp|Q07747|AAD4_YEAST	4932.YJR155W	26	2	18	24	12	25	9	23	27	22	10	13	9	12	12	26	16	22	8	13	0.0780497922323421
sp|Q07747|AAD4_YEAST	4932.YNL331C	26	2	18	24	12	25	9	23	27	22	10	13	9	12	12	26	16	22	8	13	1.14724293538361
sp|Q07748|THI13_YEAST	4932.YDL244W	24	10	19	23	13	23	5	22	34	33	8	10	18	14	11	15	17	17	4	20	0.0340761621293458
sp|Q07748|THI13_YEAST	4932.YFL058W	24	10	19	23	13	23	5	22	34	33	8	10	18	14	11	15	17	17	4	20	2.70896020403636
sp|Q07748|THI13_YEAST	4932.YNL332W	24	10	19	23	13	23	5	22	34	33	8	10	18	14	11	15	17	17	4	20	0.0349221621571078
sp|Q07786|DHSO2_YEAST	4932.YDL246C	32	6	22	18	17	39	8	19	27	20	6	13	17	8	10	19	19	43	0	14	0.87195620758597
sp|Q07786|DHSO2_YEAST	4932.YJR159W	32	6	22	18	17	39	8	19	27	20	6	13	17	8	10	19	19	43	0	14	0.867586379748611
sp|C8Z6M6|MPH3_YEAS8	4932.YDL247W	46	17	25	32	38	44	4	42	40	61	12	20	23	14	23	50	38	33	16	24	1.39455696791965
sp|C8Z6M6|MPH3_YEAS8	4932.YJR160C	46	17	25	32	38	44	4	42	40	61	12	20	23	14	23	50	38	33	16	24	1.37292222346868
sp|P0C5L9|YD247_YEAST	4932.YDL247W-A	0	0	0	2	1	0	2	2	0	3	2	4	1	2	1	2	1	0	0	1	4.7363856299828
sp|Q03446|RCR2_YEAST	4932.YDR003W	13	1	14	16	13	9	3	11	6	13	3	17	14	9	18	17	12	11	4	6	27.9446115287183
sp|P00912|TRPF_YEAST	4932.YDR007W	14	4	15	12	8	21	3	14	15	23	2	13	11	7	7	20	7	21	3	4	18.4761725834843
sp|Q12426|YDR10_YEAST	4932.YDR010C	7	4	4	5	7	10	3	7	3	9	4	5	5	0	12	6	5	6	3	5	3.03384786237728
sp|Q99359|RAD61_YEAST	4932.YDR014W	20	3	53	47	35	20	13	55	60	72	19	53	17	18	26	70	29	16	3	18	0.467483594509107
sp|Q12195|YD015_YEAST	4932.YDR015C	2	3	4	2	6	4	5	3	2	12	1	1	5	2	3	12	1	8	3	0	0.0609865030486269
sp|Q12084|DAS2_YEAST	4932.YDR020C	12	2	22	16	5	11	4	26	15	21	6	21	5	9	11	12	10	12	1	11	12.0380700359856
sp|Q12421|ATG31_YEAST	4932.YDR022C	5	1	25	18	5	6	2	11	9	22	4	18	4	8	6	23	9	13	0	7	0.464082028573147
sp|Q99341|FYV1_YEAST	4932.YDR024W	3	4	7	3	13	6	9	13	7	10	5	8	12	6	13	17	12	8	0	5	2.23794436491747
sp|Q12111|YD029_YEAST	4932.YDR029W	2	3	5	1	11	3	1	6	8	24	2	6	2	2	3	13	1	2	1	8	0.602844523190035
sp|Q12021|RAD28_YEAST	4932.YDR030C	12	10	36	30	20	31	8	31	33	42	15	44	12	25	31	48	26	26	8	18	2.11246550293371
sp|Q03205|YD042_YEAST	4932.YDR042C	7	0	5	7	16	6	2	13	16	27	3	17	6	11	9	23	13	8	3	8	0.900222231882863
sp|Q03125|NRG1_YEAST	4932.YDR043C	7	7	10	15	7	9	9	9	17	17	4	20	10	13	15	25	16	8	1	12	1.38707702086363
sp|P54857|TGL2_YEAST	4932.YDR058C	10	8	24	13	16	16	7	25	32	29	8	24	13	7	10	24	18	21	6	15	0.21424216764413
sp|Q12167|RRG1_YEAST	4932.YDR065W	16	6	9	23	15	13	10	21	52	48	6	21	16	17	15	26	13	14	5	19	2.67648315035944
sp|Q12378|RTR2_YEAST	4932.YDR066C	6	6	10	17	8	7	6	14	9	23	8	7	6	8	7	20	13	10	0	11	8.03976287570256
sp|P32345|PP4C_YEAST	4932.YDR075W	12	9	24	22	15	23	7	19	14	32	8	15	9	10	17	14	16	24	4	14	13.0544054750842
sp|P38953|RAD55_YEAST	4932.YDR076W	11	7	24	29	25	24	6	39	27	36	7	31	10	16	24	38	20	21	3	8	2.22417640858133
sp|P38960|STN1_YEAST	4932.YDR082W	10	8	30	36	22	24	11	31	35	62	12	23	14	29	18	41	27	28	8	25	0.753003614877035
sp|P33304|AFR1_YEAST	4932.YDR085C	17	7	45	42	23	25	17	31	56	47	14	47	30	17	40	69	40	26	4	23	2.12597440157526
sp|Q03193|YD090_YEAST	4932.YDR090C	24	8	18	11	20	20	4	33	14	27	10	10	14	9	11	25	10	24	8	10	26.1649747956114
sp|Q03831|YD095_YEAST	4932.YDR095C	9	4	2	3	5	8	9	8	9	11	2	7	10	4	10	14	10	6	1	4	3.07869971589934
sp|Q03864|YD102_YEAST	4932.YDR102C	4	5	4	4	6	2	1	9	5	16	4	6	2	6	7	11	7	7	1	3	0.543472782371194
sp|P32917|STE5_YEAST	4932.YDR103W	36	16	63	56	41	33	20	68	50	93	10	72	51	28	41	112	58	43	6	20	4.5389863747803
sp|Q12116|TMS1_YEAST	4932.YDR105C	36	13	17	16	25	31	6	32	13	50	13	23	13	14	12	47	39	38	13	22	28.8280730248519
sp|Q04585|YDR09_YEAST	4932.YDR109C	49	18	35	50	30	53	12	44	45	59	18	37	25	28	36	65	39	46	8	18	0.94760706389074
sp|P40316|SECU_YEAST	4932.YDR113C	16	1	33	35	7	21	5	13	35	45	4	30	21	24	14	33	16	11	0	9	0.379377181626528
sp|Q04597|YDR14_YEAST	4932.YDR114C	6	4	2	2	11	1	1	9	3	12	5	2	1	3	8	8	8	6	1	7	0.56896968119841
sp|Q04598|RM34_YEAST	4932.YDR115W	4	1	0	0	8	8	1	3	10	14	3	2	7	6	13	15	6	1	2	1	11.3056818408938
sp|Q04601|APC4_YEAST	4932.YDR118W	27	8	52	39	36	27	12	60	48	72	6	41	22	19	30	51	27	37	6	32	3.98180913387957
sp|P0C5L7|YD18A_YEAST	4932.YDR118W-A	1	1	0	1	3	3	2	2	5	2	2	0	1	1	4	4	3	2	1	0	1.45601013009593
sp|Q2V2P9|YD19A_YEAST	4932.YDR119W-A	7	1	0	3	5	6	0	5	3	4	1	0	3	2	7	7	2	5	3	2	0.751956500697219
sp|Q04608|YD124_YEAST	4932.YDR124W	12	5	22	25	16	7	4	25	35	36	10	14	21	12	14	26	13	15	3	9	7.13909667855933
sp|Q04623|ECM18_YEAST	4932.YDR125C	15	5	14	27	25	20	12	29	40	49	18	38	21	12	23	37	14	22	7	25	1.5530532298719
sp|Q04629|SWF1_YEAST	4932.YDR126W	15	13	17	13	19	9	10	30	18	42	6	14	14	9	12	22	23	19	7	24	0.244506532812039
sp|Q03897|WDR59_YEAST	4932.YDR128W	47	26	84	72	56	61	30	72	73	89	15	79	56	35	55	120	58	54	26	40	0.466524979162339
sp|P47976|CTH1_YEAST	4932.YDR151C	12	9	15	18	8	11	5	17	30	32	3	33	25	9	11	32	30	6	3	16	0.238287763636931
sp|P46674|SAC3_YEAST	4932.YDR159W	54	13	68	88	57	35	31	83	117	130	26	93	60	71	60	134	78	53	7	43	0.578242442361839
sp|Q03770|SSY1_YEAST	4932.YDR160W	52	7	38	37	57	61	18	74	41	72	20	37	26	27	44	95	50	45	10	41	0.536428688767919
sp|Q3E789|YD169_YEAST	4932.YDR169C-A	2	1	0	1	2	3	1	1	3	5	5	2	1	3	7	10	1	1	0	0	8.21800857106005
sp|Q03983|YD179_YEAST	4932.YDR179W-A	17	12	26	19	27	12	11	39	33	58	10	33	17	15	21	43	27	17	5	21	0.23934057724608
sp|Q3E796|YD182_YEAST	4932.YDR182W-A	4	2	1	1	2	5	2	3	6	9	1	1	2	3	2	2	6	7	1	7	1.71657355601014
sp|Q04004|PLP1_YEAST	4932.YDR183W	7	4	22	22	10	10	7	11	18	23	3	16	3	8	13	16	13	16	0	8	1.69478789619673
sp|Q04005|LIC4_YEAST	4932.YDR184C	14	2	29	17	7	6	11	20	31	33	8	23	7	14	7	34	22	6	0	3	0.772974216378246
sp|Q04006|UPS3_YEAST	4932.YDR185C	7	2	9	10	9	6	5	8	16	12	6	13	8	3	11	12	14	17	5	6	1.71575923830897
sp|P0C5E0|YD193_YEAST	4932.YDR193W	14	1	5	4	6	9	0	6	6	25	3	7	16	2	1	5	1	20	1	0	1.60194941108067
sp|Q3E818|YD194_YEAST	4932.YDR194W-A	1	3	1	2	2	0	1	6	3	5	3	1	1	5	2	5	2	1	1	5	2.39744440770282
sp|P14905|CBS2_YEAST	4932.YDR197W	15	5	17	19	21	16	9	29	33	52	6	29	17	17	20	37	14	18	2	13	1.47614830999854
sp|Q03942|RKM2_YEAST	4932.YDR198C	12	8	30	38	23	18	13	47	32	53	4	31	18	9	17	44	20	24	10	28	1.09339091671534
sp|Q03480|YD209_YEAST	4932.YDR209C	5	3	12	3	10	6	2	9	2	20	1	16	6	2	7	7	4	18	0	4	2.12844611812583
sp|P14737|RAD9_YEAST	4932.YDR217C	49	14	87	120	46	61	21	98	102	109	20	106	51	51	63	133	84	53	11	30	1.36274016721515
sp|Q04921|SPR28_YEAST	4932.YDR218C	14	5	39	28	11	21	9	31	37	42	5	34	14	13	21	31	25	25	1	17	0.572681047592328
sp|Q04930|CRF1_YEAST	4932.YDR223W	18	8	46	36	14	21	12	23	34	34	3	34	21	5	19	70	29	25	2	13	0.144176518299999
sp|P22580|AMDY_YEAST	4932.YDR242W	22	12	37	30	22	34	8	41	33	57	13	29	31	15	21	53	33	31	9	18	0.76899887379895
sp|Q3E763|YD246_YEAST	4932.YDR246W-A	3	2	3	1	5	1	3	2	0	7	2	4	6	2	8	8	4	3	0	2	1.64513818905563
sp|Q03787|YD249_YEAST	4932.YDR249C	7	4	20	19	29	13	16	25	25	51	8	16	17	13	19	34	21	17	3	16	0.126288796671899
sp|Q03788|YD250_YEAST	4932.YDR250C	6	4	2	3	7	5	5	5	3	7	3	8	3	5	4	5	6	4	0	6	6.05863042700513
sp|Q12508|RMD5_YEAST	4932.YDR255C	12	10	21	34	24	9	16	27	50	45	9	23	16	17	10	35	25	20	3	15	0.281378721811536
sp|Q12086|DIN7_YEAST	4932.YDR263C	26	10	19	26	19	21	7	35	45	41	14	22	16	20	19	28	17	27	3	15	1.73430090098095
sp|P87282|YD271_YEAST	4932.YDR271C	7	5	6	5	5	6	1	16	7	10	5	8	8	2	3	14	5	4	1	5	0.412528368313585
sp|Q05610|DON1_YEAST	4932.YDR273W	21	3	23	45	11	22	4	21	36	27	3	29	15	10	10	36	19	24	0	6	0.764739466034592
sp|P87283|YD274_YEAST	4932.YDR274C	8	4	2	2	14	5	5	4	5	15	2	1	7	2	11	18	10	5	1	2	0.789861283120209
sp|Q05611|BSC2_YEAST	4932.YDR275W	9	5	14	19	12	12	5	22	15	28	7	13	5	3	10	26	10	12	1	7	1.44787668847434
sp|P35198|MTH1_YEAST	4932.YDR277C	26	4	21	25	13	9	9	19	27	46	11	30	27	22	27	61	23	16	6	11	23.1474707893652
sp|Q05612|YD278_YEAST	4932.YDR278C	4	4	2	0	9	5	9	8	2	12	3	5	3	2	7	15	7	5	0	3	9.22593271015339
sp|Q05637|PHM6_YEAST	4932.YDR281C	4	3	6	11	5	6	1	9	6	13	4	2	1	5	4	6	6	8	0	4	0.714943121977635
sp|Q05648|YD282_YEAST	4932.YDR282C	12	7	27	30	17	22	5	33	30	48	9	26	11	12	23	45	25	15	4	13	2.95411999086641
sp|P31111|ZIP1_YEAST	4932.YDR285W	30	7	48	98	19	24	18	47	110	84	16	73	17	57	30	92	54	38	0	13	0.899803215865437
sp|Q05530|YD286_YEAST	4932.YDR286C	5	5	10	8	7	3	5	9	11	9	2	4	3	2	9	7	4	8	2	1	0.462212917795156
sp|Q05541|NSE3_YEAST	4932.YDR288W	13	1	19	26	10	18	6	32	23	30	7	21	7	9	12	31	13	16	0	9	1.40340609440064
sp|P87280|YD290_YEAST	4932.YDR290W	5	4	2	7	13	2	2	11	5	13	2	6	2	2	4	10	4	5	2	8	0.999311545595745
sp|Q05549|HRQ1_YEAST	4932.YDR291W	59	23	62	86	60	52	34	91	76	85	26	52	46	43	58	65	54	65	6	34	2.09658444034183
sp|Q06640|YD306_YEAST	4932.YDR306C	18	13	22	28	20	21	10	31	45	58	9	27	21	13	15	49	30	20	6	22	1.7762058295752
sp|Q06648|GIC2_YEAST	4932.YDR309C	17	1	20	20	17	11	11	16	31	32	5	32	23	16	20	69	23	9	1	9	7.62451558564072
sp|Q06651|PIB1_YEAST	4932.YDR313C	20	20	19	24	15	6	12	10	16	16	4	24	12	13	16	22	14	16	2	5	14.556601436503
sp|Q06665|RAD34_YEAST	4932.YDR314C	22	6	44	46	31	24	17	45	80	74	15	41	27	28	41	44	23	39	10	35	0.0451239351081276
sp|Q06667|IPK1_YEAST	4932.YDR315C	7	9	20	10	8	8	9	27	24	35	5	27	10	7	8	15	18	12	7	15	0.908679236231791
sp|Q06674|HIM1_YEAST	4932.YDR317W	14	8	16	27	21	23	4	29	35	40	8	26	18	10	21	38	23	27	2	24	1.21958673555211
sp|Q06676|YFT2_YEAST	4932.YDR319C	14	10	5	9	22	11	9	28	13	37	7	11	7	8	7	21	12	18	10	15	0.958856914386273
sp|P32609|PEP7_YEAST	4932.YDR323C	17	19	31	34	16	20	17	33	44	67	11	44	17	17	32	40	17	22	3	14	4.88485356434945
sp|P87288|YD327_YEAST	4932.YDR327W	4	3	6	2	7	7	5	6	6	14	1	5	5	3	7	10	4	8	2	3	2.00067168652712
sp|Q06683|IRC3_YEAST	4932.YDR332W	41	10	48	35	27	26	17	58	62	66	17	32	15	28	35	62	41	40	6	23	0.265250652369584
sp|Q05497|YD338_YEAST	4932.YDR338C	53	9	33	41	41	45	15	54	20	84	15	29	27	19	32	63	33	40	10	32	0.610704325191351
sp|Q05503|YD340_YEAST	4932.YDR340W	3	1	2	7	5	5	2	14	7	11	4	4	2	1	4	9	5	7	0	7	1.4752050871249
sp|Q8TGP6|YD354_YEAST	4932.YDR354C-A	2	1	2	2	1	2	0	2	1	8	2	2	7	3	2	4	2	4	0	0	2.17338747068317
sp|P87285|YD355_YEAST	4932.YDR355C	5	6	3	2	9	7	0	3	2	18	4	4	5	1	2	15	5	8	0	1	1.03310026119285
sp|Q06333|BL1S4_YEAST	4932.YDR357C	7	2	11	10	2	4	2	9	13	12	4	10	1	5	3	9	7	5	0	6	0.683341136687308
sp|P87286|OPI7_YEAST	4932.YDR360W	9	1	4	5	9	6	0	8	3	22	3	6	1	1	8	27	4	7	2	2	0.191589910138116
sp|P40968|PRP17_YEAST	4932.YDR364C	13	7	37	26	20	29	21	27	38	30	3	23	21	16	22	52	23	20	8	19	10.7943159263735
sp|P87287|YD366_YEAST	4932.YDR366C	3	3	1	6	9	5	6	24	8	17	1	6	2	2	4	7	4	13	1	10	0.0401622686741153
sp|Q06346|KEI1_YEAST	4932.YDR367W	9	5	8	8	16	10	4	19	13	34	4	10	7	9	5	17	17	10	6	10	43.5840022323934
sp|Q06349|DXO1_YEAST	4932.YDR370C	16	12	22	30	19	20	13	30	37	47	11	29	20	10	21	39	28	20	5	13	0.597171121915185
sp|P0C5M1|YD371_YEAST	4932.YDR371C-A	1	0	1	0	1	2	0	7	2	3	3	3	1	0	1	4	1	4	0	0	16.1826509024412
sp|Q06350|CHI2_YEAST	4932.YDR371W	16	5	30	28	33	35	16	40	43	41	11	41	16	13	18	47	18	22	9	29	1.74264541285496
sp|Q06390|YD374_YEAST	4932.YDR374C	7	1	16	22	18	9	8	26	25	21	4	31	11	10	18	34	17	10	6	12	1.21218900559315
sp|Q3E785|SDHF1_YEAST	4932.YDR379C-A	3	0	1	6	4	3	6	5	8	8	1	6	4	2	6	3	6	4	0	3	2.56789232441545
sp|O13523|YD401_YEAST	4932.YDR401W	11	3	0	4	17	11	8	13	10	22	3	8	13	3	10	24	7	13	1	6	1.81154034509787
sp|P21595|CP56_YEAST	4932.YDR402C	33	7	22	29	33	24	9	36	36	58	9	30	27	14	23	22	26	26	8	17	3.28669398258399
sp|P21623|DIT1_YEAST	4932.YDR403W	21	12	40	35	34	28	18	40	43	42	8	24	20	14	23	51	24	33	7	19	0.069951764118985
sp|P0C5M2|YD406_YEAST	4932.YDR406W-A	2	0	0	0	14	1	6	10	5	11	1	4	1	2	3	6	2	4	0	9	1.0569792820831
sp|Q04195|SIZ1_YEAST	4932.YDR409W	29	10	56	43	22	32	19	53	49	73	16	100	76	36	45	106	69	44	6	20	2.31722118406869
sp|P16151|ERD1_YEAST	4932.YDR414C	14	7	12	16	29	6	9	34	16	57	6	13	13	12	24	27	19	21	12	15	0.0914813965304015
sp|Q04049|POLH_YEAST	4932.YDR419W	32	17	44	39	28	33	12	42	67	62	10	27	20	23	24	59	32	34	8	19	1.20259052331109
sp|P41809|HKR1_YEAST	4932.YDR420W	131	5	67	84	45	57	24	109	56	98	12	73	112	49	30	437	213	113	2	85	1.2845045741225
sp|Q04082|GPI19_YEAST	4932.YDR437W	5	2	11	6	5	6	1	13	5	20	7	3	6	5	2	11	14	5	4	9	1.04351582780161
sp|Q04083|THI74_YEAST	4932.YDR438W	23	5	12	14	33	15	5	30	12	56	8	12	11	7	10	41	30	29	7	10	0.00749476533443176
sp|P87270|YD442_YEAST	4932.YDR442W	11	9	1	8	7	4	3	9	5	12	2	5	6	3	10	14	8	10	1	2	0.48742099118341
sp|Q04100|YD445_YEAST	4932.YDR445C	9	3	6	1	16	4	5	10	4	13	3	5	6	5	4	19	6	8	2	6	1.2233036634237
sp|Q04110|ECM11_YEAST	4932.YDR446W	16	2	16	29	7	8	3	23	40	24	2	19	19	16	7	33	18	9	1	10	1.25626277334842
sp|Q04116|YHP1_YEAST	4932.YDR451C	20	6	11	20	13	9	12	18	37	25	6	20	29	13	21	42	30	15	1	5	0.740191295509451
sp|P87271|YD455_YEAST	4932.YDR455C	5	3	3	4	6	8	3	4	3	11	3	7	3	2	3	23	6	5	0	0	1.55945333892201
sp|Q03289|PFA5_YEAST	4932.YDR459C	19	13	16	16	18	18	10	37	20	36	7	13	15	11	19	36	19	22	10	19	0.239106711993702
sp|Q2V2P7|YD461_YEAST	4932.YDR461C-A	5	0	6	7	1	3	6	1	7	2	3	1	8	1	4	8	9	3	0	5	1.090522604321
sp|P34165|MFA1_YEAST	4932.YDR461W	5	1	2	2	1	1	0	3	5	0	1	1	3	1	0	3	3	2	1	1	218.276009955692
sp|Q8TGP5|YD464_YEAST	4932.YDR464C-A	6	1	2	1	8	4	1	1	2	6	2	0	3	0	4	10	4	4	1	2	27.6582180766691
sp|Q03306|PKH3_YEAST	4932.YDR466W	45	5	40	42	32	41	23	63	71	70	13	75	62	39	40	97	63	43	9	25	0.0784941873529173
sp|P87264|YD467_YEAST	4932.YDR467C	6	5	1	4	9	8	1	8	4	21	3	3	2	2	5	7	4	9	1	5	0.967042329237668
sp|P40993|RMRP_YEAST	4932.YDR478W	4	6	4	14	7	10	3	3	28	20	6	14	7	11	7	27	9	10	1	7	0.797488372779371
sp|Q03370|PEX29_YEAST	4932.YDR479C	17	2	29	38	25	26	10	41	33	60	17	30	33	19	26	53	36	28	10	21	10.0474049836831
sp|Q03375|CWC21_YEAST	4932.YDR482C	9	1	3	17	0	5	5	5	11	10	3	5	3	16	15	14	6	4	1	2	9.63887077773288
sp|Q03418|YD491_YEAST	4932.YDR491C	13	6	6	6	5	2	1	10	11	25	7	10	3	6	12	10	11	11	3	5	2.07926757850479
sp|Q03419|IZH1_YEAST	4932.YDR492W	12	11	10	9	34	15	12	28	17	29	8	11	10	8	9	29	22	22	6	14	0.0764998806068956
sp|Q04383|PLM2_YEAST	4932.YDR501W	22	8	20	36	17	22	9	33	48	50	3	30	37	22	25	62	37	24	2	14	0.109610125848644
sp|Q04399|GMC1_YEAST	4932.YDR506C	27	7	41	35	24	42	22	44	44	51	19	31	22	17	19	36	44	42	13	28	0.540080483310002
sp|P87272|YD509_YEAST	4932.YDR509W	6	1	0	4	18	2	7	14	11	11	4	5	3	1	5	3	5	7	1	7	1.02300613298085
sp|P08459|SPS2_YEAST	4932.YDR522C	21	4	24	37	26	29	5	49	52	55	9	44	12	16	8	46	26	29	3	7	1.73792135851993
sp|Q04412|AGE1_YEAST	4932.YDR524C	23	11	20	18	20	13	20	33	40	50	9	37	18	17	21	68	28	19	5	12	10.7478242351597
sp|Q3E6R4|YD24B_YEAST	4932.YDR524C-B	17	0	0	0	5	7	0	2	2	2	1	6	0	2	1	6	8	7	0	0	1.12351330092401
sp|Q04413|API2_YEAST	4932.YDR525W	6	1	0	2	7	8	4	3	14	7	4	3	4	4	11	15	7	4	2	3	0.740244190913569
sp|Q04429|HLR1_YEAST	4932.YDR528W	17	6	29	28	18	8	8	24	34	31	8	25	31	17	20	64	26	18	0	11	6.51426226559937
sp|Q04433|FIT1_YEAST	4932.YDR534C	78	0	9	40	8	28	5	24	14	8	3	10	13	12	7	105	103	50	5	6	0.37012052954615
sp|Q04434|YD535_YEAST	4932.YDR535C	9	8	4	5	12	10	8	12	7	23	3	5	2	5	9	21	10	8	1	4	0.810656340295322
sp|P39932|STL1_YEAST	4932.YDR536W	43	9	22	31	45	46	8	41	25	53	15	27	15	18	24	46	40	31	10	20	0.523915007228517
sp|P87261|YD537_YEAST	4932.YDR537C	17	4	9	9	8	9	2	13	13	21	6	4	9	3	7	26	15	21	3	2	0.508780958059282
sp|Q03036|IRC4_YEAST	4932.YDR540C	10	0	5	22	5	8	1	11	23	12	2	9	6	6	11	9	10	9	8	12	0.665901184001378
sp|Q03050|PAU10_YEAST	4932.YDR542W	19	0	4	5	3	6	2	8	3	8	4	3	5	4	4	9	13	12	1	7	3.1273178840514
sp|Q03057|YD544_YEAST	4932.YDR544C	1	2	2	1	1	0	14	9	2	18	2	2	24	6	6	15	29	3	0	5	1.53249512098331
sp|Q8TGK5|YB13A_YEAST	4932.YDR545C-A	8	4	5	2	17	2	6	11	5	22	3	5	10	12	9	16	5	12	1	5	0.0592968375701895
sp|Q8TGK5|YB13A_YEAST	4932.YOR396C-A	8	4	5	2	17	2	6	11	5	22	3	5	10	12	9	16	5	12	1	5	0.0592968375701895
sp|Q8TGK5|YB13A_YEAST	4932.YPR204C-A	8	4	5	2	17	2	6	11	5	22	3	5	10	12	9	16	5	12	1	5	0.0592968375701895
sp|P40004|YEA4_YEAST	4932.YEL004W	11	9	8	9	32	18	7	30	22	46	4	19	9	11	12	29	24	22	4	16	0.175390917163834
sp|P40003|VAB2_YEAST	4932.YEL005C	19	5	16	21	7	8	7	21	27	35	2	22	12	10	5	32	13	11	1	8	0.284677739676551
sp|P39953|YEA6_YEAST	4932.YEL006W	30	2	10	8	19	22	6	19	22	35	9	17	14	15	12	26	30	21	1	17	1.32378664206722
sp|P40001|YEA8_YEAST	4932.YEL008W	6	5	2	4	4	13	4	11	6	8	8	7	5	2	5	10	3	14	5	4	0.663687996216276
sp|P39999|YEB4_YEAST	4932.YEL014C	3	3	3	3	11	2	4	13	2	10	4	4	8	2	7	8	2	3	1	8	18.8316738004079
sp|P39997|NPP2_YEAST	4932.YEL016C	19	5	36	30	28	27	15	40	30	44	19	33	29	15	20	27	18	25	10	23	6.07291646306243
sp|P39992|YEC3_YEAST	4932.YEL023C	23	13	46	45	38	46	17	37	47	66	17	39	29	23	36	64	32	25	12	27	0.911451388235107
sp|P39989|YEC8_YEAST	4932.YEL028W	11	1	6	4	11	7	6	8	7	16	4	12	5	4	6	9	19	8	0	9	1.11933749139772
sp|Q8TGR5|YE030_YEAST	4932.YEL030C-A	9	2	4	4	4	5	1	11	6	13	3	2	6	0	6	10	9	8	1	0	0.539102807815953
sp|P32633|MTC7_YEAST	4932.YEL033W	8	5	1	5	18	6	4	11	15	14	3	6	9	6	5	9	5	5	0	4	10.2305583397603
sp|P32622|YEF1_YEAST	4932.YEL041W	23	10	35	33	23	23	9	36	31	42	11	27	20	11	27	45	34	37	5	13	1.93790059615531
sp|P32616|YEF5_YEAST	4932.YEL045C	12	10	0	0	17	3	6	6	5	17	2	2	6	2	10	15	8	8	3	9	0.754409779464058
sp|P32613|TCA17_YEAST	4932.YEL048C	5	2	9	16	9	5	1	15	12	19	3	7	5	4	4	16	3	12	1	4	11.5731020354983
sp|P53343|PAU12_YEAST	4932.YEL049W	19	0	5	5	3	6	2	9	3	8	3	3	5	4	4	10	13	10	1	7	0.137073998164591
sp|P53343|PAU12_YEAST	4932.YGR294W	19	0	5	5	3	6	2	9	3	8	3	3	5	4	4	10	13	10	1	7	0.137073998164591
sp|P39983|YEG7_YEAST	4932.YEL057C	11	3	12	12	17	7	5	20	24	23	4	17	5	9	15	17	13	11	1	7	0.413689531091957
sp|Q05676|SOM1_YEAST	4932.YEL059C-A	7	4	4	5	3	1	1	2	4	6	1	3	5	4	4	4	9	3	1	3	0.700165904727556
sp|P39982|HHY1_YEAST	4932.YEL059W	7	7	2	3	9	3	4	5	2	15	1	0	4	1	4	18	4	8	3	2	1.13548243965561
sp|P27895|CIN8_YEAST	4932.YEL061C	40	9	53	72	31	36	19	71	95	91	33	109	19	52	34	101	69	43	1	22	0.555327773641502
sp|P04817|CAN1_YEAST	4932.YEL063C	50	5	19	28	50	49	8	57	29	46	13	20	25	12	22	41	38	41	16	21	167.339428807502
sp|P39981|AVT2_YEAST	4932.YEL064C	24	11	19	15	34	35	11	50	24	53	19	28	13	10	17	37	37	29	4	10	0.138039303795949
sp|P39980|SIT1_YEAST	4932.YEL065W	47	11	19	28	45	42	14	69	29	64	15	20	24	11	22	47	38	42	15	26	14.272413526776
sp|P39978|YEH7_YEAST	4932.YEL067C	8	8	7	1	16	11	5	15	5	14	3	6	13	12	13	21	18	14	1	4	1.05527212230598
sp|P39977|YEH8_YEAST	4932.YEL068C	7	4	12	4	5	3	4	6	6	8	1	7	6	2	7	4	9	6	4	5	2.03873008123381
sp|P39975|RMD6_YEAST	4932.YEL072W	5	3	13	15	13	12	10	16	23	24	6	12	9	5	7	15	13	16	0	14	0.97307891909565
sp|P39974|YEI3_YEAST	4932.YEL073C	10	0	4	7	4	4	2	4	1	8	5	10	6	0	2	8	10	12	3	7	24.3876750807086
sp|P39973|YEI4_YEAST	4932.YEL074W	4	2	4	4	7	0	6	5	14	10	2	6	10	1	4	10	13	4	0	6	0.866144925911096
sp|P89888|YE075_YEAST	4932.YEL075W-A	9	6	3	5	14	12	9	16	12	15	3	4	13	7	19	25	10	17	0	4	0.620621123845368
sp|P89888|YE075_YEAST	4932.YLR463C	9	6	3	5	14	12	9	16	12	15	3	4	13	7	19	25	10	17	0	4	0.473693770209034
sp|P0C5B8|YH050_YEAST	4932.YEL077W-A	8	4	5	2	16	2	6	9	6	24	3	5	10	12	9	15	5	13	1	5	0.0592968375701895
sp|P40009|YND1_YEAST	4932.YER005W	33	11	49	33	45	42	17	40	35	57	13	36	26	24	35	57	27	21	11	18	0.523533912038575
sp|P24384|PRP22_YEAST	4932.YER013W	56	12	69	84	38	60	22	98	93	91	31	58	48	59	62	91	58	72	5	38	2.87340326036114
sp|P39943|MIG3_YEAST	4932.YER028C	19	6	19	12	14	20	14	21	21	21	6	24	31	14	30	65	28	22	0	7	3.32894866029038
sp|P40020|FIR1_YEAST	4932.YER032W	19	11	50	63	27	21	32	54	67	61	11	73	75	38	45	123	52	39	1	14	0.0690241354318717
sp|P40023|EDC2_YEAST	4932.YER035W	14	1	7	7	5	6	7	5	22	4	3	3	13	5	8	12	14	7	0	2	38.5859070994016
sp|P40025|PHM8_YEAST	4932.YER037W	11	3	26	25	17	11	7	28	29	34	6	18	12	19	11	22	10	13	4	15	0.329536929294124
sp|P40026|KRE29_YEAST	4932.YER038C	10	9	39	34	37	14	8	36	41	44	7	33	18	12	16	45	21	23	1	16	0.0954893955685805
sp|P40028|YEN1_YEAST	4932.YER041W	21	9	55	49	41	34	17	50	58	71	13	39	39	31	44	84	32	38	8	26	1.52794989979886
sp|P40034|JHD1_YEAST	4932.YER051W	22	9	36	32	19	23	14	33	46	42	10	37	23	15	17	31	22	32	7	22	3.70574410744236
sp|Q02771|PT117_YEAST	4932.YER058W	7	1	3	14	2	5	3	3	14	6	4	2	3	4	8	7	8	10	0	3	0.819141361585614
sp|P40039|FCY21_YEAST	4932.YER060W	58	8	17	22	37	46	7	43	15	47	14	24	19	9	15	34	30	41	14	28	2.05572814706839
sp|Q12119|FCY22_YEAST	4932.YER060W-A	62	9	18	21	35	54	5	42	16	49	15	27	17	7	13	37	23	41	14	25	4.926364277662
sp|P87263|YE066_YEAST	4932.YER066C-A	8	6	3	6	14	4	7	20	9	20	3	12	8	7	10	5	7	6	3	8	0.242426466215856
sp|P40042|RRT13_YEAST	4932.YER066W	12	5	15	7	6	11	6	12	7	24	3	12	1	1	11	19	12	11	3	7	0.111255301247037
sp|P40045|TDA2_YEAST	4932.YER071C	3	1	8	13	2	4	2	11	13	18	2	13	2	2	2	14	6	3	2	5	1.03607353394794
sp|P40049|YEQ6_YEAST	4932.YER076C	26	9	16	15	14	19	6	15	7	17	5	21	7	14	10	30	27	22	9	13	0.750228348440784
sp|P40057|YER4_YEAST	4932.YER084W	7	3	3	2	10	2	4	2	8	14	3	3	19	1	7	18	10	7	1	4	21.2060372424094
sp|P40058|YER5_YEAST	4932.YER085C	6	3	3	17	8	7	3	16	13	16	2	14	5	7	21	9	4	14	0	5	1.46840606992757
sp|Q8TGR4|YE088_YEAST	4932.YER088W-B	2	4	2	2	2	10	2	1	2	0	1	1	4	2	6	3	1	1	1	1	2.06986697426027
sp|P0C5M8|YE090_YEAST	4932.YER090C-A	2	0	0	2	2	1	3	0	3	5	1	3	1	1	1	2	0	1	0	1	83.6868089066671
sp|P87275|AIM11_YEAST	4932.YER093C-A	13	1	4	10	10	3	0	8	11	14	6	4	4	7	9	13	11	4	1	4	2.68621254362382
sp|P39000|SHC1_YEAST	4932.YER096W	42	6	31	36	20	29	13	28	35	43	11	27	20	11	19	68	20	26	3	24	5.92440243710084
sp|P40062|YES7_YEAST	4932.YER097W	4	2	3	4	9	3	4	6	13	17	3	5	6	0	8	11	4	4	0	3	2.51826923416005
sp|P39967|UBP9_YEAST	4932.YER098W	26	16	50	53	31	33	22	36	66	57	14	68	25	35	36	71	55	32	3	25	1.97538684467176
sp|P40063|RT105_YEAST	4932.YER104W	9	2	14	23	6	6	6	6	10	16	10	16	7	13	19	23	10	5	2	5	0.351982038827874
sp|P40065|MAM1_YEAST	4932.YER106W	10	6	17	30	10	4	9	22	40	28	3	28	10	11	16	24	13	8	3	10	0.805661815103723
sp|P40068|FLO8_YEAST	4932.YER109C	55	4	33	31	23	44	8	31	50	38	16	98	64	52	30	92	66	41	6	17	5.09560344131304
sp|Q01684|SPR6_YEAST	4932.YER115C	11	9	8	5	8	11	6	10	15	19	3	10	10	11	12	20	8	7	2	6	3.53507663397707
sp|P40077|DSE1_YEAST	4932.YER124C	15	15	44	20	24	33	11	47	46	58	14	46	21	23	9	61	36	27	7	16	1.76919628228988
sp|P40080|VFA1_YEAST	4932.YER128W	10	3	12	17	4	4	2	8	23	18	4	11	11	11	9	16	17	11	3	9	48.4893711074424
sp|P39959|YEW0_YEAST	4932.YER130C	11	7	30	34	25	13	10	25	30	36	6	48	19	16	23	61	23	19	0	7	0.781355422553736
sp|P40082|YEW5_YEAST	4932.YER135C	3	4	2	6	6	3	4	12	12	16	3	10	4	4	5	11	7	7	4	7	1.00941117823047
sp|P40083|YEW7_YEAST	4932.YER137C	8	4	7	12	2	7	5	11	22	14	6	6	2	6	4	13	9	8	0	2	6.32513134360308
sp|P40085|TAPT1_YEAST	4932.YER140W	25	5	22	29	27	14	12	43	43	73	18	20	17	17	39	57	30	34	7	24	2.80028385248823
sp|P39944|UBP5_YEAST	4932.YER144C	31	20	41	37	44	30	20	52	46	84	15	49	52	51	42	70	46	40	6	29	0.963301099658968
sp|P40092|SPI1_YEAST	4932.YER150W	21	3	3	7	4	6	1	6	2	12	4	9	11	1	1	19	24	11	0	3	24.5899883624606
sp|P26364|KAD3_YEAST	4932.YER170W	12	0	14	14	5	15	3	14	18	34	2	6	13	9	13	17	17	9	2	8	7.19918309459626
sp|P32641|RAD24_YEAST	4932.YER173W	19	11	44	48	27	28	13	47	49	65	16	53	28	24	35	69	28	27	7	21	2.00384478038297
sp|P32645|ISC10_YEAST	4932.YER180C	10	2	25	27	14	5	6	22	18	23	2	17	12	9	18	22	12	7	1	15	0.908858952092077
sp|Q3E784|SLO1_YEAST	4932.YER180C-A	2	1	4	11	0	5	0	2	7	11	4	7	2	6	4	7	6	3	1	2	0.340209582714565
sp|P39961|YE14_YEAST	4932.YER184C	37	31	40	49	46	40	11	60	59	86	19	44	21	30	35	73	39	29	12	33	2.06952423155266
sp|P40100|PUG1_YEAST	4932.YER185W	23	4	9	10	32	19	3	32	12	29	8	9	8	8	12	26	19	28	1	11	4.9902814892293
sp|P40101|YE16_YEAST	4932.YER186C	8	9	21	24	27	14	5	20	30	23	8	11	15	5	15	20	15	20	5	11	0.894472556102945
sp|P40103|YE18_YEAST	4932.YER188W	15	9	16	13	14	19	8	9	6	10	9	15	12	9	9	15	15	13	6	17	1.92811147503859
sp|P40965|MSH4_YEAST	4932.YFL003C	51	17	47	62	31	26	15	80	71	101	25	60	20	27	37	88	54	40	4	22	1.67492932067773
sp|Q03186|YFL12_YEAST	4932.YFL012W-A	4	3	2	3	6	2	4	12	7	28	1	3	7	3	7	10	3	10	2	7	0.633180907790476
sp|Q03187|YF013_YEAST	4932.YFL013W-A	12	7	6	5	27	12	1	12	6	35	10	14	12	0	11	59	12	23	2	1	1.08619845770747
sp|P43578|YFB5_YEAST	4932.YFL015C	8	5	0	6	21	7	5	7	5	18	3	5	14	6	12	14	10	7	4	7	0.403875594455969
sp|P40204|RUXG_YEAST	4932.YFL017W-A	5	0	6	4	1	6	1	9	5	10	3	7	2	2	3	4	2	5	0	2	47.0093858130238
sp|P43575|PAU5_YEAST	4932.YFL020C	21	0	5	6	3	7	2	9	2	8	2	3	5	3	4	11	12	11	1	7	2.00857967380434
sp|P43575|PAU5_YEAST	4932.YKL224C	21	0	5	6	3	7	2	9	2	8	2	3	5	3	4	11	12	11	1	7	0.662459129175667
sp|P43571|BST1_YEAST	4932.YFL025C	52	9	47	51	67	41	24	87	51	135	25	66	46	32	38	90	53	57	15	43	0.0657422532594926
sp|P43570|GYP8_YEAST	4932.YFL027C	23	6	27	31	23	21	15	38	39	72	12	27	11	18	26	39	22	21	5	21	0.631079169015685
sp|Q8TGU3|YF030_YEAST	4932.YFL031C-A	4	0	0	1	2	0	0	0	3	5	2	3	1	2	3	3	2	2	0	0	9.25152033302397
sp|P43562|YFE0_YEAST	4932.YFL040W	18	12	14	24	36	47	7	66	32	66	21	20	24	13	14	40	33	25	13	15	0.684918895458921
sp|Q3E817|YF041_YEAST	4932.YFL041W-A	1	1	8	2	3	2	0	4	7	9	3	1	1	1	5	5	2	3	1	4	3.0173493567507
sp|P43557|FMP32_YEAST	4932.YFL046W	9	2	13	17	9	9	7	14	16	24	6	10	2	13	14	11	15	12	1	3	0.52449237450981
sp|P43553|ALR2_YEAST	4932.YFL050C	56	10	50	59	36	40	21	39	44	66	22	53	30	31	57	104	57	46	7	30	1.64380809651578
sp|P43551|YFF2_YEAST	4932.YFL052W	23	22	32	25	22	16	8	24	31	56	8	16	20	16	24	38	28	30	7	19	1.68405192127513
sp|P43550|DAK2_YEAST	4932.YFL053W	73	2	33	38	13	66	12	32	41	55	12	18	25	11	18	41	32	44	3	22	0.486786256070088
sp|P43549|YFF4_YEAST	4932.YFL054C	48	4	29	36	26	64	11	36	36	46	16	38	35	16	33	65	41	33	13	20	1.28862239353291
sp|P43548|AGP3_YEAST	4932.YFL055W	56	5	20	21	35	49	9	50	19	59	6	22	24	8	22	42	25	47	12	27	0.389228381059487
sp|P43547|AAD6_YEAST	4932.YFL056C	14	3	12	11	6	15	4	16	11	24	7	8	6	7	12	20	9	13	7	7	0.759556159869668
sp|P43546|AAD16_YEAST	4932.YFL057C	18	0	6	13	8	12	3	13	13	9	5	4	6	5	7	11	7	9	1	2	0.933403262340462
sp|P53823|SNO2_YEAST	4932.YFL060C	16	5	12	15	13	11	7	16	17	19	4	13	7	10	9	11	10	19	2	6	1.82302499904581
sp|P53823|SNO2_YEAST	4932.YNL334C	16	5	12	15	13	11	7	16	17	19	4	13	7	10	9	11	10	19	2	6	3.15649652374118
sp|P43537|YFG7_YEAST	4932.YFL067W	16	0	8	2	2	32	0	21	0	7	2	2	6	0	10	38	16	13	0	0	2.31012135182516
sp|P43591|YFH7_YEAST	4932.YFR007W	20	7	27	19	14	14	12	26	26	35	4	25	13	13	16	23	20	28	1	10	0.657262066385102
sp|P43592|FAR7_YEAST	4932.YFR008W	8	0	11	20	4	5	6	12	16	32	9	17	4	26	10	15	10	9	0	7	1.05160832049637
sp|P0C5M9|YF009_YEAST	4932.YFR009W-A	0	4	1	2	3	0	3	3	8	12	5	11	4	2	2	7	10	3	3	2	1.25133454892636
sp|P43595|DCV1_YEAST	4932.YFR012W	10	8	4	2	15	11	5	20	5	34	3	7	8	4	8	24	15	10	4	5	0.297729430537574
sp|P43600|YFJ0_YEAST	4932.YFR020W	14	6	19	9	16	20	6	12	6	15	10	15	8	6	6	20	20	11	5	8	0.473546000208417
sp|P43602|ROG3_YEAST	4932.YFR022W	29	12	31	36	24	40	8	43	38	73	10	49	58	23	35	124	33	44	3	20	0.158318899446759
sp|P39684|PES4_YEAST	4932.YFR023W	18	5	29	41	41	25	15	41	65	48	9	51	21	15	31	65	34	28	3	26	2.31656315294801
sp|P43604|ULI1_YEAST	4932.YFR026C	9	6	6	9	5	11	2	9	9	17	3	19	10	6	5	14	10	8	2	9	2.24538592534846
sp|P43605|ECO1_YEAST	4932.YFR027W	12	3	9	15	2	19	8	24	25	17	6	19	11	8	20	29	16	20	6	12	4.42707818616538
sp|P43606|PTR3_YEAST	4932.YFR029W	32	18	39	38	27	27	18	54	43	56	10	42	34	29	34	71	57	26	4	19	0.0925662232473614
sp|P43607|RRT5_YEAST	4932.YFR032C	29	3	19	15	9	6	5	17	20	20	1	16	27	15	12	18	29	19	1	8	0.319614886840516
sp|P43623|METC_YEAST	4932.YFR055W	25	4	21	20	11	36	9	18	21	44	9	9	14	6	13	24	22	19	6	9	3.87803740872855
sp|P53198|ERP6_YEAST	4932.YGL002W	7	3	12	17	14	11	4	12	15	24	6	8	3	9	12	19	7	19	4	10	0.335685300265431
sp|P53197|CDH1_YEAST	4932.YGL003C	31	6	34	25	17	32	17	26	29	49	11	32	29	17	36	75	39	37	9	15	0.409410116397635
sp|P53194|BRP1_YEAST	4932.YGL007W	10	2	4	5	6	8	2	7	7	7	8	3	8	4	10	15	3	13	1	2	0.691521205081305
sp|P25338|YGB0_YEAST	4932.YGL010W	6	2	5	6	16	11	7	12	8	35	5	5	6	8	9	9	6	11	1	6	5.34795483144352
sp|P53190|YGC4_YEAST	4932.YGL024W	6	5	0	3	5	3	1	16	4	17	2	5	3	0	5	14	5	13	0	4	0.583670013867042
sp|P53188|CGR1_YEAST	4932.YGL029W	11	0	2	18	1	3	1	1	27	9	4	4	2	4	15	4	5	6	2	1	110.40868028696
sp|P32781|AGA2_YEAST	4932.YGL032C	4	3	0	4	5	4	1	6	3	7	2	3	5	5	1	13	11	6	0	4	1.2804407710505
sp|P53175|YGF2_YEAST	4932.YGL052W	4	3	3	3	1	3	7	5	8	10	4	4	4	7	9	7	6	5	1	7	0.498672090980653
sp|Q8TGP0|YG063_YEAST	4932.YGL063C-A	3	1	0	0	1	5	0	2	2	6	2	4	4	1	5	7	1	2	0	3	3.85687653484509
sp|P53162|YGG9_YEAST	4932.YGL069C	14	6	4	10	7	10	0	13	4	16	5	6	9	1	4	17	9	18	0	1	9.81860429204136
sp|P53161|YGH2_YEAST	4932.YGL072C	5	4	3	2	10	10	4	9	2	16	2	1	2	3	8	11	6	14	1	6	0.452999025649051
sp|P53160|YGH4_YEAST	4932.YGL074C	8	5	2	1	11	6	1	6	7	16	3	1	4	2	2	16	5	12	0	0	1.42673664772499
sp|P53159|MPS2_YEAST	4932.YGL075C	19	2	23	29	24	17	5	33	30	34	2	25	13	20	24	35	19	18	5	10	21.3036269521609
sp|P53158|KXD1_YEAST	4932.YGL079W	10	1	23	21	10	5	3	15	11	16	4	15	7	10	8	34	12	9	0	4	1.67663247628035
sp|P53156|YGI1_YEAST	4932.YGL081W	10	9	22	35	15	16	8	32	23	25	2	17	9	8	17	26	28	12	2	4	0.406305248970743
sp|P53153|LCL3_YEAST	4932.YGL085W	11	2	15	11	15	22	5	17	27	22	5	16	12	8	22	15	13	14	10	12	0.619020650195318
sp|P53147|TOS8_YEAST	4932.YGL096W	10	0	1	16	11	15	8	21	16	15	5	31	24	15	18	27	15	17	2	9	1.56362769191148
sp|P53142|VPS73_YEAST	4932.YGL104C	22	11	12	13	27	35	8	62	19	55	14	22	19	18	20	45	25	33	10	16	4.9048991949062
sp|P53139|YGK8_YEAST	4932.YGL108C	10	1	5	15	1	5	3	2	27	8	4	5	6	7	10	9	14	6	0	2	12.9526163765845
sp|P53138|YGK9_YEAST	4932.YGL109W	8	5	2	5	5	2	4	4	6	12	2	2	8	7	8	13	5	1	1	7	0.0231096589340431
sp|P53135|SLD3_YEAST	4932.YGL113W	24	7	36	47	22	16	11	38	73	73	8	43	33	20	47	67	44	32	6	21	2.07017291998679
sp|P26309|CDC20_YEAST	4932.YGL116W	36	10	34	28	14	41	14	43	39	46	11	34	27	24	34	76	45	27	11	16	8.67529637303126
sp|P53132|YGL8_YEAST	4932.YGL118C	5	3	2	8	8	8	6	9	12	17	9	6	7	4	5	8	9	9	3	7	0.856458657891884
sp|Q8TGP1|YG123_YEAST	4932.YGL123C-A	1	4	0	1	5	5	1	3	6	11	4	3	10	0	2	9	5	5	1	0	2.20766073060489
sp|P53126|YGN2_YEAST	4932.YGL132W	5	3	3	4	3	6	0	11	9	12	1	4	7	5	1	17	6	6	4	4	0.82060140727262
sp|P53124|PCL10_YEAST	4932.YGL134W	16	10	32	37	22	21	10	23	29	50	8	28	14	14	15	46	29	20	1	8	1.42576874844684
sp|P53122|YGN8_YEAST	4932.YGL138C	9	5	14	20	27	10	8	27	34	25	6	30	17	19	14	26	18	15	5	16	0.129788679462724
sp|P53116|YGO9_YEAST	4932.YGL149W	5	3	1	1	18	1	4	4	2	22	1	1	8	1	3	13	5	5	1	2	2.87276488465912
sp|P53113|YGP2_YEAST	4932.YGL152C	15	11	5	6	17	7	2	21	3	34	8	8	7	1	6	46	13	12	1	2	1.57553963460585
sp|P50113|LYS5_YEAST	4932.YGL154C	12	8	15	20	23	16	2	20	15	29	6	14	10	8	8	23	17	16	3	7	0.795244057061137
sp|P38622|RCK1_YEAST	4932.YGL158W	28	12	37	37	28	29	12	32	37	41	8	34	16	13	20	50	25	26	6	21	1.94408355131504
sp|P53109|AIM14_YEAST	4932.YGL160W	21	8	19	31	37	22	16	57	33	71	6	43	28	8	26	53	32	22	6	31	0.52630957172021
sp|P53032|SUT1_YEAST	4932.YGL162W	15	8	21	8	7	10	4	27	26	28	5	14	23	5	18	33	28	10	1	8	2.34265541452262
sp|P32863|RAD54_YEAST	4932.YGL163C	53	17	58	53	28	51	21	57	73	90	19	55	44	38	61	60	46	43	7	24	2.41965028804863
sp|P53106|YGR5_YEAST	4932.YGL165C	9	8	7	8	11	8	2	11	4	21	8	7	11	4	12	23	8	15	3	12	1.15207354792349
sp|P46946|COM1_YEAST	4932.YGL175C	12	5	23	33	16	11	6	16	31	34	3	28	18	16	22	28	14	17	2	10	0.551573832358493
sp|P46945|YGS6_YEAST	4932.YGL176C	21	9	25	34	34	28	14	38	39	50	12	38	23	19	26	52	38	27	0	27	0.179868143538617
sp|P39016|MPT5_YEAST	4932.YGL178W	48	10	33	25	48	30	25	61	41	77	22	111	44	51	20	105	48	38	1	21	20.2566759391074
sp|P43637|TOS3_YEAST	4932.YGL179C	32	10	23	38	20	28	11	30	36	61	10	31	28	18	25	72	30	34	2	21	2.90362886560811
sp|P53103|YGT2_YEAST	4932.YGL182C	6	2	2	1	6	4	2	10	11	14	2	9	5	4	4	14	3	1	1	6	4.78344210093838
sp|P53102|MND1_YEAST	4932.YGL183C	5	4	10	22	10	7	1	23	37	17	3	10	5	16	9	10	11	9	2	8	2.04580943338563
sp|P41833|IME4_YEAST	4932.YGL192W	23	13	33	34	21	31	19	44	45	61	9	39	22	41	26	44	30	27	12	26	3.18032535024731
sp|P53097|YGU3_YEAST	4932.YGL193C	5	5	3	2	6	1	2	6	5	12	4	4	11	1	7	10	7	3	0	9	0.316310436178075
sp|Q2V2P6|YG194_YEAST	4932.YGL194C-A	2	2	3	4	2	2	0	10	5	12	3	5	2	2	4	5	3	5	5	4	1.18925486858468
sp|P53092|YGU9_YEAST	4932.YGL199C	12	7	5	10	3	8	1	8	5	17	7	8	10	2	7	24	10	7	1	4	3.17421283118393
sp|P53089|YGV4_YEAST	4932.YGL204C	10	1	1	1	7	5	1	7	6	18	4	3	2	2	5	8	8	6	2	4	1.0722647822586
sp|P53035|MIG2_YEAST	4932.YGL209W	26	4	10	19	14	14	20	19	22	19	8	21	34	25	21	55	24	22	0	5	13.7730428102729
sp|P35190|CLG1_YEAST	4932.YGL215W	22	0	16	11	29	18	11	27	15	32	13	48	38	36	10	49	22	20	4	31	3.12880449162938
sp|P53086|KIP3_YEAST	4932.YGL216W	45	11	44	60	25	26	17	58	48	79	22	54	31	34	53	78	57	44	3	16	18.9334604026156
sp|P53084|YGW8_YEAST	4932.YGL218W	6	7	9	6	16	9	1	19	13	30	11	12	7	3	10	27	11	17	2	0	0.368568209182694
sp|P53083|MDM34_YEAST	4932.YGL219C	10	6	25	22	22	13	7	38	36	41	10	29	30	23	21	60	33	21	3	9	0.33403886748329
sp|P53080|EDC1_YEAST	4932.YGL222C	9	1	4	2	5	11	4	5	19	14	3	27	16	10	9	20	13	0	0	3	26.3505787959753
sp|P53077|MTC3_YEAST	4932.YGL226W	6	1	4	10	5	10	1	6	8	12	4	6	6	4	11	4	7	7	5	6	1.01990993933868
sp|P53074|YGY0_YEAST	4932.YGL230C	7	5	6	9	8	4	2	12	13	16	5	9	5	6	5	8	11	5	2	9	2.77341904923276
sp|P53071|YGY5_YEAST	4932.YGL235W	14	8	6	6	5	9	5	8	7	22	6	5	16	1	8	17	12	16	4	3	0.595905570391081
sp|P53069|YGY9_YEAST	4932.YGL239C	7	4	4	3	9	2	1	4	8	17	1	10	5	2	2	13	4	8	0	0	3.18690062310436
sp|P53065|TAD1_YEAST	4932.YGL243W	16	11	26	28	17	18	7	32	32	42	6	27	18	12	27	33	15	18	4	11	1.18347916829045
sp|P53062|BRR6_YEAST	4932.YGL247W	14	4	6	16	13	8	4	20	9	19	4	12	6	6	15	16	6	10	4	5	8.16677098623808
sp|P53061|ZIP2_YEAST	4932.YGL249W	21	13	39	59	37	21	13	54	76	69	15	48	16	32	29	57	31	36	12	26	0.0860030077040476
sp|P53060|RMR1_YEAST	4932.YGL250W	10	1	25	30	12	6	5	13	12	23	6	15	8	6	10	18	17	17	0	7	5.90794661200476
sp|Q08910|YO387_YEAST	4932.YGL258W	22	6	9	6	16	13	2	10	3	15	3	17	10	8	3	14	24	16	2	7	1.05823138377338
sp|Q3E740|YG258_YEAST	4932.YGL258W-A	5	1	3	4	4	5	2	7	6	7	2	4	2	3	3	7	3	5	1	3	7.93555239932339
sp|P53057|YPS5_YEAST	4932.YGL259W	7	2	8	5	5	9	1	12	5	18	7	8	5	6	4	22	20	13	0	8	1.17305391947263
sp|P53057|YPS5_YEAST	4932.YIR039C	7	2	8	5	5	9	1	12	5	18	7	8	5	6	4	22	20	13	0	8	0.113934456764119
sp|P53056|YGZE_YEAST	4932.YGL260W	3	5	2	4	6	1	2	5	3	8	3	4	5	0	6	5	2	7	2	3	3.11066630599748
sp|P53056|YGZE_YEAST	4932.YIR040C	3	5	2	4	6	1	2	5	3	8	3	4	5	0	6	5	2	7	2	3	0.22531077348705
sp|Q3E770|PAU9_YEAST	4932.YGL261C	19	0	5	5	3	6	2	8	3	8	4	3	5	4	4	9	13	11	1	7	0.137073998164591
sp|Q3E770|PAU9_YEAST	4932.YJL223C	19	0	5	5	3	6	2	8	3	8	4	3	5	4	4	9	13	11	1	7	0.137073998164591
sp|P53054|YGZG_YEAST	4932.YGL262W	6	2	12	7	4	11	2	9	13	16	7	16	6	4	5	11	10	17	7	10	0.579423341873249
sp|P53203|PEX31_YEAST	4932.YGR004W	22	2	22	23	21	17	8	31	25	48	11	25	19	8	30	48	38	35	12	17	0.904513188567279
sp|P53205|YG16_YEAST	4932.YGR011W	1	5	1	4	12	3	1	11	8	10	4	5	4	4	4	14	10	5	1	1	1.38939701598952
sp|P53208|YG19_YEAST	4932.YGR015C	13	5	19	15	19	14	11	26	22	43	8	23	17	11	17	25	11	13	2	14	1.3188130609625
sp|P53209|YG1A_YEAST	4932.YGR016W	9	4	10	10	8	5	3	19	14	32	4	12	2	4	11	13	6	12	3	9	0.303090643835468
sp|P53212|YG1D_YEAST	4932.YGR021W	24	2	17	24	8	20	3	17	24	24	9	24	8	6	11	22	20	20	1	6	19.7278700359015
sp|P53213|YG1E_YEAST	4932.YGR022C	9	2	9	15	2	6	1	4	3	16	3	4	1	1	4	10	4	15	0	0	0.475712363341301
sp|Q8TGN9|NAG1_YEAST	4932.YGR031C-A	13	6	5	3	10	8	2	15	2	14	5	6	9	2	13	28	12	8	0	2	0.202123972076573
sp|P53222|YG1O_YEAST	4932.YGR035C	8	1	5	6	2	1	2	7	9	6	3	10	3	3	11	22	12	4	0	1	1.00983140917732
sp|P53226|BUD9_YEAST	4932.YGR041W	26	4	31	32	26	36	13	39	26	34	14	35	34	22	32	69	33	24	3	14	0.724471377132135
sp|P53227|YG1T_YEAST	4932.YGR042W	14	1	12	18	8	11	8	23	26	20	3	23	10	13	18	20	17	17	1	8	2.41432909488872
sp|P53229|YG1V_YEAST	4932.YGR045C	5	4	2	5	11	5	2	11	9	12	2	5	3	2	5	15	8	8	0	6	0.89561758805476
sp|P53230|TAM41_YEAST	4932.YGR046W	17	2	16	18	23	26	9	26	37	35	8	27	13	16	17	31	21	18	3	22	2.62440098452279
sp|P53231|YG1X_YEAST	4932.YGR050C	5	1	5	3	9	8	3	6	9	13	2	4	7	6	7	10	6	7	0	7	1.51272327710386
sp|P53233|FMP48_YEAST	4932.YGR052W	17	11	29	16	21	12	9	26	30	28	10	21	14	16	11	37	17	16	7	21	0.297964998168003
sp|P53234|YG21_YEAST	4932.YGR053C	13	7	12	21	10	14	8	23	30	24	7	19	8	7	14	24	13	19	2	8	0.930104902954007
sp|P53237|LST7_YEAST	4932.YGR057C	7	5	13	17	18	11	7	19	15	24	8	18	7	4	13	22	13	10	2	9	0.96674949164997
sp|P53238|PEF1_YEAST	4932.YGR058W	27	2	17	19	18	13	11	16	24	26	4	22	20	22	20	20	20	19	2	13	1.48800324343786
sp|P41901|SPR3_YEAST	4932.YGR059W	15	10	34	46	27	20	8	39	51	42	10	37	15	23	29	33	27	27	5	14	1.25127336824295
sp|P53239|COX18_YEAST	4932.YGR062C	18	2	2	8	15	11	2	20	15	47	10	15	17	18	21	37	22	23	7	6	2.26274327796219
sp|P53241|VHT1_YEAST	4932.YGR065C	44	13	26	25	42	25	10	39	39	54	11	28	25	11	27	47	32	34	23	38	41.9763002787629
sp|P53242|YG29_YEAST	4932.YGR066C	11	6	18	25	16	17	10	9	15	31	5	17	11	8	14	21	19	14	4	21	0.310502758875736
sp|P53245|YG2C_YEAST	4932.YGR069W	1	4	5	3	20	2	5	6	6	15	1	5	6	2	5	6	5	6	0	8	0.444327205119955
sp|P53046|ROM1_YEAST	4932.YGR070W	47	22	57	57	62	48	38	81	98	123	22	72	48	52	48	123	55	59	4	39	1.72518798295351
sp|P53247|YG2E_YEAST	4932.YGR073C	5	7	2	1	15	4	0	10	6	15	7	4	6	1	5	13	7	9	0	6	0.735759901230671
sp|Q00723|PRP38_YEAST	4932.YGR075C	6	4	15	17	10	12	7	18	17	28	7	24	5	12	5	22	5	13	3	12	20.6075924754812
sp|P53248|PEX8_YEAST	4932.YGR077C	24	7	25	25	28	12	19	47	30	90	11	38	17	27	20	52	35	45	12	25	0.40297712968342
sp|P53249|YG2G_YEAST	4932.YGR079W	23	7	30	21	19	16	7	19	25	30	5	23	14	9	17	56	26	13	2	8	1.7676119948169
sp|P53257|TPC1_YEAST	4932.YGR096W	23	1	5	15	17	26	7	25	18	30	11	10	9	8	19	30	25	16	5	14	0.147905620406535
sp|Q03018|ESP1_YEAST	4932.YGR098C	59	30	80	93	87	46	41	137	134	232	45	119	49	45	52	166	78	66	15	56	0.228866705353752
sp|P53259|PCP1_YEAST	4932.YGR101W	28	3	3	6	27	30	6	18	15	41	11	15	16	15	18	36	13	19	11	15	1.24871179020974
sp|P53260|GATF_YEAST	4932.YGR102C	11	2	5	16	4	15	7	8	21	21	3	9	5	7	10	11	9	10	3	6	10.0915705356433
sp|P53263|YG2U_YEAST	4932.YGR107W	12	4	2	2	15	2	2	6	9	17	1	10	9	5	12	11	11	9	2	8	0.839616064155701
sp|P32943|CGS6_YEAST	4932.YGR109C	16	11	22	26	18	8	12	33	37	38	11	24	18	10	15	30	18	16	4	13	3.99525433162592
sp|P53264|CLD1_YEAST	4932.YGR110W	18	5	25	24	29	23	12	28	35	46	5	24	29	12	32	36	16	17	11	18	0.419234366395778
sp|Q3E816|YG121_YEAST	4932.YGR121W-A	3	3	2	2	4	7	1	4	6	6	2	4	2	1	4	7	1	6	1	5	0.99517726041806
sp|P53279|FHN1_YEAST	4932.YGR131W	16	5	3	1	16	13	3	15	5	17	6	9	2	8	9	16	12	12	1	5	1.06035793360593
sp|P53285|VPS62_YEAST	4932.YGR141W	18	7	31	27	26	39	13	21	33	41	10	16	30	12	28	28	18	25	21	23	0.419129644116083
sp|P53286|BTN2_YEAST	4932.YGR142W	21	5	28	56	15	14	7	25	46	34	4	23	16	14	19	45	8	15	1	14	0.546443138619863
sp|P32318|THI4_YEAST	4932.YGR144W	32	6	20	15	13	28	12	15	18	27	11	11	12	10	9	25	21	31	3	7	0.108125937562581
sp|P48235|ECL1_YEAST	4932.YGR146C	4	4	15	13	4	2	8	10	14	31	1	20	13	7	7	33	13	3	1	8	6.86696243339939
sp|P53287|YG3N_YEAST	4932.YGR151C	4	0	1	2	2	2	6	5	13	23	3	12	3	6	9	6	6	5	1	2	8.67488927602344
sp|P48238|YG3O_YEAST	4932.YGR153W	5	8	11	28	12	12	5	10	16	14	4	14	7	5	15	24	6	12	2	7	0.835469464502267
sp|P48239|GTO1_YEAST	4932.YGR154C	14	3	19	25	21	21	9	27	31	37	3	20	17	8	19	20	15	24	5	18	0.640580953930266
sp|P53288|YG3R_YEAST	4932.YGR160W	9	3	28	36	15	1	2	3	1	23	2	2	5	0	1	58	5	7	1	1	1.28794126414191
sp|P53289|RTS3_YEAST	4932.YGR161C	19	2	15	15	4	8	10	13	15	25	7	12	16	5	27	40	19	8	0	3	11.8725241460024
sp|P53293|YG3W_YEAST	4932.YGR168C	12	4	9	9	32	15	11	37	40	48	9	24	11	12	18	22	19	24	8	12	0.028168202955893
sp|P32475|YG3Z_YEAST	4932.YGR176W	9	6	2	5	2	3	3	6	2	12	1	1	7	5	20	11	7	3	3	7	1.95791094217566
sp|P53300|YG45_YEAST	4932.YGR182C	5	4	4	3	6	6	4	12	7	15	3	4	1	4	7	12	4	6	1	9	100.171100259715
sp|P53302|YG47_YEAST	4932.YGR190C	5	3	6	8	10	7	0	4	3	11	4	11	2	2	5	19	5	12	1	3	2.57159823008484
sp|P46950|SNG1_YEAST	4932.YGR197C	45	7	22	23	28	34	7	39	26	53	17	36	25	15	25	49	25	33	10	28	0.508910777839903
sp|P42939|MVB12_YEAST	4932.YGR206W	1	3	6	7	4	3	1	3	10	11	2	8	9	6	5	6	5	4	2	5	8.8166579198155
sp|P53304|SLI1_YEAST	4932.YGR212W	16	8	22	29	24	15	16	36	31	54	9	36	22	24	14	37	23	23	10	19	0.575708373322752
sp|P53047|RTA1_YEAST	4932.YGR213C	24	3	9	14	29	21	4	31	12	36	10	9	10	8	12	27	15	26	2	15	3.43437510057357
sp|P53306|GPI1_YEAST	4932.YGR216C	29	10	16	26	44	18	11	51	36	81	15	40	27	21	23	54	30	37	5	35	3.12250751419727
sp|P50077|CCH1_YEAST	4932.YGR217W	96	26	91	105	145	106	33	168	105	202	53	120	89	57	108	192	98	110	34	101	0.202602296371199
sp|P50078|TOS2_YEAST	4932.YGR221C	28	7	34	35	18	18	15	36	32	44	9	47	44	28	29	95	42	31	0	30	0.0885234236735431
sp|P50080|AZR1_YEAST	4932.YGR224W	50	9	14	18	48	47	5	65	29	65	12	31	17	24	15	56	35	44	8	21	0.958297431364126
sp|P50082|AMA1_YEAST	4932.YGR225W	28	16	22	40	30	30	15	43	41	47	5	38	25	17	29	74	33	29	9	22	0.00517248806775723
sp|P50076|ALG10_YEAST	4932.YGR227W	17	8	10	17	51	18	11	61	25	64	13	22	34	13	20	26	43	31	14	27	0.0719853601282376
sp|P53308|YG4U_YEAST	4932.YGR228W	7	7	2	0	15	2	1	7	1	15	2	1	1	0	1	35	9	8	0	0	3.76665701685952
sp|P50088|SPG1_YEAST	4932.YGR236C	8	0	6	4	2	7	1	4	5	6	9	2	3	3	6	7	8	9	0	5	0.303513907441505
sp|P50091|PEX21_YEAST	4932.YGR239C	9	5	20	19	13	8	10	18	18	19	4	18	15	20	17	38	17	11	2	7	0.0810866703184465
sp|P53310|YG55_YEAST	4932.YGR242W	6	3	5	3	6	4	0	9	2	13	2	5	3	3	6	10	4	11	1	6	2.1488471652409
sp|P53311|MPC3_YEAST	4932.YGR243W	16	1	2	3	11	10	4	10	10	11	2	10	7	3	7	10	12	9	5	3	25.4090390286345
sp|P53325|YG5K_YEAST	4932.YGR265W	9	3	3	2	21	3	2	10	15	12	5	5	3	2	11	16	3	7	1	3	2.85249213589827
sp|P53329|YG5Q_YEAST	4932.YGR273C	8	2	11	15	7	6	3	12	16	15	3	9	9	9	13	18	10	4	1	3	2.04141536573647
sp|P53338|MAL13_YEAST	4932.YGR288W	29	19	30	26	15	15	11	31	26	57	9	24	20	20	25	35	31	19	7	24	3.19970760004509
sp|P53048|MAL11_YEAST	4932.YGR289C	55	14	22	35	31	49	2	43	32	67	18	31	14	22	20	53	38	32	15	23	4.10315082532843
sp|P53339|YG61_YEAST	4932.YGR290W	11	3	2	7	21	1	1	8	8	16	5	8	4	1	2	28	7	6	3	5	1.15068526341254
sp|Q8TGK4|YB298_YEAST	4932.YGR291C	2	3	0	8	2	4	1	5	8	14	4	1	5	1	4	3	5	1	0	2	0.680008042765962
sp|Q08322|PAU20_YEAST	4932.YGR294W	18	0	5	5	3	7	2	8	4	8	4	3	5	4	4	8	13	11	1	7	0.137073998164591
sp|Q08322|PAU20_YEAST	4932.YHL046C	18	0	5	5	3	7	2	8	4	8	4	3	5	4	4	8	13	11	1	7	0.0406145179746935
sp|Q08322|PAU20_YEAST	4932.YLR461W	18	0	5	5	3	7	2	8	4	8	4	3	5	4	4	8	13	11	1	7	0.043830360811281
sp|Q08322|PAU20_YEAST	4932.YOL161C	18	0	5	5	3	7	2	8	4	8	4	3	5	4	4	8	13	11	1	7	1.31491082433843
sp|P53344|COS6_YEAST	4932.YGR295C	17	6	12	31	35	6	4	16	35	45	11	19	13	10	18	34	13	27	16	13	37.7767821095446
sp|P38750|YHA8_YEAST	4932.YHL008C	38	3	32	36	30	37	18	43	35	63	14	43	30	13	33	56	35	46	4	18	4.10619682518433
sp|Q6Q5P6|YH41A_YEAST	4932.YHL009W-A	11	10	29	30	13	11	7	35	41	39	7	35	10	23	23	22	28	24	2	13	0.770917549682064
sp|Q6Q5P6|YH41A_YEAST	4932.YJL113W	11	10	29	30	13	11	7	35	41	39	7	35	10	23	23	22	28	24	2	13	0.0567647628009277
sp|Q6Q5P6|YH41A_YEAST	4932.YJL114W	11	10	29	30	13	11	7	35	41	39	7	35	10	23	23	22	28	24	2	13	0.237799454048691
sp|P47024|YJ41B_YEAST	4932.YHL009W-B	53	27	124	131	50	69	48	164	183	140	36	157	57	57	81	136	119	92	9	70	0.291935057069867
sp|P47024|YJ41B_YEAST	4932.YJL113W	53	27	124	131	50	69	48	164	183	140	36	157	57	57	81	136	119	92	9	70	0.0567647628009277
sp|P38748|ETP1_YEAST	4932.YHL010C	24	16	39	51	25	28	16	31	59	54	11	38	12	38	23	41	25	32	6	16	0.315622231411621
sp|Q3E7Z6|YH015_YEAST	4932.YHL015W-A	3	0	0	1	1	0	1	2	3	4	2	1	1	0	3	1	1	2	0	1	3.46932012488399
sp|P33413|DUR3_YEAST	4932.YHL016C	72	11	28	32	39	55	9	57	32	76	26	23	27	20	17	53	49	59	12	38	0.4997767094341
sp|P38700|APM2_YEAST	4932.YHL019C	15	9	43	46	28	21	13	47	60	52	12	39	28	24	25	48	29	41	5	20	1.796529553229
sp|P23179|SPO11_YEAST	4932.YHL022C	22	10	17	17	20	13	11	34	36	44	7	31	18	20	15	26	24	19	2	12	1.08345167810884
sp|P38742|NPR3_YEAST	4932.YHL023C	45	15	81	73	36	41	36	74	80	98	23	95	44	43	52	148	73	39	5	45	4.88567915003779
sp|P38740|YHC6_YEAST	4932.YHL026C	21	3	12	16	22	19	8	32	18	23	7	12	15	15	9	23	18	22	7	13	0.854298735054962
sp|P38739|WSC4_YEAST	4932.YHL028W	24	12	21	15	11	20	9	30	17	31	9	27	34	20	15	127	125	36	4	18	0.537955994516785
sp|P38734|MUP3_YEAST	4932.YHL036W	33	9	13	19	51	40	8	47	28	61	13	16	24	9	13	52	27	53	10	20	1.83704956888906
sp|P38733|YHD7_YEAST	4932.YHL037C	5	9	6	5	10	7	7	15	11	12	5	8	7	2	12	15	5	11	0	7	0.127353272838199
sp|P38731|ARN1_YEAST	4932.YHL040C	47	10	22	22	30	39	11	51	23	67	17	21	23	20	26	49	39	53	19	38	0.010227453202681
sp|P38729|YHE2_YEAST	4932.YHL042W	8	5	7	8	16	4	3	9	9	13	6	5	5	8	10	15	3	11	2	3	3.9379949708736
sp|P38728|ECM34_YEAST	4932.YHL043W	11	4	7	12	13	8	3	10	12	11	5	9	5	3	11	17	8	9	6	6	0.639377479661855
sp|P38724|ARN2_YEAST	4932.YHL047C	48	9	28	20	34	39	6	47	27	66	22	17	23	18	26	52	34	57	17	30	0.0786263447348228
sp|Q3E758|YH048_YEAST	4932.YHL048C-A	3	2	1	1	2	3	2	6	4	2	2	1	1	1	3	2	2	3	1	2	0.832889467690385
sp|P38702|LEU5_YEAST	4932.YHR002W	24	5	14	16	23	23	11	29	23	30	6	11	16	9	24	29	18	22	6	18	0.401840759693806
sp|P38760|MIP6_YEAST	4932.YHR015W	24	10	26	46	39	25	11	44	73	55	11	63	17	29	29	61	39	34	4	19	1.30953834822596
sp|P38769|YHJ5_YEAST	4932.YHR035W	28	20	30	33	32	21	14	47	48	68	15	40	22	30	29	65	34	24	5	25	1.76963769752867
sp|P38770|BRL1_YEAST	4932.YHR036W	26	6	27	47	24	17	11	30	26	36	7	31	26	21	18	54	26	19	5	14	0.853855130164838
sp|P38776|YHK8_YEAST	4932.YHR048W	40	10	14	21	41	37	10	45	22	52	20	9	21	10	23	39	38	28	8	26	5.65239443297956
sp|O13533|YH049_YEAST	4932.YHR049C-A	4	1	3	2	9	3	5	7	9	8	4	1	3	3	9	14	5	8	0	5	1.09867597956234
sp|P38778|SMF2_YEAST	4932.YHR050W	46	7	20	26	24	37	9	34	18	75	15	24	20	14	20	51	38	46	4	21	0.221299990352397
sp|P38785|GIC1_YEAST	4932.YHR061C	8	2	23	19	12	13	10	11	25	26	10	28	21	11	12	41	20	15	1	6	7.40366219597742
sp|P38790|HTD2_YEAST	4932.YHR067W	8	7	15	15	13	10	7	16	17	29	9	13	15	16	20	20	13	17	3	17	1.44964505821018
sp|P38799|YHN8_YEAST	4932.YHR078W	27	7	20	30	38	17	7	56	35	66	12	31	15	18	15	52	34	38	8	26	0.587973426972665
sp|P89114|SAE3_YEAST	4932.YHR079C-A	3	1	5	12	2	3	0	8	15	8	4	6	1	7	2	5	3	1	0	5	0.672213242403928
sp|P29589|AHT1_YEAST	4932.YHR093W	14	5	6	9	16	21	2	14	23	10	2	3	11	4	4	17	7	7	3	4	0.845114345982686
sp|P38808|YHP5_YEAST	4932.YHR095W	8	6	2	6	9	3	5	12	23	17	4	4	3	5	6	15	6	6	2	2	0.0339483947436672
sp|P38830|NDT80_YEAST	4932.YHR124W	26	8	35	53	30	25	13	33	46	50	12	36	39	23	36	70	31	35	1	25	1.8231391032971
sp|P38831|YHS5_YEAST	4932.YHR125W	2	5	2	0	3	1	2	13	3	10	5	9	0	5	5	8	10	9	2	7	0.476773822513988
sp|P38696|ARP1_YEAST	4932.YHR129C	17	7	23	24	11	33	2	26	25	46	13	13	14	16	17	31	22	21	7	16	1.52052230321381
sp|P38835|YHT1_YEAST	4932.YHR131C	38	13	86	62	25	36	23	56	39	63	12	45	40	21	72	117	47	27	3	25	0.890657743042983
sp|P38838|WSS1_YEAST	4932.YHR134W	10	3	18	17	8	21	10	19	20	27	9	17	11	9	19	17	12	13	2	7	1.82498854050975
sp|P38839|SPL2_YEAST	4932.YHR136C	8	2	8	13	4	8	5	8	9	10	3	7	4	12	9	17	7	5	2	7	69.2107687434338
sp|Q8TGN6|YH137_YEAST	4932.YHR137C-A	9	4	11	9	12	14	1	13	18	23	6	6	9	4	9	34	12	15	3	4	0.246718830951028
sp|O13536|YH139_YEAST	4932.YHR139C-A	5	5	3	6	5	4	2	9	10	8	4	4	3	4	9	10	3	6	0	3	1.90458980000197
sp|P38842|YHU0_YEAST	4932.YHR140W	17	2	6	4	15	8	6	19	18	26	6	12	13	6	5	19	19	19	4	15	0.765835308678702
sp|P38844|DSE2_YEAST	4932.YHR143W	22	1	9	11	12	8	0	19	6	17	2	9	10	8	5	97	54	23	0	12	0.68930030891093
sp|P38849|MTC6_YEAST	4932.YHR151C	20	10	29	21	23	21	5	33	15	53	10	44	19	18	24	63	38	40	14	26	0.441509847543109
sp|P17123|SPO12_YEAST	4932.YHR152W	10	1	11	13	7	3	5	8	22	13	4	19	5	5	9	18	11	5	0	4	4.21493198265963
sp|P38851|YSP1_YEAST	4932.YHR155W	48	19	72	80	72	29	24	81	104	138	24	78	38	46	56	107	73	66	17	56	1.29954055974088
sp|P33323|RE104_YEAST	4932.YHR157W	7	4	13	12	10	5	1	12	10	15	4	13	8	9	8	22	13	8	1	7	0.257250549108716
sp|P38857|MPC2_YEAST	4932.YHR162W	9	2	3	4	8	9	1	9	7	13	2	5	4	4	10	16	9	6	5	3	54.9212111422967
sp|P38859|DNA2_YEAST	4932.YHR164C	64	25	94	117	45	70	21	117	126	146	29	105	57	62	73	141	78	102	5	45	14.3280053886705
sp|P38865|CTR2_YEAST	4932.YHR175W	7	7	11	4	7	12	7	8	11	22	12	10	3	5	4	20	11	11	7	10	19.2939151514605
sp|P38867|YHX7_YEAST	4932.YHR177W	16	5	18	17	17	19	18	23	23	32	11	38	48	28	27	38	28	19	2	26	1.64440378339718
sp|P38868|YHY0_YEAST	4932.YHR180W	9	0	8	6	11	10	5	13	1	14	3	14	11	3	5	9	16	16	2	7	0.891435060059051
sp|P38871|SSP1_YEAST	4932.YHR184W	21	4	32	57	26	16	9	31	55	45	10	52	25	29	23	55	36	26	6	13	2.12858835762791
sp|P38872|ADY1_YEAST	4932.YHR185C	6	6	10	21	14	6	4	15	16	19	6	19	18	11	8	18	17	6	4	13	1.08386798252138
sp|P38876|PTH_YEAST	4932.YHR189W	13	4	4	9	1	20	6	8	8	22	3	5	10	10	17	15	10	13	4	8	0.35151619742036
sp|P38880|MDM31_YEAST	4932.YHR194W	30	3	45	17	37	26	6	51	37	58	8	34	24	21	37	48	31	32	12	22	1.47368466118398
sp|Q3E7Y6|NBL1_YEAST	4932.YHR199C-A	4	0	1	13	0	1	1	6	6	12	2	2	4	6	6	3	5	1	0	0	1.33047253488832
sp|P38887|YH02_YEAST	4932.YHR202W	21	7	42	35	33	33	23	44	33	53	12	36	31	22	28	43	38	37	5	26	0.89009489876869
sp|P38893|YH10_YEAST	4932.YHR210C	20	4	25	18	12	24	6	19	23	32	6	23	13	6	14	25	27	24	1	19	0.768613926332845
sp|P38894|FLO5_YEAST	4932.YHR211W	47	17	27	60	26	71	6	72	18	39	15	32	57	31	14	175	257	71	15	25	1.75157257801038
sp|P38894|FLO5_YEAST	4932.YHR213W	47	17	27	60	26	71	6	72	18	39	15	32	57	31	14	175	257	71	15	25	0.68894991961525
sp|Q8TGT4|YH213_YEAST	4932.YHR213W-A	3	1	1	5	10	4	2	3	5	8	4	2	3	3	4	3	3	12	0	1	1.88095209156961
sp|P38897|YH214_YEAST	4932.YHR214W	22	0	10	11	11	19	1	6	10	18	1	7	3	1	2	42	17	16	0	6	1.26625965895661
sp|P40560|YIA1_YEAST	4932.YIL001W	31	10	41	39	27	14	9	39	31	63	13	22	15	17	29	29	22	33	3	26	0.341122703697794
sp|P40558|CFD1_YEAST	4932.YIL003W	9	6	13	23	10	27	4	25	23	24	8	8	18	11	7	28	18	23	3	5	0.549218047315465
sp|P40556|YIA6_YEAST	4932.YIL006W	25	5	11	18	24	22	10	27	16	39	9	13	21	17	18	31	28	20	3	16	0.571885146550283
sp|Q03096|EST3_YEAST	4932.YIL009C-A	7	6	10	8	9	3	9	16	10	14	4	10	10	7	4	20	12	14	1	7	0.79085254398395
sp|P40552|TIR3_YEAST	4932.YIL011W	58	0	9	15	7	11	1	9	8	13	9	5	4	8	1	78	15	11	1	6	7.05343524486604
sp|P40544|YKE4_YEAST	4932.YIL023C	29	4	11	11	22	25	20	29	11	41	10	12	11	11	7	39	21	24	2	6	15.6475835690361
sp|P40543|YIC4_YEAST	4932.YIL024C	6	4	18	9	7	7	5	9	16	13	6	16	5	7	7	18	12	13	4	7	1.42586208222587
sp|P40542|YIC5_YEAST	4932.YIL025C	7	2	4	3	9	9	3	15	11	9	1	3	2	4	9	15	7	4	0	7	2.25345312967725
sp|P40539|YIC8_YEAST	4932.YIL028W	9	3	6	2	8	4	1	8	5	11	8	6	6	1	9	12	9	17	3	4	0.30468305231829
sp|P40534|PRM2_YEAST	4932.YIL037C	25	5	28	30	39	19	11	60	44	77	15	53	12	33	16	62	67	31	11	18	1.86803284062695
sp|P40530|PDK_YEAST	4932.YIL042C	17	6	18	22	14	18	14	34	29	51	12	18	23	21	15	24	22	13	4	19	9.4877489970693
sp|P40187|PIG2_YEAST	4932.YIL045W	17	2	42	25	27	26	22	31	42	49	11	63	24	19	28	43	23	25	5	14	2.27979109933198
sp|P40186|PCL7_YEAST	4932.YIL050W	10	5	17	19	14	10	6	21	18	35	4	19	12	11	7	34	19	14	1	9	4.31971045680587
sp|P40523|YIF5_YEAST	4932.YIL055C	32	2	23	40	29	27	16	32	33	54	15	50	56	33	27	61	45	24	4	24	0.086027130237871
sp|Q6B113|YB107_YEAST	4932.YIL060W	1	1	1	1	1	0	0	8	1	5	1	0	1	0	3	5	2	0	2	1	2.32567824605726
sp|Q6B113|YB107_YEAST	4932.YOR192C-C	1	1	1	1	1	0	0	8	1	5	1	0	1	0	3	5	2	0	2	1	0.691868962159854
sp|P40511|SPO22_YEAST	4932.YIL073C	49	20	55	81	38	13	13	82	78	117	25	67	19	45	28	86	57	56	10	36	0.7431384013448
sp|P40508|YIH7_YEAST	4932.YIL077C	15	0	23	20	17	26	3	11	23	20	11	23	15	17	24	31	9	10	6	16	0.996461303114646
sp|P40500|YII9_YEAST	4932.YIL089W	10	5	11	8	21	7	9	9	20	26	3	8	7	7	9	16	8	14	2	5	1.10272969826267
sp|P40497|YIJ2_YEAST	4932.YIL092W	36	12	35	39	28	25	11	40	59	52	12	53	25	17	32	71	48	22	2	14	1.6445886732459
sp|P40494|PRK1_YEAST	4932.YIL095W	34	6	37	40	27	36	20	54	58	61	16	62	55	36	50	89	56	46	1	26	14.2538520152865
sp|P04065|AMYH_YEASX	4932.YIL099W	44	9	35	31	31	48	12	43	21	55	7	40	43	22	20	90	125	55	11	25	0.096560716128853
sp|P40489|XBP1_YEAST	4932.YIL101C	42	8	29	17	34	21	20	34	35	51	8	51	49	38	30	83	44	21	5	27	1.66626077436691
sp|P40479|SDP1_YEAST	4932.YIL113W	14	3	10	14	3	4	7	16	12	23	5	10	16	6	13	18	11	12	2	10	1.6777338020348
sp|P40478|VDAC2_YEAST	4932.YIL114C	20	2	12	8	20	20	3	15	16	23	4	22	8	13	15	30	22	16	3	9	4.94188694647187
sp|P40475|QDR1_YEAST	4932.YIL120W	48	12	18	21	33	38	10	43	30	64	10	25	15	13	26	57	39	38	8	15	1.64398152149944
sp|P40473|POG1_YEAST	4932.YIL122W	14	2	13	20	6	16	11	19	17	24	16	24	33	35	20	39	21	12	1	8	2.40577876786035
sp|P40465|CSM2_YEAST	4932.YIL132C	7	2	9	18	9	4	2	16	16	29	4	16	9	10	13	17	13	9	2	8	2.04826509611174
sp|Q45U18|YI134_YEAST	4932.YIL134C-A	7	2	3	1	5	1	0	5	3	8	1	4	1	1	3	5	4	8	1	4	21.209508911677
sp|P40464|FLX1_YEAST	4932.YIL134W	20	2	7	10	12	27	6	20	21	42	7	15	9	14	14	25	20	23	4	13	2.29170329465983
sp|P38927|REV7_YEAST	4932.YIL139C	4	4	19	22	13	8	6	23	16	28	2	16	10	9	10	17	8	16	3	11	0.305589315872897
sp|P40461|YIO1_YEAST	4932.YIL141W	9	1	5	5	7	2	4	12	5	12	2	5	8	2	6	19	11	7	0	7	4.94951400428135
sp|P32354|MCM10_YEAST	4932.YIL150C	26	5	25	49	29	30	14	37	69	43	9	33	26	23	36	46	29	24	6	12	6.32358878630161
sp|P40455|YIP2_YEAST	4932.YIL152W	6	1	10	6	6	3	12	17	19	23	2	13	14	32	10	33	11	9	5	3	0.496221808840793
sp|P40451|AIM20_YEAST	4932.YIL158W	16	2	9	17	6	9	2	11	15	13	6	12	9	5	11	21	14	15	1	10	8.86647702100048
sp|P40450|BNR1_YEAST	4932.YIL159W	55	15	84	95	56	38	26	97	133	179	26	94	72	58	50	137	64	55	12	29	4.88175017217299
sp|P40448|YIQ3_YEAST	4932.YIL163C	3	2	3	2	12	4	6	8	12	8	4	5	2	4	10	14	4	8	1	5	5.12717691559532
sp|P40447|NIT1_YEAST	4932.YIL164C	18	7	8	15	1	23	2	15	17	17	6	3	10	4	7	9	11	11	3	12	0.443250211762872
sp|P40446|YIQ5_YEAST	4932.YIL165C	11	1	10	7	6	13	2	11	5	10	3	5	6	4	5	4	6	6	1	3	17.4687414231453
sp|P38637|STS1_YEAST	4932.YIR011C	13	5	14	21	10	14	9	18	19	36	12	22	16	20	16	31	13	16	3	11	1.27596037202495
sp|P40570|YIT4_YEAST	4932.YIR014W	11	7	16	15	8	11	4	27	12	41	4	12	8	9	11	13	9	13	2	9	0.216534468785825
sp|P40571|RPR2_YEAST	4932.YIR015W	9	4	6	5	2	9	5	9	15	14	4	8	8	4	11	8	13	3	1	6	8.48238768939941
sp|P40572|YIT6_YEAST	4932.YIR016W	21	5	27	15	6	15	9	12	9	21	5	4	13	10	20	43	11	13	2	4	1.47565778441453
sp|P40573|MET28_YEAST	4932.YIR017C	9	0	7	17	4	7	1	12	23	20	5	22	2	10	15	17	6	8	2	0	2.53011650537875
sp|P40574|YAP5_YEAST	4932.YIR018W	14	8	12	24	2	3	11	13	28	24	4	20	12	13	15	16	12	9	1	4	3.66125182613497
sp|P08640|MUC1_YEAST	4932.YIR019C	87	20	14	69	18	45	5	32	30	29	5	36	143	20	2	347	338	96	8	23	0.254409855476068
sp|Q03888|YI020_YEAST	4932.YIR020C-B	10	5	9	7	18	9	5	15	14	31	6	12	8	8	15	30	17	19	1	5	0.196572926766559
sp|Q03886|YI20A_YEAST	4932.YIR020W-A	3	0	0	2	5	9	2	3	11	7	1	2	6	1	5	6	7	5	1	4	1.37152243488668
sp|P07266|MRS1_YEAST	4932.YIR021W	15	9	26	16	21	13	3	20	32	44	9	19	13	10	18	33	24	26	4	8	3.61317987867018
sp|Q3E739|YI021_YEAST	4932.YIR021W-A	3	1	1	4	3	3	0	12	8	4	1	2	3	1	2	12	5	3	0	2	7.4701010089015
sp|P40576|YIU4_YEAST	4932.YIR024C	13	0	18	19	6	11	3	19	29	23	9	12	6	3	11	8	7	16	1	2	0.854660158302494
sp|P40577|MND2_YEAST	4932.YIR025W	16	0	39	41	10	20	9	18	14	27	10	28	15	15	33	30	9	16	3	15	2.75784325686583
sp|P32375|ALN_YEAST	4932.YIR027C	29	11	21	30	16	38	15	30	23	41	10	19	29	14	15	33	33	37	6	10	3.0440652307439
sp|Q04895|DAL4_YEAST	4932.YIR028W	54	14	23	22	55	42	8	51	25	57	11	36	28	12	23	44	32	47	22	29	1.98899720967914
sp|P25335|ALLC_YEAST	4932.YIR029W	19	3	21	29	18	33	13	28	22	18	5	11	13	7	20	23	15	27	9	9	1.06551832466228
sp|P32459|ALLA_YEAST	4932.YIR032C	10	5	8	17	7	11	6	12	11	16	4	9	10	9	6	15	14	18	2	5	0.361447048656681
sp|Q12370|PAU17_YEAST	4932.YIR041W	21	0	5	6	3	7	2	8	1	8	3	3	8	2	5	8	13	13	1	7	1.11708794331583
sp|Q12370|PAU17_YEAST	4932.YLL025W	21	0	5	6	3	7	2	8	1	8	3	3	8	2	5	8	13	13	1	7	1.52991123154486
sp|Q12370|PAU17_YEAST	4932.YLR037C	21	0	5	6	3	7	2	8	1	8	3	3	8	2	5	8	13	13	1	7	2.73100205033757
sp|Q12370|PAU17_YEAST	4932.YPL282C	21	0	5	6	3	7	2	8	1	8	3	3	8	2	5	8	13	13	1	7	1.38313594062248
sp|P47081|COX16_YEAST	4932.YJL003W	6	1	5	13	9	6	1	6	11	11	1	3	3	6	10	10	2	6	3	5	1.82403561203387
sp|P47080|YJA7_YEAST	4932.YJL007C	2	1	5	5	4	7	7	12	5	8	3	2	4	3	4	13	7	5	1	6	2.58433067062311
sp|P47074|MAD3_YEAST	4932.YJL013C	21	4	22	53	20	22	5	33	41	53	12	40	22	23	35	51	18	19	4	17	2.71133317735744
sp|P47073|YJB5_YEAST	4932.YJL015C	3	7	3	3	12	5	6	15	5	9	4	4	0	2	13	6	11	5	3	8	0.998744931982822
sp|P47072|YJB6_YEAST	4932.YJL016W	22	10	33	26	35	22	15	38	37	41	19	42	23	16	23	78	33	30	4	14	13.5561597910625
sp|P47066|YJC2_YEAST	4932.YJL022W	3	3	2	6	14	6	1	7	4	8	2	4	5	1	6	14	6	8	1	1	0.0901159964143539
sp|P47065|PT130_YEAST	4932.YJL023C	12	3	17	20	22	17	4	21	41	29	5	27	16	8	18	30	23	20	4	10	3.70370701436572
sp|Q8TGJ8|YJ026_YEAST	4932.YJL026C-A	8	1	0	5	4	3	1	3	12	5	3	5	6	2	0	10	2	2	1	0	7.36210408590966
sp|P47063|YJC7_YEAST	4932.YJL027C	9	10	3	3	7	10	6	7	5	12	4	5	7	5	14	10	3	11	3	4	1.61858649855532
sp|P40958|MAD2_YEAST	4932.YJL030W	7	2	15	12	8	11	4	11	14	18	1	8	4	11	7	16	16	19	3	9	0.833264613351298
sp|P47059|YJD2_YEAST	4932.YJL032W	2	6	0	2	11	1	4	9	4	11	4	7	1	2	9	19	3	3	1	5	1.15937522313742
sp|P47056|IRC18_YEAST	4932.YJL037W	12	4	4	17	8	15	1	18	21	26	5	11	1	8	8	17	19	23	1	5	0.699628774901997
sp|P47053|YJE3_YEAST	4932.YJL043W	19	9	18	15	9	11	7	17	9	26	8	6	13	13	14	19	19	10	6	9	0.421289016086806
sp|P47051|LPLA_YEAST	4932.YJL046W	19	5	27	24	22	24	7	29	36	37	12	33	11	13	15	34	18	17	6	20	0.502945819184063
sp|P47049|UBX6_YEAST	4932.YJL048C	10	4	19	20	13	24	7	13	24	43	8	35	17	23	19	47	24	21	7	18	2.02777907575313
sp|P47048|YJE9_YEAST	4932.YJL049W	13	0	26	55	19	15	9	38	36	43	7	40	11	16	28	31	24	22	4	13	1.66642093316013
sp|P47046|IRC8_YEAST	4932.YJL051W	31	7	40	48	37	39	26	51	46	71	13	64	40	37	31	121	63	34	3	20	4.93870506624696
sp|P47043|ZAP1_YEAST	4932.YJL056C	44	41	65	40	30	31	62	38	69	60	10	83	52	35	23	95	54	22	7	19	1.78264633735155
sp|P47041|BIT61_YEAST	4932.YJL058C	22	6	25	27	25	22	17	38	23	50	6	52	20	22	28	75	36	31	3	15	1.11500156421975
sp|P47040|BTN1_YEAST	4932.YJL059W	22	7	15	13	36	25	8	29	13	57	11	12	17	16	14	35	22	28	6	22	2.44014885890182
sp|P40359|PSF2_YEAST	4932.YJL072C	9	1	13	19	8	6	7	20	15	27	4	11	9	12	14	9	15	7	5	2	0.680902247651209
sp|P47034|ICS3_YEAST	4932.YJL077C	5	2	2	0	7	4	4	17	5	12	4	4	10	6	9	14	11	10	1	4	0.345210982540121
sp|P47033|PRY3_YEAST	4932.YJL078C	98	11	29	33	19	33	9	32	20	39	5	41	28	20	9	210	160	55	4	26	90.4995656306655
sp|P47030|TAX4_YEAST	4932.YJL083W	30	2	35	30	11	21	28	22	44	50	12	38	42	26	44	75	35	31	7	21	3.38787937087325
sp|P47027|DPB11_YEAST	4932.YJL090C	20	11	47	32	38	28	18	77	69	68	11	59	37	32	27	81	51	27	8	23	0.358229110868386
sp|P47026|GWT1_YEAST	4932.YJL091C	24	9	12	13	37	25	3	39	27	75	8	29	19	9	16	49	32	30	10	24	25.9740830456264
sp|P12954|SRS2_YEAST	4932.YJL092W	64	8	80	83	49	42	25	88	108	123	21	69	49	43	69	106	62	46	6	33	2.74255690803089
sp|P40310|TOK1_YEAST	4932.YJL093C	39	13	27	36	47	42	12	52	38	78	19	36	24	15	23	71	40	45	13	21	2.20652333187893
sp|P40309|KHA1_YEAST	4932.YJL094C	54	8	46	42	59	48	17	87	44	107	17	42	37	10	30	71	63	59	7	25	0.359673915400658
sp|P42951|LSB6_YEAST	4932.YJL100W	27	9	28	47	31	25	20	26	38	51	8	34	44	31	29	57	30	32	15	25	0.712620749530974
sp|P42948|SET4_YEAST	4932.YJL105W	22	16	37	30	22	20	15	33	49	32	12	38	30	20	31	64	38	27	8	16	1.05325027641515
sp|P42947|YJK7_YEAST	4932.YJL107C	20	3	36	28	11	28	8	18	31	29	7	30	15	12	21	42	22	21	0	5	3.37239876606556
sp|P42946|PRM10_YEAST	4932.YJL108C	34	10	7	7	28	31	7	28	8	43	12	14	13	15	9	42	22	32	7	14	2.20844795968182
sp|P46955|NCA3_YEAST	4932.YJL116C	29	10	29	14	8	32	4	12	16	15	5	17	14	11	3	47	26	24	6	15	5.16974972677485
sp|P47022|YJL8_YEAST	4932.YJL118W	12	8	4	8	5	1	9	17	9	22	6	5	16	13	27	19	9	21	3	5	5.21205986510046
sp|P47021|YJL9_YEAST	4932.YJL119C	8	3	4	7	9	4	3	5	7	5	4	7	0	2	8	5	14	8	2	2	2.44931172426894
sp|P47016|NIT2_YEAST	4932.YJL126W	18	4	22	19	8	15	10	21	21	37	7	9	18	16	17	28	7	19	5	6	2.47395994749663
sp|P35208|SPT10_YEAST	4932.YJL127C	26	5	37	52	23	36	23	43	44	56	19	50	29	29	29	41	44	32	4	18	2.9890029778393
sp|Q3E828|YJ127_YEAST	4932.YJL127C-B	4	1	0	0	7	2	1	5	1	5	1	1	1	7	3	5	3	3	0	2	1.15507576437875
sp|P0C5P1|YJ27A_YEAST	4932.YJL127W-A	3	0	0	1	4	3	0	1	2	3	2	1	2	1	2	7	3	3	0	0	2.65785912947714
sp|P47014|YJN2_YEAST	4932.YJL132W	39	7	46	35	42	47	19	57	44	76	18	38	31	25	24	70	45	44	13	30	3.21929300252395
sp|P10566|MRS3_YEAST	4932.YJL133W	35	7	9	10	14	15	9	25	16	22	10	14	17	13	7	32	27	12	6	14	0.982726934823623
sp|P26725|YUR1_YEAST	4932.YJL139C	16	7	34	32	31	23	9	22	22	36	9	20	16	10	28	32	19	20	9	33	4.1467962069371
sp|P46958|IDS2_YEAST	4932.YJL146W	25	6	29	31	19	19	7	32	18	46	10	35	20	32	20	55	20	21	9	15	14.0878865032185
sp|P47007|YJO7_YEAST	4932.YJL147C	6	3	22	25	11	8	12	31	33	59	4	24	12	18	23	36	16	21	5	13	1.04774605601589
sp|P47005|DAS1_YEAST	4932.YJL149W	25	10	48	34	32	6	18	60	48	80	19	60	33	24	27	52	32	25	6	24	1.4380060251093
sp|P47003|YJP2_YEAST	4932.YJL152W	5	3	1	5	7	7	10	7	6	12	2	4	6	2	10	10	8	10	2	2	0.958367417845202
sp|P47002|SSY5_YEAST	4932.YJL156C	36	7	42	41	36	40	16	46	48	65	16	35	30	24	26	89	43	37	5	17	0.147848712650264
sp|P0C5N9|YJ156_YEAST	4932.YJL156W-A	3	3	1	3	6	1	0	5	12	7	4	3	4	4	1	5	5	5	1	0	1.2348762234178
sp|P46998|FMP33_YEAST	4932.YJL161W	7	1	8	8	8	11	5	9	15	29	3	8	7	7	5	20	10	10	1	8	0.283223601434731
sp|P46996|YJQ3_YEAST	4932.YJL163C	30	10	20	22	24	36	13	59	25	58	28	13	20	12	22	58	38	41	5	21	1.07276283039084
sp|P46991|YJR5_YEAST	4932.YJL175W	16	8	3	6	13	8	0	7	2	26	2	1	8	0	4	35	12	15	4	0	11.5654527550697
sp|O94143|BUD19_YEAST	4932.YJL188C	2	1	6	2	2	2	6	2	6	16	1	3	3	5	5	15	8	11	2	4	2.33097852305347
sp|P39542|YJT3_YEAST	4932.YJL193W	19	7	6	15	37	17	5	38	23	51	7	10	18	17	15	41	28	25	6	17	0.518450628583053
sp|P09119|CDC6_YEAST	4932.YJL194W	25	6	26	25	27	18	7	39	43	64	12	22	31	26	26	43	40	22	1	10	0.00341729894841512
sp|P39532|YJU2_YEAST	4932.YJL202C	6	5	3	3	10	2	1	10	4	18	1	8	7	2	5	15	6	5	1	3	0.576254486909139
sp|P32524|PRP21_YEAST	4932.YJL203W	9	2	24	29	16	12	5	18	36	17	6	8	9	13	18	17	18	12	2	9	4.17393939202193
sp|Q02820|NCE1_YEAST	4932.YJL205C	2	1	3	2	2	4	3	2	5	7	3	0	3	2	4	2	0	3	1	4	1.3606544788758
sp|P39529|YJU6_YEAST	4932.YJL206C	37	17	43	43	36	27	16	58	55	77	11	37	35	44	36	74	44	32	6	30	0.161893205572819
sp|P40898|YJV1_YEAST	4932.YJL211C	11	8	7	6	10	4	7	11	5	12	2	5	13	6	11	13	3	7	1	5	0.0615716241492898
sp|P40896|YJV3_YEAST	4932.YJL213W	29	9	18	20	13	35	6	22	22	32	10	10	12	12	15	17	20	18	0	11	1.44675168112902
sp|P40884|IMA5_YEAST	4932.YJL216C	28	7	43	46	43	39	14	33	47	31	16	35	29	13	23	39	25	27	18	25	0.00657676495558674
sp|P40891|YJW0_YEAST	4932.YJL220W	1	8	5	2	10	14	3	11	7	20	2	8	6	3	8	4	12	18	4	4	0.238954723733316
sp|Q8TGJ2|YN075_YEAST	4932.YJL222W-A	2	2	0	1	2	1	0	4	4	2	1	1	5	0	2	1	0	2	0	0	7.49303511481893
sp|Q8TGJ2|YN075_YEAST	4932.YNR075C-A	2	2	0	1	2	1	0	4	4	2	1	1	5	0	2	1	0	2	0	0	9.67044652003568
sp|Q3E827|YJ005_YEAST	4932.YJR005C-A	12	0	2	13	0	7	1	1	15	7	2	2	1	9	11	1	4	1	1	3	1.7533624296033
sp|P47086|YJY1_YEAST	4932.YJR011C	3	5	15	17	12	9	5	20	21	40	8	22	5	14	8	18	11	16	2	10	2.20368795866689
sp|P47087|YJY2_YEAST	4932.YJR012C	8	5	17	11	9	9	5	16	8	22	3	19	12	10	7	19	11	10	1	5	0.354170705834204
sp|P47088|GPI14_YEAST	4932.YJR013W	16	6	11	11	32	26	8	30	18	58	7	21	13	13	15	20	28	27	13	30	20.8370010916218
sp|P47090|YJY5_YEAST	4932.YJR015W	36	6	26	16	38	22	6	31	24	53	13	33	29	17	17	29	35	41	7	31	6.6003346185885
sp|P47092|YJZ0_YEAST	4932.YJR020W	5	6	6	3	7	7	0	6	6	12	4	4	7	1	5	11	6	8	3	3	0.995788050617877
sp|P40985|HUL4_YEAST	4932.YJR036C	28	24	43	59	54	39	19	61	73	95	13	55	26	30	53	90	43	42	13	32	0.850078956460935
sp|P47105|YJ07_YEAST	4932.YJR037W	8	1	9	8	10	3	1	5	3	19	2	7	7	4	8	17	8	3	1	3	0.435762017237534
sp|P47106|YJ08_YEAST	4932.YJR038C	6	2	1	3	4	6	3	9	2	18	5	2	9	3	7	19	13	5	1	2	2.93567042987199
sp|P47107|YJ09_YEAST	4932.YJR039W	48	27	66	68	74	58	21	91	75	105	21	57	27	33	44	92	76	84	7	47	0.673722399001594
sp|P47110|DPOD3_YEAST	4932.YJR043C	12	5	28	32	11	7	4	21	49	25	8	18	21	14	15	32	26	12	0	10	3.94039943968013
sp|P21374|ISY1_YEAST	4932.YJR050W	11	1	12	23	5	8	7	10	26	19	7	17	6	14	17	15	9	13	7	8	4.01107066120834
sp|P47114|YJ24_YEAST	4932.YJR054W	15	7	27	28	32	19	5	44	37	43	11	45	18	12	21	46	33	24	7	23	1.28609262807997
sp|P47115|YJ26_YEAST	4932.YJR056C	13	3	16	23	7	6	8	9	18	23	4	22	12	8	19	22	9	7	2	5	18.732606336536
sp|Q00381|AP2S_YEAST	4932.YJR058C	5	3	14	8	12	6	5	13	5	16	6	4	2	7	9	10	1	13	1	7	1.46727187674889
sp|P40355|YJ31_YEAST	4932.YJR061W	39	5	65	62	55	41	25	53	69	105	16	71	28	27	46	86	41	45	11	45	1.06611801643848
sp|P47121|YJ41_YEAST	4932.YJR071W	8	2	3	2	11	2	3	4	7	19	5	7	4	1	4	16	7	9	2	6	21.8155891081215
sp|P21190|IME1_YEAST	4932.YJR094C	13	3	26	23	26	6	12	19	24	18	3	36	20	22	8	47	25	5	1	23	0.226271770596148
sp|P47144|ECM27_YEAST	4932.YJR106W	45	14	26	29	43	33	15	72	26	106	25	36	28	20	25	84	41	32	10	15	0.949982505647525
sp|P47145|YJ77_YEAST	4932.YJR107W	14	8	16	27	20	26	9	24	21	30	8	14	16	5	15	19	14	25	3	14	0.357756050806912
sp|P47146|ABM1_YEAST	4932.YJR108W	7	2	9	8	5	3	3	10	3	12	2	8	2	0	4	14	14	5	6	6	0.585584868782288
sp|P47151|YJ84_YEAST	4932.YJR114W	13	6	6	4	7	8	4	7	3	12	1	3	6	1	8	21	8	7	2	3	0.750298621392093
sp|P47152|YJ85_YEAST	4932.YJR115W	9	2	9	5	5	4	12	13	7	17	7	6	9	4	9	22	16	7	0	6	3.46623815701036
sp|P47153|TDA4_YEAST	4932.YJR116W	16	4	6	5	24	8	7	19	15	33	13	16	13	5	9	25	19	25	7	10	6.39371498325228
sp|P47156|JHD2_YEAST	4932.YJR119C	18	20	60	39	42	26	17	54	54	72	12	47	41	24	32	51	42	30	8	39	1.90532953370354
sp|P47162|YJ98_YEAST	4932.YJR128W	3	7	3	4	5	6	4	4	4	10	6	4	14	6	10	10	7	8	0	4	4.34883512341447
sp|P47163|YJ99_YEAST	4932.YJR129C	18	10	25	30	11	14	5	22	27	40	8	15	12	12	14	14	20	23	4	15	0.916776896588921
sp|P47168|TTI2_YEAST	4932.YJR136C	11	10	21	25	18	13	7	38	23	65	9	22	14	21	20	34	29	21	5	15	2.63209731759674
sp|P47172|YJ9I_YEAST	4932.YJR141W	10	10	18	26	13	12	4	23	33	33	8	18	10	12	11	36	22	27	9	12	13.4320552008679
sp|P47177|2NDP_YEAST	4932.YJR149W	30	5	23	21	26	26	6	31	31	32	14	23	15	20	16	28	20	25	1	11	0.48770616900876
sp|P47178|DAN1_YEAST	4932.YJR150C	51	2	6	16	6	13	2	14	6	13	4	11	8	5	5	61	41	27	1	6	1.04130017574826
sp|P47179|DAN4_YEAST	4932.YJR151C	74	19	22	62	32	28	5	64	19	41	10	28	59	15	19	261	312	78	1	12	2.58576292628933
sp|P15365|DAL5_YEAST	4932.YJR152W	49	8	18	27	31	29	6	47	34	54	18	25	19	13	18	45	28	39	12	23	1.76218812369641
sp|P47183|THI11_YEAST	4932.YJR156C	24	10	20	23	13	22	5	22	34	33	8	10	18	14	11	15	17	17	4	20	0.422481480896793
sp|Q03051|YD543_YEAST	4932.YJR162C	4	3	1	1	5	4	8	10	7	9	1	9	8	2	1	6	10	2	0	8	0.452390310460436
sp|Q3E7A7|YK018_YEAST	4932.YKL018C-A	2	1	4	5	6	10	1	5	5	9	6	3	1	5	12	7	4	5	3	5	12.572210399326
sp|Q2V2P3|YK023_YEAST	4932.YKL023C-A	3	0	0	3	4	3	2	2	9	7	1	7	5	2	4	7	5	8	0	3	0.71629866479643
sp|P36014|GPX1_YEAST	4932.YKL026C	3	6	5	14	14	9	3	11	18	11	3	12	11	9	5	9	3	13	1	7	1.26122506683722
sp|P36096|TUL1_YEAST	4932.YKL034W	25	10	37	36	49	34	21	62	30	76	19	56	42	30	33	65	35	44	14	40	0.233306265764932
sp|P32859|YKD6_YEAST	4932.YKL036C	2	6	1	9	3	13	2	6	8	20	3	5	8	2	9	10	7	4	4	8	2.22814977774326
sp|P32862|RGT1_YEAST	4932.YKL038W	53	13	56	49	42	71	20	64	62	104	21	98	71	70	46	154	83	58	7	28	0.520723668836998
sp|P36093|PHD1_YEAST	4932.YKL043W	29	2	12	19	9	12	10	23	18	25	8	25	34	19	18	32	31	24	2	14	2.07025834845941
sp|P35736|YKF0_YEAST	4932.YKL050C	70	6	66	87	25	47	14	42	86	69	17	54	31	49	54	89	42	53	2	19	8.08755596617445
sp|P35733|YKF3_YEAST	4932.YKL053W	5	2	1	0	10	5	3	14	4	19	5	5	7	3	14	5	3	12	2	5	1.20306590623059
sp|Q3E826|YK068_YEAST	4932.YKL068W-A	3	0	3	6	3	4	1	1	7	8	4	3	1	8	1	11	7	3	1	3	2.1090536764585
sp|P36087|YKH0_YEAST	4932.YKL070W	7	2	10	12	13	7	7	7	17	11	6	5	10	4	10	14	7	12	4	4	0.81802339161924
sp|P36086|YKH1_YEAST	4932.YKL071W	16	1	12	11	16	19	4	26	21	23	3	14	11	5	6	26	14	18	1	9	1248.43992547685
sp|P36085|STB6_YEAST	4932.YKL072W	25	16	45	53	42	31	13	39	79	81	14	50	21	33	33	79	42	29	12	29	1.32760667414081
sp|P36082|PSY1_YEAST	4932.YKL076C	7	4	2	5	4	4	2	10	15	13	12	2	3	5	4	10	7	5	8	5	0.909488291145601
sp|P36078|HOT13_YEAST	4932.YKL084W	6	11	8	6	5	3	8	7	7	9	3	6	8	3	4	5	3	4	1	9	2.75369391625294
sp|P36077|SRX1_YEAST	4932.YKL086W	15	3	5	7	2	7	1	6	5	12	4	2	11	7	11	9	7	9	0	4	13.2321496394703
sp|Q00873|CYT2_YEAST	4932.YKL087C	9	4	19	13	9	12	6	9	18	15	5	15	13	11	13	17	11	10	8	7	0.485791749057331
sp|P36075|CUE2_YEAST	4932.YKL090W	15	3	34	30	19	17	13	27	46	45	6	35	14	17	16	39	21	29	5	12	0.089245396104943
sp|Q8TGT2|YK096_YEAST	4932.YKL096C-B	1	0	2	2	6	2	0	5	8	5	4	1	1	0	3	3	2	1	0	3	0.619911933120211
sp|P43497|CWP2_YEAST	4932.YKL096W-A	24	0	1	5	3	5	0	4	1	4	3	2	2	6	0	10	15	7	0	0	1116.55031821585
sp|P34245|YKJ7_YEAST	4932.YKL097C	13	9	1	4	10	7	0	7	6	13	4	1	15	3	10	6	9	8	6	4	1.63155645894723
sp|P0C5P2|YK100_YEAST	4932.YKL100W-A	1	0	1	0	1	1	2	3	3	1	1	2	2	2	2	0	3	3	0	1	2.49379699937051
sp|P34249|YKK2_YEAST	4932.YKL102C	6	5	3	4	6	4	3	2	6	13	4	8	3	0	7	12	1	10	0	4	2.17488255606157
sp|Q3E7A0|YK106_YEAST	4932.YKL106C-A	3	0	1	1	2	1	2	5	1	3	3	2	2	0	6	3	2	0	0	2	1.82993591747016
sp|P34251|YKK7_YEAST	4932.YKL107W	21	3	22	19	14	19	4	25	21	24	5	18	10	7	18	28	23	16	4	8	0.257911884999977
sp|P14064|HAP4_YEAST	4932.YKL109W	26	2	51	32	25	11	18	23	44	47	7	70	28	17	16	75	29	19	3	11	1.02645788349191
sp|P36074|YKL1_YEAST	4932.YKL111C	3	3	5	3	2	4	12	4	2	22	2	2	7	3	8	7	4	11	1	6	0.0698450259078325
sp|P36072|YKL8_YEAST	4932.YKL118W	4	4	3	2	13	0	1	11	1	13	2	8	1	4	5	19	5	5	0	2	0.754468699550909
sp|P32341|VPH2_YEAST	4932.YKL119C	6	2	10	20	14	4	3	12	29	27	3	7	5	9	7	17	8	22	2	8	2.46244074912325
sp|P32343|SSH4_YEAST	4932.YKL124W	27	2	45	40	33	39	10	36	39	42	13	43	29	15	25	52	33	31	1	24	0.424818831749889
sp|P36067|YKN1_YEAST	4932.YKL131W	8	11	5	5	11	3	3	13	15	26	4	5	7	3	9	21	7	10	2	5	0.777147566542169
sp|P36001|FOLC_YEAST	4932.YKL132C	21	14	22	24	12	22	9	36	23	54	3	24	17	18	22	35	29	28	5	12	1.59078154465683
sp|P36066|MGR3L_YEAST	4932.YKL133C	23	5	17	43	21	16	10	29	49	62	11	29	13	17	23	35	18	13	8	21	3.07041189827619
sp|P14063|RM31_YEAST	4932.YKL138C	4	1	4	4	6	7	3	5	22	11	4	3	8	8	10	9	7	7	4	4	37.622240009682
sp|P36058|YKP3_YEAST	4932.YKL153W	0	0	10	6	12	11	3	7	1	18	1	9	1	17	9	21	11	21	11	0	0.0148906259518607
sp|Q8TGN0|YK156_YEAST	4932.YKL156C-A	3	2	1	1	3	3	1	0	3	4	1	3	2	1	1	3	2	2	1	1	2.34550157520923
sp|P0C5P5|YK165_YEAST	4932.YKL165C-A	1	1	1	3	9	2	2	3	6	9	3	4	2	4	6	10	2	6	0	3	2.11047843724948
sp|P36004|KKQ8_YEAST	4932.YKL168C	29	16	40	48	26	40	26	38	54	60	12	35	45	26	50	84	28	30	6	31	0.666973313698764
sp|P36050|YKQ9_YEAST	4932.YKL169C	4	9	4	1	11	9	3	9	0	11	1	10	6	5	5	11	11	9	0	8	1.9537096206694
sp|P36003|NNK1_YEAST	4932.YKL171W	42	10	55	43	40	45	26	49	59	85	20	61	52	38	51	136	50	32	9	25	7.33416542675558
sp|P34238|YKR7_YEAST	4932.YKL177W	10	4	3	1	4	3	7	14	9	10	6	3	5	3	2	12	6	8	0	2	1.29644400976879
sp|P06783|STE3_YEAST	4932.YKL178C	20	10	28	16	26	22	11	42	29	52	10	23	17	10	16	46	29	29	12	22	0.151091295047302
sp|P34234|LOT5_YEAST	4932.YKL183W	17	6	24	23	13	24	6	14	9	32	8	24	14	16	14	21	12	14	1	14	17.9620292193848
sp|P34233|ASH1_YEAST	4932.YKL185W	23	11	21	22	20	18	15	27	43	49	8	53	51	18	38	100	34	17	5	15	7.15044891748921
sp|P36002|PTK1_YEAST	4932.YKL198C	45	12	36	26	31	30	27	31	45	49	12	30	56	12	34	77	45	37	6	21	2.77291494178701
sp|P36044|MNN4_YEAST	4932.YKL201C	35	6	78	127	61	36	23	59	147	121	12	96	45	47	45	79	54	40	13	54	0.5068086660106
sp|P36038|CBT1_YEAST	4932.YKL208W	7	3	11	15	10	14	6	15	21	33	6	19	10	10	16	31	14	14	4	12	0.367590808526476
sp|P36033|FRE2_YEAST	4932.YKL220C	56	15	21	31	42	47	18	44	47	71	16	29	28	15	28	50	42	57	11	43	0.84193293000605
sp|P36032|MCH2_YEAST	4932.YKL221W	37	8	14	12	31	47	11	43	15	63	11	17	10	13	18	37	25	29	12	20	1.93389536402843
sp|Q02203|YKY5_YEAST	4932.YKR005C	27	13	35	34	27	26	6	25	36	45	7	31	18	18	23	55	49	30	5	15	0.189507520332235
sp|P36109|YKZ2_YEAST	4932.YKR012C	12	6	4	6	8	4	1	11	4	5	4	5	3	3	10	6	16	9	3	5	0.985988823930149
sp|P36111|YKZ5_YEAST	4932.YKR015C	24	10	34	51	21	18	12	37	63	37	20	44	22	22	34	34	21	38	5	21	3.25018965467498
sp|P36113|YKZ7_YEAST	4932.YKR017C	23	27	32	47	27	23	20	32	45	48	12	36	16	13	18	45	30	26	10	21	2.02471237225411
sp|P36116|VPS51_YEAST	4932.YKR020W	8	0	10	26	2	5	3	11	18	18	1	16	3	6	7	10	9	7	0	4	11.1033474696739
sp|P36118|NTR2_YEAST	4932.YKR022C	12	2	27	33	5	14	6	30	36	28	9	23	11	12	16	30	13	10	1	4	0.823257154407124
sp|P36125|GMH1_YEAST	4932.YKR030W	10	4	10	4	27	14	6	29	10	37	7	20	10	13	11	25	7	7	5	17	0.977875261352299
sp|P36128|YK13_YEAST	4932.YKR033C	5	2	2	6	15	9	3	7	3	24	2	5	9	3	5	18	7	12	3	1	7.12088872994145
sp|P26343|DAL80_YEAST	4932.YKR034W	7	8	12	19	7	12	9	12	27	33	2	21	19	7	10	24	21	13	2	4	2.53652718869446
sp|P36137|UIP5_YEAST	4932.YKR044W	19	3	27	25	24	25	14	34	25	46	11	27	14	22	23	33	28	21	7	15	1.22205691428561
sp|P36138|YK25_YEAST	4932.YKR045C	7	1	10	5	4	6	4	9	7	9	1	11	13	13	18	32	20	11	2	0	6.48937827378018
sp|P36140|YK27_YEAST	4932.YKR047W	4	4	1	1	2	1	5	9	2	12	6	3	10	4	15	2	7	4	0	9	2.68158503557857
sp|P28584|TRK2_YEAST	4932.YKR050W	45	11	44	34	57	46	21	56	56	90	23	34	45	36	55	93	54	49	12	28	0.00684653597331774
sp|P23501|DS1P2_YEAST	4932.YKR053C	17	11	18	17	27	24	14	22	15	49	9	8	18	8	21	31	26	37	12	20	0.195995220256122
sp|P33550|KTR2_YEAST	4932.YKR061W	17	10	28	30	36	19	7	20	23	41	11	26	14	15	27	32	17	16	10	26	1.31533634215207
sp|P36155|YK55_YEAST	4932.YKR075C	8	5	23	23	9	4	21	23	20	25	8	27	7	12	14	34	17	12	5	10	10.0975434901569
sp|P36157|MSA2_YEAST	4932.YKR077W	19	0	14	8	14	10	6	20	23	31	10	36	33	18	16	57	27	14	1	6	3.36445949548019
sp|P36158|YK58_YEAST	4932.YKR078W	18	5	46	45	32	12	11	51	55	55	9	38	20	28	27	58	26	27	9	13	2.47711284871858
sp|P36167|SRL3_YEAST	4932.YKR091W	16	2	11	18	9	3	7	9	18	19	4	15	22	7	13	35	19	13	2	4	0.286197146219763
sp|P22281|ALDHX_YEASX	4932.YKR096W	36	11	19	34	20	27	16	42	29	54	9	28	23	16	29	46	38	36	4	16	0.276900265637448
sp|P21691|SIR1_YEAST	4932.YKR101W	29	12	40	47	29	15	9	44	67	77	15	35	25	27	39	38	30	40	8	28	3.57471338077201
sp|P36170|FLO10_YEAST	4932.YKR102W	72	35	30	85	30	38	9	42	31	38	13	45	49	18	11	283	194	90	9	47	4.61567161735816
sp|C8ZCR2|NFT1_YEAS8	4932.YKR103W	88	26	74	78	93	82	17	142	98	180	35	78	41	43	75	154	95	80	25	54	0.0654905740700045
sp|A7A063|NFT1_YEAS7	4932.YKR104W	89	25	73	80	94	80	17	144	97	176	35	79	43	44	76	153	94	81	25	53	0.0210209586923766
sp|Q3E731|COX19_YEAST	4932.YLL018C-A	5	4	9	6	1	7	3	1	6	11	6	7	7	4	5	6	4	1	1	4	58.179266921337
sp|Q8TGM8|YL019_YEAST	4932.YLL019W-A	0	0	0	0	2	0	1	0	1	3	2	3	6	0	2	4	3	1	2	0	8.28640780229341
sp|Q07811|YL020_YEAST	4932.YLL020C	1	3	1	0	13	6	2	8	4	15	4	5	4	5	3	12	6	3	3	3	3.44676790758361
sp|Q07879|ATG10_YEAST	4932.YLL042C	2	3	11	12	6	7	5	14	7	26	4	7	6	10	6	13	8	6	6	8	0.604289409842155
sp|Q07881|YL047_YEAST	4932.YLL047W	1	5	2	3	20	8	3	11	8	11	2	5	2	6	4	13	7	9	0	7	0.362052270189005
sp|Q07887|LDB18_YEAST	4932.YLL049W	9	5	14	11	12	6	1	15	10	24	4	12	3	12	7	13	4	7	1	9	2.82937404504953
sp|Q12473|FRE6_YEAST	4932.YLL051C	37	13	25	26	55	31	29	67	38	83	8	45	28	16	28	62	35	40	15	31	0.449319876650664
sp|C8ZCS2|YLL53_YEAS8	4932.YLL053C	23	2	2	5	8	15	3	7	5	18	8	4	6	4	5	7	11	8	5	6	6.00849242853372
sp|Q12235|YCT1_YEAST	4932.YLL055W	48	4	18	22	42	32	3	52	24	64	12	25	22	20	15	40	32	32	11	13	1.7326811377702
sp|Q12177|YL056_YEAST	4932.YLL056C	27	4	18	18	13	29	7	21	22	27	3	10	11	10	13	21	12	25	2	5	1.3708843536274
sp|Q12358|JLP1_YEAST	4932.YLL057C	23	1	28	28	20	23	19	19	26	40	1	19	27	18	22	30	21	26	5	16	2.14531895280721
sp|Q12336|YL059_YEAST	4932.YLL059C	5	6	3	8	12	9	6	12	10	21	5	11	4	8	8	14	8	12	1	5	0.376395010483638
sp|Q12372|MMP1_YEAST	4932.YLL061W	44	17	19	22	39	48	8	54	20	54	16	19	21	12	25	63	25	41	10	26	5.86430124955917
sp|Q12226|AYT1_YEAST	4932.YLL063C	25	9	29	24	16	26	7	33	30	50	12	23	24	17	23	44	34	30	7	11	1.85834569646609
sp|Q99339|GIN11_YEAST	4932.YLL065W	1	3	1	0	7	3	12	12	8	12	2	6	13	2	1	9	12	3	0	9	0.559175116528431
sp|Q07904|THI73_YEAST	4932.YLR004C	38	14	17	22	30	33	9	47	31	55	15	22	13	19	15	38	39	34	7	25	0.700994567038464
sp|Q07921|TEN1_YEAST	4932.YLR010C	3	5	11	9	12	9	5	15	10	16	5	12	5	4	10	11	2	11	1	4	3.2067902341272
sp|Q07928|GAT3_YEAST	4932.YLR013W	6	6	3	8	4	7	3	8	15	9	1	8	8	5	10	8	12	14	1	5	0.180559709958193
sp|P07272|PPR1_YEAST	4932.YLR014C	45	16	55	54	53	42	11	58	64	71	22	58	42	24	45	92	54	52	10	36	2.13029109280245
sp|Q07959|IZH3_YEAST	4932.YLR023C	24	8	19	22	35	22	18	36	33	46	13	23	22	12	24	71	36	34	14	31	0.162520013408265
sp|Q07967|YL030_YEAST	4932.YLR030W	8	3	11	31	10	14	7	16	22	17	6	18	14	14	14	27	12	13	1	5	0.854473249148727
sp|Q07978|YL031_YEAST	4932.YLR031W	7	2	10	20	11	4	2	12	16	25	2	14	4	8	16	15	9	7	1	1	0.990106018322985
sp|Q07980|MLH2_YEAST	4932.YLR035C	29	9	41	49	22	31	10	52	61	71	15	45	30	17	33	73	47	36	6	18	3.16930559244426
sp|Q07986|YL036_YEAST	4932.YLR036C	11	8	5	9	16	9	3	19	21	23	5	9	6	6	7	14	11	10	2	9	0.529226922911382
sp|Q07989|YL041_YEAST	4932.YLR041W	10	3	4	7	4	3	1	5	11	9	4	8	1	4	6	8	4	7	2	5	1.24103178214932
sp|Q12253|YL046_YEAST	4932.YLR046C	14	3	6	10	23	13	5	25	11	39	10	12	7	10	13	22	13	20	5	9	0.093534236988978
sp|Q12209|FRE8_YEAST	4932.YLR047C	28	12	30	26	41	33	29	59	33	80	10	36	39	16	41	55	39	39	11	29	0.56233443102278
sp|Q12110|YL049_YEAST	4932.YLR049C	12	7	28	20	21	11	12	35	28	51	6	44	15	11	22	44	25	16	4	16	0.357590779608992
sp|Q12202|OSW2_YEAST	4932.YLR054C	33	19	49	46	31	42	19	48	51	83	11	37	26	25	36	61	41	29	5	32	3.13521974754815
sp|P32522|PT309_YEAST	4932.YLR067C	51	11	48	48	43	30	26	74	86	115	36	55	28	40	43	71	54	42	14	50	0.608981019709198
sp|Q08003|RFU1_YEAST	4932.YLR073C	15	3	8	9	9	2	2	14	14	22	2	12	10	16	10	25	10	6	0	11	12.2403882517193
sp|Q08018|YL076_YEAST	4932.YLR076C	1	0	10	8	8	6	2	2	2	21	3	8	2	10	6	19	14	14	4	0	2.46059855467762
sp|Q12150|CSF1_YEAST	4932.YLR087C	120	30	191	198	166	128	68	210	210	295	65	150	116	88	115	281	185	190	43	109	1.6065479004793
sp|Q12393|GEP5_YEAST	4932.YLR091W	21	2	10	14	13	5	13	14	16	37	4	17	18	14	17	23	23	15	6	11	1.50467471185401
sp|Q12325|SUL2_YEAST	4932.YLR092W	61	14	49	42	45	53	17	63	52	79	10	46	48	21	32	81	51	70	17	42	0.434017786197317
sp|Q12418|GIS3_YEAST	4932.YLR094C	26	6	35	30	14	16	15	24	43	48	9	27	23	12	28	66	38	27	7	8	1.73896774586456
sp|Q12385|ICT1_YEAST	4932.YLR099C	24	5	19	18	19	16	13	25	34	30	9	26	21	14	14	28	27	26	7	19	1.40260534792536
sp|Q12107|APC9_YEAST	4932.YLR102C	8	6	22	25	10	11	10	12	16	27	6	23	12	5	19	21	10	11	2	9	0.834731884835291
sp|Q12528|YL111_YEAST	4932.YLR111W	8	1	3	1	14	9	3	6	7	10	2	4	8	3	7	7	6	4	3	4	0.22225581499386
sp|Q12130|YL112_YEAST	4932.YLR112W	15	6	2	2	15	7	6	10	6	14	3	4	7	4	13	9	2	9	2	3	1.49153168884243
sp|Q12138|YL125_YEAST	4932.YLR125W	7	2	10	22	2	9	2	5	10	12	3	7	6	2	4	16	5	6	3	3	1.83524501367507
sp|Q12440|APC2_YEAST	4932.YLR127C	27	12	56	54	47	22	20	63	67	113	18	69	31	28	35	56	50	38	13	34	2.84942646080722
sp|Q12208|USB1_YEAST	4932.YLR132C	14	5	12	21	14	6	8	25	18	28	6	18	17	17	13	28	15	8	2	15	0.449698668974523
sp|P47977|CTH2_YEAST	4932.YLR136C	12	9	11	17	9	11	3	8	31	24	3	20	18	23	8	32	18	12	3	13	1.97252867395565
sp|Q99271|NAH1_YEAST	4932.YLR138W	63	12	56	82	38	78	14	69	57	92	23	49	43	21	58	86	52	55	15	22	24.8996849263429
sp|Q12077|YL140_YEAST	4932.YLR140W	4	4	1	7	8	7	3	6	8	10	3	5	3	6	7	9	9	2	1	5	0.413396004419626
sp|Q2V2P1|YL146_YEAST	4932.YLR146W-A	5	1	4	7	2	0	1	3	4	4	2	5	0	6	3	6	8	1	0	0	0.342093828681544
sp|Q99296|YL149_YEAST	4932.YLR149C	34	10	49	34	33	32	21	40	26	45	15	74	38	26	44	88	41	40	8	32	0.22685421739512
sp|P0C5P8|YL49A_YEAST	4932.YLR149C-A	0	2	0	1	2	2	0	1	2	3	2	3	1	1	2	3	1	0	1	1	4.74337391441798
sp|Q12524|PCD1_YEAST	4932.YLR151C	8	5	22	28	18	23	11	20	26	41	13	14	14	7	19	24	9	17	7	14	2.0191231096248
sp|P54072|YL152_YEAST	4932.YLR152C	41	11	25	27	36	37	7	55	29	56	17	27	25	9	21	52	37	33	8	23	0.168125301347455
sp|Q3E813|YL154_YEAST	4932.YLR154C-G	2	3	1	3	2	4	1	1	0	7	2	2	3	1	9	3	0	0	5	0	2.07219625805916
sp|Q8TGM7|ART2_YEAST	4932.YLR154W-A	0	1	3	3	3	4	3	2	0	6	2	5	11	4	3	2	2	5	0	2	2.61824612074893
sp|Q8TGM7|ART2_YEAST	4932.YLR162W-A	0	1	3	3	3	4	3	2	0	6	2	5	11	4	3	2	2	5	0	2	1.97167588911807
sp|P0C5P9|YL54B_YEAST	4932.YLR154W-B	0	1	2	0	1	4	3	4	2	11	1	2	3	1	8	4	2	4	1	0	9.39801277259372
sp|Q8TGM6|TAR1_YEAST	4932.YLR154W-C	5	3	3	3	13	5	7	2	5	7	4	8	10	6	10	15	13	1	0	4	0.345961470182317
sp|Q8TGM5|ART3_YEAST	4932.YLR154W-E	2	1	4	1	4	2	1	6	4	6	4	4	6	1	8	6	2	4	0	1	21.359119937713
sp|Q3E768|YL15A_YEAST	4932.YLR159C-A	5	1	1	1	2	3	0	0	3	4	1	1	2	1	2	3	8	2	2	1	0.558793677249376
sp|Q06235|YL162_YEAST	4932.YLR162W	11	4	4	3	4	2	4	3	6	16	3	5	12	2	10	14	10	3	1	1	2.49548603959274
sp|Q06236|YL164_YEAST	4932.YLR164W	9	3	4	6	9	12	6	13	10	20	3	2	11	5	7	20	9	10	2	7	2.98633157947224
sp|Q06244|PUS5_YEAST	4932.YLR165C	5	5	8	16	11	17	12	21	22	22	3	19	15	12	13	12	15	14	3	9	0.703853343459949
sp|O13562|YL171_YEAST	4932.YLR171W	5	5	2	1	8	3	2	11	6	18	3	6	4	2	4	19	9	10	3	8	3.27680290603584
sp|Q06247|YL173_YEAST	4932.YLR173W	20	7	49	33	32	30	14	56	29	72	12	50	25	29	23	34	38	33	14	8	0.170753547027811
sp|P48743|RFX1_YEAST	4932.YLR176C	31	13	29	39	39	22	15	57	58	81	16	75	62	33	24	116	43	33	4	21	3.34588098875878
sp|Q06266|TOS4_YEAST	4932.YLR183C	17	8	27	28	20	21	12	24	44	38	11	29	30	20	30	64	23	25	1	17	2.78115464192422
sp|Q06267|YL184_YEAST	4932.YLR184W	2	1	0	6	10	7	4	8	12	12	3	7	7	2	14	6	8	5	0	1	4.58271976228819
sp|P80667|PEX13_YEAST	4932.YLR191W	25	0	12	25	20	39	3	25	26	26	13	30	21	10	16	40	21	9	4	21	4.57722444028606
sp|Q05777|YL194_YEAST	4932.YLR194C	23	1	6	10	3	16	1	7	12	12	2	11	6	9	0	52	52	21	4	6	18.2286167970698
sp|Q05779|COQ9_YEAST	4932.YLR201C	13	2	9	18	14	11	12	14	19	30	9	10	14	7	12	27	13	11	2	13	15.454002311543
sp|O13531|YL202_YEAST	4932.YLR202C	4	3	1	3	14	3	3	15	3	9	2	10	5	1	7	5	6	5	2	7	0.0631130854887949
sp|P32344|COX24_YEAST	4932.YLR204W	5	1	1	4	2	8	1	4	13	8	11	4	5	4	14	7	12	5	1	1	4.99969291856091
sp|P32339|HMX1_YEAST	4932.YLR205C	17	3	11	25	23	12	6	27	21	39	7	19	8	12	16	18	22	12	5	14	0.81088195898736
sp|P24871|CG24_YEAST	4932.YLR210W	24	3	38	39	20	13	10	34	22	41	9	23	18	27	27	29	23	31	7	22	0.957499287675757
sp|Q05789|YL211_YEAST	4932.YLR211C	11	1	12	23	4	9	0	19	24	25	6	26	5	15	9	15	8	7	2	5	0.228155953678984
sp|Q05790|CRR1_YEAST	4932.YLR213C	24	10	23	24	16	30	7	28	31	23	7	19	29	14	18	34	28	28	12	17	0.120131545620957
sp|O13532|YL217_YEAST	4932.YLR217W	4	1	1	4	12	3	5	12	7	9	1	5	0	4	6	12	9	6	1	5	1.10639418440943
sp|Q05947|YL224_YEAST	4932.YLR224W	17	7	17	23	13	16	10	32	22	37	5	22	23	14	15	29	15	19	9	24	2.70405825659434
sp|Q05955|ADY4_YEAST	4932.YLR227C	22	16	35	32	31	15	10	42	46	57	13	32	15	21	14	24	18	21	6	23	0.0534018161070929
sp|O13546|YL232_YEAST	4932.YLR232W	6	3	6	3	7	10	2	6	6	14	4	3	5	2	2	22	7	3	0	4	0.459945387537395
sp|Q06541|ARV1_YEAST	4932.YLR242C	10	8	14	9	18	4	7	33	25	50	7	17	9	8	9	25	16	19	9	24	0.728326620613363
sp|Q06551|ERFB_YEAST	4932.YLR246W	16	11	9	14	22	23	15	30	19	37	7	18	18	8	21	28	20	21	8	14	0.997668694550398
sp|Q06568|NDE1_YEAST	4932.YLR254C	8	2	8	21	1	2	2	12	16	25	3	15	3	15	9	18	19	8	0	2	10.2490585651812
sp|O13574|YL255_YEAST	4932.YLR255C	6	4	0	4	4	11	2	6	11	7	3	3	4	5	17	10	4	8	1	7	0.919874233732975
sp|O13549|VPS63_YEAST	4932.YLR261C	5	2	0	3	2	1	0	6	16	13	5	5	3	10	9	9	5	7	3	4	3.01022887593811
sp|O13550|YL269_YEAST	4932.YLR269C	3	3	5	3	5	3	1	8	8	17	5	7	5	3	9	8	5	9	1	8	2.97021253193273
sp|Q06152|YL271_YEAST	4932.YLR271W	8	4	20	31	7	13	3	18	30	17	14	22	12	5	19	20	13	7	2	9	4.02662170522108
sp|O13540|YL279_YEAST	4932.YLR279W	14	6	2	2	11	5	4	3	2	12	2	2	10	3	20	10	7	10	1	3	5.52686287415944
sp|O13541|YL280_YEAST	4932.YLR280C	12	2	0	6	1	8	1	3	8	8	2	7	6	0	20	17	5	5	1	4	3.59011962449587
sp|Q05863|YL281_YEAST	4932.YLR281C	13	3	2	19	3	7	3	4	14	12	5	4	7	10	24	10	5	7	1	2	8.30353716236683
sp|O13543|YL294_YEAST	4932.YLR294C	3	1	2	4	11	0	3	6	13	16	4	6	3	8	2	12	6	2	1	6	1.45572818067
sp|Q05898|YL296_YEAST	4932.YLR296W	10	3	1	2	8	5	4	8	11	8	3	3	2	6	8	11	8	5	0	2	1.7042971079631
sp|Q05899|YL297_YEAST	4932.YLR297W	6	1	10	9	6	9	3	12	9	17	3	9	2	3	1	16	3	10	0	0	1.149893581682
sp|Q05900|RU1C_YEAST	4932.YLR298C	8	4	11	11	5	9	12	13	28	16	4	16	9	7	21	23	14	8	1	11	2.75732002280701
sp|O13544|YL302_YEAST	4932.YLR302C	3	3	6	5	7	4	6	7	8	15	4	4	3	3	7	10	12	6	2	5	0.349335175408927
sp|Q06702|CDA1_YEAST	4932.YLR307W	15	7	23	21	17	17	6	26	14	27	5	14	16	11	13	12	24	14	8	11	1.23048252035868
sp|Q06703|CDA2_YEAST	4932.YLR308W	13	8	28	14	15	16	14	26	15	28	3	16	15	17	10	22	20	15	9	8	0.26230135765376
sp|Q06158|YL311_YEAST	4932.YLR311C	1	3	1	4	14	3	3	7	5	23	1	5	6	1	7	11	3	7	0	10	2.51592359529242
sp|Q06159|YL312_YEAST	4932.YLR312C	13	4	28	20	21	20	13	15	42	40	11	18	6	15	29	50	14	16	9	14	0.236357229957487
sp|Q06160|SPH1_YEAST	4932.YLR313C	29	7	40	40	24	25	8	53	56	66	13	43	27	24	35	77	42	39	1	12	1.12068341180588
sp|O13553|YL317_YEAST	4932.YLR317W	7	7	1	3	11	4	9	3	4	12	2	3	9	8	12	22	13	5	3	6	0.497694565399654
sp|Q06163|TERT_YEAST	4932.YLR318W	32	18	39	40	59	23	22	83	75	100	14	68	32	37	36	69	49	48	8	32	0.00978074977257993
sp|Q06164|MMS22_YEAST	4932.YLR320W	74	19	98	103	90	35	32	100	109	166	22	89	53	58	68	141	64	75	12	46	2.56498693672133
sp|O94084|OPI9_YEAST	4932.YLR338W	32	9	13	14	14	63	0	20	3	32	4	6	20	3	8	13	15	11	2	3	3.24285702365656
sp|O94085|YL339_YEAST	4932.YLR339C	14	4	2	6	9	8	0	10	17	31	5	8	13	1	4	17	18	9	3	4	2.04974123902184
sp|Q06134|SPO77_YEAST	4932.YLR341W	14	9	33	39	35	15	9	43	35	44	7	44	11	22	13	46	20	22	5	11	0.535388194853362
sp|Q3E810|YL342_YEAST	4932.YLR342W-A	2	1	0	2	6	2	1	7	2	6	2	5	2	1	2	6	1	6	0	3	1.06457931214905
sp|Q06135|GAS2_YEAST	4932.YLR343W	35	16	32	49	31	35	9	37	37	41	10	34	25	8	18	51	22	31	4	30	0.101000806033399
sp|O94086|YL349_YEAST	4932.YLR349W	19	6	3	4	7	7	5	10	9	14	5	8	15	2	6	14	11	10	0	13	0.543302563635362
sp|P41698|BUD8_YEAST	4932.YLR353W	27	5	31	46	19	34	16	42	31	39	10	36	39	19	35	90	43	28	3	10	0.098616534599577
sp|O13565|YL358_YEAST	4932.YLR358C	5	8	7	8	13	14	5	15	8	21	2	10	10	0	8	30	9	11	1	2	1.58300965900154
sp|Q05919|VPS38_YEAST	4932.YLR360W	13	5	24	24	19	17	11	41	38	59	8	22	12	22	20	43	19	18	2	22	0.556978990719488
sp|Q12129|NMD4_YEAST	4932.YLR363C	9	6	14	18	14	9	2	18	18	20	7	17	6	5	11	19	9	7	4	5	44.8597534010155
sp|P0C5Q1|YL64A_YEAST	4932.YLR364C-A	1	1	2	0	2	1	2	3	1	4	3	1	2	0	4	5	3	3	1	1	1.68994401616383
sp|Q7LIF2|YL365_YEAST	4932.YLR365W	5	2	3	1	8	5	7	7	12	18	1	3	2	5	8	11	6	4	0	2	1.72219189093957
sp|Q7LIF1|YL366_YEAST	4932.YLR366W	1	2	1	3	10	1	5	7	6	7	1	6	4	3	13	15	6	4	3	3	0.721635303654732
sp|O13545|YL374_YEAST	4932.YLR374C	13	6	4	4	6	8	6	8	6	13	4	6	6	3	7	10	9	6	1	3	4.55723618995235
sp|Q12318|PSY3_YEAST	4932.YLR376C	5	4	14	15	13	10	2	27	18	29	5	17	8	9	13	18	10	12	3	10	1.96387479400657
sp|Q12749|SMC6_YEAST	4932.YLR383W	64	11	72	105	36	47	14	86	101	99	23	75	18	67	76	88	52	49	3	28	1.97871501188721
sp|Q06032|CST9_YEAST	4932.YLR394W	12	10	11	16	15	15	14	27	36	55	7	49	33	25	28	74	27	20	0	8	0.371370695157663
sp|Q8TGM1|YL399_YEAST	4932.YLR399W-A	2	2	1	0	2	2	0	3	1	7	3	1	2	0	1	4	2	1	0	0	1.66495402366351
sp|Q06058|FLD1_YEAST	4932.YLR404W	6	5	14	13	17	15	6	32	15	39	6	15	14	14	13	25	12	13	2	9	3.93660065626662
sp|Q06071|BL1S1_YEAST	4932.YLR408C	3	2	6	11	3	1	3	9	11	16	6	10	4	5	7	8	6	5	1	5	1.25805597769418
sp|Q06688|SRR1L_YEAST	4932.YLR412W	16	3	20	20	15	6	7	18	31	29	2	16	14	7	8	20	14	13	3	12	18.0668332016105
sp|O13578|YL415_YEAST	4932.YLR415C	12	2	0	3	4	5	5	3	6	14	3	1	6	5	7	12	7	12	2	3	4.45600465364531
sp|Q06695|YL416_YEAST	4932.YLR416C	7	5	5	4	11	6	11	4	8	9	1	2	13	6	5	18	5	9	0	3	2.74094249799742
sp|Q06410|ATG17_YEAST	4932.YLR423C	12	4	36	36	17	12	3	32	43	51	6	33	5	26	14	22	24	25	4	12	1.25323129867272
sp|Q06411|SP382_YEAST	4932.YLR424W	17	8	55	65	31	28	17	50	62	83	18	31	22	22	28	54	39	33	13	32	5.18819248432699
sp|Q06412|TUS1_YEAST	4932.YLR425W	62	19	78	87	78	49	26	92	100	117	20	82	68	42	57	127	73	72	13	45	0.646567673189664
sp|O13564|YL428_YEAST	4932.YLR428C	9	2	1	4	12	0	4	6	7	13	1	4	9	2	6	16	6	6	2	4	0.912310875639925
sp|O13577|DIF1_YEAST	4932.YLR437C	9	0	7	7	2	4	2	4	4	10	6	3	9	22	10	14	8	8	2	2	3.85478857992862
sp|O13560|YL444_YEAST	4932.YLR444C	6	6	4	3	6	5	0	7	2	17	3	6	4	1	3	17	2	7	1	0	1.82664504577373
sp|Q06201|GMC2_YEAST	4932.YLR445W	6	3	15	22	4	2	3	14	15	14	8	15	5	14	10	13	11	6	4	4	2.44934530408906
sp|Q06204|YL446_YEAST	4932.YLR446W	26	11	15	28	28	19	9	47	22	42	6	33	16	18	12	33	23	25	3	17	0.625047631872662
sp|Q06208|RIF2_YEAST	4932.YLR453C	12	5	20	24	23	6	9	29	43	40	12	25	13	14	13	45	18	29	0	15	2.33677575354749
sp|Q06188|YL455_YEAST	4932.YLR455W	12	4	18	29	15	9	6	15	38	29	1	22	18	10	21	21	11	16	3	6	27.2826892200561
sp|Q06199|YL456_YEAST	4932.YLR456W	8	3	12	12	11	3	6	18	14	16	4	18	6	6	6	22	14	17	1	7	0.319794550517973
sp|O13558|BSC3_YEAST	4932.YLR465C	1	1	3	4	10	4	7	9	7	7	1	8	4	7	5	12	4	5	2	1	0.65234007341245
sp|C8ZEK4|U507_YEAS8	4932.YML002W	50	15	59	77	62	33	35	79	80	139	20	82	34	32	40	89	67	43	7	47	0.842685944469968
sp|C8ZEK4|U507_YEAS8	4932.YML003W	50	15	59	77	62	33	35	79	80	139	20	82	34	32	40	89	67	43	7	47	5.64786668892473
sp|Q04233|GIS4_YEAST	4932.YML006C	23	3	64	50	23	27	23	43	41	61	12	78	31	28	27	117	58	29	7	29	0.436988254693305
sp|Q6B0Y1|YM009_YEAST	4932.YML009W-B	11	1	0	10	0	16	7	7	6	20	7	5	12	10	5	2	9	29	0	1	8.51781528767711
sp|Q03730|YMB8_YEAST	4932.YML018C	26	4	16	18	33	21	7	29	19	48	9	20	10	6	10	37	31	33	6	10	71.0611968872499
sp|Q03703|YMD7_YEAST	4932.YML037C	14	4	28	24	14	19	8	15	41	18	7	16	20	20	9	42	21	12	5	3	3.37545360817032
sp|Q03697|YMD8_YEAST	4932.YML038C	21	5	15	18	32	27	7	37	21	57	10	25	16	16	12	38	26	37	7	15	37.6718227066702
sp|Q04689|AIM32_YEAST	4932.YML050W	17	5	17	16	17	18	18	21	23	32	6	21	17	15	15	15	11	12	5	10	0.438267678562062
sp|Q6Q5K6|HUG1_YEAST	4932.YML058W-A	2	1	6	1	3	5	1	3	5	6	3	6	3	3	3	6	4	6	0	1	0.603585186145205
sp|P53397|OGG1_YEAST	4932.YML060W	24	8	20	24	12	21	9	30	35	36	10	19	7	14	17	28	22	20	7	13	5.87189934207859
sp|Q04658|SMA2_YEAST	4932.YML066C	21	6	16	16	21	24	5	22	24	48	9	20	13	5	12	32	25	33	4	13	0.928924546708772
sp|Q04638|ITT1_YEAST	4932.YML068W	19	31	26	47	23	18	8	28	38	48	17	16	13	13	23	26	20	25	3	22	1.31899181896534
sp|Q04526|YMI3_YEAST	4932.YML083C	22	12	15	19	21	13	22	34	28	35	7	24	34	17	21	34	26	23	1	10	1.38092903060756
sp|Q04521|YMI4_YEAST	4932.YML084W	3	5	4	1	9	4	2	11	6	11	2	6	2	2	2	8	4	8	2	10	12.0652951061279
sp|Q04516|AIM33_YEAST	4932.YML087C	10	5	11	19	14	21	11	19	24	33	7	15	17	8	11	15	20	29	4	19	0.63279104908332
sp|Q04502|YMI9_YEAST	4932.YML089C	10	3	3	5	10	3	3	7	6	14	3	4	8	5	9	10	8	4	2	5	1.41476455454552
sp|Q04501|YMJ0_YEAST	4932.YML090W	6	5	1	6	12	3	1	9	8	17	3	13	3	2	4	8	5	12	3	7	0.72298381289335
sp|P11747|TAF13_YEAST	4932.YML098W	12	2	15	17	5	6	1	4	21	16	2	11	4	11	9	9	11	7	0	4	7.8072725317903
sp|Q6B2I9|YM099_YEAST	4932.YML099W-A	6	2	1	2	8	2	3	11	9	14	3	10	9	4	2	8	4	4	2	5	2.3028375163302
sp|Q6B0Z2|YM101_YEAST	4932.YML101C-A	7	3	3	5	5	8	2	8	4	9	4	3	5	2	4	17	5	7	1	3	1.93925461311967
sp|Q01846|MDM1_YEAST	4932.YML104C	41	7	71	81	69	39	23	83	92	148	22	78	35	46	46	103	50	53	7	33	0.478782517139777
sp|Q03760|PML39_YEAST	4932.YML107C	11	11	16	23	11	14	12	19	33	47	5	18	8	13	19	24	14	15	7	14	1.29378644820686
sp|Q03759|YMK8_YEAST	4932.YML108W	1	1	10	16	6	4	2	8	13	11	4	7	3	0	1	4	3	8	1	2	17.5506523314075
sp|P13483|DATI_YEAST	4932.YML113W	17	0	12	6	5	16	11	8	12	16	5	20	19	25	14	33	16	8	0	5	22.4970775912978
sp|P13090|ATR1_YEAST	4932.YML116W	38	6	13	17	41	49	5	58	17	54	21	25	16	20	13	48	29	36	12	24	42.4078829792484
sp|Q6B108|YM116_YEAST	4932.YML116W-A	6	3	4	3	5	2	2	7	6	14	2	4	6	6	10	6	6	2	2	4	1.04233609913439
sp|Q03210|NGL3_YEAST	4932.YML118W	22	6	29	36	21	33	20	31	39	45	8	29	27	27	25	39	19	25	8	16	1.32137681174222
sp|Q03207|YMM2_YEAST	4932.YML122C	11	8	2	5	6	5	3	6	4	10	3	7	4	5	14	15	6	4	2	6	3.04151099036464
sp|Q03675|YMO7_YEAST	4932.YMR007W	7	6	3	5	8	8	2	10	16	11	2	2	2	6	13	8	6	8	0	3	5.54628559030129
sp|Q03687|YMP0_YEAST	4932.YMR010W	21	4	27	13	32	14	5	38	25	57	7	15	14	19	10	36	24	14	8	22	26.2626277204145
sp|P20048|SEC59_YEAST	4932.YMR013C	17	8	17	16	37	26	8	68	25	81	12	24	17	15	18	45	33	29	7	16	1.18022891881838
sp|Q04359|SPO20_YEAST	4932.YMR017W	20	7	25	34	10	14	16	21	35	36	7	28	9	26	37	29	14	16	2	11	2.39433750450161
sp|Q04364|YMP8_YEAST	4932.YMR018W	32	8	21	35	21	20	15	39	46	46	11	56	13	22	16	47	18	17	6	25	0.0843311851670782
sp|P35192|MAC1_YEAST	4932.YMR021C	25	19	25	24	17	18	14	28	29	27	9	20	22	17	18	47	32	13	3	10	7.83872716111167
sp|P32559|MSS1_YEAST	4932.YMR023C	28	6	37	26	22	26	8	55	40	53	6	27	15	19	24	63	28	30	1	12	0.535953220479796
sp|Q04368|CSI1_YEAST	4932.YMR025W	7	4	23	22	11	8	3	36	27	33	7	24	6	19	10	17	14	12	3	9	0.14417361544672
sp|Q3E760|YM030_YEAST	4932.YMR030W-A	2	1	1	2	12	5	2	13	11	9	1	6	2	0	6	8	5	6	0	4	0.591197320295777
sp|Q6Q572|YM031_YEAST	4932.YMR031W-A	9	2	3	4	7	7	2	7	3	9	2	1	9	4	7	14	5	7	0	6	0.432591780463051
sp|Q05131|YMS4_YEAST	4932.YMR034C	33	14	10	13	33	33	6	37	22	45	11	20	16	16	13	32	23	29	7	21	1.82347994200022
sp|P46972|IMP2_YEAST	4932.YMR035W	7	2	9	3	8	11	3	15	13	16	2	11	14	4	10	13	14	13	6	3	1.35147667568619
sp|P23748|MPIP_YEAST	4932.YMR036C	13	10	37	33	35	20	17	26	31	45	10	50	30	20	39	86	23	14	0	15	1.38803487572394
sp|Q04210|YET2_YEAST	4932.YMR040W	6	1	5	5	8	5	0	20	13	18	7	7	4	6	14	10	5	12	3	11	0.785767690157195
sp|Q6B0Y6|YM052_YEAST	4932.YMR052C-A	3	2	2	3	19	7	5	15	8	15	2	2	2	5	5	6	3	9	1	7	1.01668832060082
sp|P46671|FAR3_YEAST	4932.YMR052W	11	1	13	20	8	3	2	16	24	21	1	16	3	13	10	20	8	3	2	9	1.17614555937945
sp|Q04674|YMU7_YEAST	4932.YMR057C	6	6	4	3	7	7	4	10	4	10	1	3	9	1	18	10	8	5	1	6	0.374796692745949
sp|Q04734|PALI_YEAST	4932.YMR063W	11	7	8	9	11	10	6	18	8	33	12	6	10	7	5	26	16	23	4	9	0.201078649507635
sp|Q04749|AVO2_YEAST	4932.YMR068W	15	6	22	19	8	33	13	25	27	45	8	40	27	7	27	42	22	25	3	12	12.8656595846662
sp|Q04751|NAT4_YEAST	4932.YMR069W	21	9	16	17	10	20	14	13	12	24	8	11	12	3	24	17	15	22	2	15	4.04508520932272
sp|Q6B0Y7|YM075_YEAST	4932.YMR075C-A	2	2	5	4	14	3	1	7	8	24	3	6	2	0	3	22	6	2	3	4	2.10570482845918
sp|Q04272|VPS20_YEAST	4932.YMR077C	8	0	14	27	6	6	4	11	23	27	7	18	6	13	10	16	11	10	0	4	12.306110599893
sp|P32488|ISF1_YEAST	4932.YMR081C	15	6	13	14	11	13	17	13	13	29	1	38	17	9	20	73	16	10	0	10	1.21444227439421
sp|Q04276|YMX2_YEAST	4932.YMR082C	9	0	2	5	9	3	3	9	7	10	3	6	8	3	16	7	8	4	3	3	0.135035694086932
sp|C8ZET8|YM085_YEAS8	4932.YMR085W	27	14	24	32	15	21	10	44	31	40	9	17	14	14	19	33	21	31	4	12	0.975973345742984
sp|Q04301|VBA1_YEAST	4932.YMR088C	35	9	12	21	41	37	6	49	24	78	10	23	19	16	19	57	33	39	8	26	0.14264094002266
sp|Q03162|MUB1_YEAST	4932.YMR100W	21	14	41	46	28	14	11	33	46	54	12	48	22	19	38	56	47	37	10	23	0.12114465774476
sp|Q03175|SRT1_YEAST	4932.YMR101C	13	5	15	20	25	12	9	24	32	33	14	17	14	9	19	28	16	21	5	12	0.948199895637068
sp|Q04436|YMZ3_YEAST	4932.YMR103C	11	3	5	5	6	7	2	6	6	23	3	0	8	2	12	11	7	2	0	1	4.84000031819845
sp|Q04487|YM07_YEAST	4932.YMR118C	10	0	5	8	11	15	7	12	11	21	7	7	7	5	10	18	14	14	6	8	0.619259680348164
sp|Q03879|YM09_YEAST	4932.YMR122C	10	6	3	4	9	8	3	8	6	14	2	4	5	4	15	5	7	8	0	3	2.38247797641712
sp|Q3E842|YM122_YEAST	4932.YMR122W-A	17	0	0	0	2	4	0	4	4	2	3	6	2	0	0	23	8	8	0	1	177.291528130127
sp|P40963|SAS2_YEAST	4932.YMR127C	7	10	14	15	17	24	6	19	34	42	5	15	11	18	12	26	18	16	6	23	26.9233520291215
sp|P40206|JLP2_YEAST	4932.YMR132C	6	6	11	18	7	6	3	11	26	17	6	18	7	9	11	12	9	12	3	10	2.01930251568537
sp|P32841|RE114_YEAST	4932.YMR133W	12	7	17	27	14	13	4	27	35	35	11	42	25	27	21	38	37	25	4	7	2.20417190358369
sp|Q6B0X1|YM135_YEAST	4932.YMR135W-A	8	6	4	5	9	8	10	7	18	14	6	9	13	6	13	16	9	9	1	6	0.347407770151443
sp|P40209|GAT2_YEAST	4932.YMR136W	27	5	27	18	20	14	27	36	27	42	7	69	44	36	24	57	46	17	1	16	0.0655747782689997
sp|P40211|YM21_YEAST	4932.YMR141C	3	4	3	6	9	0	2	6	8	11	4	6	4	1	9	10	8	5	0	3	0.546204584857023
sp|P40218|YM24_YEAST	4932.YMR147W	15	2	7	21	12	4	8	13	19	20	3	16	10	10	8	19	12	11	2	11	0.241506360560633
sp|Q03792|RIM13_YEAST	4932.YMR154C	23	19	35	50	31	29	14	54	45	76	10	46	34	27	34	77	36	46	8	33	0.635748659589777
sp|Q03795|YM30_YEAST	4932.YMR155W	30	13	20	17	40	44	10	33	27	60	11	27	18	15	15	71	27	39	4	26	0.0621484683039128
sp|Q03796|TPP1_YEAST	4932.YMR156C	13	3	15	12	18	9	8	21	23	17	3	15	13	4	9	21	13	9	3	9	0.395873620116895
sp|Q6B0X2|YM158_YEAST	4932.YMR158W-B	6	5	0	2	17	0	3	5	2	13	5	5	5	0	3	23	4	6	2	0	1.76628863288818
sp|Q03823|YM35_YEAST	4932.YMR160W	20	8	59	38	35	25	17	57	52	84	7	73	39	54	40	75	48	35	17	33	1.76114965548284
sp|Q03824|INP2_YEAST	4932.YMR163C	21	13	39	43	39	25	16	48	58	84	15	44	21	25	40	73	35	37	3	26	19.3930416766268
sp|Q03825|MSS11_YEAST	4932.YMR164C	39	1	33	18	32	29	18	29	31	40	28	108	53	113	20	80	45	25	3	13	0.903843354860073
sp|P50263|SIP18_YEAST	4932.YMR175W	4	0	8	4	1	10	3	1	11	1	11	9	0	4	2	6	2	0	1	1	2.54012745673109
sp|Q3E766|YM175_YEAST	4932.YMR175W-A	2	4	1	2	2	1	1	3	2	9	6	3	2	2	1	12	2	3	0	6	0.551321319071928
sp|Q03231|YM46_YEAST	4932.YMR181C	5	1	5	12	8	2	1	8	9	10	5	12	9	12	2	24	14	5	0	10	3.26930955442137
sp|Q00453|RGM1_YEAST	4932.YMR182C	13	4	11	3	8	4	9	10	11	14	6	15	31	14	13	20	8	9	0	8	1.13050754259855
sp|Q03236|YM49_YEAST	4932.YMR187C	14	17	11	20	27	21	9	40	30	50	6	25	20	14	18	29	27	18	13	22	0.630646841517046
sp|P42933|SPG5_YEAST	4932.YMR191W	21	3	14	15	23	17	8	22	19	33	9	29	16	11	21	46	24	23	6	13	4.26816830457826
sp|P0C5Q6|YM94A_YEAST	4932.YMR194C-A	3	1	3	6	7	3	2	5	0	6	1	4	3	2	5	7	6	7	2	1	0.7751116896203
sp|Q3E7A9|CMC4_YEAST	4932.YMR194C-B	4	8	7	2	1	2	1	3	8	8	2	3	5	5	2	7	1	1	0	3	2.61884502317375
sp|Q04329|ICY1_YEAST	4932.YMR195W	11	2	10	6	7	3	3	0	5	11	3	14	5	7	3	13	9	7	1	7	2.68080718033156
sp|Q01649|CIK1_YEAST	4932.YMR198W	23	12	37	67	17	18	13	39	66	60	14	44	15	27	30	33	31	32	2	14	0.34093342351329
sp|Q3E7B5|YM230_YEAST	4932.YMR230W-A	0	8	1	0	6	1	3	7	1	5	3	5	0	2	5	6	0	8	0	1	0.702644780570233
sp|Q05670|FUS2_YEAST	4932.YMR232W	20	10	40	45	29	16	14	47	73	85	17	48	23	26	27	60	36	26	5	30	20.5309554746577
sp|Q8TGS6|YM242_YEAST	4932.YMR242W-A	1	0	2	1	3	6	0	0	3	3	2	1	2	1	1	1	2	0	0	0	4.638920194279
sp|Q04019|YM80_YEAST	4932.YMR245W	13	9	5	3	15	10	8	10	8	24	6	14	11	10	8	26	7	8	3	8	0.609673595179713
sp|Q04806|GTO3_YEAST	4932.YMR251W	23	5	25	23	17	20	11	25	24	28	2	20	20	8	24	19	23	20	9	20	1.2877886384821
sp|Q05827|HOR7_YEAST	4932.YMR251W-A	14	0	0	0	2	6	0	2	3	6	1	5	1	2	0	9	1	7	0	0	541.556420371597
sp|Q04838|YM88_YEAST	4932.YMR254C	3	1	3	1	7	1	4	11	4	15	4	2	4	3	3	8	10	12	2	4	0.786511668070169
sp|P08468|PT111_YEAST	4932.YMR257C	25	14	41	55	48	22	20	60	69	90	20	43	14	34	43	68	45	41	11	37	0.351121323475667
sp|Q03525|TMA23_YEAST	4932.YMR269W	9	0	14	17	5	18	6	5	50	11	1	9	3	1	13	28	6	8	4	3	18.319909807806
sp|Q8TGM0|YM72A_YEAST	4932.YMR272W-A	1	2	1	0	4	1	1	3	1	3	2	1	0	4	2	3	1	7	0	0	4.82893694696148
sp|P50111|ZDS1_YEAST	4932.YMR273C	41	0	62	81	17	38	25	38	69	62	17	75	50	58	58	107	53	44	6	14	0.593498452817464
sp|Q03530|RCE1_YEAST	4932.YMR274C	12	7	7	7	25	17	9	23	13	53	7	11	15	15	8	26	25	15	5	15	1.47761871012835
sp|Q03263|YM8M_YEAST	4932.YMR279C	40	6	16	15	40	46	7	46	23	56	22	24	18	16	11	51	25	44	14	20	0.474293688333707
sp|P23797|GPI12_YEAST	4932.YMR281W	18	2	15	13	17	7	10	28	20	29	7	22	12	11	13	22	14	22	5	17	0.268472806284435
sp|P23796|RIT1_YEAST	4932.YMR283C	16	8	36	29	18	23	11	45	42	53	12	28	20	19	24	48	27	27	8	19	0.380385145820758
sp|Q04949|DYN3_YEAST	4932.YMR299C	9	7	25	26	15	7	8	27	22	35	5	20	7	12	14	22	22	11	7	11	0.71637730221721
sp|P0C5Q5|YM307_YEAST	4932.YMR307C-A	3	0	2	2	1	2	0	3	6	8	2	2	5	2	0	10	6	5	0	5	0.754827129319865
sp|P54005|DIA1_YEAST	4932.YMR316W	18	4	16	22	15	16	9	21	24	30	10	27	15	13	20	20	18	20	2	16	1.4947584341242
sp|P53541|SPO1_YEAST	4932.YNL012W	21	11	33	41	45	34	9	48	61	63	13	43	28	16	18	54	30	32	5	26	0.561802553388234
sp|P53979|YNB3_YEAST	4932.YNL013C	3	4	3	2	20	1	4	10	7	19	3	9	4	2	9	10	9	4	1	1	0.619491462986646
sp|P53977|YNB7_YEAST	4932.YNL017C	6	9	0	4	4	5	7	6	9	12	3	5	6	5	5	11	9	3	0	3	0.439241900155711
sp|P53976|YNB8_YEAST	4932.YNL018C	26	14	27	39	26	12	18	26	34	44	12	46	43	27	28	86	41	33	9	21	0.829651978446215
sp|P53976|YNB8_YEAST	4932.YNL034W	26	14	27	39	26	12	18	26	34	44	12	46	43	27	28	86	41	33	9	21	0.468066080195666
sp|P53975|YNB9_YEAST	4932.YNL019C	16	5	12	13	15	19	6	15	14	36	9	13	8	10	8	26	29	19	3	8	0.44082316336057
sp|P53975|YNB9_YEAST	4932.YNL033W	16	5	12	13	15	19	6	15	14	36	9	13	8	10	8	26	29	19	3	8	0.64507537272662
sp|P53970|YNC4_YEAST	4932.YNL024C	11	6	15	21	13	21	7	12	23	37	3	8	9	6	8	9	11	17	3	6	1.56421793387791
sp|P53967|YNC8_YEAST	4932.YNL028W	7	5	0	2	4	0	7	10	7	13	8	4	5	4	8	4	9	4	2	2	0.486678698844291
sp|P53961|GPI15_YEAST	4932.YNL038W	4	2	6	13	18	11	2	28	18	24	4	13	7	10	18	16	9	18	1	7	0.280751007394843
sp|P53957|YNE3_YEAST	4932.YNL043C	6	2	1	4	5	4	1	7	7	4	2	8	10	2	2	15	15	9	1	1	0.693096230085341
sp|P53956|YNE6_YEAST	4932.YNL046W	4	2	5	4	9	10	4	13	12	15	3	7	8	8	11	23	10	17	2	5	2.55644981314219
sp|P53955|SLM2_YEAST	4932.YNL047C	26	4	34	36	29	16	15	39	48	64	11	58	37	43	28	77	36	32	4	19	6.64186006819674
sp|P38590|MSG5_YEAST	4932.YNL053W	19	4	25	29	14	17	14	27	32	49	15	24	39	13	20	72	35	26	2	13	1.95606637050866
sp|P53948|YNF7_YEAST	4932.YNL057W	11	0	12	7	7	8	0	5	4	10	3	2	5	0	3	7	10	15	0	1	0.69508674979562
sp|P53944|MTQ1_YEAST	4932.YNL063W	19	8	12	17	11	17	10	27	22	35	4	14	16	7	22	22	17	16	6	12	7.54482091970328
sp|P53943|AQR1_YEAST	4932.YNL065W	33	15	23	20	38	46	7	48	32	64	18	20	25	17	25	51	42	31	10	21	19.5259983750488
sp|P53939|NIS1_YEAST	4932.YNL078W	16	2	17	16	13	11	12	22	23	33	10	30	27	18	29	61	39	14	2	12	10.5262170189254
sp|P14242|PMS1_YEAST	4932.YNL082W	29	14	64	63	41	39	19	58	74	74	17	61	27	34	40	77	57	59	3	23	0.42687156998009
sp|P48232|SNAPN_YEAST	4932.YNL086W	7	0	8	7	1	6	1	4	4	16	3	4	4	5	9	9	3	7	0	4	16.3738335846287
sp|P53934|YNJ2_YEAST	4932.YNL092W	20	11	21	26	17	26	9	31	22	36	12	26	17	12	17	36	15	18	6	22	1.47777344842385
sp|P53933|APP1_YEAST	4932.YNL094W	24	5	43	28	24	27	9	37	31	42	17	36	45	23	33	59	49	29	4	22	1.27922575566779
sp|P0C271|YN97B_YEAST	4932.YNL097C-B	1	0	0	1	1	3	1	3	5	1	1	3	2	4	0	4	5	1	3	1	1.27265693127351
sp|Q8TGL8|YN097_YEAST	4932.YNL097W-A	3	6	0	0	3	2	3	2	0	5	2	1	4	0	8	6	2	2	1	1	2.93542335165905
sp|P50944|AVT4_YEAST	4932.YNL101W	35	4	33	22	54	42	15	66	35	75	20	43	35	16	34	75	35	46	6	22	3.06489629800231
sp|P53922|YNM0_YEAST	4932.YNL120C	4	8	10	4	10	4	3	14	9	21	3	9	3	1	5	26	15	8	2	2	1.79002720711143
sp|P53921|YNM2_YEAST	4932.YNL122C	5	0	1	0	5	10	7	6	15	12	3	10	3	3	11	8	8	4	2	2	2.21456183076613
sp|P17898|CPT1_YEAST	4932.YNL130C	23	8	14	10	37	22	11	37	11	41	14	11	18	15	8	29	29	25	7	23	20.1107463013388
sp|Q3E808|DGR1_YEAST	4932.YNL130C-A	2	3	0	0	6	2	0	3	4	2	2	3	1	5	4	5	1	4	0	1	1.95727782204534
sp|P53913|FYV6_YEAST	4932.YNL133C	7	0	6	18	4	7	0	6	31	16	2	13	3	8	11	17	10	8	0	6	1.44140987509669
sp|P0C074|YSF3_YEAST	4932.YNL138W-A	3	0	4	6	0	5	2	4	7	11	2	3	1	7	9	8	5	2	1	5	2.67775662399194
sp|P53910|YNO0_YEAST	4932.YNL140C	10	0	4	9	4	9	9	19	23	15	10	5	7	7	14	8	14	18	0	4	5.21946951608292
sp|P53908|YNO3_YEAST	4932.YNL143C	2	0	6	5	8	5	1	6	18	15	5	6	7	5	9	15	5	5	1	6	64.2926976297395
sp|P34166|MFA2_YEAST	4932.YNL145W	4	1	3	1	1	1	0	4	5	1	1	1	2	3	0	3	4	1	1	1	0.887443750415989
sp|Q3E7Z1|YN146_YEAST	4932.YNL146C-A	2	4	2	1	4	1	1	3	6	7	3	1	2	1	6	6	2	6	0	6	0.856240227039622
sp|P53902|YNP0_YEAST	4932.YNL150W	12	4	3	4	10	2	2	5	9	18	3	6	4	5	4	27	6	7	2	2	0.294131416694366
sp|P53895|ASI2_YEAST	4932.YNL159C	16	1	13	11	24	20	5	23	10	24	8	21	9	12	21	22	20	16	3	10	0.38185996370961
sp|P53891|YNQ5_YEAST	4932.YNL165W	19	4	25	22	16	22	12	20	16	38	13	27	21	13	29	42	26	20	4	17	2.67147584262251
sp|P53888|YNR0_YEAST	4932.YNL170W	6	3	3	0	9	3	3	12	13	12	3	13	10	3	3	15	12	4	1	3	4.53077287910442
sp|P53887|YNR1_YEAST	4932.YNL171C	2	4	2	3	10	2	6	9	6	19	2	12	8	5	3	4	6	8	2	9	0.23912432340366
sp|P53882|TDA7_YEAST	4932.YNL176C	21	2	25	16	30	23	5	32	15	36	8	29	34	22	19	181	86	28	5	19	1.3759454570677
sp|P53880|YNR9_YEAST	4932.YNL179C	4	5	0	1	23	2	7	9	7	20	1	6	7	5	10	14	10	4	3	7	2.83173922185386
sp|P53876|YNS4_YEAST	4932.YNL184C	4	2	2	3	6	6	4	8	9	11	1	4	3	4	12	12	7	6	0	4	1.44870974854277
sp|P53873|SWT21_YEAST	4932.YNL187W	14	10	21	17	14	27	7	23	14	30	7	23	14	14	26	32	19	25	4	16	0.799252816537104
sp|P11927|KAR1_YEAST	4932.YNL188W	12	2	26	35	15	10	6	28	48	33	10	44	20	18	26	40	25	16	3	16	1.64766195478403
sp|P53872|YNT0_YEAST	4932.YNL190W	13	0	3	2	10	19	14	2	35	9	1	15	8	0	1	19	41	5	0	7	51.187195398549
sp|P40167|SLZ1_YEAST	4932.YNL196C	14	4	22	24	10	10	2	15	40	18	9	23	11	17	14	23	17	16	3	6	0.817636267955191
sp|P32572|SPS18_YEAST	4932.YNL204C	12	9	14	21	22	16	3	16	18	24	5	35	12	11	21	27	13	14	1	6	0.596697055170942
sp|P40156|RRG9_YEAST	4932.YNL213C	8	3	7	16	8	7	2	14	29	18	4	19	10	8	20	17	9	7	5	3	2.38918185465337
sp|P40155|PEX17_YEAST	4932.YNL214W	6	0	9	10	13	10	1	19	9	14	6	17	7	17	14	17	9	12	3	6	0.492314099105623
sp|P40151|WRIP1_YEAST	4932.YNL218W	34	9	35	44	15	29	13	39	50	65	13	31	26	21	35	53	23	28	4	20	3.89610414235975
sp|P53867|ATG4_YEAST	4932.YNL223W	23	12	34	43	25	37	11	31	20	39	10	27	21	17	20	47	19	37	7	14	3.89782066152807
sp|P53864|YNW6_YEAST	4932.YNL226W	3	2	3	3	14	7	7	7	10	16	2	5	5	6	5	13	8	9	3	8	0.425762498363478
sp|P53862|YNW8_YEAST	4932.YNL228W	12	9	13	7	37	4	4	12	4	32	4	9	6	2	9	61	12	17	3	1	1.63060654353025
sp|P53857|YNX4_YEAST	4932.YNL234W	14	4	28	18	14	20	12	27	35	40	17	29	24	15	15	47	30	22	2	13	2.43074535003506
sp|P53856|YNX5_YEAST	4932.YNL235C	1	4	4	6	7	5	8	9	6	24	5	7	6	3	4	22	7	10	1	4	1.2104046440228
sp|P53584|YTP1_YEAST	4932.YNL237W	27	14	16	22	36	42	13	33	13	55	12	15	8	12	20	32	27	34	13	15	0.0747441452513632
sp|P53854|CWC25_YEAST	4932.YNL245C	10	0	13	13	1	6	0	5	30	23	5	8	10	9	8	18	11	3	3	3	7.18099171929608
sp|P53850|RTC4_YEAST	4932.YNL254C	20	5	26	37	15	17	7	22	42	45	7	21	15	14	21	35	14	19	4	15	2.4072593062853
sp|P32487|LYP1_YEAST	4932.YNL268W	54	6	20	29	40	45	9	61	26	46	12	30	23	19	21	45	31	51	16	27	134.277564932535
sp|P53841|BSC4_YEAST	4932.YNL269W	6	4	2	2	8	2	4	14	16	8	4	6	7	4	10	9	10	10	1	4	1.15214364465745
sp|P38971|ALP1_YEAST	4932.YNL270C	43	7	18	28	45	44	3	54	24	54	12	18	24	18	24	51	26	44	16	20	1.16751974650117
sp|P53838|BOR1_YEAST	4932.YNL275W	31	10	26	21	52	32	11	44	26	65	14	25	26	18	23	48	38	41	6	19	10.6139730693265
sp|P53837|YN16_YEAST	4932.YNL276C	9	7	5	2	5	5	0	6	5	10	8	6	8	3	4	26	6	10	3	3	2.0910044659324
sp|P53832|WSC2_YEAST	4932.YNL283C	36	9	22	10	10	25	9	17	17	25	4	22	16	19	13	123	73	31	4	18	29.1992669304654
sp|P53831|YN25_YEAST	4932.YNL285W	3	5	8	6	1	6	2	12	4	8	3	14	2	3	7	7	12	11	2	7	0.62253510456229
sp|P24867|PCL1_YEAST	4932.YNL289W	13	5	18	9	7	6	6	16	14	39	8	22	14	9	22	22	24	13	4	8	6.885132291853
sp|P48566|GYP3_YEAST	4932.YNL293W	25	8	44	41	30	34	19	32	50	59	11	51	26	28	35	55	18	36	12	19	5.68067482930047
sp|P48565|PALH_YEAST	4932.YNL294C	29	8	34	29	28	21	13	46	25	51	8	27	12	21	33	42	31	42	9	24	1.08633372177024
sp|P53828|YN36_YEAST	4932.YNL296W	8	6	7	4	5	4	1	6	6	11	5	4	3	1	6	17	3	5	2	0	0.427206309879516
sp|P48561|TRF5_YEAST	4932.YNL299W	26	7	60	49	26	28	14	42	60	55	8	38	21	23	46	56	27	33	7	16	2.35032936546664
sp|P48560|TOS6_YEAST	4932.YNL300W	16	0	3	1	3	6	1	5	4	4	4	1	2	2	0	16	22	9	0	3	160.958236717856
sp|P48559|YPT11_YEAST	4932.YNL304W	20	7	24	26	17	20	12	30	24	28	11	37	16	21	22	38	24	28	4	8	3.4165250680901
sp|P42833|HXT14_YEAST	4932.YNL318C	22	10	17	23	37	43	7	68	27	54	18	29	17	14	14	36	37	32	11	24	1.12608096691777
sp|P53826|YN59_YEAST	4932.YNL319W	7	3	4	1	5	6	0	23	10	17	3	15	4	7	2	13	9	12	0	5	0.0347580057652061
sp|P17260|KRE1_YEAST	4932.YNL322C	25	0	6	5	10	19	4	10	5	23	7	6	9	9	7	49	79	32	4	4	153.082110202875
sp|P53825|YN64_YEAST	4932.YNL324W	4	4	2	1	9	1	0	11	5	19	3	7	11	0	10	18	6	14	0	6	1.20919956666693
sp|P42837|FIG4_YEAST	4932.YNL325C	35	11	69	53	45	46	24	72	56	76	20	54	28	28	40	59	61	43	14	45	20.0629650765052
sp|P42834|MDJ2_YEAST	4932.YNL328C	12	0	5	10	2	8	3	11	14	20	5	9	7	2	11	8	6	8	1	4	6.07160530434636
sp|P0C5Q7|YN001_YEAST	4932.YNR001W-A	5	1	4	2	5	4	2	3	10	2	3	3	3	4	3	7	5	2	1	3	0.148632559504618
sp|P32907|ATO2_YEAST	4932.YNR002C	29	4	9	12	28	30	3	19	9	29	6	16	10	7	7	19	15	15	5	10	0.171694741089642
sp|P40342|SWM2_YEAST	4932.YNR004W	6	2	9	15	5	5	2	12	13	19	1	15	7	2	7	6	2	9	2	7	1.45294988717236
sp|P53719|YN87_YEAST	4932.YNR014W	16	7	11	7	7	2	10	6	8	11	4	10	20	7	14	45	11	12	0	4	31.8752529779573
sp|P53722|ATP23_YEAST	4932.YNR020C	10	10	19	17	11	14	9	12	18	16	4	7	6	6	19	16	9	7	9	8	0.638025331188519
sp|P32378|COQ2_YEAST	4932.YNR041C	33	6	10	7	19	35	1	22	20	48	15	8	19	8	21	36	17	20	12	15	1.36904137891465
sp|P53737|YN8P_YEAST	4932.YNR042W	10	2	6	9	7	7	2	12	3	15	4	9	16	4	3	15	8	7	0	3	2.43538338847227
sp|P32323|AGA1_YEAST	4932.YNR044W	33	11	8	23	13	11	9	34	10	42	11	8	31	17	2	244	156	43	3	16	17.1102342393772
sp|P07390|PT494_YEAST	4932.YNR045W	16	5	28	30	23	16	9	30	37	51	11	36	19	22	32	33	34	27	8	22	0.309962151079026
sp|P53389|HOL1_YEAST	4932.YNR055C	46	12	23	24	36	52	6	48	20	55	16	25	22	17	20	41	44	30	17	32	18.6870263723343
sp|P50277|BIOA_YEAST	4932.YNR058W	25	12	25	28	19	32	18	33	33	41	14	23	23	22	10	35	22	41	7	17	1.39031368168088
sp|P53745|MNT4_YEAST	4932.YNR059W	19	9	30	39	40	17	13	38	46	61	7	27	23	25	30	60	25	34	12	25	1.70498910234404
sp|P53747|YN8Z_YEAST	4932.YNR061C	14	3	11	16	12	7	2	18	9	28	4	6	4	5	9	27	18	19	1	6	0.305280106014499
sp|P53748|YN91_YEAST	4932.YNR062C	28	6	7	10	26	25	2	30	20	42	12	8	12	7	9	34	11	25	3	10	1.64606945301527
sp|P53749|YN92_YEAST	4932.YNR063W	22	17	34	42	31	23	10	48	42	81	9	41	25	19	29	50	36	23	7	18	0.731318386886832
sp|P53750|YN93_YEAST	4932.YNR064C	24	2	19	15	21	19	6	24	13	26	4	13	16	11	10	16	13	18	4	16	0.0309410045436296
sp|P53754|YN97_YEAST	4932.YNR068C	12	5	13	19	9	4	7	18	26	30	5	22	11	7	16	29	13	18	2	6	1.25664952801281
sp|P53755|BSC5_YEAST	4932.YNR069C	17	8	28	39	28	35	11	32	32	36	10	28	29	15	23	54	29	18	3	14	2.12552469836562
sp|P53757|YN9A_YEAST	4932.YNR071C	16	5	22	18	13	24	8	15	27	25	6	26	15	11	10	23	29	34	1	14	1.95993313486079
sp|P52924|COS10_YEAST	4932.YNR075W	23	10	18	24	26	9	4	26	24	40	7	17	17	15	19	34	17	16	15	13	1.34147551690881
sp|P20052|PHO80_YEAST	4932.YOL001W	12	5	19	11	10	10	9	22	22	28	3	19	12	9	16	35	18	18	0	15	0.232486410414585
sp|Q12006|PFA4_YEAST	4932.YOL003C	9	11	17	17	27	20	12	27	19	41	8	24	26	12	20	27	19	12	14	16	0.103329793020493
sp|Q08054|CSI2_YEAST	4932.YOL007C	18	1	18	12	11	12	7	17	21	33	4	28	15	11	9	66	29	14	5	10	25.5540584381167
sp|Q08110|YO014_YEAST	4932.YOL014W	12	5	5	4	7	8	3	5	4	10	6	6	5	2	4	11	10	5	3	9	1.78583145360304
sp|Q08118|IRC10_YEAST	4932.YOL015W	28	10	22	33	35	14	16	34	48	49	9	46	25	13	40	59	45	35	7	18	1.62278059004168
sp|P38967|TAT2_YEAST	4932.YOL020W	41	14	21	21	41	53	14	61	30	57	11	21	19	15	19	55	21	45	17	16	78.6027486081178
sp|Q08182|YAP7_YEAST	4932.YOL028C	11	1	14	18	4	17	5	8	29	17	5	17	16	15	16	24	10	14	2	2	2.87291953526221
sp|Q08187|YO029_YEAST	4932.YOL029C	9	12	11	12	2	5	4	14	21	12	5	16	10	13	6	31	5	7	1	5	2.29442251891716
sp|Q08206|YO036_YEAST	4932.YOL036W	31	5	38	49	17	27	15	37	47	70	12	55	43	28	53	118	70	33	2	11	0.0719625426523125
sp|Q3E7Z9|YO038_YEAST	4932.YOL038C-A	3	0	0	0	2	1	0	1	5	2	3	3	0	1	3	3	2	1	0	1	2.14192160290518
sp|Q08214|NTG2_YEAST	4932.YOL043C	16	12	22	29	10	20	8	30	35	35	10	20	16	9	24	18	20	27	9	10	1.42133919327682
sp|Q08215|PEX15_YEAST	4932.YOL044W	14	8	23	21	21	12	12	32	38	51	11	18	12	15	11	31	23	23	2	5	1.07423116563218
sp|Q08216|YO046_YEAST	4932.YOL046C	17	6	14	15	17	20	1	10	12	25	6	16	3	0	4	28	11	12	1	6	1.77647678294033
sp|Q08218|YO047_YEAST	4932.YOL047C	19	3	10	14	28	21	8	29	17	46	8	9	29	10	11	28	15	19	9	23	0.796166735990895
sp|Q08219|RRT8_YEAST	4932.YOL048C	19	4	7	15	29	13	8	30	26	44	6	13	16	14	16	21	22	22	6	11	13.1249003429249
sp|Q08223|AIM39_YEAST	4932.YOL053W	10	7	22	23	17	24	16	31	38	39	5	17	16	20	24	28	19	20	6	13	0.586390313087773
sp|Q08234|YO075_YEAST	4932.YOL075C	76	27	60	69	75	80	23	95	69	143	36	64	43	42	55	110	86	81	11	49	10.0740968803358
sp|P35193|ATG19_YEAST	4932.YOL082W	11	9	27	40	16	17	7	25	28	44	8	31	19	20	13	40	24	15	3	18	0.856476886904846
sp|Q99345|YO085_YEAST	4932.YOL085C	11	7	11	2	4	9	4	1	11	6	3	8	4	2	10	6	3	5	3	3	0.702597943376575
sp|Q12411|MPC70_YEAST	4932.YOL091W	19	9	31	49	19	14	10	35	72	55	14	55	11	29	20	85	35	21	1	25	4.74931217711195
sp|Q08240|YO099_YEAST	4932.YOL099C	6	6	13	8	18	9	0	8	6	34	2	10	5	0	5	9	8	13	2	1	5.38721640157903
sp|Q99393|IZH4_YEAST	4932.YOL101C	10	5	8	17	33	7	9	27	20	41	6	18	7	9	7	27	24	18	3	16	0.893856424979209
sp|P30606|ITR2_YEAST	4932.YOL103W	45	10	22	25	42	52	10	57	32	52	15	24	20	23	20	55	43	38	9	15	6.52171455272267
sp|Q12366|NDJ1_YEAST	4932.YOL104C	10	10	19	19	23	9	9	18	24	45	5	24	12	20	15	30	20	25	4	11	0.700600210065346
sp|Q12215|WSC3_YEAST	4932.YOL105C	27	9	15	19	15	28	6	27	14	31	13	31	20	16	15	134	82	35	4	15	15.6983672263968
sp|Q08241|YO106_YEAST	4932.YOL106W	2	3	4	5	5	4	3	23	2	10	3	10	6	2	2	11	6	6	1	9	5.37625213948104
sp|P41912|ERFD_YEAST	4932.YOL110W	13	5	13	21	14	19	8	3	4	28	2	7	13	7	18	24	8	20	3	7	4.66564568789325
sp|Q12317|MSB4_YEAST	4932.YOL112W	25	7	31	45	27	27	5	26	36	45	14	24	15	14	30	40	23	26	10	22	2.73047786165193
sp|Q12322|YO114_YEAST	4932.YOL114C	8	5	7	10	9	11	2	10	27	18	3	15	6	11	13	16	12	12	3	4	1.77902448184478
sp|Q08259|YOL18_YEAST	4932.YOL118C	5	3	4	1	9	4	5	11	13	4	4	4	3	4	7	6	7	1	2	5	3.61153650194556
sp|P38925|SMF1_YEAST	4932.YOL122C	50	15	22	30	28	31	11	55	26	55	15	25	19	15	21	50	29	54	6	18	1.77330638029908
sp|Q08270|YO131_YEAST	4932.YOL131W	5	2	7	11	4	2	2	6	7	8	2	6	8	8	7	10	3	8	1	1	6.40059464244411
sp|Q08271|GAS4_YEAST	4932.YOL132W	19	9	34	37	26	26	11	26	31	45	10	25	18	22	12	39	21	31	3	26	0.109372700406153
sp|Q08272|YO134_YEAST	4932.YOL134C	11	2	2	5	11	5	7	13	3	16	5	4	1	3	2	17	12	5	3	2	24.9433223971334
sp|Q12471|6P22_YEAST	4932.YOL136C	13	8	26	23	32	14	12	29	22	36	4	36	13	12	14	48	24	16	0	15	0.698223313720161
sp|Q08281|RTC1_YEAST	4932.YOL138C	63	23	84	83	45	71	31	95	110	103	17	107	66	39	49	162	93	47	15	38	1.75215663389885
sp|Q12146|PSF3_YEAST	4932.YOL146W	13	1	13	15	9	8	5	12	16	25	6	11	10	3	4	15	10	9	3	6	1.28362449182573
sp|Q12512|ZPS1_YEAST	4932.YOL154W	24	6	15	12	9	18	6	13	9	18	9	13	9	6	7	18	20	15	2	20	0.75899435927787
sp|Q08347|BDS1_YEAST	4932.YOL164W	55	6	32	44	26	44	16	39	31	54	18	34	25	32	36	36	38	46	10	24	1.06821757560578
sp|P25036|YSP3_YEAST	4932.YOR003W	33	6	31	31	26	45	16	36	30	29	7	22	16	15	12	47	26	32	6	12	0.77285489984307
sp|Q08387|DNLI4_YEAST	4932.YOR005C	36	19	56	67	37	46	20	78	79	92	13	47	36	26	56	85	35	63	10	43	1.90843490476627
sp|Q12218|TIR4_YEAST	4932.YOR009W	63	5	13	24	3	11	1	16	10	19	8	12	18	9	2	149	52	60	1	11	1.62782929755014
sp|P33890|TIR2_YEAST	4932.YOR010C	50	0	8	15	2	9	0	10	7	21	6	4	3	7	1	63	22	17	1	5	1.64981842842852
sp|Q12479|IRC11_YEAST	4932.YOR013W	13	2	7	8	9	11	7	7	12	16	7	2	5	5	6	9	9	8	1	12	1.54179331249415
sp|Q12169|YO015_YEAST	4932.YOR015W	5	3	2	6	12	4	6	12	11	15	2	2	6	3	4	11	5	5	2	3	1.08368347088064
sp|Q99248|YO019_YEAST	4932.YOR019W	20	6	46	38	34	30	15	49	96	49	9	42	30	25	36	92	42	43	6	22	1.80366257394749
sp|Q12433|AHC1_YEAST	4932.YOR023C	22	5	29	29	8	15	25	25	46	62	9	46	43	27	30	72	39	16	0	18	0.315286770312953
sp|Q12070|YOR24_YEAST	4932.YOR024W	9	5	0	1	7	4	1	6	5	13	3	3	5	3	6	10	13	8	2	3	0.358510396719056
sp|P53687|HST3_YEAST	4932.YOR025W	15	12	31	21	15	27	9	36	39	49	6	22	20	19	29	43	26	15	6	7	2.54481866866614
sp|Q99234|DFG16_YEAST	4932.YOR030W	25	8	31	22	33	29	23	55	45	64	7	50	29	10	30	40	40	33	11	34	2.35456351845066
sp|P39875|EXO1_YEAST	4932.YOR033C	32	16	47	50	31	31	12	53	64	54	13	38	28	33	42	61	36	38	2	21	0.391327937937703
sp|P32854|PEP12_YEAST	4932.YOR036W	18	0	16	31	14	12	0	24	18	24	7	16	3	23	18	23	13	21	2	5	0.346759171724026
sp|P38909|CYC2_YEAST	4932.YOR037W	9	3	14	20	16	19	9	25	32	41	7	24	21	12	20	33	17	20	5	19	4.48523310478767
sp|Q12320|GLO4_YEAST	4932.YOR040W	13	8	17	17	9	23	10	19	18	25	9	16	10	10	16	17	18	14	3	13	0.76270835250147
sp|Q08411|YO041_YEAST	4932.YOR041C	7	2	4	6	15	12	0	9	4	17	3	2	4	1	4	36	8	5	1	3	0.739043835516552
sp|Q08416|IRC23_YEAST	4932.YOR044W	6	3	7	5	10	7	5	14	6	21	4	6	3	5	11	18	10	7	0	9	22.3554091636383
sp|Q02794|STD1_YEAST	4932.YOR047C	23	3	22	25	14	15	8	23	31	43	10	40	31	18	23	43	31	22	6	13	1.94851328398497
sp|Q08422|YO052_YEAST	4932.YOR052C	9	7	8	9	4	6	6	10	20	6	3	8	5	6	7	19	11	4	0	2	6.6162601650928
sp|Q08428|YOR53_YEAST	4932.YOR053W	2	0	1	0	4	0	27	1	3	18	1	1	5	2	35	3	0	3	0	7	0.657376561970104
sp|Q08439|YO055_YEAST	4932.YOR055W	9	5	7	9	13	11	1	5	0	22	2	5	9	1	4	12	10	14	2	3	4.15302704704951
sp|Q08448|YO059_YEAST	4932.YOR059C	29	4	20	25	23	30	8	40	39	47	15	28	13	7	16	23	32	23	6	22	1.65839766400227
sp|Q08457|SLD7_YEAST	4932.YOR060C	10	3	12	16	12	13	3	19	21	27	4	12	3	17	18	24	21	12	2	8	7.15512339528359
sp|P36025|YO062_YEAST	4932.YOR062C	6	3	23	14	10	10	10	21	18	25	4	15	11	8	21	23	13	11	6	16	13.162681114344
sp|Q08465|YNG1_YEAST	4932.YOR064C	9	9	12	20	7	9	5	12	24	22	4	15	9	9	12	16	8	8	2	7	0.736487672207098
sp|Q08471|MSA1_YEAST	4932.YOR066W	33	3	22	17	24	29	12	30	44	45	18	55	63	44	24	87	49	20	2	8	3.74695408905426
sp|Q08474|VAM10_YEAST	4932.YOR068C	11	4	3	6	7	7	1	6	6	14	1	4	5	0	2	24	2	10	0	1	0.250897610504134
sp|Q08484|GYP1_YEAST	4932.YOR070C	25	4	39	34	25	19	20	39	34	50	18	36	36	39	36	75	49	27	13	19	0.41797708449832
sp|Q08485|NRT1_YEAST	4932.YOR071C	41	15	19	19	46	45	11	46	25	45	21	29	21	11	15	61	40	36	20	32	0.0209539669047479
sp|Q08486|YOR72_YEAST	4932.YOR072W	10	4	5	1	12	0	3	7	7	10	1	2	3	1	7	11	6	7	1	6	2.19148981887075
sp|Q08490|SGO1_YEAST	4932.YOR073W	16	1	29	49	14	10	12	28	56	42	13	61	35	17	34	90	43	29	0	11	4.0717968540561
sp|P0C5R3|YO73A_YEAST	4932.YOR073W-A	1	1	0	0	3	4	1	4	6	11	3	2	6	0	6	16	1	9	1	2	1.04523384266965
sp|P40962|RTS2_YEAST	4932.YOR077W	12	3	15	14	6	13	8	10	23	15	6	10	7	19	21	17	8	14	2	9	15.4172912826276
sp|Q12067|ATX2_YEAST	4932.YOR079C	14	4	17	9	14	21	9	32	10	43	8	15	8	10	5	30	17	33	5	9	0.584196154278849
sp|Q08498|YO082_YEAST	4932.YOR082C	7	6	0	2	17	2	3	10	2	22	2	0	4	3	6	11	3	7	1	5	3.47641160988214
sp|Q99252|ECM3_YEAST	4932.YOR092W	36	9	29	24	32	32	7	54	31	61	16	30	34	21	26	59	48	41	9	14	0.712825736235827
sp|Q12274|YOR97_YEAST	4932.YOR097C	4	3	8	8	8	16	2	16	15	12	6	7	11	1	8	16	13	13	2	6	0.940038038579
sp|Q08503|YO102_YEAST	4932.YOR102W	8	4	0	2	4	3	2	10	16	13	4	12	5	6	5	7	7	4	2	2	4.67188447142895
sp|Q12057|PIN2_YEAST	4932.YOR104W	12	9	14	18	11	17	2	16	15	11	4	30	17	16	14	25	13	17	3	18	27.8857214575969
sp|Q08504|YO105_YEAST	4932.YOR105W	6	0	2	4	3	0	3	22	7	11	6	6	5	3	6	7	11	5	0	1	2.3968148310153
sp|Q99188|RGS2_YEAST	4932.YOR107W	12	7	14	22	12	11	9	15	26	26	4	25	9	17	15	42	18	14	1	10	0.381674831902883
sp|Q12219|YORA4_YEAST	4932.YOR114W	15	5	12	18	13	3	6	16	33	26	11	20	10	15	22	25	15	12	3	14	0.458919240654023
sp|Q12128|BAG7_YEAST	4932.YOR134W	22	2	22	29	17	17	18	26	28	41	9	29	26	12	22	41	19	19	2	8	2.28684778014674
sp|Q08522|IRC14_YEAST	4932.YOR135C	3	5	2	5	7	6	1	11	10	14	3	5	8	4	0	8	7	10	0	4	3.50847562808707
sp|Q12212|SIA1_YEAST	4932.YOR137C	20	10	42	27	30	28	22	56	40	61	9	44	24	20	30	56	32	32	10	29	2.39943834894436
sp|Q08533|YO146_YEAST	4932.YOR146W	5	3	2	2	8	3	0	6	2	15	3	2	8	0	3	21	8	9	1	0	3.88596656238799
sp|Q12171|MDM32_YEAST	4932.YOR147W	17	6	30	30	34	15	12	58	46	79	9	62	21	23	29	55	43	29	11	13	6.14814219349349
sp|Q02521|SPP2_YEAST	4932.YOR148C	9	0	18	14	5	9	2	10	33	14	3	11	5	6	2	21	8	11	2	2	0.803329515232285
sp|Q04174|SMP3_YEAST	4932.YOR149C	13	6	16	16	39	24	16	42	26	82	15	30	24	17	16	36	34	30	11	23	0.578578218070567
sp|Q12232|SLP1_YEAST	4932.YOR154W	30	9	27	62	32	18	11	46	45	56	9	39	18	27	27	60	28	24	5	14	1.90033786756282
sp|Q12330|RUXE_YEAST	4932.YOR159C	4	1	6	6	5	7	0	12	9	6	3	6	5	4	1	3	6	9	1	0	3.2646809733711
sp|Q12412|PNS1_YEAST	4932.YOR161C	47	12	19	12	43	39	10	41	16	46	17	27	25	15	21	45	25	38	11	30	17.0206983613546
sp|Q8TGL5|YO61A_YEAST	4932.YOR161W-A	2	1	0	0	1	1	0	0	1	4	2	1	0	4	3	1	4	0	0	1	1.8242440615201
sp|Q8TGL4|YO61B_YEAST	4932.YOR161W-B	6	1	2	3	3	1	1	6	6	5	7	4	8	3	6	4	9	7	0	4	2.86987611185578
sp|Q08540|YO169_YEAST	4932.YOR169C	2	2	5	5	19	3	7	17	4	14	3	12	4	7	10	14	7	9	5	5	0.769940543534061
sp|Q12340|YRM1_YEAST	4932.YOR172W	29	19	37	59	40	26	14	51	56	96	14	55	33	25	39	65	50	35	11	32	0.58854809898955
sp|Q08550|MPC54_YEAST	4932.YOR177C	20	9	28	48	13	6	12	27	60	36	10	39	12	24	18	39	25	17	0	21	1.87346190926369
sp|P28006|GAC1_YEAST	4932.YOR178C	37	10	56	39	37	18	18	41	53	68	10	79	44	19	22	120	64	26	5	27	1.02632122754743
sp|Q08559|FYV12_YEAST	4932.YOR183W	5	3	4	4	2	12	6	9	11	14	4	3	7	1	12	7	9	6	1	9	1.30026866166502
sp|Q8TGL3|YO86A_YEAST	4932.YOR186C-A	3	2	3	2	3	2	0	3	3	4	3	5	2	4	3	17	4	5	0	1	2.15180573689492
sp|Q08560|YO186_YEAST	4932.YOR186W	9	4	8	11	11	6	3	12	8	15	5	9	5	3	4	14	9	5	1	2	1.39259886292563
sp|P32603|SPR1_YEAST	4932.YOR190W	25	7	28	32	20	25	13	33	31	39	6	32	15	15	16	24	24	20	14	26	1.27784065385566
sp|Q08620|YO200_YEAST	4932.YOR200W	6	3	3	1	8	6	1	8	7	16	5	7	9	2	4	15	12	11	2	6	3.38233474338103
sp|Q08621|YO201_YEAST	4932.YOR203W	1	3	6	9	10	2	4	8	11	9	5	5	6	3	5	7	4	10	1	8	0.30795710275419
sp|P29461|PTP2_YEAST	4932.YOR208W	22	19	46	25	33	18	14	55	70	87	12	76	44	36	23	70	41	28	7	24	0.203541346218315
sp|Q12015|YO223_YEAST	4932.YOR223W	16	4	16	23	18	25	7	19	9	25	7	23	8	17	21	17	16	15	2	4	1.23387872071297
sp|Q12106|YO228_YEAST	4932.YOR228C	13	3	11	9	11	19	10	25	20	40	7	13	22	6	17	27	12	22	7	8	7.26623776455981
sp|P35843|HES1_YEAST	4932.YOR237W	18	3	18	37	22	23	14	24	35	35	8	19	21	19	18	50	23	26	10	11	1.15875405281292
sp|Q08646|SSP2_YEAST	4932.YOR242C	13	5	19	29	23	21	4	25	34	24	6	25	9	16	21	37	17	19	4	20	2.26301606830798
sp|Q08683|APC5_YEAST	4932.YOR249C	24	12	41	52	35	18	10	59	46	86	18	50	17	25	25	63	34	36	7	27	1.9404440756165
sp|Q08692|OSW1_YEAST	4932.YOR255W	6	5	10	18	12	12	15	17	34	24	3	15	11	11	24	27	7	16	2	9	0.0691953164102439
sp|Q08729|DSE3_YEAST	4932.YOR264W	15	10	35	27	11	12	6	29	40	37	7	20	28	14	21	50	30	29	1	8	4.54538146826215
sp|P38969|PNT1_YEAST	4932.YOR266W	14	4	17	23	19	18	4	30	40	58	7	26	19	15	18	33	28	22	9	19	5.00961855480085
sp|P39946|LIS1_YEAST	4932.YOR269W	15	10	31	21	20	18	21	32	30	47	8	30	19	25	22	45	36	38	15	11	0.277572022155213
sp|Q08736|YO277_YEAST	4932.YOR277C	9	1	0	4	6	7	1	4	3	16	2	2	5	1	1	21	6	11	1	1	1.35128266570551
sp|Q08741|YO282_YEAST	4932.YOR282W	2	2	1	1	10	5	5	6	3	16	4	5	5	3	7	16	5	6	1	3	1.04979916242165
sp|Q12134|HUA2_YEAST	4932.YOR284W	8	3	14	13	10	8	8	15	23	31	7	13	7	19	10	16	10	16	1	11	0.863567114155047
sp|Q12481|RRP36_YEAST	4932.YOR287C	6	0	27	40	13	8	7	12	46	21	8	14	8	14	24	24	9	10	1	8	2.79864450285297
sp|Q08747|UAF30_YEAST	4932.YOR295W	10	2	12	25	2	7	6	16	29	26	7	9	7	4	12	20	17	13	1	3	0.65065774928457
sp|Q08748|YO296_YEAST	4932.YOR296W	74	14	75	79	60	43	21	85	110	142	33	81	42	46	59	118	70	76	14	47	0.864529208452243
sp|Q08749|TIM18_YEAST	4932.YOR297C	9	2	8	8	12	10	2	14	14	23	4	13	11	4	6	17	8	11	2	14	3.11969402324408
sp|Q08750|MUM3_YEAST	4932.YOR298W	10	3	25	31	35	12	12	43	46	57	13	30	17	19	22	30	25	21	8	20	1.00731843309764
sp|O14468|YO304_YEAST	4932.YOR304C-A	5	0	6	11	2	1	0	5	7	5	3	6	2	4	3	8	5	3	0	0	33.2488753825314
sp|Q08774|RRG7_YEAST	4932.YOR305W	9	4	10	12	8	11	6	15	24	28	9	18	8	7	11	19	15	13	4	11	0.947098316474161
sp|Q08777|MCH5_YEAST	4932.YOR306C	30	14	23	23	40	44	10	41	19	47	10	16	16	9	16	52	39	40	9	23	1.71318694981328
sp|P22215|SLY41_YEAST	4932.YOR307C	21	5	13	11	35	27	13	43	28	53	10	17	18	17	16	47	30	29	4	16	16.4088956144284
sp|Q12444|YO309_YEAST	4932.YOR309C	1	1	2	2	7	1	2	12	21	14	6	3	5	3	35	6	3	0	0	2	5.34127974237066
sp|P09937|SPS4_YEAST	4932.YOR313C	19	1	14	23	13	15	7	15	32	29	6	27	17	13	19	17	26	30	2	13	0.814983899444314
sp|Q12506|YO314_YEAST	4932.YOR314W	7	4	5	6	10	5	1	8	3	16	3	6	1	2	9	11	5	3	0	4	2.85293812051536
sp|Q12507|SFG1_YEAST	4932.YOR315W	12	4	22	25	13	11	5	20	36	33	5	21	22	10	13	46	19	17	3	9	0.279281371819324
sp|Q3E806|YO316_YEAST	4932.YOR316C-A	3	0	0	1	2	3	3	4	6	6	2	3	3	2	7	11	5	5	0	3	5.28565272659505
sp|Q99332|HPH1_YEAST	4932.YOR324C	22	5	34	30	28	31	9	24	36	63	10	48	25	25	43	90	31	33	0	15	0.611013853153846
sp|P0C5R1|YO329_YEAST	4932.YOR329W-A	3	2	0	3	9	1	1	7	6	9	4	3	2	1	4	2	2	3	2	5	1.79706153439346
sp|Q08786|YO331_YEAST	4932.YOR331C	16	7	6	3	19	4	0	14	7	25	8	9	3	2	6	31	9	10	3	3	1.650426386582
sp|Q08789|YO333_YEAST	4932.YOR333C	4	5	7	11	11	8	5	11	6	13	7	8	2	2	11	9	3	10	1	4	1.29757610577795
sp|Q99326|YO338_YEAST	4932.YOR338W	16	3	19	21	12	10	12	18	30	36	7	24	27	18	30	33	8	25	4	10	0.312576081852995
sp|P52492|UBC11_YEAST	4932.YOR339C	8	3	10	12	5	7	2	7	11	19	4	9	11	4	3	12	7	10	4	8	6.60514472230264
sp|Q12182|YO342_YEAST	4932.YOR342C	8	2	18	19	18	11	13	28	16	30	4	26	13	17	17	31	17	19	3	9	16.0399840854655
sp|Q12484|YO343_YEAST	4932.YOR343C	13	1	1	4	5	4	5	6	6	10	3	3	12	5	10	10	1	5	2	2	5.02531195087356
sp|P12689|REV1_YEAST	4932.YOR346W	40	22	59	57	42	47	27	66	83	114	15	69	35	45	47	84	52	46	8	27	1230.70467706896
sp|P24720|MNE1_YEAST	4932.YOR350C	29	8	39	37	42	18	17	39	55	96	14	41	17	36	31	63	29	24	9	19	9.7731046461693
sp|P24719|MEK1_YEAST	4932.YOR351C	19	14	36	26	18	26	16	38	44	58	8	29	18	19	21	31	21	32	6	17	0.857897572814803
sp|Q02516|HAP5_YEAST	4932.YOR358W	14	2	17	31	9	16	4	14	9	14	11	11	15	21	16	14	8	10	2	4	1.05717671324274
sp|Q08844|YO365_YEAST	4932.YOR365C	45	10	19	22	59	22	9	70	38	83	19	38	19	29	21	75	39	43	10	33	0.151455191723522
sp|Q08872|YO366_YEAST	4932.YOR366W	10	4	3	8	4	5	0	9	11	14	4	6	0	2	7	11	6	9	1	3	0.893134505037402
sp|P48581|RAD17_YEAST	4932.YOR368W	14	7	30	35	22	18	9	35	31	38	7	26	10	8	18	38	23	22	0	10	0.266238534898881
sp|Q08900|YOR76_YEAST	4932.YOR376W	11	4	4	3	13	8	3	8	7	14	3	7	7	2	8	8	3	5	2	2	0.173661878980459
sp|Q08902|YO378_YEAST	4932.YOR378W	55	7	13	12	45	47	8	34	16	50	17	12	23	18	13	49	32	32	17	15	0.978564548689725
sp|Q08903|YO379_YEAST	4932.YOR379C	4	7	4	0	7	5	8	5	7	6	3	7	5	4	12	7	8	6	1	6	1.62739694069546
sp|Q08905|FRE3_YEAST	4932.YOR381W	54	15	27	37	43	50	18	45	37	73	17	26	27	18	24	44	38	55	12	51	0.490474264995349
sp|Q3E804|YO381_YEAST	4932.YOR381W-A	2	0	4	3	4	0	0	2	5	5	1	6	1	5	5	4	2	3	0	3	20.5362492735418
sp|Q08907|FIT3_YEAST	4932.YOR383C	43	0	5	12	3	12	2	5	5	8	3	3	1	2	0	40	44	9	3	4	6.51301526969961
sp|Q08908|FRE5_YEAST	4932.YOR384W	45	12	28	43	44	44	24	50	48	75	15	22	18	12	34	42	36	47	21	34	3.077860835655
sp|Q08909|YO385_YEAST	4932.YOR385W	6	6	21	12	21	15	9	21	21	20	5	11	14	17	19	25	15	13	1	18	0.69407203300242
sp|Q08990|YP278_YEAST	4932.YOR389W	1	4	6	8	2	7	3	7	2	7	4	10	4	3	6	9	8	4	3	2	0.240705436275918
sp|Q08991|YP279_YEAST	4932.YOR390W	21	11	7	12	31	24	9	28	19	42	14	20	14	6	7	32	33	23	5	17	0.176790491606201
sp|Q08991|YP279_YEAST	4932.YPL279C	21	11	7	12	31	24	9	28	19	42	14	20	14	6	7	32	33	23	5	17	0.164473588617132
sp|Q12089|AEP3_YEAST	4932.YPL005W	30	10	26	38	38	24	12	33	61	62	11	40	20	20	42	47	38	29	4	21	1.32627293120195
sp|Q02606|YP014_YEAST	4932.YPL014W	21	4	18	12	15	6	4	15	12	43	5	39	33	25	23	52	30	14	2	8	15.7756135959139
sp|P53686|HST2_YEAST	4932.YPL015C	22	7	26	27	19	21	12	16	30	34	5	12	20	15	11	29	14	25	3	9	31.2443319229142
sp|Q02710|ECM23_YEAST	4932.YPL021W	10	6	6	7	7	14	2	10	21	14	3	11	13	8	11	25	8	5	2	4	2.58761998928528
sp|Q02659|YP025_YEAST	4932.YPL025C	11	6	10	8	13	16	5	9	7	13	5	5	10	4	14	21	13	7	3	5	1.37423156098519
sp|Q12505|SKS1_YEAST	4932.YPL026C	16	12	35	29	23	15	16	31	24	56	10	35	16	43	16	45	32	25	3	20	21.1616290709245
sp|Q02651|SMA1_YEAST	4932.YPL027W	11	5	4	19	11	11	7	11	29	19	6	13	16	6	16	23	12	12	3	11	1.61812703903194
sp|Q03085|SRL4_YEAST	4932.YPL033C	6	7	12	22	15	15	8	30	27	33	3	14	6	6	7	29	17	13	1	10	0.214625079307018
sp|Q03083|YP034_YEAST	4932.YPL034W	1	4	8	8	5	10	6	8	23	21	3	4	11	2	7	17	10	8	3	6	1.36069369538127
sp|Q3E7B4|YP038_YEAST	4932.YPL038W-A	1	2	1	3	6	1	2	5	7	2	2	4	0	3	3	6	6	3	0	6	0.866642325407553
sp|Q03080|YP039_YEAST	4932.YPL039W	15	7	17	19	16	14	13	18	20	28	10	13	8	15	21	34	19	19	1	9	0.259680159301266
sp|Q03079|YP041_YEAST	4932.YPL041C	5	3	7	6	16	11	4	10	17	35	7	10	12	6	13	12	14	9	4	6	2.18567768069159
sp|O13520|YP044_YEAST	4932.YPL044C	10	4	5	5	17	7	1	11	8	26	3	5	9	1	4	35	16	11	3	1	0.478466328403633
sp|Q02804|ARL3_YEAST	4932.YPL051W	9	2	12	17	6	10	3	17	17	19	6	8	6	9	10	15	8	14	4	6	1.95728471114043
sp|Q02803|OAZ_YEAST	4932.YPL052W	5	5	19	15	11	10	6	20	25	47	6	31	11	8	8	21	11	14	6	13	0.227285232831162
sp|Q02799|LEE1_YEAST	4932.YPL054W	17	8	8	13	16	10	9	15	13	15	7	38	20	20	8	51	10	8	1	14	0.861108791048173
sp|Q02783|LPE10_YEAST	4932.YPL060W	16	3	27	24	14	19	8	32	32	66	15	21	10	11	24	36	22	20	1	12	2.19452838351929
sp|Q02781|YP062_YEAST	4932.YPL062W	10	3	6	8	4	11	4	9	12	10	2	6	7	2	11	7	9	9	1	3	6.89427321269434
sp|Q02749|YP068_YEAST	4932.YPL068C	15	1	14	8	6	5	11	20	28	33	5	28	20	13	15	29	21	14	1	6	2.98461516332173
sp|Q02864|YP071_YEAST	4932.YPL071C	7	1	20	7	4	6	5	14	15	10	5	14	4	2	10	9	6	6	5	6	1.08349672440911
sp|P40323|YP073_YEAST	4932.YPL073C	8	5	9	7	12	6	1	14	10	19	3	3	8	2	11	18	9	13	0	3	0.565856320492739
sp|Q02831|YP077_YEAST	4932.YPL077C	14	0	18	16	5	9	4	14	10	15	5	19	14	14	23	21	15	14	1	9	1.05229630619055
sp|Q02825|SEN54_YEAST	4932.YPL083C	22	0	27	35	32	18	10	16	49	43	10	17	19	28	22	47	24	20	8	20	7.6743718801445
sp|Q02895|YP088_YEAST	4932.YPL088W	17	4	18	29	13	16	11	27	27	35	10	14	11	12	19	22	18	20	5	14	2.27330851044273
tr|D0UZV5|D0UZV5_YEASX	4932.YPL092W	26	10	8	18	31	25	8	43	21	51	21	23	16	9	11	33	26	33	12	28	0.755907846055646
sp|Q02891|MCFS1_YEAST	4932.YPL095C	27	6	21	30	26	30	16	14	30	48	5	25	23	12	21	31	34	30	9	18	0.376638360407804
sp|O13517|YP102_YEAST	4932.YPL102C	8	5	3	5	8	2	2	9	3	15	3	3	3	1	7	9	3	4	1	6	2.1731061481649
sp|Q02873|YP107_YEAST	4932.YPL107W	14	4	13	23	6	15	4	11	26	17	5	8	15	9	22	17	11	16	6	6	13.7719946368716
sp|Q02961|YP113_YEAST	4932.YPL113C	19	9	25	25	18	24	9	28	34	34	8	20	14	8	15	27	23	32	7	17	1.62763696327199
sp|Q02948|BECN1_YEAST	4932.YPL120W	20	6	39	42	16	18	6	39	43	73	9	62	14	30	18	54	36	16	4	12	9.6666080455006
sp|P33419|SPC29_YEAST	4932.YPL124W	6	0	19	18	10	12	6	13	17	21	5	19	12	8	27	33	13	6	0	8	14.8858034648329
sp|O13519|YP136_YEAST	4932.YPL136W	8	0	10	8	8	9	0	3	1	25	3	2	5	2	3	17	5	12	0	1	1.44049039196962
sp|Q03002|FRK1_YEAST	4932.YPL141C	41	10	44	45	24	31	22	53	70	64	12	52	52	38	53	122	54	36	5	37	3.09935271786549
sp|Q12036|PPT2_YEAST	4932.YPL148C	9	6	8	11	10	8	7	8	15	20	4	6	8	5	8	12	8	10	1	9	2.58371059145173
sp|Q12380|ATG5_YEAST	4932.YPL149W	8	3	15	13	18	16	5	30	19	28	8	15	17	9	12	28	17	18	8	7	1.96254954828488
sp|P28743|KIP2_YEAST	4932.YPL155C	29	6	37	44	16	43	12	46	46	62	19	45	26	21	54	102	49	31	2	16	4.40791577063216
sp|Q12052|TGS1_YEAST	4932.YPL157W	15	8	14	19	17	18	7	17	35	25	9	19	12	6	18	26	14	15	6	15	0.188199063143035
sp|Q99299|AIM44_YEAST	4932.YPL158C	39	4	45	62	16	20	9	39	55	51	16	64	34	19	48	116	50	45	0	26	1.42748168171751
sp|Q99373|PET20_YEAST	4932.YPL159C	8	0	8	16	11	9	8	9	33	28	7	15	17	8	15	30	16	8	3	4	1.42938918510903
sp|Q12083|MLH3_YEAST	4932.YPL164C	27	16	47	34	29	27	15	60	61	68	21	33	29	27	38	63	41	46	6	27	0.0279492832607265
sp|Q12529|SET6_YEAST	4932.YPL165C	14	17	14	25	23	15	12	27	23	35	9	24	15	15	18	30	16	14	7	20	0.356723694994593
sp|Q12092|ATG29_YEAST	4932.YPL166W	5	1	16	20	7	6	4	8	20	26	6	16	7	13	7	20	14	9	3	5	9.58473493017968
sp|Q12467|YP168_YEAST	4932.YPL168W	21	4	17	21	18	24	8	28	46	44	11	42	12	20	22	37	19	22	3	11	2.98382559377582
sp|P33420|NIP80_YEAST	4932.YPL174C	31	8	48	85	30	26	15	66	85	132	11	69	15	46	31	65	45	33	4	23	1.22105624171747
sp|Q08919|TRE1_YEAST	4932.YPL176C	43	6	51	56	38	47	11	65	44	69	27	48	38	32	28	57	36	45	12	30	0.433021343443645
sp|Q08922|YP182_YEAST	4932.YPL182C	6	4	4	2	4	5	0	8	3	14	4	4	12	2	3	24	10	16	0	2	8.66076016632586
sp|P01149|MFAL1_YEAST	4932.YPL187W	24	0	7	15	6	8	4	6	9	16	5	5	12	9	5	7	8	6	8	5	3.96565657056434
sp|Q08929|GUP2_YEAST	4932.YPL189W	34	9	18	23	55	26	12	55	33	68	17	37	22	15	33	47	25	35	18	27	0.24045885826314
sp|Q08930|YP191_YEAST	4932.YPL191C	19	5	22	31	20	15	11	24	26	46	4	27	7	17	16	31	15	17	2	5	2.19892012635597
sp|Q08952|OXR1_YEAST	4932.YPL196W	10	5	13	27	11	24	7	11	19	23	4	14	12	6	13	26	16	15	4	13	1.82000330102939
sp|Q08955|CSM4_YEAST	4932.YPL200W	5	2	6	11	11	1	2	12	9	24	4	9	2	9	4	16	10	11	5	3	0.205710099021809
sp|Q08958|YP205_YEAST	4932.YPL205C	1	3	2	3	19	3	3	3	12	8	4	4	7	3	5	15	5	5	2	7	1.66151541878139
sp|Q08964|YP216_YEAST	4932.YPL216W	42	22	67	94	57	38	20	86	109	106	21	76	33	37	51	91	49	52	14	37	2.7591199933345
sp|Q08966|PCL8_YEAST	4932.YPL219W	21	5	49	34	21	18	11	28	34	54	10	40	20	23	16	51	26	20	0	11	0.3808408952106
sp|Q08970|MMT2_YEAST	4932.YPL224C	31	2	21	21	11	35	25	33	26	49	9	23	14	20	15	63	33	38	5	10	2.84650821883431
sp|Q12003|ENV7_YEAST	4932.YPL236C	14	10	21	21	11	20	4	30	13	44	10	19	15	17	19	40	20	20	2	14	0.468456270502915
sp|Q99401|YP238_YEAST	4932.YPL238C	16	1	3	4	23	4	0	4	5	14	2	5	8	0	1	29	5	5	0	0	0.638408112905906
sp|P46670|TBCC_YEAST	4932.YPL241C	12	9	17	20	19	5	6	21	25	25	2	17	4	9	11	31	21	8	0	6	1.15149794541014
sp|Q12520|HUT1_YEAST	4932.YPL244C	21	5	9	6	20	23	4	25	29	44	17	14	10	15	6	25	22	24	9	11	0.1480808008871
sp|Q12048|ICY2_YEAST	4932.YPL250C	14	2	11	10	10	2	2	4	3	7	4	8	7	5	3	24	7	7	1	5	7.65746968674765
sp|P0C5S0|YP250_YEAST	4932.YPL250W-A	0	0	10	2	6	14	2	2	0	13	1	3	0	6	3	15	9	6	3	0	1.30231574776981
sp|Q12365|BBP1_YEAST	4932.YPL255W	11	2	31	36	16	16	9	15	30	39	6	28	15	19	32	33	19	9	2	17	8.29193605116048
sp|Q08974|YP257_YEAST	4932.YPL257W	17	2	7	8	15	6	5	20	11	22	5	7	6	6	8	14	11	11	4	8	0.231744791024882
sp|Q08980|YP264_YEAST	4932.YPL264C	14	5	11	10	19	23	6	33	10	48	14	11	15	16	12	35	20	29	10	12	1.12104553398553
sp|P32383|PLC1_YEAST	4932.YPL268W	32	13	45	53	47	34	25	69	73	84	19	48	33	39	48	77	50	43	9	28	4.61098984020228
sp|P32526|KAR9_YEAST	4932.YPL269W	18	3	40	48	26	16	12	52	60	73	10	41	39	22	33	52	53	26	6	14	0.482403692879652
sp|Q08989|YP277_YEAST	4932.YPL277C	33	10	36	29	22	36	11	29	23	50	12	27	28	14	29	34	18	25	8	13	0.006549043016209
sp|P53394|SULX_YEAST	4932.YPR003C	38	11	31	30	46	47	11	70	33	75	19	53	30	12	34	85	49	51	2	27	5.59557805725087
sp|Q01766|HAL1_YEAST	4932.YPR005C	5	6	13	18	14	18	10	19	27	16	2	24	17	11	11	37	18	17	0	11	1.27443705004338
sp|Q12031|ACEB_YEAST	4932.YPR006C	40	6	31	41	29	32	13	28	46	50	17	24	21	19	26	56	35	33	12	16	1.30563611585628
sp|Q12188|REC8_YEAST	4932.YPR007C	24	5	52	47	34	37	11	33	42	61	8	77	17	29	33	74	32	36	4	24	2.58499128703307
sp|Q12286|SUT2_YEAST	4932.YPR009W	10	11	18	8	12	12	3	17	26	23	6	16	11	12	14	31	17	11	1	9	4.21286244580219
sp|A5Z2X5|YP010_YEAST	4932.YPR010C-A	5	1	4	4	2	5	0	1	7	13	1	2	4	1	3	4	8	4	0	3	2.04857571525647
sp|Q12145|YP013_YEAST	4932.YPR013C	11	8	9	13	8	12	9	14	22	20	10	23	31	15	11	39	28	18	2	14	0.502215341418913
sp|Q6B0W2|YPR14_YEAST	4932.YPR014C	8	6	2	7	9	5	2	9	8	13	1	5	3	4	6	12	1	7	0	1	3.40672573821034
sp|Q12079|YP027_YEAST	4932.YPR027C	13	4	13	16	12	19	2	24	20	28	6	22	11	12	5	23	19	17	1	10	0.299424745742818
sp|Q12734|CSR2_YEAST	4932.YPR030W	59	11	69	46	35	42	20	58	57	87	19	111	69	37	65	149	83	56	5	43	3.09561815546626
sp|Q12311|NTO1_YEAST	4932.YPR031W	33	25	39	56	40	32	20	50	65	66	14	44	28	33	32	54	48	37	9	23	0.541798058000417
sp|Q6B0W0|YPR39_YEAST	4932.YPR039W	8	5	6	1	12	1	11	3	6	13	2	3	13	2	4	6	7	3	1	4	1.34969960217419
sp|Q99177|BRR1_YEAST	4932.YPR057W	18	2	16	36	9	9	11	26	31	34	7	19	10	14	16	20	21	23	7	12	1.15261261811782
sp|P0C5E1|YP059_YEAST	4932.YPR059C	15	2	2	2	5	5	4	7	11	15	5	10	13	2	2	9	5	7	1	6	2.67652385328189
sp|Q12350|JID1_YEAST	4932.YPR061C	17	5	17	18	11	14	10	21	31	25	3	17	13	10	13	24	18	8	8	18	2.30508361014057
sp|Q12492|YP064_YEAST	4932.YPR064W	12	12	1	5	11	8	1	4	9	16	1	4	5	3	8	11	6	12	3	7	1.72810339539823
sp|P25042|ROX1_YEAST	4932.YPR065W	12	0	8	14	7	6	16	22	27	35	4	31	35	37	13	47	27	12	3	12	13.0524995149193
sp|Q12346|YPR71_YEAST	4932.YPR071W	9	3	8	8	15	11	3	15	13	20	9	13	14	2	15	14	14	10	5	10	1.89597856524219
sp|Q06810|OPY2_YEAST	4932.YPR075C	24	8	37	31	7	19	6	19	20	27	5	15	11	11	14	61	23	14	1	7	7.75357709620269
sp|O13583|YPR77_YEAST	4932.YPR077C	4	6	1	5	4	5	6	12	15	16	2	5	4	2	7	9	5	10	3	2	1.65482803836445
sp|Q06813|YP078_YEAST	4932.YPR078C	8	4	32	31	16	19	7	17	32	34	5	22	18	16	20	34	28	17	5	7	1.89288276988323
sp|Q06819|DIB1_YEAST	4932.YPR082C	5	3	13	8	8	6	4	10	8	11	9	9	3	4	10	6	7	13	1	5	4.67792545584657
sp|Q06820|MDM36_YEAST	4932.YPR083W	18	6	41	39	15	23	15	38	34	67	17	51	16	22	26	89	29	19	6	8	1.74043021990934
sp|Q06822|ASA1_YEAST	4932.YPR085C	12	8	31	21	21	22	10	38	34	45	10	28	13	12	18	41	27	30	6	16	5.00698816824907
sp|O13586|YP092_YEAST	4932.YPR092W	4	8	4	6	3	5	1	5	15	11	2	3	2	5	8	7	3	2	2	5	4.39626996070131
sp|Q06089|YP098_YEAST	4932.YPR098C	14	3	2	5	12	11	3	7	14	24	3	5	7	5	3	14	10	11	2	6	4.37789188214474
sp|Q06091|SN309_YEAST	4932.YPR101W	4	1	15	13	4	6	2	15	15	16	2	13	7	9	15	9	10	9	1	9	8.33585492646249
sp|Q3E7B3|YPR08_YEAST	4932.YPR108W-A	1	4	3	2	2	2	1	5	6	13	2	1	1	3	3	10	6	5	0	0	2.32379767545196
sp|Q06104|YPR09_YEAST	4932.YPR109W	12	2	17	17	20	22	2	20	10	37	8	25	14	7	16	27	15	16	1	6	0.883549804658141
sp|Q06109|RRG8_YEAST	4932.YPR116W	15	4	16	12	9	9	7	18	29	34	3	17	15	7	9	27	14	20	2	10	1.42594630645428
sp|Q06116|YP117_YEAST	4932.YPR117W	89	18	149	144	147	107	70	184	184	279	43	127	100	67	121	241	148	149	30	92	2.08202348668785
sp|Q06490|THI22_YEAST	4932.YPR121W	42	22	34	36	18	35	11	43	38	53	12	24	27	16	21	33	37	44	4	22	0.100242410379027
sp|P40851|AXL1_YEAST	4932.YPR122W	47	16	54	74	86	55	22	95	93	141	18	89	50	44	45	107	75	45	10	42	0.423666672860882
sp|O13567|YP126_YEAST	4932.YPR126C	4	2	4	1	12	8	2	3	1	23	4	4	1	5	4	7	1	12	1	3	3.74112112474963
sp|P08593|MSS18_YEAST	4932.YPR134W	8	2	14	24	14	13	5	10	17	31	8	20	12	8	14	20	19	16	3	10	0.60874131986391
sp|O13569|YPR36_YEAST	4932.YPR136C	9	7	7	2	17	4	0	7	8	25	3	3	6	1	7	46	7	7	1	3	3.70666863956821
sp|O13571|YPR46_YEAST	4932.YPR146C	8	3	4	2	7	4	2	9	2	12	10	6	0	3	6	17	4	6	0	4	1.25099885044506
sp|O13572|YPR50_YEAST	4932.YPR150W	5	7	5	0	22	12	3	18	5	18	2	11	9	2	6	22	6	12	0	8	0.0618967003006392
sp|Q06524|SUE1_YEAST	4932.YPR151C	5	0	5	10	8	10	5	9	25	19	10	11	13	9	16	14	15	10	4	8	2.36098996828726
sp|Q06466|TDA6_YEAST	4932.YPR157W	19	7	35	20	27	40	18	22	29	51	10	19	30	13	25	28	18	21	17	18	0.539373772667191
sp|Q06469|CUR1_YEAST	4932.YPR158W	9	5	16	21	9	8	5	32	15	18	5	22	9	14	15	23	5	12	2	7	0.303932883956793
sp|Q8TGK8|YP160_YEAST	4932.YPR160C-A	5	6	2	3	3	4	1	9	8	10	3	4	4	1	4	13	7	4	2	1	3.37145106557478
sp|O13575|YP177_YEAST	4932.YPR177C	6	8	1	1	11	5	0	9	5	9	4	4	2	0	9	35	9	4	0	1	2.41739087180969
sp|Q06628|ATG13_YEAST	4932.YPR185W	19	4	43	40	24	36	22	39	43	65	13	55	45	61	35	104	33	31	7	19	0.674135796078502
sp|C8ZJM1|AQY1_YEAS8	4932.YPR192W	41	8	10	9	19	25	9	20	13	34	10	12	15	7	11	24	20	24	8	8	0.124299921123554
sp|Q06592|HPA2_YEAST	4932.YPR193C	7	1	15	9	10	9	2	9	14	9	4	10	4	4	6	10	7	11	5	10	0.140776692782091
sp|Q06593|OPT2_YEAST	4932.YPR194C	53	13	41	28	65	54	17	79	50	71	24	48	43	22	19	57	46	53	28	66	0.60875107542629
sp|Q06594|YP195_YEAST	4932.YPR195C	6	4	2	4	3	12	3	10	3	8	1	3	5	5	8	10	11	5	1	5	0.859278728567248
sp|Q06595|YP196_YEAST	4932.YPR196W	22	18	33	23	21	11	11	31	29	51	14	21	19	14	31	35	23	29	6	28	0.0225321133416986
sp|P33335|SGE1_YEAST	4932.YPR198W	40	11	12	16	46	47	9	56	25	68	14	23	14	15	7	54	31	28	9	18	3.29284028715888
sp|Q06596|YAP8_YEAST	4932.YPR199C	15	8	13	21	19	14	6	16	23	30	7	20	14	9	14	26	19	13	1	6	0.566089587765539
sp|Q06598|ARR3_YEAST	4932.YPR201W	25	9	10	14	22	20	7	50	14	49	16	18	15	11	17	35	17	28	9	18	1.18536527054189
sp|P03875|AI1M_YEAST	4932.Q0050	31	13	34	29	30	51	17	65	83	75	53	69	30	14	46	45	61	41	8	39	0.00442394464420937
sp|P03876|AI2M_YEAST	4932.Q0055	30	21	33	31	38	52	30	65	74	88	36	74	25	13	45	63	40	50	6	40	0.00553422043027915
sp|P05316|FUR4_YEAST	4932.YBR021W	51	16	22	24	49	37	11	46	29	54	15	29	26	15	21	64	25	44	22	33	0.0524035090874426
sp|P25649|AHC2_YEAST	4932.YCR082W	7	1	13	9	7	3	3	10	9	16	1	9	2	11	5	3	7	6	2	4	5.86422281115731
sp|Q04396|LPP1_YEAST	4932.YDR503C	8	10	16	8	15	12	7	23	15	34	10	10	11	5	14	24	13	22	7	10	10.0623854082462
sp|Q04411|URC2_YEAST	4932.YDR520C	39	16	50	43	51	32	21	51	60	79	15	63	24	20	37	67	44	27	5	28	1.03689832925995
sp|P53129|MON1_YEAST	4932.YGL124C	23	13	34	39	37	24	14	36	46	82	14	46	25	28	26	72	33	28	4	20	0.0566858840230241
sp|P32460|DCG1_YEAST	4932.YIR030C	9	5	14	14	12	12	2	26	20	24	5	15	8	11	6	24	16	14	2	5	0.000494793140127914
sp|P21651|RE107_YEAST	4932.YJR021C	18	2	21	29	5	8	11	11	26	32	12	17	8	13	21	38	22	15	2	3	0.302433947083701
sp|P35727|BLI1_YEAST	4932.YKL061W	3	1	9	16	4	1	0	3	12	14	3	9	1	5	6	9	3	8	1	5	21.5029064922329
sp|Q05776|UPS1_YEAST	4932.YLR193C	7	0	8	9	11	7	4	10	14	10	6	10	8	4	11	18	17	13	3	5	12.0171607768616
sp|Q06563|SYM1_YEAST	4932.YLR251W	14	1	6	5	11	8	4	11	16	21	7	11	11	6	9	11	9	18	7	11	1.06039467823304
sp|Q06148|NEJ1_YEAST	4932.YLR265C	9	6	21	22	17	11	5	18	32	44	7	18	13	24	13	39	14	20	2	7	0.201636940454119
sp|Q04675|SEN15_YEAST	4932.YMR059W	2	2	7	8	5	4	3	9	7	18	3	9	7	4	7	11	9	6	2	5	0.000302806441690702
sp|P53940|APJ1_YEAST	4932.YNL077W	23	18	35	31	23	40	12	31	42	37	8	41	19	26	21	48	27	26	1	19	0.966854764400226
sp|Q01926|MRS2_YEAST	4932.YOR334W	20	6	24	23	22	8	5	38	44	58	13	39	14	12	21	50	30	21	6	16	0.402115347826099
sp|Q12483|SNF8_YEAST	4932.YPL002C	10	5	16	19	14	12	4	15	20	29	7	9	4	11	10	19	6	13	4	6	0.556557283026171
sp|Q12152|YP150_YEAST	4932.YPL150W	35	9	47	55	26	51	16	54	77	78	8	56	36	27	56	125	61	48	6	30	0.0128824084828141
sp|Q12498|PRM4_YEAST	4932.YPL156C	13	1	15	23	14	6	5	20	26	36	2	19	12	8	10	37	17	14	1	5	0.00492763120406984
sp|P27654|TIP1_YEAST	4932.YBR067C	42	0	8	10	5	8	1	9	5	15	2	4	7	5	2	49	17	15	1	5	158.595116474188
sp|Q12394|YD152_YEAST	4932.YDL152W	5	2	2	9	14	1	0	8	6	15	3	3	7	3	2	26	7	3	1	4	4.43279259190472
sp|P05746|RL41A_YEAST	4932.YDL184C	2	0	0	0	0	0	0	0	7	1	1	0	0	0	10	1	1	1	1	0	1618.30549436735
sp|Q99380|OST4_YEAST	4932.YDL232W	2	0	2	1	1	1	1	5	1	3	4	2	1	1	0	4	3	3	0	1	299.385988413923
sp|Q6Q5X2|YD34B_YEAST	4932.YDR034W-B	1	9	1	1	2	2	4	1	0	4	2	2	5	6	4	1	1	3	0	2	23.9902090595004
sp|Q03482|YD210_YEAST	4932.YDR210W	0	7	2	3	1	8	0	0	2	6	1	1	9	21	0	3	0	3	0	8	29.1578164032051
sp|Q3E7B0|YE053_YEAST	4932.YER053C-A	2	0	2	1	6	1	1	3	1	3	2	2	1	2	2	2	1	3	0	2	117.977892765648
sp|P53223|CAX4_YEAST	4932.YGR036C	14	5	9	7	23	11	4	21	10	27	6	18	8	6	10	21	9	12	4	14	39.2000324029122
sp|P41806|VMA21_YEAST	4932.YGR105W	9	0	5	3	5	3	1	6	4	7	4	4	3	2	2	1	5	12	0	1	22.5907985763422
sp|P40326|YG5N_YEAST	4932.YGR269W	3	3	5	4	6	11	4	5	10	11	5	4	2	3	7	5	7	9	1	3	21.9852443552268
sp|P46994|YJQ9_YEAST	4932.YJL169W	6	4	9	7	11	6	1	8	8	15	5	6	3	2	4	10	4	7	1	5	85.1557643367919
sp|P47111|VPS55_YEAST	4932.YJR044C	6	4	7	2	15	10	5	15	6	20	6	6	5	2	0	13	6	6	1	5	23.8121975054608
sp|Q12369|SFI1_YEAST	4932.YLL003W	43	8	39	76	54	20	28	63	102	101	16	53	26	36	72	69	49	40	19	32	13.1198355042281
sp|Q05809|COA4_YEAST	4932.YLR218C	4	4	8	14	2	5	1	1	9	5	2	4	1	4	5	6	8	6	3	4	17.9810950055468
sp|P52919|NBP1_YEAST	4932.YLR457C	7	2	22	21	7	11	1	19	33	28	9	16	16	13	39	39	18	7	1	10	16.4125364974886
sp|Q3E7A6|YM007_YEAST	4932.YML007C-A	1	0	0	0	4	0	1	4	0	8	3	1	1	1	5	3	1	2	0	1	33.4426757141307
sp|P53906|YNO6_YEAST	4932.YNL146W	0	0	4	3	13	0	3	11	6	11	6	9	3	1	5	11	7	6	0	1	10.3865535320653
sp|Q08673|SRL1_YEAST	4932.YOR247W	14	1	6	6	8	4	2	7	4	11	1	11	9	6	0	41	49	20	3	7	30.2727334713911
sp|P08521|AAP_YEAST	4932.YOR302W	0	1	2	0	1	0	2	2	1	1	1	1	0	2	0	6	2	0	1	2	116.741405905055
sp|P46961|GPI2_YEAST	4932.YPL076W	12	2	14	4	19	2	1	33	16	37	4	11	13	6	11	32	24	15	9	15	9.55916727978154
sp|Q12254|SVS1_YEAST	4932.YPL163C	25	2	7	14	5	4	2	13	6	15	2	10	7	8	0	39	65	18	1	17	13.4321154837769
sp|O14464|RTC6_YEAST	4932.YPL183W-A	6	4	1	0	5	3	2	3	9	9	4	3	7	4	10	6	6	8	0	3	41.787389409796
sp|P47009|YJO4_YEAST	4932.YJL144W	0	1	6	6	2	10	4	5	2	6	2	13	3	5	9	14	7	5	0	4	6.26771179780358
sp|Q07990|YL042_YEAST	4932.YLR042C	9	1	4	2	8	8	1	10	5	18	2	9	6	11	1	32	20	10	0	4	61.2019341897428
sp|P39110|CIN4_YEAST	4932.YMR138W	2	7	16	14	6	11	3	19	14	25	5	9	4	7	13	11	8	12	3	2	5.96142565335125
sp|Q08604|YO199_YEAST	4932.YOR199W	2	4	2	6	6	3	5	9	8	11	8	5	2	4	8	7	7	4	1	7	7.94746774756058
sp|P25356|BPH1_YEAST	4932.YCR032W	82	32	116	143	141	78	42	197	159	245	42	167	58	74	76	189	99	112	29	86	2.80376610202097
sp|P25646|PP2C6_YEAST	4932.YCR079W	28	9	33	20	21	33	10	25	29	48	7	29	18	16	22	35	23	17	7	12	0.598583838687916
sp|Q12281|YD032_YEAST	4932.YDL032W	6	4	1	1	3	2	2	8	2	20	2	6	9	9	5	6	5	9	0	3	2.17162816757212
sp|Q12103|YD109_YEAST	4932.YDL109C	39	9	38	34	22	35	17	49	53	60	14	31	33	20	23	58	33	40	10	29	2.81401307899772
sp|P87281|YD269_YEAST	4932.YDR269C	5	4	1	3	4	0	3	11	2	12	2	2	7	5	1	20	10	13	1	1	8.59441963597687
sp|P87268|YD426_YEAST	4932.YDR426C	7	7	7	1	10	2	2	15	6	17	4	7	1	3	5	13	1	7	2	8	1.3604652795349
sp|P53053|COS12_YEAST	4932.YGL263W	19	8	13	23	34	14	7	26	27	35	8	21	10	12	14	34	23	19	14	19	0.675348918251173
sp|P38895|YAN0_YEAST	4932.YHR212C	3	3	4	4	5	5	0	6	12	11	2	4	2	4	15	17	4	7	1	2	6.64568448372103
sp|P53928|YNK9_YEAST	4932.YNL109W	11	1	1	5	17	8	4	18	10	27	5	8	9	5	2	31	8	9	2	0	1.11162804037211
sp|P53827|YN43_YEAST	4932.YNL303W	6	4	7	1	11	3	1	13	9	7	4	5	2	7	3	7	10	5	1	9	129.230501484188
sp|P53717|YN82_YEAST	4932.YNR005C	4	2	3	5	9	6	2	10	5	24	6	6	3	3	4	25	6	9	1	1	9.92093142306992
sp|P53726|YN8E_YEAST	4932.YNR025C	2	2	0	4	14	1	2	5	3	27	2	6	8	0	3	23	3	6	2	6	3.57534926625587
sp|Q08172|YO024_YEAST	4932.YOL024W	8	3	11	11	11	1	4	5	15	22	7	7	11	9	8	16	8	8	0	7	1.26372108187909
sp|Q02826|YP080_YEAST	4932.YPL080C	8	1	5	1	5	5	6	1	9	13	3	5	8	1	5	8	6	7	2	9	2.33162818676748
sp|P14284|DPOZ_YEAST	4932.YPL167C	69	30	87	92	72	66	36	116	128	133	28	78	64	61	77	126	80	81	17	63	2.87259598862097
sp|Q99344|UBA3_YEAST	4932.YPR066W	14	16	16	19	16	14	4	30	15	27	7	18	13	12	7	20	24	19	1	7	6.70054001583498
sp|P03877|SCE3_YEAST	4932.Q0060	20	3	13	15	16	23	6	25	33	47	19	53	7	9	14	29	24	22	6	31	0.478618808706984
sp|P38215|YBM3_YEAST	4932.YBR013C	9	5	3	5	5	5	2	11	5	16	3	15	3	5	3	12	9	4	0	9	3.93825602848843
sp|P38289|EXO5_YEAST	4932.YBR163W	19	7	41	28	35	25	23	38	46	67	11	53	24	19	20	44	34	23	6	22	1.97208074586282
sp|Q96VG8|YC038_YEAST	4932.YCR038W-A	2	4	0	2	0	0	0	4	1	5	2	2	1	0	6	4	4	2	2	0	19.9364036723026
sp|P32448|ASF2_YEAST	4932.YDL197C	33	4	26	43	6	12	16	21	56	68	7	29	23	33	23	56	29	25	0	15	1.25102836577909
sp|Q07649|YD221_YEAST	4932.YDL221W	15	10	2	7	14	9	3	10	4	14	2	8	17	3	12	24	8	11	4	6	1.81586766685352
sp|Q04398|SPG3_YEAST	4932.YDR504C	1	6	1	4	25	3	2	12	7	14	2	7	3	0	5	6	9	9	1	10	2.55635468674422
sp|P39991|YEC5_YEAST	4932.YEL025C	50	30	64	66	73	65	24	82	90	132	18	67	39	29	51	106	56	68	8	70	2.31634758733027
sp|P40095|YEY8_YEAST	4932.YER158C	30	4	27	21	19	15	10	24	33	31	17	54	46	22	40	101	40	21	3	15	0.861411855404664
sp|P40102|YE17_YEAST	4932.YER187W	13	2	14	8	7	17	1	8	4	6	2	11	4	8	4	12	6	3	3	8	1.9870355206977
sp|P38794|PCL5_YEAST	4932.YHR071W	9	6	9	13	10	8	9	13	20	23	4	21	10	6	13	24	13	7	4	7	0.821884776467454
sp|P40458|ATG32_YEAST	4932.YIL146C	18	6	26	33	25	27	10	37	43	54	8	25	29	30	14	69	34	25	5	11	1.45911292800235
sp|Q07794|RT109_YEAST	4932.YLL002W	25	4	20	28	24	13	6	31	34	49	6	15	25	18	28	41	26	23	5	15	1.42771162240002
sp|O13542|YL282_YEAST	4932.YLR282C	0	5	8	5	13	5	6	11	6	12	1	8	4	1	7	12	2	4	1	2	3.80801961795354
sp|P46679|STB2_YEAST	4932.YMR053C	28	17	63	54	40	53	16	47	64	85	20	49	28	35	46	69	48	38	9	41	0.265124121441864
sp|P41821|MID1_YEAST	4932.YNL291C	32	15	40	20	24	20	7	31	17	45	12	40	20	20	12	64	44	38	7	40	2.80954712490004
sp|Q08419|YOR50_YEAST	4932.YOR050C	12	4	5	3	6	6	2	9	5	8	3	3	9	1	8	13	8	8	0	2	8.3355954041164
sp|Q03029|SPO19_YEAST	4932.YPL130W	13	1	17	25	10	9	1	18	11	24	3	14	5	5	4	21	18	13	0	11	2.48146875067446
sp|Q8TGK1|YH21B_YEAST	4932.YAR064W	6	7	2	7	8	6	4	4	5	8	2	3	5	2	7	11	7	2	1	2	0.787235280004663
sp|P38343|SLM6_YEAST	4932.YBR266C	10	10	3	2	19	7	1	6	3	22	2	8	1	1	5	37	7	5	1	0	0.17490183874884
sp|Q12027|YD176_YEAST	4932.YDL176W	22	21	57	34	46	37	15	55	41	60	19	43	25	18	44	61	44	33	6	27	0.17490183874884
sp|Q12121|YD211_YEAST	4932.YDL211C	13	2	13	22	16	18	7	31	10	22	2	24	14	13	16	59	51	24	0	15	1.73301746872793
sp|P25301|RAD57_YEAST	4932.YDR004W	20	5	25	31	16	25	9	32	29	50	10	25	16	23	23	44	25	28	4	20	0.122879048500002
sp|P38954|IPT1_YEAST	4932.YDR072C	29	5	25	16	56	26	19	42	24	54	11	31	27	13	18	41	29	28	14	19	0.312963777469772
sp|C7GSI6|YR039_YEAS2	4932.YER039C-A	4	3	1	2	5	2	2	4	3	7	4	7	1	1	1	8	5	10	1	1	0.0510808313967449
sp|P43622|YFM4_YEAST	4932.YFR054C	10	4	8	4	11	9	5	18	5	15	3	4	9	7	4	47	13	9	0	7	0.15463360840163
sp|P32361|IRE1_YEAST	4932.YHR079C	40	14	72	72	52	54	25	80	72	124	26	69	54	33	60	114	49	58	8	39	0.133671270147676
sp|P38864|YHX3_YEAST	4932.YHR173C	4	4	4	5	6	6	5	6	7	8	4	7	5	6	3	12	4	8	3	5	0.0768272181825593
sp|P40524|YIF4_YEAST	4932.YIL054W	7	4	6	0	14	4	5	13	2	11	3	4	7	2	3	4	6	6	1	3	0.269046196537213
sp|P40512|CSN11_YEAST	4932.YIL071C	7	10	27	39	27	21	9	47	26	51	17	30	10	18	14	41	16	18	3	13	0.260051052439539
sp|P47126|YJ49_YEAST	4932.YJR079W	6	2	8	8	15	4	3	12	8	12	1	3	4	3	1	7	5	4	0	3	0.468112052869774
sp|P47174|YJ9K_YEAST	4932.YJR146W	10	4	4	1	7	5	4	4	9	7	3	3	4	7	4	18	8	6	4	5	0.491345118211635
sp|P25502|PUT3_YEAST	4932.YKL015W	42	18	68	54	46	39	20	70	60	106	22	95	32	42	33	94	56	37	8	37	0.380216756125587
sp|P36052|NDUF7_YEAST	4932.YKL162C	8	8	27	17	20	11	7	35	30	40	10	23	24	23	16	44	19	18	4	18	0.566913257051171
sp|P36134|YK21_YEAST	4932.YKR041W	17	3	21	23	6	7	8	9	23	12	7	8	10	9	23	22	15	14	4	9	0.111842527843723
sp|Q12530|RMP1_YEAST	4932.YLR145W	9	5	7	15	7	10	3	15	19	25	4	16	3	9	17	8	8	12	5	4	0.286814946658144
sp|Q03718|NSE5_YEAST	4932.YML023C	26	14	26	40	32	18	11	35	30	85	8	32	22	23	26	44	26	31	4	23	0.468112052869774
sp|Q04978|YMF3_YEAST	4932.YML053C	13	3	9	8	7	8	11	15	8	8	7	45	5	6	6	20	19	3	0	11	0.338573456625586
sp|Q04814|YM86_YEAST	4932.YMR252C	1	1	5	5	13	7	4	8	14	8	4	9	6	7	5	19	5	6	2	5	0.0888752680953502
sp|Q3E7A8|YN162_YEAST	4932.YNL162W-A	2	5	5	3	2	1	0	3	6	7	1	6	5	5	4	6	1	7	0	3	0.20425220936605
sp|P89113|DDR2_YEAST	4932.YOL052C-A	13	0	0	0	3	6	1	3	1	6	1	6	1	4	0	6	3	7	0	0	0.404654158465122
sp|Q99222|AFI1_YEAST	4932.YOR129C	43	10	52	49	61	33	18	73	52	97	13	68	41	40	38	79	48	38	3	37	0.396550677100006
sp|Q08702|APTX_YEAST	4932.YOR258W	4	5	19	11	17	4	12	13	24	19	3	15	7	4	9	19	10	12	3	7	0.20425220936605
sp|Q12194|YP066_YEAST	4932.YPL066W	3	6	22	17	29	12	9	46	37	42	4	50	34	19	19	58	34	19	1	18	0.20425220936605
sp|Q08981|ACM1_YEAST	4932.YPL267W	9	1	10	16	7	6	4	18	20	14	2	15	14	8	15	23	11	10	0	6	0.355377337646517
sp|Q06098|ISR1_YEAST	4932.YPR106W	23	6	21	20	22	16	15	27	24	55	10	26	25	15	13	58	25	20	4	18	0.269046196537213
sp|A2P2R3|YM084_YEAST	4932.YMR084W	12	7	14	19	10	19	10	17	19	29	3	18	9	5	7	18	16	17	0	13	7.5759312629433
sp|A6ZM60|U507_YEAS7	4932.YML002W	50	15	59	75	62	33	36	80	81	139	20	83	34	33	39	89	66	42	7	47	0.842685944469968
sp|A6ZQY8|YR039_YEAS7	4932.YER039C-A	4	3	1	2	5	2	2	4	3	7	4	7	1	1	1	8	5	10	1	1	0.0510808313967449
tr|A7A2A4|A7A2A4_YEAS7	4932.YLR035C-A	26	6	39	34	19	22	23	41	34	47	5	41	40	23	30	78	51	21	4	20	1.52850639141318
tr|A7A2E4|A7A2E4_YEAS7	4932.YPL283W-A	21	0	6	2	6	44	0	15	0	7	2	1	5	0	6	50	18	20	0	0	4.94267253129839
tr|B5VG46|B5VG46_YEAS6	4932.YDR149C	7	7	9	11	31	1	3	9	11	41	4	11	9	2	7	42	7	15	5	3	1.18094908689197
tr|B5VHL3|B5VHL3_YEAS6	4932.YER087C-A	6	11	4	3	17	11	7	15	2	22	7	8	14	3	4	25	12	6	3	3	0.111842527843723
tr|B5VLZ9|B5VLZ9_YEAS6	4932.YKL165C-A	1	0	1	2	3	1	2	2	4	8	1	1	0	3	5	7	2	3	0	2	2.11047843724948
tr|B5VP93|B5VP93_YEAS6	4932.YML034C-A	8	5	5	6	11	10	1	9	5	15	1	5	3	1	7	20	10	4	1	5	1.54532656007469
tr|C8Z3I8|C8Z3I8_YEAS8	4932.YAR019W-A	5	3	5	4	5	9	3	5	5	10	2	4	9	4	6	7	8	11	1	4	0.395552096790077
tr|C8Z4S8|C8Z4S8_YEAS8	4932.YDR008C	7	3	0	4	11	3	1	6	9	11	2	5	12	5	2	17	9	5	0	4	1.56182763383541
tr|C8Z4T5|C8Z4T5_YEAS8	4932.YDR015C	2	3	3	3	6	4	5	3	2	12	1	1	5	2	3	12	1	8	3	0	0.0609865030486269
tr|C8Z569|C8Z569_YEAS8	4932.YDR154C	3	4	1	2	1	1	2	2	4	15	5	9	12	2	5	13	14	11	4	6	0.481776580937446
tr|C8Z5E1|C8Z5E1_YEAS8	4932.YDR230W	7	2	1	4	11	7	4	8	2	7	2	3	14	3	8	15	5	6	2	4	2.85326496552798
tr|C8Z741|C8Z741_YEAS8	4932.YER038W-A	12	4	7	7	10	3	1	6	12	5	5	6	7	3	7	10	11	5	0	5	3.03878660647643
tr|C8ZDC0|C8ZDC0_YEAS8	4932.YLR149C-A	0	2	0	1	2	2	0	1	2	3	2	3	1	1	2	3	1	0	1	1	4.74337391441798
tr|C8ZE64|C8ZE64_YEAS8	4932.YLR458W	1	3	3	2	14	3	2	10	4	25	2	2	8	3	8	18	6	9	1	2	0.397524363659559
tr|C8ZF60|C8ZF60_YEAS8	4932.YMR194C-A	3	1	2	6	7	3	2	5	0	6	1	5	3	2	5	7	6	7	2	1	0.7751116896203
tr|C8ZFF8|C8ZFF8_YEAS8	4932.YMR290W-A	7	3	3	5	9	5	2	8	16	17	1	7	2	3	5	21	6	11	0	5	0.111842527843723
tr|C8ZFG3|C8ZFG3_YEAS8	4932.YMR294W-A	6	0	2	4	5	5	8	4	10	8	1	5	5	10	11	12	7	9	1	5	1.14425129731503
tr|C8ZJ69|C8ZJ69_YEAS8	4932.YPR044C	0	0	8	2	6	9	2	8	7	13	1	4	2	3	3	27	15	6	0	1	4.67605476998351
sp|O13516|RS9A_YEAST	4932.YPL081W	21	0	12	16	7	10	4	9	18	20	2	4	9	5	23	12	7	12	0	6	2113.65671740774
sp|O13527|YA11B_YEAST	4932.YPR137C-B	47	11	70	69	36	48	39	99	99	106	22	77	68	44	53	112	86	44	10	56	7.42280112045319
sp|O13534|YH1A_YEAST	4932.YHR214W-A	7	0	1	0	6	0	8	1	6	41	3	5	25	14	3	9	17	12	3	0	0.119155356829399
sp|O13535|YH11B_YEAST	4932.YHR214C-B	80	15	107	85	53	71	64	130	130	147	33	129	116	76	72	181	138	75	15	76	5.34678528137625
sp|O13556|YL462_YEAST	4932.YLR462W	8	2	11	13	16	8	3	9	19	16	5	11	8	3	14	17	12	17	0	10	0.514000045328524
sp|O13557|YL463_YEAST	4932.YLR463C	9	5	4	5	13	10	7	17	12	12	3	4	11	6	16	23	8	14	0	4	0.473693770209034
sp|O13559|YRF14_YEAST	4932.YLR466W	95	25	70	100	54	73	25	61	74	131	32	67	40	47	93	117	115	91	19	53	0.307784773596061
sp|O14455|RL36B_YEAST	4932.YPL249C-A	12	0	1	5	2	7	1	8	14	6	3	5	3	1	12	7	5	6	0	2	1699.37968305094
sp|O42831|YA075_YEAST	4932.YAR075W	10	2	5	7	5	19	4	7	12	14	6	7	2	7	7	16	9	11	0	7	36.805327234343
sp|P00163|CYB_YEAST	4932.Q0105	22	4	8	5	36	25	13	40	7	43	17	20	19	6	11	28	16	37	7	21	0.624369106049637
sp|P00330|ADH1_YEAST	4932.YOL086C	35	8	16	20	8	44	10	21	24	24	7	11	13	9	8	21	14	36	5	14	8176.89802086258
sp|P00358|G3P2_YEAST	4932.YJR009C	33	2	24	15	11	25	8	20	26	21	8	14	11	6	11	25	23	36	3	10	7517.24135474303
sp|P00924|ENO1_YEAST	4932.YGR254W	55	1	31	25	16	37	11	23	37	40	6	19	15	9	14	31	20	33	5	9	7489.27681602946
sp|P02293|H2B1_YEAST	4932.YDR224C	18	0	3	8	2	4	2	8	20	6	2	3	5	4	6	18	12	5	0	5	2286.88248665587
sp|P02829|HSP82_YEAST	4932.YPL240C	43	0	47	95	33	24	4	49	77	66	13	26	27	22	27	49	40	42	5	20	2116.84309541921
sp|P04911|H2A1_YEAST	4932.YDR225W	19	0	3	5	1	14	3	7	11	17	1	8	5	6	10	8	5	6	0	3	375.905830501559
sp|P05030|PMA1_YEAST	4932.YGL008C	90	9	59	54	38	76	14	64	48	86	24	26	36	27	33	59	57	81	15	22	2991.26587703467
sp|P05737|RL7A_YEAST	4932.YGL076C	24	0	4	16	10	15	4	21	29	20	2	14	11	12	15	12	9	14	2	10	2050.06105722227
sp|P05738|RL9A_YEAST	4932.YGL147C	7	1	11	9	7	13	5	17	20	10	3	13	4	7	11	8	12	27	0	6	2098.91525869691
sp|P05739|RL6B_YEAST	4932.YLR448W	14	0	5	13	7	7	2	4	26	20	1	7	10	7	10	7	11	19	1	5	1166.82735884309
sp|P05740|RL17A_YEAST	4932.YKL180W	28	0	2	11	5	10	4	8	17	10	1	8	5	12	19	13	11	12	2	6	1687.65597705694
sp|P05743|RL26A_YEAST	4932.YLR344W	10	0	7	5	2	7	2	6	18	14	1	2	5	6	12	12	3	12	0	3	1964.07693881759
sp|P05744|RL33A_YEAST	4932.YPL143W	8	0	1	3	4	8	3	6	9	6	2	7	4	3	11	9	5	11	1	6	1264.43824436488
sp|P05748|RL15A_YEAST	4932.YLR029C	15	1	6	8	4	13	5	6	22	13	1	12	7	10	33	6	10	15	5	12	1983.66416302224
sp|P06367|RS14A_YEAST	4932.YCR031C	17	1	8	4	3	15	2	6	9	6	3	3	5	4	15	9	11	14	0	2	1171.42878395933
sp|P07280|RS19A_YEAST	4932.YOL121C	13	0	8	9	3	15	2	10	11	8	3	5	6	8	12	10	2	12	1	6	1430.21829714897
sp|P09733|TBA1_YEAST	4932.YML085C	31	11	27	38	20	35	11	19	22	38	8	21	21	13	21	28	25	35	4	19	290.938317985496
sp|P09932|HO_YEAST	4932.YDL227C	32	21	27	38	20	50	15	38	52	42	11	25	24	19	41	33	31	39	6	22	1.00802164975509
sp|P0C0V8|RS21A_YEAST	4932.YKR057W	7	1	7	6	0	6	1	4	5	7	1	6	2	3	7	8	2	8	1	5	1904.89846372537
sp|P0C0W1|RS22A_YEAST	4932.YJL190C	8	1	5	6	5	11	4	13	11	10	3	7	3	5	9	8	5	11	1	4	1318.14921042415
sp|P0C2H6|RL27A_YEAST	4932.YHR010W	12	0	2	9	9	8	6	4	23	7	1	3	6	4	8	6	6	17	1	4	1788.15111800118
sp|P0C2I2|YD14B_YEAST	4932.YDR316W-B	81	14	103	87	52	68	63	129	127	140	31	130	114	74	70	177	134	72	14	75	4.83224960758779
sp|P0C2I5|YL12B_YEAST	4932.YLR157C-B	81	14	102	91	52	68	59	129	127	141	31	128	114	73	71	178	135	71	14	76	7.78931171085622
sp|P0C2I6|YL13B_YEAST	4932.YLR227W-B	83	14	102	90	52	68	62	129	125	141	31	129	113	75	70	178	135	70	14	74	5.68493432738118
sp|P0C2J0|YP13B_YEAST	4932.YPR158W-B	81	14	103	87	52	68	63	129	129	140	31	129	115	73	70	177	134	72	14	75	4.60303094932634
sp|P0C2J3|YL21B_YEAST	4932.YLR410W-B	79	15	113	87	49	61	65	127	134	152	31	134	98	84	74	163	136	71	15	82	0.605526789432348
sp|P0C2J5|YL22B_YEAST	4932.YDR210W-B	70	14	103	80	44	52	58	111	118	131	27	125	90	76	71	151	126	65	13	73	2.53311710319174
sp|P0C2J7|YH41B_YEAST	4932.YHL009W-B	53	27	123	127	51	67	49	164	182	139	34	160	55	57	85	136	121	91	10	71	0.291935057069867
sp|P0CT04|IPB2_YEAST	4932.YNL015W	2	0	6	7	3	3	6	6	11	5	1	6	2	0	0	2	5	9	0	1	305.358515366332
sp|P10591|HSP71_YEAST	4932.YAL005C	60	3	49	51	28	50	5	40	53	48	8	32	28	23	26	41	45	41	1	10	8176.13147681691
sp|P10659|METK1_YEAST	4932.YLR180W	37	5	34	23	12	32	8	28	27	27	7	5	16	16	15	21	25	26	4	14	1716.34713203696
sp|P10664|RL4A_YEAST	4932.YBR031W	45	1	7	16	8	28	10	15	32	28	3	16	17	12	25	25	28	34	6	6	1903.45593087152
sp|P11076|ARF1_YEAST	4932.YDL192W	11	1	7	14	8	15	2	11	9	19	6	12	3	5	12	12	12	12	5	5	975.554080048242
sp|P11154|PYC1_YEAST	4932.YGL062W	102	12	77	75	47	90	29	72	65	104	26	46	55	50	66	60	63	100	8	31	292.573189699627
sp|P13587|ATN1_YEAST	4932.YDR040C	79	16	70	60	53	74	22	83	63	89	30	61	38	28	39	88	72	85	16	25	17.5945520238968
sp|P15731|UBC4_YEAST	4932.YBR082C	12	3	12	5	5	6	4	11	11	13	2	5	15	2	4	14	9	5	3	7	1148.30315826118
sp|P17076|RL8A_YEAST	4932.YHL033C	35	1	10	13	7	13	3	10	36	20	3	13	15	9	12	11	14	21	2	8	4672.2990902741
sp|P19211|IF5A2_YEAST	4932.YJR047C	13	2	15	13	6	12	5	7	13	12	8	3	6	3	4	13	10	9	0	3	150.374196279183
sp|P23248|RS3A2_YEAST	4932.YML063W	15	1	13	16	11	15	6	13	33	23	4	13	5	10	16	16	16	25	2	2	2952.94220235141
sp|P25383|YC21A_YEAST	4932.YCL020W	25	3	18	23	11	9	16	22	24	31	10	38	32	34	16	47	34	20	4	21	0.703479285353544
sp|P25384|YC21B_YEAST	4932.YCL019W	79	15	113	88	49	60	62	126	133	151	30	133	98	87	75	165	136	73	15	82	0.618685621706443
sp|P25594|VBA3_YEAST	4932.YCL069W	30	7	15	10	39	42	6	43	24	58	14	20	14	13	12	34	28	32	5	12	1.28934046427211
sp|P25608|YCZ2_YEAST	4932.YCR102C	31	3	20	22	12	32	8	28	27	32	1	20	20	13	12	17	18	35	3	14	0.480401817981478
sp|P25612|AAD3_YEAST	4932.YCR107W	29	2	21	25	17	25	6	29	26	26	8	21	9	11	18	34	14	20	8	14	2.57468869015251
sp|P26784|RL16A_YEAST	4932.YIL133C	24	0	5	10	9	13	4	5	26	18	2	5	8	4	16	11	8	22	1	8	1408.6706732485
sp|P29311|BMH1_YEAST	4932.YER177W	26	2	14	31	5	8	6	13	17	24	6	7	8	18	11	31	15	11	2	12	1698.12616267528
sp|P32612|PAU2_YEAST	4932.YEL049W	19	0	5	5	3	6	2	9	3	8	3	3	5	4	4	10	13	10	1	7	0.137073998164591
sp|P32768|FLO1_YEAST	4932.YAR050W	71	16	43	85	36	94	5	96	19	53	29	51	90	33	25	200	432	105	25	29	9.88199447457416
sp|P32835|GSP1_YEAST	4932.YLR293C	17	3	13	15	12	14	4	11	18	17	4	11	12	11	8	6	13	18	3	9	445.94608774035
sp|P32903|PMP1_YEAST	4932.YCR024C-A	4	1	0	0	2	4	0	7	1	5	1	0	1	3	4	0	2	3	1	1	1085.72034145968
sp|P32905|RSSA1_YEAST	4932.YGR214W	31	1	13	27	9	11	5	15	7	19	2	11	16	9	15	11	17	22	5	6	928.262268968528
sp|P35497|DHSO1_YEAST	4932.YJR159W	32	6	22	18	17	39	8	19	27	20	6	13	17	8	11	18	19	43	0	14	0.867586379748611
sp|P35842|PPAB_YEAST	4932.YAR071W	29	9	34	24	26	29	9	23	26	35	8	33	13	15	15	39	37	28	7	28	45.998508758839
sp|P35994|PAU16_YEAST	4932.YKL224C	20	0	4	6	3	7	2	9	2	9	2	3	7	3	5	9	12	12	1	7	0.662459129175667
sp|P35997|RS27_YEAST	4932.YKL156W	6	5	2	3	3	5	3	2	7	9	1	1	4	3	4	7	10	6	0	1	1418.53739202675
sp|P36031|YKW3_YEAST	4932.YKL223W	2	8	2	5	7	1	2	5	7	13	3	6	7	0	8	9	3	12	2	8	0.22531077348705
sp|P36105|RL14A_YEAST	4932.YKL006W	22	1	4	5	3	7	0	8	17	11	2	2	4	7	11	7	7	15	4	1	2477.55484436789
sp|P36168|YK76_YEAST	4932.YKR096W	45	18	70	91	67	41	22	87	68	111	21	113	47	42	59	122	64	54	16	37	0.276900265637448
sp|P38158|MAL32_YEAST	4932.YBR299W	25	5	45	43	42	37	14	35	46	38	8	29	28	17	26	44	33	23	20	26	2.77927915094606
sp|P38697|IMDH2_YEAST	4932.YHR216W	36	8	26	25	18	53	7	29	34	50	20	29	16	21	23	39	35	40	1	13	181.314944238309
sp|P38722|YHE9_YEAST	4932.YHL049C	9	6	17	17	19	10	6	13	25	25	8	13	13	6	18	22	13	20	0	11	0.383359593452684
sp|P38723|COS8_YEAST	4932.YHL048W	16	6	16	31	37	7	3	19	36	46	11	19	15	12	15	27	13	22	15	15	8.48536532269566
sp|P38725|PAU13_YEAST	4932.YHL046C	18	0	5	5	3	6	2	8	3	8	4	3	5	4	4	9	14	11	1	7	0.0406145179746935
sp|P38773|DOG2_YEAST	4932.YHR043C	16	3	22	11	11	17	3	10	22	25	5	11	11	9	7	15	16	23	3	6	20.1947848260714
sp|P38780|YHL4_YEAST	4932.YHR054C	14	2	18	22	30	7	6	37	28	37	8	41	8	10	10	31	15	18	1	11	0.856950209924853
sp|P38789|SSF1_YEAST	4932.YHR066W	21	2	29	44	13	19	12	23	55	39	11	21	20	22	30	37	20	30	0	5	66.9537309691694
sp|P38899|YH18_YEAST	4932.YBL111C	35	13	33	41	32	34	13	31	43	61	11	25	24	15	42	45	32	43	6	24	19.0607056987945
sp|P39003|HXT6_YEAST	4932.YDR343C	46	11	15	29	35	53	6	47	26	41	20	18	22	13	20	44	32	54	13	25	662.55972415537
sp|P39545|PAU7_YEAST	4932.YAR020C	12	0	2	3	1	3	1	3	1	5	1	1	0	1	2	6	4	6	0	3	3.17475359598547
sp|P39552|MST28_YEAST	4932.YAR033W	15	2	10	16	11	7	4	18	12	25	3	15	13	7	14	16	14	15	4	13	0.107864536018445
sp|P39563|YAN4_YEAST	4932.YAR064W	5	7	2	7	8	7	4	4	5	8	2	3	6	1	7	11	7	2	1	2	0.787235280004663
sp|P39567|IMDH1_YEAST	4932.YAR073W	29	6	24	17	15	35	3	27	27	37	15	21	14	16	17	26	26	29	5	14	55.2364533064937
sp|P39924|HXT13_YEAST	4932.YEL069C	36	14	21	27	40	53	6	48	29	53	16	17	22	13	19	44	25	43	13	25	0.0642436012280246
sp|P39972|YEI5_YEAST	4932.YEL075C	4	1	8	11	11	6	2	6	13	6	3	6	6	2	7	11	4	13	0	2	0.400452975736475
sp|P40054|SERA_YEAST	4932.YER081W	36	5	20	29	13	29	11	41	23	43	10	31	17	22	13	44	29	36	3	14	410.557118899355
sp|P40106|GPP2_YEAST	4932.YER062C	27	3	19	17	14	19	5	19	25	16	2	10	14	5	7	8	10	16	5	9	298.18264602627
sp|P40212|RL13B_YEAST	4932.YMR142C	33	0	7	14	8	8	4	10	20	11	1	8	9	9	26	6	7	14	1	3	2326.42445501564
sp|P40434|YIR7_YEAST	4932.YIL177C	121	31	89	122	71	89	30	82	100	154	35	103	51	53	111	163	163	109	18	63	0.249674526506052
sp|P40438|VTH1_YEAST	4932.YIL173W	70	35	128	104	97	117	30	106	110	114	19	72	54	34	70	133	97	83	15	61	0.511239873588941
sp|P40441|HXT12_YEAST	4932.YOL156W	33	9	13	16	37	44	5	43	19	34	14	14	13	13	16	34	31	36	12	21	0.87248497236755
sp|P40519|YIG0_YEAST	4932.YIL060W	6	5	1	5	4	7	2	17	6	15	4	3	12	4	8	21	9	11	1	3	2.32567824605726
sp|P40525|RL34B_YEAST	4932.YIL052C	10	4	1	6	2	7	2	6	19	5	1	4	4	6	13	8	9	11	0	3	1030.12145909216
sp|P40583|YPS6_YEAST	4932.YIR039C	34	6	35	21	34	40	1	37	20	43	10	36	18	17	4	72	45	30	3	31	0.113934456764119
sp|P40584|YIW0_YEAST	4932.YIR040C	3	8	2	4	7	2	2	6	7	12	3	6	7	0	8	9	3	11	2	8	0.22531077348705
sp|P40885|HXT9_YEAST	4932.YJL219W	38	11	21	19	42	51	4	46	25	45	17	24	18	16	20	47	42	43	13	25	0.390137827802936
sp|P40889|YJW5_YEAST	4932.YJL225C	121	30	89	122	71	89	30	82	100	154	35	103	51	53	112	163	163	109	18	63	0.246883640187666
sp|P42222|ERR3_YEAST	4932.YMR323W	46	7	27	30	12	38	10	33	26	37	8	21	16	11	17	32	19	28	5	14	7.74467515300054
sp|P42883|THI12_YEAST	4932.YNL332W	24	10	19	23	13	23	5	21	34	33	9	10	18	13	12	15	17	17	4	20	0.0349221621571078
sp|P42884|AAD14_YEAST	4932.YNL331C	28	2	19	28	14	32	8	27	27	31	11	13	16	11	17	29	18	23	9	13	1.14724293538361
sp|P43534|THI5_YEAST	4932.YFL058W	24	10	19	23	13	23	5	21	34	33	9	10	18	14	11	15	17	17	4	20	2.70896020403636
sp|P43538|YFG6_YEAST	4932.YFL066C	27	9	17	32	17	31	6	25	28	42	8	16	13	10	21	21	20	32	5	12	0.217607328237366
sp|P43544|SNO3_YEAST	4932.YFL060C	17	5	12	14	13	11	7	16	17	20	3	13	7	10	9	11	10	19	2	6	1.82302499904581
sp|P43545|SNZ3_YEAST	4932.YFL059W	34	5	15	26	8	26	6	22	22	23	12	7	11	10	11	16	14	25	2	3	3.61183527427244
sp|P46784|RS10B_YEAST	4932.YMR230W	3	0	2	10	3	4	3	5	9	9	2	5	5	10	6	4	6	7	1	11	1059.09414545121
sp|P47023|YJ41A_YEAST	4932.YJL114W	11	11	29	35	13	12	6	35	39	39	9	33	12	23	20	22	27	25	1	12	0.237799454048691
sp|P47098|YJ11B_YEAST	4932.YJR027W	81	14	102	91	53	68	61	129	126	140	31	127	112	76	71	177	136	71	14	75	5.67840737074383
sp|P47099|YJ12A_YEAST	4932.YJR028W	22	4	21	18	13	15	15	22	25	23	12	37	38	29	14	54	41	17	3	17	20.0064673699818
sp|P47100|YJ12B_YEAST	4932.YJR029W	79	15	100	89	52	68	62	128	129	141	32	125	110	79	70	181	134	73	14	74	5.43182551281853
sp|P47182|AAD10_YEAST	4932.YJR155W	20	1	17	18	14	20	9	19	26	20	8	7	10	9	13	22	16	23	6	10	0.0780497922323421
sp|P47185|HXT16_YEAST	4932.YJR158W	39	14	15	28	42	52	6	42	30	52	16	18	24	14	17	46	27	46	13	26	0.0659562992791474
sp|P47187|COS5_YEAST	4932.YJR161C	17	10	10	31	33	9	5	19	33	53	11	19	15	13	14	29	12	21	17	12	0.492953776217122
sp|P47188|YJ9Z_YEAST	4932.YJR162C	2	3	1	0	6	4	10	13	7	13	2	8	11	2	2	9	12	2	0	9	0.452390310460436
sp|P47771|ALDH2_YEAST	4932.YMR170C	46	6	34	25	29	39	4	33	43	41	6	22	24	19	9	35	33	35	6	17	19.1732881560055
sp|P48570|HOSC_YEAST	4932.YDL182W	42	8	34	22	16	25	11	37	36	31	6	25	15	8	19	24	22	34	1	12	975.202839076718
sp|P49166|RL37A_YEAST	4932.YLR185W	7	4	0	0	4	10	5	0	11	2	2	4	2	2	11	10	8	2	1	3	1792.93624101602
sp|P53051|MALX3_YEAST	4932.YGR287C	30	5	44	48	37	33	14	33	47	39	9	35	30	13	25	48	29	22	20	28	0.806602214559104
sp|P53058|VEL1_YEAST	4932.YGL258W	18	6	11	7	16	15	2	11	5	15	3	14	10	7	3	15	24	16	2	6	1.05823138377338
sp|P53427|PAU4_YEAST	4932.YLR461W	19	0	5	5	3	6	2	9	4	7	4	3	5	4	4	8	13	11	1	7	0.043830360811281
sp|P53819|YRF16_YEAST	4932.YPL283C	116	39	104	131	84	95	34	90	112	175	42	94	58	59	120	148	143	124	21	70	0.293725533081554
sp|P53963|YND4_YEAST	4932.YNL034W	26	13	26	40	26	15	20	27	33	45	12	44	44	28	27	85	40	32	8	21	0.468066080195666
sp|P53964|YND3_YEAST	4932.YNL033W	16	5	12	13	16	19	6	15	14	36	9	13	8	10	8	25	29	19	3	8	0.64507537272662
sp|Q01896|ATN2_YEAST	4932.YDR039C	80	16	70	61	52	73	20	82	63	89	29	61	38	28	41	90	70	87	16	25	7.35912033615585
sp|Q02753|RL21A_YEAST	4932.YBR191W	11	1	3	8	5	12	6	8	17	8	4	7	6	9	14	9	7	17	0	8	1409.3749928677
sp|Q03434|YM12B_YEAST	4932.YML039W	81	14	103	90	52	68	60	129	128	141	31	126	112	76	71	178	135	71	13	76	5.77186545578677
sp|Q03612|YE11B_YEAST	4932.YER138C	81	14	103	90	52	68	59	129	128	141	31	126	113	76	70	178	135	71	14	76	7.66685964720665
sp|Q03619|YE12B_YEAST	4932.YER160C	79	15	103	83	51	68	64	127	130	144	31	124	111	76	71	180	135	74	14	75	4.42361505517976
sp|Q03855|YD11B_YEAST	4932.YDR098C-B	82	13	102	87	53	69	62	128	129	139	31	129	114	74	71	176	134	72	14	76	4.8664515562459
sp|Q03964|YD17A_YEAST	4932.YDR170W-A	25	4	21	17	14	15	16	22	23	27	13	31	39	33	18	47	38	17	3	17	131.915380902271
sp|Q04214|YM13B_YEAST	4932.YMR045C	80	17	103	88	51	67	66	126	125	148	33	117	107	80	76	179	133	73	14	72	3.8555532764804
sp|Q04215|YM13A_YEAST	4932.YMR046C	24	5	21	17	13	15	17	22	21	27	13	32	39	33	18	49	39	17	3	15	15.1881731596723
sp|Q04670|YM14B_YEAST	4932.YMR050C	80	14	101	83	52	68	61	129	130	141	31	127	115	78	71	177	134	74	14	75	4.65742823363221
sp|Q04711|YM11B_YEAST	4932.YML045W	81	14	104	86	52	68	61	129	128	141	31	129	113	76	70	177	134	72	14	75	4.08501392772287
sp|Q04792|DCE_YEAST	4932.YMR250W	34	8	29	44	26	38	25	30	39	60	14	29	29	22	23	48	28	33	9	17	35.510776607586
sp|Q04898|YM99_YEAST	4932.YMR321C	6	3	7	4	2	6	1	9	8	10	3	8	6	4	2	11	4	5	2	4	52.1811726205245
sp|Q04902|SNO4_YEAST	4932.YMR322C	23	1	15	12	15	21	6	19	19	18	2	12	9	1	9	15	16	12	2	10	0.291845113952384
sp|Q07987|PAU23_YEAST	4932.YLR037C	19	0	5	6	3	7	2	8	2	8	3	3	8	2	5	8	13	14	1	7	2.73100205033757
sp|Q08912|YO389_YEAST	4932.YOR389W	39	8	47	41	28	42	15	34	28	57	16	38	32	18	32	47	33	37	12	20	0.240705436275918
sp|Q08913|YO390_YEAST	4932.YOR390W	22	11	7	12	31	23	9	28	19	42	14	20	14	6	7	32	33	23	5	17	0.176790491606201
sp|Q08995|YP204_YEAST	4932.YPR204W	75	21	46	79	36	56	16	43	58	91	21	58	25	31	61	95	107	67	14	32	0.258274304936388
sp|Q12112|YN11B_YEAST	4932.YNL284C-B	79	16	105	85	52	68	63	124	128	144	34	115	105	79	77	184	137	70	14	76	4.46690938099084
sp|Q12141|YG11B_YEAST	4932.YGR027W-B	79	15	100	90	52	68	63	128	126	142	32	126	109	78	71	181	134	73	14	74	10.3979969611448
sp|Q12173|YG31A_YEAST	4932.YGR109W-A	15	6	16	20	15	12	8	19	16	21	11	23	16	12	24	16	19	6	3	12	24.1034417843677
sp|Q12217|YB12A_YEAST	4932.YBR012W-A	23	3	22	16	13	15	13	23	25	23	12	38	43	27	14	52	38	18	3	19	15.4910467550856
sp|Q12260|YB21A_YEAST	4932.YBL100W-A	25	3	19	22	11	9	18	22	25	31	10	37	31	33	15	47	34	20	4	22	0.497144445258856
sp|Q12269|YG12B_YEAST	4932.YGR038C-B	82	13	102	88	53	69	62	129	126	140	31	129	113	75	71	177	134	72	14	75	4.80238651318329
sp|Q12273|YO11B_YEAST	4932.YOL103W-B	81	14	102	90	52	68	58	129	128	141	31	128	113	76	70	177	135	71	14	77	5.88830882488087
sp|Q12501|YO22B_YEAST	4932.YOR343W-B	78	16	114	87	49	61	64	127	134	150	30	134	99	84	75	163	138	70	15	82	0.426273145232155
