uniprot_id	string_id	A	C	D	E	F	G	H	I	K	L	M	N	P	Q	R	S	T	V	W	Y	abundance
sp|P00561|AK1H_ECOLI	511145.b0002	91	12	44	53	30	63	14	46	34	89	23	38	29	30	46	51	34	69	4	20	766.30656332802
sp|P00547|KHSE_ECOLI	511145.b0003	37	9	13	21	10	27	6	16	10	31	10	12	16	14	17	17	9	23	4	8	497.781005348087
sp|P00934|THRC_ECOLI	511145.b0004	47	4	24	29	24	28	10	17	22	54	8	19	23	21	17	19	23	27	3	9	1206.74743508028
sp|P0A8I3|YAAA_ECOLI	511145.b0006	19	0	17	16	16	14	3	17	18	31	6	13	12	14	15	15	13	7	2	10	84.0250558503287
sp|P0A870|TALB_ECOLI	511145.b0008	39	3	21	25	7	17	2	26	22	33	5	11	10	15	16	16	17	16	4	12	2457.38631728323
sp|P0AF03|MOG_ECOLI	511145.b0009	16	3	9	17	5	14	3	13	6	20	4	3	13	9	12	12	14	18	1	3	42.1950844010869
sp|P0A6Y8|DNAK_ECOLI	511145.b0014	70	1	55	50	15	47	8	44	50	48	15	26	23	37	25	25	44	47	1	7	8986.84641184344
sp|P08622|DNAJ_ECOLI	511145.b0015	27	10	20	31	17	53	10	13	26	23	7	8	16	23	27	12	18	25	0	10	263.486927222242
sp|P13738|NHAA_ECOLI	511145.b0019	49	3	10	9	18	36	8	40	11	64	11	9	15	6	14	24	13	32	8	8	11.2465424645576
sp|P0A7U7|RS20_ECOLI	511145.b0023	19	0	2	3	2	2	3	7	14	3	4	6	1	5	7	4	2	2	0	1	9551.53378456505
sp|P0AG40|RIBF_ECOLI	511145.b0025	28	4	16	19	17	29	8	13	13	42	5	8	13	15	29	9	14	26	0	5	27.7673345552794
sp|P00956|SYI_ECOLI	511145.b0026	92	14	71	58	31	75	25	46	61	77	24	21	42	31	46	47	47	74	23	33	440.249934263415
sp|P0AEM0|FKBX_ECOLI	511145.b0028	12	0	12	13	9	13	4	8	4	16	5	5	8	4	5	12	9	9	0	1	88.0581245134329
sp|P62623|ISPH_ECOLI	511145.b0029	30	4	19	29	8	22	6	21	14	23	6	12	12	12	23	18	12	37	2	6	155.89719603439
sp|P22564|RIHC_ECOLI	511145.b0030	39	8	17	13	12	22	6	17	7	36	9	11	20	11	15	13	17	24	3	4	1.834362959416
sp|P04036|DAPB_ECOLI	511145.b0031	40	2	21	16	11	32	10	16	12	24	9	7	3	6	15	13	14	19	1	2	233.642647116813
sp|P0A6F1|CARA_ECOLI	511145.b0032	39	4	25	20	16	33	15	23	20	36	7	16	20	14	16	18	27	23	2	8	1205.34362085581
sp|P00968|CARB_ECOLI	511145.b0033	112	14	64	91	34	83	15	71	56	83	31	36	44	35	69	46	60	94	4	31	912.705736050728
sp|P31553|CAIT_ECOLI	511145.b0040	40	11	11	17	37	39	3	47	17	58	18	16	24	8	16	29	32	40	23	18	0.330627931360659
sp|P31574|FIXB_ECOLI	511145.b0042	45	2	17	14	6	25	6	19	15	27	8	16	11	16	15	17	18	24	4	8	1.63393728333916
sp|P31679|YAAU_ECOLI	511145.b0045	36	5	14	14	30	46	2	40	8	55	23	11	22	11	24	28	20	32	12	10	1.53242550560369
sp|P03819|KEFC_ECOLI	511145.b0047	70	4	21	44	30	52	11	42	17	95	26	11	20	21	38	32	26	45	7	8	5.42367946662342
sp|P0ABQ4|DYR_ECOLI	511145.b0048	13	2	13	12	6	10	5	12	6	11	5	6	10	4	9	9	6	11	5	4	70.1840668389807
sp|P06992|RSMA_ECOLI	511145.b0051	24	2	11	13	13	15	7	13	9	27	12	17	20	16	16	13	13	24	0	8	14.983763698989
sp|P19624|PDXA_ECOLI	511145.b0052	37	4	14	18	9	30	11	19	10	43	8	12	23	12	15	5	26	27	1	5	20.7348576070079
sp|P0ABZ6|SURA_ECOLI	511145.b0053	48	0	28	22	10	26	8	31	23	37	16	27	14	34	25	27	17	25	5	5	360.823329286714
sp|P31554|LPTD_ECOLI	511145.b0054	49	4	64	35	24	54	12	34	27	54	18	54	34	44	45	56	50	50	18	58	59.1666992826331
sp|P31680|DJLA_ECOLI	511145.b0055	28	2	11	14	16	27	7	13	17	22	15	7	7	24	19	9	10	13	4	6	58.3526650194587
sp|P0AA37|RLUA_ECOLI	511145.b0058	20	2	10	16	4	11	9	8	11	20	9	6	19	9	16	9	10	18	3	9	9.45890156828492
sp|P60240|RAPA_ECOLI	511145.b0059	85	6	67	82	37	54	29	50	26	117	24	40	36	57	74	50	45	58	12	19	48.463114366368
sp|P08202|ARAA_ECOLI	511145.b0062	43	7	33	24	23	39	21	24	23	48	17	22	19	26	24	17	33	35	11	11	2.6429456268518
sp|P08204|ARAB_ECOLI	511145.b0063	79	15	30	29	19	43	13	31	16	49	9	18	32	34	26	33	26	39	16	9	26.4064721768346
sp|P31548|THIQ_ECOLI	511145.b0066	21	2	8	9	5	20	6	11	6	36	11	8	11	14	14	18	15	14	2	1	2.78555097027729
sp|P30126|LEUD_ECOLI	511145.b0071	22	2	16	10	17	13	6	10	11	18	4	11	10	10	7	7	8	12	2	5	581.023601681966
sp|P30125|LEU3_ECOLI	511145.b0073	43	6	23	25	13	32	8	27	13	35	9	13	19	13	22	19	12	18	2	11	707.14855088701
sp|P09151|LEU1_ECOLI	511145.b0074	61	6	29	41	15	35	15	39	27	36	13	30	12	22	27	30	23	46	2	14	742.779839116913
sp|P00893|ILVI_ECOLI	511145.b0077	47	6	30	29	12	49	19	29	23	53	23	17	28	33	24	31	34	59	9	19	57.5122123020868
sp|P00894|ILVH_ECOLI	511145.b0078	9	0	9	12	3	14	2	13	8	18	4	3	3	8	14	13	9	18	0	3	568.736379745543
sp|P0ACP1|CRA_ECOLI	511145.b0080	34	3	21	25	12	14	8	13	12	39	6	10	18	15	32	17	16	25	3	11	46.1257067450993
sp|P60390|RSMH_ECOLI	511145.b0082	30	0	18	29	10	25	5	21	14	31	9	9	16	11	30	17	14	17	3	4	122.040550802083
sp|P0AEN4|FTSL_ECOLI	511145.b0083	8	2	6	10	2	6	6	9	5	17	3	3	3	6	9	6	8	11	1	0	1.91672485893238
sp|P0AD68|FTSI_ECOLI	511145.b0084	55	2	25	28	15	55	7	35	32	49	15	27	32	19	40	41	30	54	6	21	9.72667998650309
sp|P22188|MURE_ECOLI	511145.b0085	66	8	34	29	10	43	19	19	16	52	13	17	17	16	28	21	25	44	7	11	121.344425166767
sp|P11880|MURF_ECOLI	511145.b0086	64	4	22	23	11	39	9	23	16	54	9	23	15	18	17	27	31	37	5	5	67.0545957516282
sp|P0A6W3|MRAY_ECOLI	511145.b0087	29	2	9	7	24	36	8	26	12	49	13	8	14	8	15	15	16	44	10	15	13.673275063301
sp|P14900|MURD_ECOLI	511145.b0088	52	7	25	27	13	40	10	14	15	56	13	21	17	15	22	21	24	34	3	9	67.5119712167573
sp|P0ABG4|FTSW_ECOLI	511145.b0089	35	2	12	14	26	37	2	34	13	67	19	7	15	11	25	26	19	29	10	11	2.7344373181385
sp|P17443|MURG_ECOLI	511145.b0090	54	1	12	15	8	37	8	18	15	30	11	9	19	22	21	15	13	33	9	5	21.4939896183758
sp|P17952|MURC_ECOLI	511145.b0091	54	2	31	31	18	41	17	30	12	43	15	20	28	19	34	17	29	38	1	11	83.3787530918386
sp|P07862|DDLB_ECOLI	511145.b0092	31	2	15	23	9	31	3	12	14	41	11	4	13	14	11	25	13	22	5	7	33.14573178507
sp|P06136|FTSQ_ECOLI	511145.b0093	19	0	13	19	5	17	3	11	10	31	9	13	13	25	21	15	18	20	7	7	5.40363200932918
sp|P0ABH0|FTSA_ECOLI	511145.b0094	36	9	18	33	4	40	13	28	21	36	8	13	14	19	21	24	19	50	2	12	113.610581331076
sp|P0A9A6|FTSZ_ECOLI	511145.b0095	47	0	28	26	13	42	3	22	17	29	16	16	15	14	18	12	24	38	0	3	633.556969841302
sp|P0A725|LPXC_ECOLI	511145.b0096	32	6	25	15	18	19	7	19	15	29	8	15	12	8	18	12	15	22	2	8	23.3882931012501
sp|P10408|SECA_ECOLI	511145.b0098	81	4	52	93	25	56	22	54	51	82	33	34	29	42	66	44	42	59	7	25	366.111342483429
sp|P0A8H8|YACG_ECOLI	511145.b0101	2	4	4	8	2	4	0	4	4	3	1	1	5	2	3	8	4	3	3	0	42.0496683871995
sp|P36680|ZAPD_ECOLI	511145.b0102	14	4	14	14	12	13	6	15	6	39	4	8	12	22	20	14	11	13	4	2	71.1597565661766
sp|P60560|GUAC_ECOLI	511145.b0104	31	7	16	25	16	37	8	18	20	25	11	12	9	8	17	25	22	31	3	6	572.184513551305
sp|P36646|HOFC_ECOLI	511145.b0106	40	4	12	17	13	27	10	27	14	70	18	10	16	28	17	21	24	16	11	5	3.51132635206451
sp|P30011|NADC_ECOLI	511145.b0109	26	2	20	26	9	22	7	14	12	36	4	16	9	8	21	14	19	26	3	3	81.0257599587125
sp|P0AE14|AMPE_ECOLI	511145.b0111	29	2	7	10	16	21	13	12	8	47	7	4	9	9	18	9	18	26	9	10	7.75576571028525
sp|P0ACL9|PDHR_ECOLI	511145.b0113	22	1	10	31	7	9	9	12	8	38	5	5	10	16	28	20	6	10	1	6	9.54363301855212
sp|P0AFG8|ODP1_ECOLI	511145.b0114	72	6	52	71	34	79	23	57	48	70	22	38	36	41	49	43	42	51	11	42	2084.69526138289
sp|P06959|ODP2_ECOLI	511145.b0115	96	1	33	58	19	51	5	45	53	33	17	17	37	15	20	29	27	68	3	3	1848.15164262854
sp|P0A9P0|DLDH_ECOLI	511145.b0116	50	5	25	39	14	51	13	39	39	34	10	14	21	8	15	14	26	45	4	8	2274.97504053129
sp|P36683|ACON2_ECOLI	511145.b0118	97	10	55	57	29	76	15	47	49	88	23	31	54	25	39	36	47	58	8	21	1251.93285609998
sp|P0A8E5|YACL_ECOLI	511145.b0119	9	1	7	18	5	9	4	1	4	10	7	5	0	6	6	5	2	13	3	5	55.3945131981361
sp|P0A7F6|SPED_ECOLI	511145.b0120	14	6	19	22	9	11	12	24	16	23	9	13	11	6	10	14	16	14	1	14	202.724171976966
sp|P09158|SPEE_ECOLI	511145.b0121	26	6	20	15	18	21	15	18	9	21	7	11	10	16	11	14	16	19	2	13	181.594691129141
sp|P36649|CUEO_ECOLI	511145.b0123	43	3	31	21	18	51	23	21	24	52	29	21	34	23	20	21	26	37	9	9	24.1388638988209
sp|P15877|DHG_ECOLI	511145.b0124	74	7	41	33	32	75	10	41	32	71	24	39	67	26	29	38	52	56	24	25	17.2057209434154
sp|P0A9M2|HPRT_ECOLI	511145.b0125	7	2	15	15	6	12	3	16	10	17	7	2	6	3	13	14	7	17	0	6	254.056202331807
sp|P61517|CAN_ECOLI	511145.b0126	12	5	11	16	5	16	12	14	10	28	5	13	6	9	12	10	9	16	6	5	522.967247723196
sp|P36879|YADG_ECOLI	511145.b0127	19	1	13	25	9	25	3	18	21	42	9	14	9	17	19	15	16	21	2	10	16.196027897905
sp|P31666|YADE_ECOLI	511145.b0130	36	0	22	11	20	25	12	20	22	42	10	24	19	19	28	25	22	28	6	18	3.43487229493892
sp|P0C7I4|PAND_ECOLW	511145.b0131	18	2	8	8	4	8	4	12	5	5	4	6	3	3	8	6	7	10	2	3	240.80006498009
sp|P31663|PANC_ECOLI	511145.b0133	24	2	22	19	9	18	4	20	17	32	10	8	12	11	21	12	12	24	1	5	254.643362188291
sp|P31057|PANB_ECOLI	511145.b0134	34	3	12	18	10	26	7	13	11	26	9	7	11	11	9	8	17	23	1	8	726.897848784689
sp|P37018|YADM_ECOLI	511145.b0138	13	2	11	6	8	14	1	15	13	13	6	14	8	5	5	18	25	8	2	2	10.42034802373
sp|P33129|HTRE_ECOLI	511145.b0139	54	6	54	36	28	71	11	58	29	63	12	68	29	47	34	98	52	51	13	51	4.21705886225805
sp|P0ABF1|PCNB_ECOLI	511145.b0143	39	4	24	36	21	25	8	20	22	49	13	18	25	18	54	17	26	26	6	14	45.139786438131
sp|P0ABS1|DKSA_ECOLI	511145.b0145	13	4	10	22	4	7	2	9	10	12	4	5	5	8	15	5	6	6	1	3	741.208754798535
sp|P37024|HRPB_ECOLI	511145.b0148	92	7	47	48	9	52	11	31	24	128	22	21	50	56	65	44	31	46	14	11	1.58010480832544
sp|P02919|PBPB_ECOLI	511145.b0149	68	2	52	38	25	66	5	38	40	83	27	35	52	63	60	50	40	57	13	30	21.92560963283
sp|P06971|FHUA_ECOLI	511145.b0150	69	4	49	35	36	62	8	17	40	46	12	43	37	33	33	54	58	60	9	42	99.310590709701
sp|P07821|FHUC_ECOLI	511145.b0151	27	2	10	16	6	24	10	14	7	35	9	4	17	10	18	17	12	17	3	7	25.6916908690178
sp|P23893|GSA_ECOLI	511145.b0154	52	10	22	28	21	46	8	20	11	36	19	14	24	8	18	16	22	36	1	14	595.873191096355
sp|P37019|CLCA_ECOLI	511145.b0155	58	3	11	17	27	57	6	37	13	67	18	12	21	14	23	15	29	30	6	9	1.5853154020229
sp|P0ACC3|ERPA_ECOLI	511145.b0156	6	3	10	6	6	14	0	5	5	9	3	6	4	4	2	10	7	10	0	4	414.856687464668
sp|P0AF12|MTNN_ECOLI	511145.b0159	32	5	12	15	8	22	7	18	11	23	4	9	6	8	6	12	9	21	0	4	414.551723266407
sp|P15723|DGTP_ECOLI	511145.b0160	34	6	24	46	21	21	19	25	23	63	11	16	21	19	46	32	19	26	10	23	5.11829527724667
sp|P0C0V0|DEGP_ECOLI	511145.b0161	45	2	22	16	14	53	1	30	28	42	15	34	19	31	13	41	25	38	0	5	567.918751461301
sp|P37047|CDAR_ECOLI	511145.b0162	29	2	22	28	7	27	8	19	9	56	16	19	11	19	38	15	20	27	5	8	4.40270256982736
sp|P62768|YAEH_ECOLI	511145.b0163	4	1	12	12	4	5	1	11	14	12	1	6	3	7	10	7	4	8	0	6	816.418612823584
sp|P0A9D8|DAPD_ECOLI	511145.b0166	24	3	14	19	8	26	3	22	13	15	5	12	9	12	16	14	14	33	3	9	2148.41464826917
sp|P27249|GLND_ECOLI	511145.b0167	65	9	52	62	38	46	38	46	22	122	19	28	40	54	77	42	48	50	16	16	18.7665628482718
sp|P0AE18|MAP1_ECOLI	511145.b0168	14	7	17	22	6	22	9	26	18	16	9	8	11	5	13	12	16	24	1	8	388.231294433564
sp|P0A7V0|RS2_ECOLI	511145.b0169	25	1	17	16	12	17	6	14	19	21	8	12	7	7	13	11	13	17	3	2	4324.48380715867
sp|P0A6P1|EFTS_ECOLI	511145.b0170	39	2	14	32	10	24	4	19	28	16	10	8	5	10	9	10	11	29	0	3	4006.83924791837
sp|P0A7E9|PYRH_ECOLI	511145.b0171	28	2	12	15	7	23	3	13	13	27	12	11	7	4	14	9	14	21	1	5	523.182062114665
sp|P0A805|RRF_ECOLI	511145.b0172	19	1	19	14	3	6	0	12	16	15	5	5	8	6	17	13	9	15	0	2	1764.71881121584
sp|P60472|UPPS_ECOLI	511145.b0174	27	2	12	19	11	20	8	13	9	24	6	15	7	13	20	13	10	14	6	4	33.6200405702346
sp|P0AEH1|RSEP_ECOLI	511145.b0176	38	2	22	24	22	42	6	36	22	52	7	14	29	13	23	22	16	44	8	8	3.5288262903922
sp|P0A940|BAMA_ECOLI	511145.b0177	47	2	70	38	38	75	8	31	45	57	16	43	29	33	38	58	56	66	13	47	165.582574809098
sp|P0AEU7|SKP_ECOLI	511145.b0178	23	0	11	8	4	7	0	5	17	14	6	7	0	15	9	11	9	13	1	1	2048.11438553928
sp|P21645|LPXD_ECOLI	511145.b0179	33	7	21	9	4	38	6	36	14	20	13	20	12	18	13	17	18	32	3	7	161.055484993006
sp|P0A6Q6|FABZ_ECOLI	511145.b0180	11	2	5	14	13	12	3	7	8	15	6	3	9	4	11	3	9	14	0	2	447.175713122532
sp|P0A722|LPXA_ECOLI	511145.b0181	25	5	11	16	10	30	12	26	10	12	4	13	9	6	15	11	16	25	0	6	213.909961068211
sp|P10443|DPO3A_ECOLI	511145.b0184	102	12	86	92	50	94	24	66	58	122	37	32	54	40	78	46	45	75	8	39	9.4724125673652
sp|P0ABD5|ACCA_ECOLI	511145.b0185	37	2	21	25	8	26	4	24	17	33	11	7	16	11	25	16	9	15	2	10	943.954563930048
sp|P52095|DCLZ_ECOLI	511145.b0186	50	7	43	47	33	50	23	46	32	68	29	25	40	28	32	36	43	42	12	27	14.5338240176116
sp|P52097|TILS_ECOLI	511145.b0188	48	6	18	27	11	30	9	16	7	59	5	11	21	34	36	22	20	32	15	5	7.43754202387209
sp|P0AFW8|ROF_ECOLI	511145.b0189	5	2	7	9	1	3	3	3	5	11	2	4	2	3	3	6	5	7	0	3	48.2277377732561
sp|P40710|NLPE_ECOLI	511145.b0192	27	5	12	18	9	17	2	4	12	22	11	9	13	6	11	17	18	11	3	9	4.73141237024279
sp|P16659|SYP_ECOLI	511145.b0194	51	1	34	48	20	41	9	36	28	49	17	19	28	27	35	30	27	49	5	18	707.765176207835
sp|P69411|RCSF_ECOLI	511145.b0196	16	6	3	6	1	7	1	6	8	10	5	5	14	6	8	14	7	9	0	2	100.830195537084
sp|P28635|METQ_ECOLI	511145.b0197	26	1	21	15	9	21	2	13	26	29	1	15	12	15	4	10	9	31	1	10	1048.74877782234
sp|P31547|METI_ECOLI	511145.b0198	22	0	1	6	9	23	0	23	3	26	10	6	11	6	11	7	15	27	3	8	15.3002069853065
sp|P30750|METN_ECOLI	511145.b0199	23	5	17	22	10	22	10	22	15	43	7	15	13	19	18	23	25	28	1	5	51.9002246679865
sp|P63228|GMHB_ECOLI	511145.b0200	20	3	18	11	7	12	6	10	11	14	8	6	9	9	8	7	8	16	3	5	53.1538794560827
sp|P30863|DKGB_ECOLI	511145.b0207	33	1	14	20	4	13	5	24	19	28	5	12	11	11	9	16	14	15	5	8	59.4174686987492
sp|P30864|YAFC_ECOLI	511145.b0208	27	3	12	26	10	16	4	20	14	33	8	8	13	8	24	30	17	21	1	9	20.7962352766082
sp|P0A8U2|YAFD_ECOLI	511145.b0209	26	2	11	12	11	13	7	10	8	30	7	10	21	13	23	16	10	23	3	10	23.3920721784829
sp|P0AEZ7|MLTD_ECOLI	511145.b0211	45	1	26	13	7	33	6	19	34	43	16	24	18	22	27	43	26	29	8	12	2.56333280786928
sp|P0AC84|GLO2_ECOLI	511145.b0212	15	6	16	17	13	15	10	16	14	27	3	14	12	11	9	11	14	17	3	8	12.4055322729247
sp|P0A7Y4|RNH_ECOLI	511145.b0214	14	3	7	12	2	14	5	7	11	12	4	7	5	8	10	4	10	9	6	5	4.3751735556824
sp|P77339|YAFT_ECOLI	511145.b0217	19	5	18	16	6	8	1	11	25	22	9	17	10	17	8	18	19	18	4	10	8.14808539617654
sp|P0AD59|IVY_ECOLI	511145.b0220	16	2	8	6	6	13	3	7	11	12	9	6	4	8	2	13	17	9	3	2	702.661069992607
sp|Q47146|FADE_ECOLI	511145.b0221	81	8	38	45	27	71	20	54	41	96	22	26	45	29	45	42	37	53	12	22	14.3997270535043
sp|P63224|GMHA_ECOLI	511145.b0222	22	3	12	13	7	19	7	20	11	13	5	10	3	4	10	10	6	12	0	5	802.798097945634
sp|Q47147|YAFJ_ECOLI	511145.b0223	15	7	11	13	13	23	6	10	11	21	6	12	14	11	15	13	22	17	7	8	10.4705487472581
sp|Q47150|DINJ_ECOLI	511145.b0226	12	0	10	4	3	4	1	7	7	10	2	4	2	3	5	3	4	5	0	0	64.0664737857659
sp|Q47152|YAFM_ECOLI	511145.b0228	7	2	11	7	9	8	9	13	9	8	3	6	7	6	16	8	9	10	9	8	6.0537151104755
sp|P15288|PEPD_ECOLI	511145.b0237	42	4	29	36	13	42	16	31	29	54	12	26	23	14	15	22	26	35	6	10	1015.7920747639
sp|P0A9M5|XGPT_ECOLI	511145.b0238	11	1	13	8	4	13	4	13	7	11	5	1	9	5	10	7	6	16	4	4	105.286137566972
sp|P04335|FRSA_ECOLI	511145.b0239	35	6	27	20	15	27	12	16	16	44	15	12	27	20	28	23	21	23	11	16	29.4648453906637
sp|P0A7B5|PROB_ECOLI	511145.b0242	45	3	24	18	5	37	10	31	11	39	6	13	11	13	26	22	19	25	2	7	122.953523073607
sp|P07004|PROA_ECOLI	511145.b0243	54	7	29	24	5	31	7	27	19	43	9	17	12	18	25	22	21	38	1	8	146.31819537407
sp|P77692|YKFI_ECOLI	511145.b0245	11	2	5	6	3	4	2	7	5	14	2	5	5	7	10	4	7	9	2	3	1.31049486670736
sp|P77206|YAFZ_ECOLI	511145.b0252	17	3	13	20	10	21	7	12	9	29	5	7	13	18	30	18	14	18	3	6	1.5390536316809
sp|P77206|YAFZ_ECOLI	511145.b2633	17	3	13	20	10	21	7	12	9	29	5	7	13	18	30	18	14	18	3	6	1.5390536316809
sp|Q47690|MMUM_ECOLI	511145.b0261	51	8	16	20	6	22	11	9	7	43	2	9	14	12	17	16	14	16	4	13	14.2582431962921
sp|P75682|YAGE_ECOLI	511145.b0268	30	3	20	9	12	25	9	21	13	35	4	9	18	16	11	16	19	23	2	7	41.326074730921
sp|P77713|YAGH_ECOLI	511145.b0271	27	8	35	28	24	49	20	19	14	45	9	17	42	16	29	37	37	30	19	31	0.558940490447377
sp|P06960|OTC2_ECOLI	511145.b0273	38	4	19	24	14	26	10	10	23	36	15	12	9	15	11	13	23	20	4	8	62.327430316836
sp|P77607|YAGL_ECOLI	511145.b0278	6	7	9	14	11	10	10	24	19	24	5	6	4	15	16	20	11	10	2	9	5.34480732925735
sp|P71298|INTF_ECOLI	511145.b0281	43	3	20	26	13	22	10	32	34	48	7	18	20	18	38	38	27	22	13	14	1.71155686648107
sp|P77489|YAGR_ECOLI	511145.b0284	95	6	43	41	18	71	19	34	32	60	19	26	38	27	39	36	52	51	8	17	1.15628430706045
sp|P0AAA1|YAGU_ECOLI	511145.b0287	17	3	7	9	16	15	5	17	3	20	4	10	18	4	12	9	6	17	7	5	192.284506934147
sp|P77694|YAGW_ECOLI	511145.b0290	41	8	32	15	28	45	5	32	19	33	16	37	19	17	19	57	55	31	15	23	6.87714215048403
sp|P77802|YAGX_ECOLI	511145.b0291	70	2	46	32	25	90	10	40	24	82	14	61	22	43	51	85	48	49	15	32	5.14024716992878
sp|P77188|MATC_ECOLI	511145.b0292	23	2	15	7	8	13	2	12	14	25	4	12	11	8	15	20	11	10	2	8	2.64034234596804
sp|P77433|YKGG_ECOLI	511145.b0308	26	6	9	22	5	15	2	14	9	26	3	10	9	15	14	16	7	17	1	5	12.275562710678
sp|P77180|YKGH_ECOLI	511145.b0310	11	6	10	13	9	7	2	27	15	19	8	13	7	11	9	16	13	13	3	10	10.2977067619204
sp|P17445|BETB_ECOLI	511145.b0312	55	5	26	33	18	46	6	30	21	35	14	17	20	17	26	30	31	40	6	14	23.8156460091683
sp|P0ABC9|BETT_ECOLI	511145.b0314	56	3	24	28	46	54	11	41	17	86	25	21	27	22	32	49	41	47	17	30	1.12243742387691
sp|P21514|YAHA_ECOLI	511145.b0315	20	5	16	23	21	24	14	31	19	35	9	16	19	19	12	23	18	25	4	9	1.146615090504
sp|P75691|YAHK_ECOLI	511145.b0325	34	10	21	24	7	33	16	21	16	23	12	10	19	10	18	12	19	31	2	11	189.100680699004
sp|P75694|YAHO_ECOLI	511145.b0329	11	0	6	8	1	5	1	7	13	7	4	4	0	2	0	6	7	6	0	3	199.203559322085
sp|P77743|PRPR_ECOLI	511145.b0330	57	3	22	38	22	35	11	27	19	69	11	15	25	24	43	29	33	29	3	13	5.96588648581743
sp|P31660|PRPC_ECOLI	511145.b0333	35	3	20	26	10	29	18	24	23	35	11	13	19	11	20	27	21	26	5	13	0.554536395293438
sp|P0AA82|CODB_ECOLI	511145.b0336	52	2	10	3	25	50	5	27	8	60	15	21	13	6	9	26	27	42	9	9	8.28882958781278
sp|P25524|CODA_ECOLI	511145.b0337	39	3	23	26	13	32	19	28	13	43	10	20	18	26	22	18	26	29	7	12	431.290918426158
sp|P27111|CYNR_ECOLI	511145.b0338	39	3	12	21	9	13	13	16	8	42	5	4	13	15	21	23	15	19	2	6	3.67354230656411
sp|P17583|CYNX_ECOLI	511145.b0341	48	4	3	6	15	38	7	20	5	68	17	3	20	18	17	25	15	32	16	7	0.889351989669623
sp|P07464|THGA_ECOLI	511145.b0342	8	2	9	14	8	16	8	17	10	9	7	16	12	0	10	12	12	22	2	9	5.88912496640919
sp|P77569|MHPR_ECOLI	511145.b0346	24	2	12	24	5	19	5	10	10	40	9	6	9	14	29	17	14	18	4	6	1.89662525341267
sp|P77397|MHPA_ECOLI	511145.b0347	51	6	35	24	20	37	14	25	20	52	21	22	36	34	40	18	25	51	12	11	1.33033427531686
sp|P77044|MHPC_ECOLI	511145.b0349	20	3	18	14	15	27	8	13	11	35	9	16	13	10	18	19	13	17	6	3	4.90737122115405
sp|P51024|YAIL_ECOLI	511145.b0354	26	0	13	14	4	6	1	12	19	18	3	8	3	14	9	9	6	10	1	3	18.3665336443669
sp|P51025|SFGH1_ECOLI	511145.b0355	24	3	14	16	9	18	12	14	12	23	10	15	14	14	10	21	7	17	5	19	3.00384320940031
sp|P25437|FRMA_ECOLI	511145.b0356	31	10	21	22	14	43	12	22	20	22	8	12	18	9	15	16	23	41	3	7	71.5186029175705
sp|P0AAP3|FRMR_ECOLI	511145.b0357	9	2	6	10	1	4	1	6	4	8	2	2	2	4	11	6	4	7	0	2	310.703322997058
sp|Q47536|YAIP_ECOLI	511145.b0363	32	12	16	14	20	32	4	26	16	41	13	12	20	11	27	19	24	32	12	15	1.59874319992313
sp|Q47539|TAUC_ECOLI	511145.b0367	32	0	3	9	10	22	3	24	5	49	7	1	17	13	15	14	15	24	9	3	2.99126871697358
sp|P0ACB2|HEM2_ECOLI	511145.b0369	43	6	21	27	12	22	6	21	15	27	14	6	11	9	23	20	13	18	1	9	94.3223553342019
sp|P0A6J8|DDLA_ECOLI	511145.b0381	39	4	25	21	12	26	9	26	18	35	6	17	16	15	13	21	18	33	2	8	185.831406172968
sp|P0AAN9|IRAP_ECOLI	511145.b0382	8	1	7	10	1	1	1	5	8	13	3	3	3	7	4	2	2	5	0	2	389.094952079333
sp|P00634|PPB_ECOLI	511145.b0383	67	4	28	24	9	45	10	17	30	44	9	20	23	23	14	23	43	24	3	11	1.9727763552119
sp|P0A9L8|P5CR_ECOLI	511145.b0386	38	4	10	17	9	24	4	21	16	18	14	7	14	8	7	17	12	25	1	3	114.086483772406
sp|P0A8D3|YAII_ECOLI	511145.b0387	21	2	10	11	4	8	0	10	3	13	5	4	8	7	17	6	8	10	3	2	14.9635796319135
sp|P0C037|YAIE_ECOLI	511145.b0391	6	1	2	9	5	8	2	2	2	7	3	3	4	3	2	13	6	10	1	5	683.88377345142
sp|P36767|RDGC_ECOLI	511145.b0393	28	5	20	27	10	16	4	17	23	39	13	7	9	16	16	20	12	15	5	1	86.6124061491612
sp|P23917|MAK_ECOLI	511145.b0394	29	6	17	20	7	39	6	17	9	25	6	10	12	12	21	13	17	23	5	8	7.36269151211981
sp|P13458|SBCC_ECOLI	511145.b0397	112	8	46	88	20	39	27	36	42	145	10	36	25	157	62	51	76	42	15	11	5.27287414045146
sp|P08400|PHOR_ECOLI	511145.b0400	22	3	11	32	17	30	15	17	17	62	12	22	21	20	37	21	25	28	11	8	25.8745947757682
sp|P0A847|TGT_ECOLI	511145.b0406	17	8	31	23	17	37	10	22	18	31	14	13	20	11	30	13	17	25	4	14	52.610147067705
sp|P0ADZ7|YAJC_ECOLI	511145.b0407	12	0	5	4	6	9	1	8	9	11	6	3	4	3	4	5	7	11	0	2	2131.80832963941
sp|P0AG90|SECD_ECOLI	511145.b0408	64	1	27	34	15	50	4	57	28	68	15	32	19	30	36	33	36	49	2	15	79.9879863573983
sp|P0AG93|SECF_ECOLI	511145.b0409	26	0	12	19	14	30	6	29	10	38	15	9	9	12	15	21	18	28	4	8	51.1921664762265
sp|P0A927|TSX_ECOLI	511145.b0411	20	0	23	9	19	31	7	13	13	19	6	26	8	8	9	21	14	13	14	21	118.263916389837
sp|P46122|YAJI_ECOLI	511145.b0412	9	1	8	7	5	11	2	12	5	22	5	12	9	19	7	16	13	14	0	2	4.98113576599966
sp|P0A8D0|NRDR_ECOLI	511145.b0413	8	4	8	17	8	6	2	7	10	11	6	5	5	3	16	11	4	16	0	2	31.9279846209766
sp|P25539|RIBD_ECOLI	511145.b0414	38	6	17	21	6	30	13	17	13	40	10	7	22	27	25	16	19	27	5	8	50.9568658980622
sp|P61714|RISB_ECOLI	511145.b0415	29	0	6	11	4	15	2	15	8	12	2	9	4	3	5	4	10	13	1	3	1955.29879887322
sp|P0A780|NUSB_ECOLI	511145.b0416	18	1	9	11	4	5	1	5	11	17	2	5	5	6	9	7	2	13	1	7	85.9804952745372
sp|P77735|YAJO_ECOLI	511145.b0419	28	3	19	30	8	23	7	18	12	34	6	10	16	14	25	20	15	20	6	10	47.3351855481036
sp|P77488|DXS_ECOLI	511145.b0420	55	6	32	41	23	60	18	38	36	64	21	19	35	15	29	35	28	42	4	19	72.0779256901327
sp|P0A8G9|EX7S_ECOLI	511145.b0422	8	0	4	12	3	3	0	2	4	11	1	4	5	8	4	5	3	3	0	0	431.623148151221
sp|P77718|THII_ECOLI	511145.b0423	22	5	31	39	21	34	13	39	28	43	9	19	13	19	36	25	20	49	4	13	73.1116315003467
sp|Q46948|YAJL_ECOLI	511145.b0424	23	4	12	11	5	17	3	14	10	20	3	3	9	4	8	10	13	21	2	4	68.7377569243639
sp|P0A8E7|YAJQ_ECOLI	511145.b0426	11	0	14	12	9	9	1	10	15	13	4	7	3	11	10	14	4	15	1	0	1209.46789334216
sp|P0ABI8|CYOB_ECOLI	511145.b0431	54	4	20	20	58	62	20	62	20	61	33	21	28	13	17	27	40	57	26	20	66.9526082201658
sp|P0ABJ1|CYOA_ECOLI	511145.b0432	34	1	12	16	17	19	9	20	20	24	16	14	18	9	7	27	15	19	8	10	182.42598899507
sp|P0ADA5|YAJG_ECOLI	511145.b0434	21	1	11	5	6	9	1	15	10	15	7	14	8	14	8	11	16	15	0	5	110.497956402541
sp|P0ABE2|BOLA_ECOLI	511145.b0435	9	1	3	11	6	5	5	5	3	9	3	2	4	2	9	8	7	9	1	3	207.135655728494
sp|P0A850|TIG_ECOLI	511145.b0436	41	0	25	59	17	32	2	25	35	31	11	16	12	16	26	14	19	42	1	8	3826.41266620194
sp|P0A6G7|CLPP_ECOLI	511145.b0437	16	2	10	16	8	16	6	16	7	19	12	7	8	10	13	13	10	11	0	7	1706.91635698512
sp|P0A6H1|CLPX_ECOLI	511145.b0438	35	7	29	36	10	35	7	31	33	45	5	11	17	20	19	23	19	31	0	11	1685.3302085521
sp|P0A9M0|LON_ECOLI	511145.b0439	62	6	51	68	10	51	14	51	61	84	30	26	37	28	49	38	32	63	3	20	361.584745991913
sp|P0ACF4|DBHB_ECOLI	511145.b0440	19	0	6	4	3	8	0	7	9	5	1	3	2	2	5	5	5	6	0	0	6939.98820174016
sp|P0ADY1|PPID_ECOLI	511145.b0441	75	0	46	41	20	44	4	36	46	55	16	32	18	54	22	32	25	39	2	16	175.532867628977
sp|P77756|QUEC_ECOLI	511145.b0444	26	8	17	12	8	16	6	8	12	24	5	9	8	7	12	7	15	19	2	10	28.1058271146091
sp|P77265|MDLA_ECOLI	511145.b0448	58	3	32	29	20	41	16	38	10	71	25	17	19	34	43	34	27	46	11	16	5.62924011668094
sp|P0AC55|GLNK_ECOLI	511145.b0450	11	0	8	9	4	10	1	12	10	9	1	1	2	4	6	4	5	12	0	3	234.527977894612
sp|P69681|AMTB_ECOLI	511145.b0451	55	8	8	13	23	60	8	36	11	48	14	15	10	6	9	16	22	46	9	11	194.722366079898
sp|P0AGG2|TESB_ECOLI	511145.b0452	22	1	12	19	16	21	12	12	10	31	5	11	20	16	16	20	10	21	3	8	64.2726517935762
sp|P77717|YBAY_ECOLI	511145.b0453	30	1	9	1	4	7	1	9	8	14	2	7	18	16	3	17	19	22	1	1	50.5605510318109
sp|P0AAS0|YLAC_ECOLI	511145.b0458	9	1	7	11	14	6	2	10	6	18	4	6	5	4	12	10	9	13	2	7	24.8958272946626
sp|P31224|ACRB_ECOLI	511145.b0462	105	2	47	50	54	89	11	72	43	102	42	39	45	48	38	62	67	97	9	27	18.5395074280873
sp|P0AE06|ACRA_ECOLI	511145.b0463	47	1	22	17	7	32	1	20	23	34	4	17	18	36	17	22	33	36	1	9	229.931142557225
sp|P0ACS9|ACRR_ECOLI	511145.b0464	18	4	8	23	8	9	5	15	11	27	8	5	6	11	15	13	10	10	3	6	1.14547906942572
sp|P77338|MSCK_ECOLI	511145.b0465	96	5	53	63	41	45	16	72	49	159	29	55	29	84	69	64	68	80	25	18	35.0490887102754
sp|P23862|PRIC_ECOLI	511145.b0467	29	3	6	17	4	2	6	4	5	25	2	2	4	15	25	5	9	7	4	1	43.1291234128323
sp|P0AAR5|YBAN_ECOLI	511145.b0468	9	2	1	2	8	5	4	13	4	21	5	0	8	4	9	5	4	10	8	3	10.3896172677091
sp|P69503|APT_ECOLI	511145.b0469	14	0	12	12	7	19	2	13	12	23	1	3	10	6	8	7	12	15	0	7	362.998467186598
sp|P06710|DPO3X_ECOLI	511145.b0470	86	6	27	53	11	24	16	27	28	79	15	18	41	40	47	30	37	43	6	9	16.7952186010847
sp|P0A8B5|YBAB_ECOLI	511145.b0471	10	1	5	12	4	10	1	4	9	9	9	4	4	9	4	5	3	6	0	0	622.325203921455
sp|P0A7H6|RECR_ECOLI	511145.b0472	18	7	9	17	5	18	5	12	3	20	7	5	9	12	15	11	13	11	0	4	13.4578708887082
sp|P0A6Z3|HTPG_ECOLI	511145.b0473	47	0	51	60	26	30	14	31	46	66	13	19	16	24	37	44	34	38	10	18	701.251311245224
sp|P69441|KAD_ECOLI	511145.b0474	19	1	17	18	5	20	3	14	18	16	6	4	10	8	13	5	11	19	0	7	4676.04411442022
sp|P23871|HEMH_ECOLI	511145.b0475	31	4	15	22	8	21	7	13	11	38	13	7	22	13	23	19	14	20	5	14	6.91679968340991
sp|P0AEW6|INGK_ECOLI	511145.b0477	38	7	24	30	13	29	13	21	21	42	11	21	22	18	20	30	22	26	6	20	22.3626988781452
sp|P39830|YBAL_ECOLI	511145.b0478	75	3	16	37	25	48	9	43	12	93	20	11	19	15	23	22	28	49	4	6	19.2712349183013
sp|P52067|FSR_ECOLI	511145.b0479	46	2	6	5	26	41	8	34	13	59	14	8	19	15	10	35	17	28	6	14	5.28745943711963
sp|P07024|USHA_ECOLI	511145.b0480	48	2	38	35	19	50	10	28	41	44	16	27	26	28	20	21	29	40	7	21	83.537699424439
sp|P0AAR3|YBAK_ECOLI	511145.b0481	20	0	12	7	4	13	3	9	17	17	4	4	8	6	5	4	8	14	0	4	109.870082437192
sp|Q59385|COPA_ECOLI	511145.b0484	120	6	42	43	15	68	14	45	28	90	26	19	35	42	39	53	51	78	10	10	82.3665113325469
sp|P77454|GLSA1_ECOLI	511145.b0485	38	5	16	13	7	31	5	14	9	34	7	17	13	20	9	17	14	26	3	12	83.9945368418499
sp|P0A9G4|CUER_ECOLI	511145.b0487	10	4	7	13	3	8	5	7	5	15	3	8	5	7	11	8	7	6	0	3	5.57178773490484
sp|P0AA53|QMCA_ECOLI	511145.b0489	33	1	11	26	7	15	0	31	15	24	13	12	11	18	20	23	13	24	2	6	36.4261955610703
sp|P77307|YBBM_ECOLI	511145.b0491	28	3	6	6	9	14	3	33	16	32	10	9	6	12	7	22	12	21	2	8	3.3336929958903
sp|P77395|YBBN_ECOLI	511145.b0492	33	2	14	24	8	13	3	13	9	46	5	12	11	35	11	10	14	11	2	8	537.407192143802
sp|P0AFP4|YBBO_ECOLI	511145.b0493	22	3	12	14	10	24	6	15	13	26	14	8	14	9	17	19	16	20	2	5	54.2584452548212
sp|P77504|YBBP_ECOLI	511145.b0496	76	6	29	36	29	60	4	23	28	142	26	27	43	42	50	39	36	68	28	12	1.76743821106587
sp|P33667|SELU_ECOLI	511145.b0503	42	7	16	31	7	27	13	17	11	44	9	10	13	26	28	11	16	16	7	13	10.9945868025597
sp|P0ACR0|ALLS_ECOLI	511145.b0504	27	2	10	21	16	17	4	18	9	35	7	12	17	15	21	22	22	21	7	5	2.22413506402195
sp|P0ACN4|ALLR_ECOLI	511145.b0506	25	3	13	16	6	24	5	14	8	37	7	7	11	13	17	22	13	22	2	6	83.2265801691872
sp|P77671|ALLB_ECOLI	511145.b0512	38	12	33	32	18	44	12	29	26	33	13	13	19	19	22	19	20	38	4	9	0.678715390286425
sp|P75713|YLBA_ECOLI	511145.b0515	18	3	13	16	13	32	7	17	10	25	6	16	10	8	7	14	10	16	2	18	40.2897818854256
sp|P0AAS5|YLBF_ECOLI	511145.b0520	32	6	9	6	11	27	9	6	5	40	4	5	18	16	20	17	14	11	8	7	4.58776441417532
sp|P09029|PURK_ECOLI	511145.b0522	31	4	14	24	12	28	10	17	8	42	7	14	24	23	21	16	17	27	9	7	64.6843854219088
sp|P0AG18|PURE_ECOLI	511145.b0523	28	0	7	9	4	13	6	10	6	14	5	7	10	7	7	11	6	15	2	2	915.58802137894
sp|P23869|PPIB_ECOLI	511145.b0525	10	2	11	10	12	16	5	10	11	5	6	12	5	6	5	6	12	16	1	3	1711.23465528934
sp|P21888|SYC_ECOLI	511145.b0526	49	5	38	34	19	31	16	21	23	36	21	18	15	16	30	19	18	29	7	16	304.550125178123
sp|P0AAS7|YBCJ_ECOLI	511145.b0528	9	2	2	5	2	7	3	3	6	5	1	0	1	4	2	5	3	9	1	0	44.2745395246709
sp|P24186|FOLD_ECOLI	511145.b0529	27	5	17	17	6	24	6	22	12	26	4	13	17	9	17	10	17	32	1	6	105.887461367005
sp|P77249|SFMC_ECOLI	511145.b0531	18	0	5	9	9	12	3	19	13	25	6	18	16	9	11	19	12	17	3	6	1.00808767117697
sp|P0AEL8|FIMZ_ECOLI	511145.b0535	8	3	12	8	8	9	4	23	16	24	5	11	5	7	8	21	15	14	0	9	0.656080277349359
sp|P77698|YBCK_ECOLI	511145.b0544	37	10	27	31	16	24	8	47	42	55	13	27	16	10	31	42	20	27	4	21	3.30092453174977
sp|Q47274|REQ1_ECOLI	511145.b0551	10	6	11	5	2	10	3	10	8	11	9	7	1	3	6	8	3	8	3	3	15.658341063442
sp|P64435|YBCW_ECOLI	511145.b0559	6	1	7	4	1	0	2	5	5	5	4	5	2	1	2	7	1	8	0	2	20.903735990045
sp|P09169|OMPT_ECOLI	511145.b0565	20	0	19	17	12	33	3	18	18	20	6	26	10	7	15	27	23	12	8	23	510.788586077844
sp|P31600|NFRA_ECOLI	511145.b0568	129	4	54	51	21	55	21	35	30	120	14	54	43	77	70	53	47	43	24	45	2.44737632955187
sp|P0AFA5|NFRB_ECOLI	511145.b0569	55	5	38	46	37	44	17	44	23	91	19	26	27	35	54	40	40	61	20	23	4.31843182035119
sp|P77485|CUSS_ECOLI	511145.b0570	35	2	29	27	22	24	17	39	18	51	16	18	24	19	29	32	28	39	2	9	4.3815096836564
sp|P38054|CUSA_ECOLI	511145.b0575	104	2	42	61	30	78	16	83	43	121	35	28	55	37	51	59	54	99	21	28	4.56945986648048
sp|P0AAT4|YBDG_ECOLI	511145.b0577	31	1	20	16	18	27	9	45	16	55	15	17	11	21	21	26	24	25	10	7	10.6991169564973
sp|P38489|NFNB_ECOLI	511145.b0578	27	1	17	13	11	11	7	7	18	19	5	8	8	7	7	13	11	20	3	4	833.524450336005
sp|P0AAT2|YBDF_ECOLI	511145.b0579	4	1	7	8	6	8	3	8	11	15	3	5	9	5	6	9	1	7	3	3	22.7753069216522
sp|P77213|CAAL_ECOLI	511145.b0581	30	7	24	20	18	25	18	20	13	35	11	11	19	21	18	23	21	23	6	9	16.0628070450633
sp|P05825|FEPA_ECOLI	511145.b0584	54	2	45	39	17	77	10	37	33	54	12	58	29	32	37	49	66	43	20	32	541.542399487811
sp|P13039|FES_ECOLI	511145.b0585	31	5	18	23	12	28	11	19	11	38	7	7	26	26	25	22	16	22	20	7	51.9360877465653
sp|P11454|ENTF_ECOLI	511145.b0586	160	13	74	73	46	84	27	53	25	160	27	28	92	83	76	62	75	78	24	33	301.979205319261
sp|P26266|FEPE_ECOLI	511145.b0587	34	2	25	24	13	14	4	24	34	44	8	17	16	16	13	30	16	28	4	11	19.7421850055075
sp|P23878|FEPC_ECOLI	511145.b0588	28	3	12	19	2	21	10	18	8	33	6	6	12	13	18	11	24	16	4	7	35.768668265858
sp|P0AEL6|FEPB_ECOLI	511145.b0592	46	0	17	13	7	21	5	18	13	45	4	10	15	26	13	20	20	12	4	9	89.0250315695305
sp|P0AEJ2|ENTC_ECOLI	511145.b0593	41	4	17	29	20	23	8	14	11	41	7	12	27	22	26	32	23	26	5	3	287.014221128684
sp|P10378|ENTE_ECOLI	511145.b0594	59	9	27	36	19	36	12	27	16	60	7	17	29	30	33	34	25	35	5	20	404.398656335644
sp|P0ADI4|ENTB_ECOLI	511145.b0595	29	3	27	16	9	10	7	15	14	28	14	8	18	12	17	14	10	18	7	9	720.197179601028
sp|P15047|ENTA_ECOLI	511145.b0596	35	2	15	11	12	26	2	11	8	21	6	7	5	18	12	14	17	20	3	3	317.867914497935
sp|P0A8Y8|ENTH_ECOLI	511145.b0597	10	5	7	8	3	15	7	3	2	15	6	4	4	6	10	5	12	12	2	1	148.330231821765
sp|P15078|CSTA_ECOLI	511145.b0598	90	8	21	17	39	65	9	47	21	85	31	17	36	18	19	30	40	70	16	22	11.7086193476558
sp|P45579|YBDH_ECOLI	511145.b0599	46	3	20	15	15	27	13	19	11	42	3	13	20	21	14	15	21	31	4	9	7.96561226127303
sp|P0AE08|AHPC_ECOLI	511145.b0605	19	2	14	15	11	13	5	13	14	11	3	5	8	5	6	9	14	12	3	5	4408.11712620534
sp|P35340|AHPF_ECOLI	511145.b0606	50	6	31	37	15	49	10	38	35	47	9	22	19	17	21	27	32	41	3	12	448.903039548279
sp|P39177|USPG_ECOLI	511145.b0607	11	0	8	11	6	6	10	8	3	15	4	4	5	5	11	13	4	17	0	1	1418.91247831473
sp|P0AFW4|RNK_ECOLI	511145.b0610	14	1	10	11	1	8	3	7	2	18	6	5	9	4	8	7	6	11	1	4	46.0840744710182
sp|P21338|RNI_ECOLI	511145.b0611	33	8	13	15	14	20	4	7	16	23	5	13	14	10	18	18	13	11	5	8	49.9804648014468
sp|P0A6G5|CITX_ECOLI	511145.b0614	20	4	9	12	2	8	9	8	5	26	3	5	12	8	15	12	7	14	3	1	1.65538435543112
sp|P77390|CITC_ECOLI	511145.b0618	30	8	13	25	16	15	11	25	16	36	7	14	15	14	25	18	26	22	2	14	1.4144010700612
sp|P0AEF4|DPIA_ECOLI	511145.b0620	21	2	10	17	7	14	9	17	8	25	7	5	12	10	17	9	15	12	0	9	4.31743867883514
sp|P0A972|CSPE_ECOLI	511145.b0623	6	0	2	5	7	8	1	5	7	2	1	5	2	2	1	5	4	5	1	0	4773.70109804013
sp|P0A843|TATE_ECOLI	511145.b0627	10	0	6	3	2	7	1	3	10	10	2	1	0	1	1	2	3	5	0	0	79.1454768515132
sp|P60716|LIPA_ECOLI	511145.b0628	31	8	20	22	10	18	11	18	18	26	14	10	21	9	26	12	16	22	2	7	121.141392632441
sp|P60720|LIPB_ECOLI	511145.b0630	14	3	10	14	5	17	6	14	8	26	7	10	13	12	12	7	11	14	2	8	33.7858362746633
sp|P0A8J4|YBED_ECOLI	511145.b0631	3	0	3	8	2	4	3	5	6	8	3	3	6	4	2	4	8	11	0	4	1113.06747345706
sp|P0AEB2|DACA_ECOLI	511145.b0632	35	2	25	16	21	35	7	25	26	37	15	23	13	17	17	25	22	26	5	11	126.70707595759
sp|P10100|RLPA_ECOLI	511145.b0633	45	4	17	9	8	32	1	17	8	23	6	14	33	32	16	33	30	25	2	7	16.6409526227828
sp|P0AD65|PBP2_ECOLI	511145.b0635	56	0	37	30	17	49	15	35	33	55	14	34	35	25	39	28	38	49	10	34	1.84148563774192
sp|P0A8I8|RLMH_ECOLI	511145.b0636	15	1	8	11	3	11	3	8	11	19	4	3	12	5	10	7	8	8	5	3	34.8045526717713
sp|P0AAT6|IOJAP_ECOLI	511145.b0637	6	2	11	7	1	8	3	10	5	10	4	1	1	6	4	9	3	11	2	1	163.511617214333
sp|P28630|HOLA_ECOLI	511145.b0640	37	5	15	20	9	15	9	8	10	70	5	17	13	29	23	14	16	16	7	5	0.347017506270687
sp|P0ADC1|LPTE_ECOLI	511145.b0641	17	1	14	8	4	9	1	11	9	20	8	8	10	8	15	13	19	13	1	4	142.371501420442
sp|P07813|SYL_ECOLI	511145.b0642	79	11	58	66	27	57	16	35	54	65	34	39	41	30	41	24	54	72	21	36	535.292133518553
sp|P0AAT9|YBEL_ECOLI	511145.b0643	7	4	9	22	6	7	6	5	7	17	3	4	5	7	14	8	8	14	2	5	109.734132231204
sp|P77627|YBER_ECOLI	511145.b0645	17	7	18	15	12	13	6	8	5	25	9	7	9	10	17	21	7	3	9	17	2.0693988266663
sp|P77319|HSCC_ECOLI	511145.b0650	50	5	34	45	16	28	10	36	20	60	9	26	24	21	38	40	30	43	5	16	2.17087831466509
sp|P41409|RIHA_ECOLI	511145.b0651	31	3	19	20	10	22	8	18	12	34	9	12	21	8	11	11	22	29	4	7	138.896194636042
sp|P0AAG3|GLTL_ECOLI	511145.b0652	19	3	16	16	11	15	6	12	21	23	11	8	10	9	10	12	11	26	1	1	12.2592409186619
sp|P37902|GLTI_ECOLI	511145.b0655	30	2	23	16	13	17	2	14	32	26	9	19	13	16	10	18	15	19	3	5	510.865195048457
sp|P23930|LNT_ECOLI	511145.b0657	45	3	15	17	29	40	2	35	14	71	13	20	36	23	28	28	31	29	16	17	4.15886347361629
sp|P0AE78|CORC_ECOLI	511145.b0658	15	1	36	25	14	15	9	26	12	25	12	6	9	12	20	22	10	19	1	3	60.7825280860385
sp|P0A898|YBEY_ECOLI	511145.b0659	10	2	9	23	4	8	6	7	5	18	6	4	8	9	3	9	6	12	2	4	173.628904226637
sp|P0A9K3|PHOL_ECOLI	511145.b0660	35	2	20	33	12	18	6	29	19	32	6	15	16	15	28	10	18	23	1	8	226.439006482906
sp|P0AEI1|MIAB_ECOLI	511145.b0661	28	6	33	40	18	32	9	34	21	37	14	17	22	18	36	26	30	35	4	14	63.1863751165838
sp|P75728|UBIF_ECOLI	511145.b0662	51	3	18	16	12	32	12	15	9	47	14	13	21	25	23	17	12	30	9	12	54.6171576136829
sp|P22106|ASNB_ECOLI	511145.b0674	54	8	38	41	21	36	19	27	33	47	16	13	22	23	28	37	17	36	9	29	486.381054141645
sp|P0AF24|NAGD_ECOLI	511145.b0675	26	3	18	10	12	22	6	19	10	18	8	10	13	5	10	13	14	21	3	9	109.257434490794
sp|P0AF20|NAGC_ECOLI	511145.b0676	38	8	16	27	11	32	14	42	16	43	3	18	13	23	26	21	19	27	1	8	80.4816818391296
sp|P0AF18|NAGA_ECOLI	511145.b0677	43	8	18	24	12	34	9	26	20	39	8	22	16	9	14	12	27	30	1	10	210.882358564645
sp|P0A759|NAGB_ECOLI	511145.b0678	22	4	12	18	12	17	11	14	15	24	10	16	13	7	12	11	17	21	2	8	179.064273461176
sp|P09323|PTW3C_ECOLI	511145.b0679	91	5	25	25	42	64	9	49	25	65	20	25	29	17	18	29	33	59	6	12	135.404715516896
sp|P00962|SYQ_ECOLI	511145.b0680	39	10	37	46	24	33	16	35	32	40	12	27	28	15	40	28	27	35	8	22	511.157244223388
sp|P0A9A9|FUR_ECOLI	511145.b0683	10	4	12	14	4	11	12	9	9	16	2	6	2	5	8	5	7	8	0	4	575.380735496893
sp|P61949|FLAV_ECOLI	511145.b0684	16	3	20	17	9	15	5	15	9	15	2	4	5	6	4	5	9	7	4	6	1482.26461042478
sp|P75736|YBFF_ECOLI	511145.b0686	30	0	22	8	8	14	13	18	7	22	7	14	13	16	15	10	5	21	5	6	28.6608787997947
sp|P0AFY8|SEQA_ECOLI	511145.b0687	19	2	7	14	5	6	5	11	14	15	7	5	8	7	10	13	14	12	1	6	179.878785201103
sp|P36938|PGM_ECOLI	511145.b0688	67	5	34	31	20	53	15	30	29	44	11	29	28	18	20	29	24	40	5	14	409.590542236072
sp|P24169|DCOS_ECOLI	511145.b0693	65	18	36	54	38	50	24	36	29	72	14	37	41	37	39	31	24	50	6	31	2.20691996784015
sp|P21866|KDPE_ECOLI	511145.b0694	21	0	15	17	8	15	7	14	6	31	4	5	10	9	22	8	11	16	2	4	6.20337106600923
sp|P21865|KDPD_ECOLI	511145.b0695	102	6	47	61	28	62	23	40	27	115	16	29	48	41	70	34	46	72	14	13	15.0032842785731
sp|P03960|ATKB_ECOLI	511145.b0697	94	6	33	30	23	57	5	53	31	74	19	24	26	23	33	37	41	59	8	6	2.18264969498837
sp|P03959|ATKA_ECOLI	511145.b0698	62	6	9	15	35	56	6	27	8	84	29	24	25	21	16	37	30	49	9	9	0.912854279797893
sp|P0AAU2|YBFA_ECOLI	511145.b0699	8	0	4	3	5	2	1	1	4	7	3	0	3	1	6	3	3	4	4	6	359.472751216366
sp|P16918|RHSC_ECOLI	511145.b0700	82	19	95	83	26	134	48	51	34	129	15	41	78	62	125	86	118	65	30	76	1.59568678215072
sp|P75741|YBFL_ECOLI	511145.b0706	28	7	26	28	16	21	16	36	34	30	11	16	8	8	21	25	14	19	6	8	8.70526027951251
sp|P24252|YBGA_ECOLI	511145.b0707	10	0	10	6	6	7	12	7	4	25	4	6	9	11	17	8	4	9	3	11	1.13353894982197
sp|P0AFP6|YBGI_ECOLI	511145.b0710	25	2	11	20	6	25	8	15	8	27	4	12	12	9	11	10	14	17	7	4	349.560614885198
sp|P0AAV4|YBGJ_ECOLI	511145.b0711	16	3	6	19	6	20	4	11	3	26	3	4	21	10	15	12	7	22	5	5	82.8593357825912
sp|P75745|YBGK_ECOLI	511145.b0712	25	5	17	14	7	34	9	16	10	36	10	10	16	22	24	14	13	14	7	7	131.788690045747
sp|P75748|YBGO_ECOLI	511145.b0716	20	7	25	19	16	23	5	25	21	28	8	23	17	12	10	27	23	21	3	20	1.1577497389381
sp|P0ABH7|CISY_ECOLI	511145.b0720	37	7	27	26	22	28	15	28	23	35	19	17	19	8	24	25	28	20	3	16	1232.26107971093
sp|P69054|DHSC_ECOLI	511145.b0721	10	0	2	5	9	10	3	13	5	15	6	2	3	3	6	10	7	15	3	2	293.638335021312
sp|P0AC44|DHSD_ECOLI	511145.b0722	11	0	2	2	9	8	2	10	2	16	4	2	1	2	3	5	7	19	4	6	362.902176521585
sp|P0AC41|DHSA_ECOLI	511145.b0723	56	11	32	43	19	59	19	25	22	51	17	25	24	21	40	29	33	41	7	14	394.335579635073
sp|P07014|DHSB_ECOLI	511145.b0724	14	11	18	11	8	16	3	14	11	27	9	12	17	9	17	16	6	9	2	8	357.480863549938
sp|P0AFG3|ODO1_ECOLI	511145.b0726	77	10	52	66	39	67	34	33	44	83	25	36	44	54	56	57	42	69	14	31	681.743489452397
sp|P0AFG6|ODO2_ECOLI	511145.b0727	44	0	27	32	8	27	7	19	25	41	13	13	21	9	26	24	24	37	1	7	1086.18613324984
sp|P0A836|SUCC_ECOLI	511145.b0728	47	5	21	28	11	43	5	23	24	38	8	16	14	17	17	8	15	38	3	7	2211.5464514563
sp|P0AGE9|SUCD_ECOLI	511145.b0729	29	5	11	18	8	41	6	30	22	14	7	4	15	7	5	11	26	24	0	6	1950.05613806459
sp|P13669|MNGR_ECOLI	511145.b0730	10	0	14	22	10	8	5	16	14	22	7	5	11	19	20	15	13	18	3	8	0.726595839095806
sp|P54746|MNGB_ECOLI	511145.b0732	58	12	56	66	32	53	19	54	41	82	29	42	42	37	58	51	41	58	16	30	4.08476466271999
sp|P0ABJ9|CYDA_ECOLI	511145.b0733	56	3	16	27	40	40	6	32	21	61	22	13	18	20	20	31	29	36	13	18	948.078115681632
sp|P0ABK2|CYDB_ECOLI	511145.b0734	37	3	13	10	24	29	4	25	6	45	19	16	14	7	17	16	26	38	16	14	658.750227645053
sp|P0A8Z3|YBGC_ECOLI	511145.b0736	13	1	5	11	6	3	4	4	5	11	7	4	5	5	11	5	10	16	1	7	40.8596691955164
sp|P0ABU9|TOLQ_ECOLI	511145.b0737	28	0	5	17	14	15	5	22	8	25	9	12	5	8	13	15	10	11	3	5	25.3620406950446
sp|P0ABV6|TOLR_ECOLI	511145.b0738	11	0	8	9	3	8	1	11	7	16	3	5	10	5	8	10	6	19	0	2	23.5857182278571
sp|P19934|TOLA_ECOLI	511145.b0739	130	2	20	45	6	21	1	14	66	19	5	11	10	20	9	22	6	8	1	5	35.8597512607245
sp|P0A855|TOLB_ECOLI	511145.b0740	43	0	24	10	18	44	5	15	14	31	7	20	28	30	20	39	21	40	8	13	448.594589491519
sp|P0A912|PAL_ECOLI	511145.b0741	19	1	10	9	3	16	3	7	10	14	9	14	4	10	8	14	3	11	0	8	301.072065273836
sp|P45955|YBGF_ECOLI	511145.b0742	37	0	18	4	6	17	2	11	17	20	5	17	9	28	7	26	11	15	2	11	192.726471778426
sp|P0AAV6|YBGS_ECOLI	511145.b0753	16	2	13	3	1	14	2	2	8	7	6	15	3	5	2	7	14	6	0	0	799.915567435321
sp|P0AB91|AROG_ECOLI	511145.b0754	38	7	22	22	8	29	11	25	24	34	8	18	14	11	15	18	14	22	4	6	1017.26366823108
sp|P62707|GPMA_ECOLI	511145.b0755	24	0	13	26	6	15	5	9	22	28	3	12	11	6	13	11	11	16	7	12	4968.94212826365
sp|P0A9C3|GALM_ECOLI	511145.b0756	30	4	28	18	15	30	7	11	12	35	4	16	21	19	18	23	18	18	5	14	373.378924201956
sp|P0A6T3|GAL1_ECOLI	511145.b0757	39	9	20	26	13	33	9	22	16	30	9	17	14	23	18	19	18	36	1	10	247.149577939352
sp|P09147|GALE_ECOLI	511145.b0759	26	3	24	14	9	30	13	18	14	27	9	19	21	13	16	19	15	29	5	14	104.015432453691
sp|P0A9G8|MODE_ECOLI	511145.b0761	31	3	18	11	5	20	5	19	11	35	3	9	6	23	11	16	14	15	3	4	55.2143407802688
sp|P37329|MODA_ECOLI	511145.b0763	42	0	16	12	11	18	3	10	22	21	3	9	10	8	7	16	14	24	4	7	593.656837721042
sp|P0AF01|MODB_ECOLI	511145.b0764	24	2	4	9	15	20	1	18	3	36	6	1	12	3	17	16	14	19	6	3	5.26998442342557
sp|P09833|MODC_ECOLI	511145.b0765	26	2	15	21	6	25	8	21	17	54	7	15	19	17	22	22	14	27	6	8	19.0958624692703
sp|P52697|6PGL_ECOLI	511145.b0767	23	5	22	19	10	27	16	13	8	23	6	13	20	17	13	22	18	40	5	11	539.735010257774
sp|P75764|YBHJ_ECOLI	511145.b0771	69	12	37	47	23	71	16	54	37	57	20	41	35	26	28	49	44	53	7	27	2.7302477836794
sp|P46130|YBHC_ECOLI	511145.b0772	42	3	27	12	16	37	4	20	12	24	6	36	24	23	23	30	31	37	6	14	50.5100120734078
sp|P12994|YBHB_ECOLI	511145.b0773	13	1	16	3	8	18	8	6	5	10	5	5	10	2	6	10	10	14	4	4	47.0565604550118
sp|P12995|BIOA_ECOLI	511145.b0774	51	10	21	26	17	33	14	25	11	37	22	10	23	21	23	18	22	27	9	9	18.2615546912605
sp|P12998|BIOF_ECOLI	511145.b0776	53	5	20	17	11	32	12	16	7	44	8	8	14	27	28	29	14	25	7	7	8.40863228523581
sp|P13000|BIOD1_ECOLI	511145.b0778	29	2	7	13	5	18	4	9	8	25	5	8	14	10	8	12	20	16	5	7	212.767775738476
sp|P0A8F8|UVRB_ECOLI	511145.b0779	50	1	40	67	23	42	11	42	31	74	20	21	34	32	52	30	34	46	0	23	36.196392242615
sp|P30745|MOAA_ECOLI	511145.b0781	24	7	22	18	17	26	11	20	12	33	5	14	7	18	30	14	21	19	3	8	1.57028925511033
sp|P0AEZ9|MOAB_ECOLI	511145.b0782	18	2	9	13	7	12	5	11	6	12	3	5	7	7	12	11	13	13	2	2	259.685117819043
sp|P0A738|MOAC_ECOLI	511145.b0783	23	3	9	12	3	10	6	9	10	13	8	3	4	4	10	7	11	14	1	1	128.438240995895
sp|P30749|MOAE_ECOLI	511145.b0785	15	0	8	16	6	12	4	6	6	8	3	4	8	4	12	6	9	14	6	3	56.2452358165597
sp|P0AFP9|YBHR_ECOLI	511145.b0792	31	1	11	13	20	14	4	33	12	50	9	15	19	23	16	22	27	28	9	11	3.7285601195021
sp|P75777|YBHG_ECOLI	511145.b0795	42	0	23	17	6	25	3	10	13	31	5	12	12	28	22	15	19	31	4	14	2.24087855649061
sp|P25888|RHLE_ECOLI	511145.b0797	45	1	25	26	9	41	14	26	27	48	7	14	26	28	44	19	19	28	1	6	9.32489511337628
sp|P30177|YBIB_ECOLI	511145.b0800	32	5	12	25	9	29	10	19	15	35	12	9	22	13	19	11	17	17	2	7	193.714878276799
sp|P30178|YBIC_ECOLI	511145.b0801	47	8	16	20	16	32	20	22	12	26	9	11	20	20	13	19	18	22	6	4	346.847317073515
sp|P75779|YBIX_ECOLI	511145.b0804	16	1	12	12	9	13	7	6	5	26	6	14	9	15	15	17	12	18	4	8	201.066388102839
sp|P75780|FIU_ECOLI	511145.b0805	67	3	52	24	26	76	16	39	27	40	11	57	31	31	34	56	83	45	9	33	266.720164021712
sp|P75782|RLMF_ECOLI	511145.b0807	34	5	13	16	14	23	9	16	15	28	5	18	16	17	22	19	11	15	5	7	25.6837655599829
sp|P10346|GLNQ_ECOLI	511145.b0809	18	1	10	22	10	17	8	16	15	27	8	9	12	13	13	11	7	21	0	2	125.461267835182
sp|P0AEQ6|GLNP_ECOLI	511145.b0810	23	0	4	9	13	18	2	30	4	29	7	5	8	5	15	9	10	17	7	4	45.0569620446597
sp|P0AEQ3|GLNH_ECOLI	511145.b0811	27	0	22	10	12	18	2	12	29	23	4	13	7	6	5	12	14	20	2	10	1040.36172895746
sp|P0ABT2|DPS_ECOLI	511145.b0812	18	0	16	8	5	6	5	12	12	19	4	9	2	6	8	9	12	11	2	3	1301.25808261501
sp|P0A917|OMPX_ECOLI	511145.b0814	17	1	8	6	8	21	1	7	8	7	4	8	4	7	6	15	14	11	2	16	499.491398699909
sp|P75785|YBIP_ECOLI	511145.b0815	44	4	28	22	39	31	9	25	33	53	8	25	18	28	21	35	34	37	10	23	0.952599049113019
sp|P0AAX8|YBIS_ECOLI	511145.b0819	23	2	11	18	10	27	5	19	14	24	9	16	25	13	12	10	27	28	2	11	405.858473262396
sp|P0A9U3|YBIT_ECOLI	511145.b0820	32	1	35	48	23	42	8	28	33	62	18	25	17	22	28	34	22	30	6	16	331.008517119781
sp|P75792|SUPH_ECOLI	511145.b0822	23	1	18	15	15	17	8	18	19	27	8	17	10	13	9	15	7	20	1	10	22.8817818368246
sp|P75793|PFLF_ECOLI	511145.b0823	80	13	51	52	25	59	27	50	35	82	18	34	32	40	44	40	40	49	10	29	0.301733145034928
sp|P75794|PFLE_ECOLI	511145.b0824	31	11	17	19	10	20	11	16	16	39	5	8	18	11	13	9	19	14	3	9	1.01127681304348
sp|P78055|FSAA_ECOLI	511145.b0825	35	2	11	8	5	18	3	13	11	25	7	3	11	13	6	10	13	20	1	5	19.0965731471549
sp|P12282|MOEB_ECOLI	511145.b0826	29	9	15	13	7	22	3	13	7	30	10	10	8	13	13	12	11	18	0	6	5.66272040979916
sp|P12281|MOEA_ECOLI	511145.b0827	37	6	19	27	19	43	5	20	10	43	8	13	24	19	24	25	25	35	4	5	201.862987567669
sp|P37595|IAAA_ECOLI	511145.b0828	47	5	14	25	7	39	6	13	9	31	13	10	10	8	15	16	19	25	1	8	7.58611333702742
sp|P75796|GSIA_ECOLI	511145.b0829	60	4	26	42	17	41	17	41	15	70	21	14	35	43	52	36	21	54	3	11	0.216817406743004
sp|P75797|GSIB_ECOLI	511145.b0830	66	1	27	22	25	28	6	22	37	40	11	25	31	27	14	30	36	32	11	21	35.1280337252334
sp|P75800|YLIE_ECOLI	511145.b0833	52	12	46	60	46	35	13	83	49	80	14	50	19	26	42	49	23	44	8	31	17.4213182975505
sp|P75801|YLIF_ECOLI	511145.b0834	30	7	23	25	27	26	7	31	33	49	11	20	9	9	18	33	19	40	1	24	1.58280080812379
sp|P0AEI4|RIMO_ECOLI	511145.b0835	22	9	27	41	11	31	14	29	25	41	9	11	28	17	25	24	16	43	4	14	80.5064252325167
sp|P0AAY1|BSSR_ECOLI	511145.b0836	13	3	9	8	3	2	8	4	7	21	5	7	1	5	8	9	4	7	1	2	1.67550921541201
sp|P75804|YLII_ECOLI	511145.b0837	25	1	28	15	15	42	7	17	20	37	7	16	22	17	20	22	14	24	12	10	0.278863029924075
sp|P0ACA7|GSTB_ECOLI	511145.b0838	21	2	13	15	7	11	2	12	8	26	5	12	11	8	14	8	8	12	8	5	396.65383996928
sp|P08506|DACC_ECOLI	511145.b0839	40	1	21	19	23	37	4	17	26	38	12	17	14	17	15	25	29	29	8	8	117.719766818868
sp|P0ACK5|DEOR_ECOLI	511145.b0840	23	8	14	17	13	11	9	12	17	27	6	8	11	9	15	14	12	17	2	7	3.07025250717858
sp|P75806|YBJG_ECOLI	511145.b0841	19	3	8	2	11	12	8	15	4	32	7	5	8	6	8	13	6	16	11	4	17.1902471309525
sp|P0AEY8|MDFA_ECOLI	511145.b0842	47	4	6	14	21	42	4	35	10	67	18	13	13	16	15	23	16	26	10	10	1.27067017282725
sp|P75809|YBJI_ECOLI	511145.b0844	25	1	20	19	16	22	6	18	16	20	9	15	5	13	9	14	7	24	2	10	8.09276101788112
sp|P75811|YBJK_ECOLI	511145.b0846	18	1	8	12	8	8	3	10	6	17	10	3	7	12	13	12	12	9	2	7	3.60417325565493
sp|P68688|GLRX1_ECOLI	511145.b0849	7	2	8	6	4	6	1	5	6	4	1	2	3	8	4	2	4	7	1	4	99.5318703780257
sp|P17117|NFSA_ECOLI	511145.b0851	23	5	12	14	7	15	8	18	8	31	3	9	11	13	16	15	13	9	4	6	149.273163431299
sp|P31133|POTF_ECOLI	511145.b0854	41	2	28	18	16	21	5	13	32	36	7	22	21	7	10	20	17	33	8	13	40.600836017371
sp|P0AFL1|POTI_ECOLI	511145.b0857	36	2	9	6	15	20	2	23	3	39	14	6	12	2	18	18	17	26	8	5	9.39577086349608
sp|P75817|RLMC_ECOLI	511145.b0859	37	11	17	21	17	21	7	17	16	44	13	8	27	25	21	17	19	22	6	9	0.432361717364993
sp|P30860|ARTJ_ECOLI	511145.b0860	25	2	16	11	14	16	3	15	22	17	4	13	10	12	5	13	18	15	2	10	467.044603862061
sp|P30859|ARTI_ECOLI	511145.b0863	22	2	18	12	13	17	2	13	22	18	4	11	8	15	6	10	21	18	2	9	560.758393864563
sp|P0AAF6|ARTP_ECOLI	511145.b0864	20	4	10	16	8	14	7	14	8	31	6	11	12	16	15	13	14	16	1	6	200.155804914318
sp|P75818|YBJP_ECOLI	511145.b0865	13	4	15	5	2	10	4	8	4	19	3	9	9	8	14	14	13	9	2	6	147.349810339091
sp|P0A8C1|YBJQ_ECOLI	511145.b0866	11	1	5	9	5	14	0	8	3	6	3	2	1	4	8	6	8	10	0	3	490.307379576108
sp|P75820|AMID_ECOLI	511145.b0867	37	1	16	15	9	17	7	16	12	25	4	6	20	19	19	8	11	15	7	12	2.7227535362237
sp|P75821|YBJS_ECOLI	511145.b0868	29	4	16	20	14	22	15	18	15	33	12	12	16	11	25	23	18	19	6	9	1.20429359356285
sp|P75823|LTAE_ECOLI	511145.b0870	47	4	20	22	8	25	8	16	13	35	11	15	11	11	23	12	15	23	4	10	93.7508487961191
sp|P75828|YBJD_ECOLI	511145.b0876	37	5	30	39	21	34	21	30	14	73	16	20	25	16	64	36	19	32	10	10	2.6723358355159
sp|P75829|YBJX_ECOLI	511145.b0877	25	7	7	27	15	16	9	18	16	41	14	11	14	17	30	22	16	9	5	11	9.97636676418195
sp|P75831|MACB_ECOLI	511145.b0879	61	3	32	34	21	56	9	38	19	75	18	23	20	36	41	37	37	66	8	14	3.51274189736654
sp|P0A968|CSPD_ECOLI	511145.b0880	7	1	3	5	5	10	3	4	5	1	2	3	3	4	1	3	3	8	1	2	306.297957284632
sp|P0A8Q6|CLPS_ECOLI	511145.b0881	10	2	8	9	5	3	2	3	9	10	5	4	4	4	3	2	6	11	1	5	10.8579303957359
sp|P0ABH9|CLPA_ECOLI	511145.b0882	69	3	44	64	27	50	21	46	44	78	15	32	25	36	50	42	38	60	3	11	281.924892423863
sp|P69222|IF1_ECOLI	511145.b0884	2	0	3	6	2	5	2	5	5	6	4	4	2	1	6	3	7	7	0	2	1300.90074829389
sp|P0A8P1|LFTR_ECOLI	511145.b0885	15	6	8	17	11	21	9	10	4	26	8	8	15	7	20	17	6	12	7	7	3.41460230284674
sp|P23886|CYDC_ECOLI	511145.b0886	60	2	20	27	21	47	11	30	10	99	13	11	18	38	40	34	36	35	7	14	43.401077698533
sp|P29018|CYDD_ECOLI	511145.b0887	71	1	24	34	27	40	12	30	9	90	14	14	27	33	42	38	24	35	13	10	33.7020821751952
sp|P0A9P4|TRXB_ECOLI	511145.b0888	32	4	18	22	10	35	10	22	12	29	8	18	9	10	16	13	25	18	1	9	504.066157843163
sp|P0ACJ0|LRP_ECOLI	511145.b0889	5	2	11	12	5	9	2	7	10	23	3	8	7	7	16	8	9	15	0	5	888.907709659944
sp|P46889|FTSK_ECOLI	511145.b0890	149	4	70	93	35	76	17	57	45	107	26	33	132	119	70	67	61	103	19	46	39.6422772008442
sp|P61316|LOLA_ECOLI	511145.b0891	18	1	17	4	11	12	3	7	14	14	3	11	7	18	6	19	15	14	6	3	108.471125083389
sp|P0AAZ4|RARA_ECOLI	511145.b0892	63	3	27	33	13	29	8	25	17	38	10	18	22	16	38	20	22	22	4	19	14.8033264258524
sp|P0A8L1|SYS_ECOLI	511145.b0893	35	5	29	39	12	30	10	18	21	46	14	17	19	17	33	18	22	30	3	12	701.494353541163
sp|P18775|DMSA_ECOLI	511145.b0894	65	15	47	51	18	72	17	55	44	55	25	39	46	29	49	44	49	46	13	35	5.97082395733776
sp|P18776|DMSB_ECOLI	511145.b0895	15	16	15	12	7	16	7	8	14	9	4	8	14	4	10	8	12	13	2	11	5.49208810667249
sp|P18776|DMSB_ECOLI	511145.b1589	15	16	15	12	7	16	7	8	14	9	4	8	14	4	10	8	12	13	2	11	4.95670110357753
sp|P21367|YCAC_ECOLI	511145.b0897	20	2	16	10	11	12	4	10	12	22	3	12	11	6	8	8	16	16	4	5	93.2283578475859
sp|P0A9N4|PFLA_ECOLI	511145.b0902	9	6	17	20	11	23	11	11	17	19	10	9	6	5	14	8	13	24	5	8	76.9505587788283
sp|P09373|PFLB_ECOLI	511145.b0903	64	5	53	48	30	57	14	44	50	62	32	35	30	30	38	36	48	43	7	34	2621.53878819188
sp|P0AC23|FOCA_ECOLI	511145.b0904	29	5	8	8	19	26	8	21	10	33	15	13	9	3	4	13	19	27	7	8	114.656329898065
sp|P75838|YCAO_ECOLI	511145.b0905	58	7	39	53	35	41	9	27	18	63	11	28	26	20	24	33	29	30	12	23	29.0129706219547
sp|P23721|SERC_ECOLI	511145.b0907	41	4	25	19	18	29	6	19	20	30	11	20	15	11	16	20	12	28	5	13	1716.22585756305
sp|P0A6D3|AROA_ECOLI	511145.b0908	46	6	26	22	13	37	8	26	17	48	14	18	18	12	21	22	34	24	2	13	219.141042286001
sp|P0A6I0|KCY_ECOLI	511145.b0910	34	1	15	17	7	12	6	11	7	28	4	5	9	9	19	12	8	20	1	2	151.458315938767
sp|P0AG67|RS1_ECOLI	511145.b0911	48	2	42	60	17	48	8	30	43	45	6	24	10	14	30	25	25	67	7	6	2649.13492781259
sp|P0A6Y1|IHFB_ECOLI	511145.b0912	7	0	3	10	3	8	4	5	8	7	3	2	5	3	8	5	6	4	0	3	1711.09090137484
sp|P60752|MSBA_ECOLI	511145.b0914	48	2	30	28	23	38	9	47	23	60	26	21	13	25	38	50	36	47	5	13	35.5886759681444
sp|P27300|LPXK_ECOLI	511145.b0915	32	5	16	14	4	30	7	13	13	38	6	8	21	15	21	16	14	39	9	7	1.8986875688005
sp|P0AAZ7|YCAR_ECOLI	511145.b0917	4	3	4	6	1	2	1	4	4	10	1	3	3	2	3	2	2	3	1	1	185.507275265015
sp|P04951|KDSB_ECOLI	511145.b0918	28	2	14	23	7	17	7	16	5	16	7	8	13	8	21	7	11	28	3	7	97.2071898679475
sp|P0AB03|YCBJ_ECOLI	511145.b0919	22	5	14	21	11	15	6	6	8	42	12	13	14	13	26	18	15	17	13	6	12.5817009735988
sp|P0AB01|YCBC_ECOLI	511145.b0920	20	0	7	13	8	20	2	18	10	38	5	13	21	12	13	18	13	14	10	4	6.61259066367246
sp|P60293|MUKF_ECOLI	511145.b0922	41	1	39	36	17	19	9	26	13	50	9	14	10	29	35	23	20	28	7	14	13.4279101492552
sp|P22524|MUKE_ECOLI	511145.b0923	15	1	16	24	11	12	4	9	7	32	8	11	10	10	21	16	8	11	1	7	53.8522241704052
sp|P22523|MUKB_ECOLI	511145.b0924	145	10	89	160	47	59	32	58	49	177	32	57	34	114	145	98	56	85	8	31	130.602286279319
sp|P22525|YCBB_ECOLI	511145.b0925	66	4	34	21	13	37	6	26	23	63	18	32	50	40	36	36	34	42	13	21	23.1825914423872
sp|P75849|YCBL_ECOLI	511145.b0927	10	4	17	12	10	22	10	13	7	26	4	6	15	11	8	10	9	14	4	3	150.833580795981
sp|P00509|AAT_ECOLI	511145.b0928	46	5	20	27	20	30	6	17	18	38	8	23	15	16	22	21	22	26	5	11	1643.42062957918
sp|P0A8M0|SYN_ECOLI	511145.b0930	41	4	31	37	28	32	8	17	19	36	10	20	19	13	34	24	23	47	7	16	1232.70083288659
sp|P18133|PNCB_ECOLI	511145.b0931	35	5	31	21	21	18	15	17	18	46	8	9	16	24	28	26	16	26	8	12	103.705840690756
sp|P04825|AMPN_ECOLI	511145.b0932	87	8	62	60	40	38	22	41	35	93	21	44	37	42	53	41	50	52	13	31	365.409805795869
sp|P0AAI1|SSUB_ECOLI	511145.b0933	28	0	13	17	3	24	5	9	7	44	6	7	10	13	22	9	13	20	4	1	3.02552486317665
sp|P80645|SSUD_ECOLI	511145.b0935	46	1	20	25	14	32	11	17	10	41	4	11	23	21	26	18	17	28	6	10	0.970705869305828
sp|P75853|SSUA_ECOLI	511145.b0936	42	0	14	15	10	22	4	18	19	36	4	9	21	21	14	20	15	21	4	10	5.51708423549939
sp|P75856|ELFD_ECOLI	511145.b0939	18	4	8	8	8	15	0	16	19	22	5	11	16	6	9	20	22	15	3	8	8.41339470575656
sp|P75857|ELFC_ECOLI	511145.b0940	72	4	54	32	36	76	11	39	35	77	14	54	29	48	37	84	56	48	14	46	1.35352723011855
sp|P40876|YCBF_ECOLI	511145.b0944	19	2	5	11	6	16	1	13	9	30	2	13	18	12	14	19	16	19	7	4	1.3343047787673
sp|P0A7E1|PYRD_ECOLI	511145.b0945	25	4	20	17	11	32	6	30	21	36	7	18	19	14	17	12	16	21	0	10	285.262369057447
sp|P75863|YCBX_ECOLI	511145.b0947	36	9	24	15	18	27	7	21	14	28	7	12	22	21	26	20	23	28	6	5	58.4915527221011
sp|P75864|RLMKL_ECOLI	511145.b0948	69	8	45	36	24	52	16	30	39	84	17	32	26	29	52	36	37	34	14	22	20.564014073416
sp|P43672|UUP_ECOLI	511145.b0949	49	4	39	62	18	44	14	26	36	84	14	28	18	38	45	28	23	42	7	16	45.1796401397927
sp|P43671|PQIB_ECOLI	511145.b0951	32	0	34	28	19	43	6	30	36	60	17	23	31	30	27	37	33	40	5	15	7.32807337661532
sp|P0AFW2|RMF_ECOLI	511145.b0953	6	1	2	3	0	5	1	1	3	3	4	1	1	6	9	2	1	2	2	2	693.497986309982
sp|P0A6Q3|FABA_ECOLI	511145.b0954	10	2	12	9	10	24	2	6	11	20	8	4	7	4	9	4	8	14	3	5	1261.19053696494
sp|P0A8N0|MATP_ECOLI	511145.b0956	11	0	5	16	2	6	5	8	16	18	4	8	2	10	11	7	5	8	4	4	50.0080406410511
sp|P0A910|OMPA_ECOLI	511145.b0957	37	2	22	13	9	38	5	16	19	23	6	19	19	17	13	16	23	27	5	17	6860.85099230062
sp|Q1JQN1|SULA_ECOLX	511145.b0958	14	1	4	10	2	9	6	6	4	21	7	5	6	13	9	21	11	11	4	5	3.11313503875078
sp|P75870|YCCS_ECOLI	511145.b0960	71	12	33	32	33	36	24	43	8	114	15	25	31	41	54	34	38	33	14	26	9.65618735377046
sp|P0AB12|YCCF_ECOLI	511145.b0961	15	3	1	6	8	12	2	16	3	20	2	9	5	2	8	5	11	13	6	1	76.049788156413
sp|P15038|HELD_ECOLI	511145.b0962	74	5	32	57	25	38	21	35	38	78	14	21	27	39	54	36	27	33	19	11	10.0704875865719
sp|P0A731|MGSA_ECOLI	511145.b0963	15	1	11	4	4	8	7	10	5	18	6	7	9	7	7	5	10	12	3	3	79.2303706568701
sp|P75874|YCCU_ECOLI	511145.b0965	17	1	9	6	1	12	2	9	9	13	5	3	7	5	6	5	7	14	2	4	279.086327989524
sp|P0AB20|HSPQ_ECOLI	511145.b0966	8	0	8	9	1	5	4	4	2	13	3	3	8	8	5	8	2	9	1	4	209.654569731404
sp|P75876|RLMI_ECOLI	511145.b0967	35	6	28	21	17	31	6	22	20	44	10	8	13	21	30	26	14	26	5	13	27.951115777318
sp|P0AB65|ACYP_ECOLI	511145.b0968	5	2	3	8	2	11	2	3	5	7	2	1	3	4	8	6	4	10	2	4	21.6036366604759
sp|P69739|MBHS_ECOLI	511145.b0972	40	14	22	16	13	32	9	23	15	20	11	11	22	16	22	21	23	23	7	12	5.53823056117964
sp|P0ACD8|MBHL_ECOLI	511145.b0973	52	12	37	29	21	51	16	41	22	48	16	35	34	26	30	27	28	39	16	17	47.6587918737686
sp|P0AAM1|CYBH_ECOLI	511145.b0974	15	1	6	8	18	17	9	18	7	16	14	6	7	5	13	18	8	22	11	16	6.49673121073894
sp|P26459|APPC_ECOLI	511145.b0978	52	1	13	21	34	40	10	28	11	67	26	13	23	30	22	25	29	33	18	18	17.7059384389614
sp|P07102|PPA_ECOLI	511145.b0980	40	8	19	21	13	29	8	17	15	58	6	16	32	30	22	28	34	24	8	4	7.76637322496312
sp|P38134|ETK_ECOLI	511145.b0981	56	0	32	54	19	42	11	42	35	86	18	38	28	49	46	51	42	52	5	20	9.77323348324349
sp|P0ACZ2|ETP_ECOLI	511145.b0982	18	2	5	11	3	11	6	7	10	14	5	4	6	6	11	8	5	11	2	3	6.15196034633066
sp|P75882|GFCD_ECOLI	511145.b0984	54	5	48	29	37	61	7	21	28	62	16	37	34	32	43	49	39	38	13	45	1.11320598748212
sp|P0A982|CSPH_ECOLI	511145.b0989	4	1	3	3	4	7	1	5	5	4	2	2	4	1	7	5	4	7	0	1	3.62529110835789
sp|P0A978|CSPG_ECOLI	511145.b0990	5	0	4	4	7	6	1	3	5	3	2	6	2	4	2	4	5	6	1	0	226.342401746778
sp|P39453|TORS_ECOLI	511145.b0993	102	7	46	58	19	46	15	55	23	133	20	35	31	86	61	61	51	45	8	12	4.0235735843704
sp|P38683|TORT_ECOLI	511145.b0994	36	2	15	15	10	25	7	15	15	40	10	10	19	25	20	23	10	27	7	11	2.12005840801322
sp|P38684|TORR_ECOLI	511145.b0995	14	3	15	17	4	13	6	13	4	32	6	8	8	9	25	10	14	21	1	7	1.97158794767122
sp|P63264|CBPM_ECOLI	511145.b0999	9	1	5	10	4	4	5	7	1	12	2	3	3	4	8	2	8	11	2	0	78.9185450648935
sp|P36659|CBPA_ECOLI	511145.b1000	25	0	21	21	11	23	9	18	21	23	5	10	21	19	18	13	14	20	6	8	284.856749987239
sp|P19926|AGP_ECOLI	511145.b1002	38	6	24	22	13	25	7	14	27	38	12	18	24	30	11	27	23	32	6	16	116.204358609654
sp|P0AB14|YCCJ_ECOLI	511145.b1003	9	0	4	12	3	4	2	4	7	3	2	2	2	2	2	4	4	5	3	1	799.582914745574
sp|P0A8G6|NQOR_ECOLI	511145.b1004	22	0	6	11	6	27	3	8	7	13	7	2	9	12	7	12	19	16	2	9	1082.27549684523
sp|P75895|RUTD_ECOLI	511145.b1009	39	6	13	12	5	17	11	8	4	38	6	10	15	13	14	15	7	19	4	10	9.49656268221441
sp|P0ACU2|RUTR_ECOLI	511145.b1013	27	1	10	13	11	11	3	16	14	25	5	3	9	10	12	11	11	11	3	6	15.2390751785994
sp|P09546|PUTA_ECOLI	511145.b1014	166	13	59	90	29	97	24	69	40	156	27	49	71	73	87	70	66	83	12	39	43.8721619698645
sp|P07117|PUTP_ECOLI	511145.b1015	62	5	12	15	33	47	9	47	12	59	18	14	14	10	19	38	21	39	15	13	42.3518906010855
sp|P0AB24|EFEO_ECOLI	511145.b1018	47	2	30	26	14	23	4	19	30	36	8	13	13	20	13	15	27	22	2	11	342.477835410591
sp|P31545|EFEB_ECOLI	511145.b1019	37	4	29	20	18	35	11	17	22	49	9	14	26	26	24	23	22	22	4	11	19.3216488549482
sp|P75905|PGAC_ECOLI	511145.b1022	37	10	13	22	24	24	8	43	15	46	15	17	18	14	29	20	24	30	18	14	3.82155661949081
sp|P69434|PGAA_ECOLI	511145.b1024	88	1	48	49	21	42	23	36	34	78	8	40	37	50	52	50	41	40	27	42	4.35612555989315
sp|P75913|GHRA_ECOLI	511145.b1033	27	3	17	19	11	20	9	15	10	34	6	8	21	18	23	18	12	23	10	8	218.053390642609
sp|P75914|YCDX_ECOLI	511145.b1034	29	3	18	15	11	16	14	20	11	16	8	11	12	4	10	15	9	16	3	4	71.5636355463023
sp|P75915|YCDY_ECOLI	511145.b1035	20	4	12	21	7	8	2	5	3	26	5	3	11	6	9	12	12	7	6	5	229.006728905131
sp|P0A8D6|YMDB_ECOLI	511145.b1045	24	3	10	9	3	16	6	8	5	16	2	6	8	10	8	6	10	19	1	7	33.3526940249776
sp|P75919|YMDC_ECOLI	511145.b1046	38	3	33	22	21	29	12	25	22	60	12	14	23	13	40	33	19	31	10	13	11.9033492680386
sp|P75920|OPGC_ECOLI	511145.b1047	22	4	6	10	35	19	11	31	16	56	13	16	18	7	17	25	19	30	12	18	15.1217368562936
sp|P33136|OPGG_ECOLI	511145.b1048	35	0	38	26	25	33	7	20	37	37	14	25	32	20	26	33	34	36	12	21	360.427373788232
sp|P62517|OPGH_ECOLI	511145.b1049	73	10	43	42	42	48	19	36	30	105	28	23	46	31	64	54	38	59	32	24	73.0599735215807
sp|P25738|MSYB_ECOLI	511145.b1051	14	1	14	24	6	8	1	5	1	8	4	4	4	9	4	2	4	4	4	3	108.455239979363
sp|P24188|YCEA_ECOLI	511145.b1055	33	14	23	28	17	21	13	23	20	24	10	19	16	10	24	13	11	17	3	11	37.8120262234907
sp|P0A8X2|YCEI_ECOLI	511145.b1056	16	0	18	9	12	17	4	9	19	16	2	8	5	7	4	11	17	11	2	4	50.3851469128534
sp|P40874|MTOX_ECOLI	511145.b1059	38	6	28	21	19	34	13	21	16	32	4	14	20	14	16	18	17	22	6	13	84.7358307920453
sp|P05020|PYRC_ECOLI	511145.b1062	33	6	19	23	16	19	14	16	9	33	11	14	21	11	23	15	25	29	2	9	1177.09492882946
sp|P0AB26|YCEB_ECOLI	511145.b1063	16	1	8	12	8	12	2	10	16	22	7	12	8	13	3	7	12	13	0	4	28.1184093177332
sp|P0AC59|GLRX2_ECOLI	511145.b1064	18	2	19	9	7	9	4	13	18	28	7	12	12	6	11	12	6	12	2	8	474.110739090747
sp|P0A948|RIMJ_ECOLI	511145.b1066	14	2	12	9	10	16	9	8	9	17	6	7	8	7	17	8	8	10	6	11	12.646064312834
sp|P29217|YCEH_ECOLI	511145.b1067	18	3	10	24	6	12	3	3	8	27	6	10	7	12	17	12	12	19	0	6	494.005059814001
sp|P75931|YCEM_ECOLI	511145.b1068	35	6	18	15	9	23	11	11	12	34	7	6	11	14	20	20	19	24	8	4	21.8268590298586
sp|P0AF16|MURJ_ECOLI	511145.b1069	65	2	11	7	34	37	5	33	19	82	21	12	24	14	20	35	23	45	9	13	4.79380206790157
sp|P43533|FLGN_ECOLI	511145.b1070	6	0	5	10	0	8	4	8	7	17	6	8	3	20	7	9	11	4	3	2	154.490670530195
sp|P0AEM4|FLGM_ECOLI	511145.b1071	11	0	7	5	0	3	0	5	6	9	3	5	5	6	5	11	11	5	0	0	149.325212321157
sp|P75933|FLGA_ECOLI	511145.b1072	24	2	10	4	5	15	1	13	6	25	4	19	10	14	16	17	7	23	2	2	12.9247153016016
sp|P0ABW9|FLGB_ECOLI	511145.b1073	17	0	11	5	3	6	1	5	4	15	7	7	6	15	9	9	9	6	0	3	4.94595200601389
sp|P75937|FLGE_ECOLI	511145.b1076	41	0	21	8	17	39	1	17	12	30	9	48	11	25	6	35	43	27	2	10	37.7148619831295
sp|P0ABX5|FLGG_ECOLI	511145.b1078	20	0	10	11	7	25	1	13	6	23	6	19	9	29	8	21	24	21	1	6	9.5364925128083
sp|P0A6S0|FLGH_ECOLI	511145.b1079	20	1	7	7	11	24	2	12	5	16	3	21	13	14	10	21	18	19	2	6	82.9797835123886
sp|P33235|FLGK_ECOLI	511145.b1082	66	0	37	16	18	43	1	27	18	47	9	47	9	44	16	48	48	36	2	15	8.65564264765917
sp|P29744|FLGL_ECOLI	511145.b1083	37	0	22	16	8	19	1	13	15	28	11	17	5	27	11	33	26	17	2	9	39.0820373059328
sp|P21513|RNE_ECOLI	511145.b1084	126	4	39	130	20	46	24	49	36	65	14	32	86	67	102	53	51	96	4	17	273.50394069304
sp|P0AA39|RLUC_ECOLI	511145.b1086	26	2	14	26	9	23	11	15	22	34	5	6	14	14	33	15	15	27	1	7	24.8892824622048
sp|P0A729|YCEF_ECOLI	511145.b1087	14	4	8	18	8	13	6	9	8	27	3	7	12	8	14	13	9	9	1	3	76.3909403552302
sp|P0AB28|YCED_ECOLI	511145.b1088	14	5	12	19	6	5	3	6	8	15	4	4	12	9	7	10	8	21	0	5	97.6237501122853
sp|P0A7N4|RL32_ECOLI	511145.b1089	5	0	3	1	0	4	4	2	6	3	2	1	1	2	7	5	5	4	0	2	2830.556847736
sp|P27247|PLSX_ECOLI	511145.b1090	37	4	14	18	8	30	3	16	17	52	8	13	14	19	22	25	18	31	3	4	34.3624523818021
sp|P0A6R0|FABH_ECOLI	511145.b1091	43	5	19	17	9	27	8	21	10	26	8	11	11	8	14	19	25	27	3	6	821.25027109261
sp|P0AAI9|FABD_ECOLI	511145.b1092	54	5	11	21	8	24	4	9	14	26	11	9	17	16	8	14	16	31	4	7	1087.98450477496
sp|P0AEK2|FABG_ECOLI	511145.b1093	35	0	10	15	6	29	2	20	10	18	11	14	3	5	15	14	14	18	1	4	828.348555530964
sp|P0A6A8|ACP_ECOLI	511145.b1094	7	0	6	14	2	4	1	7	4	5	2	3	1	4	1	3	6	7	0	1	6378.66696097185
sp|P0AAI5|FABF_ECOLI	511145.b1095	52	4	20	22	14	52	10	28	17	29	14	16	15	10	17	32	23	26	2	10	381.345080852528
sp|P28306|YCEG_ECOLI	511145.b1097	33	0	17	20	9	22	7	17	29	42	9	11	16	10	18	13	25	21	7	14	2.91536301081911
sp|P0A720|KTHY_ECOLI	511145.b1098	20	0	17	16	6	16	4	12	9	23	5	3	5	9	18	6	18	19	2	5	37.1154265280354
sp|P0AFQ7|YCFH_ECOLI	511145.b1100	24	5	24	19	10	15	11	9	9	30	4	7	10	8	20	9	14	27	0	10	36.5191765879104
sp|P69786|PTGCB_ECOLI	511145.b1101	61	3	14	15	32	50	10	44	21	44	15	16	23	9	12	28	20	40	6	14	437.579468863653
sp|P16869|FHUE_ECOLI	511145.b1102	54	1	52	32	32	60	6	27	25	50	19	52	28	34	34	58	67	42	15	41	48.2750517354672
sp|P0ACE7|HINT_ECOLI	511145.b1103	10	0	6	9	2	9	7	16	3	10	5	4	7	5	7	4	6	6	0	3	778.674583927436
sp|P75946|YCFL_ECOLI	511145.b1104	9	2	3	8	4	7	5	4	3	18	3	3	8	3	8	14	5	10	1	7	11.6563077846636
sp|P0AB38|LPOB_ECOLI	511145.b1105	25	1	5	10	2	17	4	8	7	18	9	11	19	18	7	16	13	17	2	4	21.489469961778
sp|P75948|THIK_ECOLI	511145.b1106	20	1	15	10	11	14	9	9	8	39	5	7	20	20	27	11	11	13	12	12	19.7135513454692
sp|P75949|NAGZ_ECOLI	511145.b1107	39	3	22	25	11	28	12	19	13	29	14	7	15	13	26	25	9	20	4	7	16.5323855771475
sp|P0A8E1|YCFP_ECOLI	511145.b1108	5	4	12	15	8	9	9	14	11	18	4	11	8	8	12	8	6	9	2	7	238.619048957224
sp|P00393|DHNA_ECOLI	511145.b1109	39	4	18	23	11	42	17	26	25	51	15	23	17	14	22	20	26	27	2	12	450.183571070098
sp|P0AB35|YCFJ_ECOLI	511145.b1110	14	2	9	6	2	25	2	10	10	10	4	8	6	14	10	8	14	19	0	6	12.1734894050445
sp|P75952|COMR_ECOLI	511145.b1111	27	8	12	14	11	10	5	9	13	20	6	6	7	10	12	12	15	7	2	4	1.73237642885549
sp|P75954|YCFS_ECOLI	511145.b1113	31	1	17	10	9	25	7	19	13	30	9	15	27	12	17	15	23	28	3	9	1.67223934800018
sp|P30958|MFD_ECOLI	511145.b1114	109	7	69	93	46	66	34	61	43	140	30	33	56	59	93	47	58	67	10	27	47.2234963852331
sp|P0ADC3|LOLC_ECOLI	511145.b1116	40	0	14	18	10	34	1	27	10	53	20	16	21	25	21	23	16	36	6	8	10.4064776934133
sp|P75957|LOLD_ECOLI	511145.b1117	20	2	11	14	7	20	7	8	11	36	9	13	8	11	15	17	9	13	0	2	118.492184963441
sp|P75958|LOLE_ECOLI	511145.b1118	38	2	18	13	14	36	7	38	15	49	14	15	15	20	20	29	10	40	9	12	1.02163022306211
sp|P75959|NAGK_ECOLI	511145.b1119	28	7	24	13	12	37	8	16	6	35	7	7	17	11	21	9	13	17	3	12	20.4561488699498
sp|P75960|NPD_ECOLI	511145.b1120	25	4	12	20	10	20	11	10	9	24	6	8	14	12	12	9	9	19	3	5	32.684689102306
sp|P0AFK9|POTD_ECOLI	511145.b1123	36	0	23	21	9	23	2	16	30	31	11	25	21	7	8	18	19	18	9	21	327.302767948811
sp|P0AFK6|POTC_ECOLI	511145.b1124	21	1	8	4	18	17	2	21	10	38	14	7	9	5	10	24	15	27	4	9	68.9417995208805
sp|P0AFK4|POTB_ECOLI	511145.b1125	16	2	9	6	18	16	2	27	12	55	13	9	15	2	10	12	15	21	6	9	4.41922000909969
sp|P69874|POTA_ECOLI	511145.b1126	22	3	21	37	16	23	8	19	19	40	14	21	15	20	25	15	17	34	2	7	56.8114532082546
sp|P29745|PEPT_ECOLI	511145.b1127	33	4	26	32	14	38	14	26	26	36	15	15	19	15	16	14	20	32	2	11	128.989734898749
sp|P27431|YCFD_ECOLI	511145.b1128	24	1	29	31	18	28	14	18	9	40	10	14	32	17	21	18	6	21	9	13	150.76683784997
sp|P23837|PHOQ_ECOLI	511145.b1129	29	2	26	38	13	23	10	24	21	68	14	19	20	19	32	37	25	42	9	15	14.0719298917388
sp|P23836|PHOP_ECOLI	511145.b1130	15	0	19	17	4	9	6	15	9	28	7	7	8	12	17	13	8	20	2	7	449.142107174717
sp|P0AB89|PUR8_ECOLI	511145.b1131	43	2	26	37	15	26	14	33	26	45	9	19	17	17	25	23	22	32	7	18	728.690770314924
sp|P25746|HFLD_ECOLI	511145.b1132	24	2	7	7	3	16	6	10	5	35	6	9	6	16	13	17	12	14	1	4	31.8593046420172
sp|P25745|MNMA_ECOLI	511145.b1133	28	7	26	31	15	35	8	20	22	33	6	9	14	18	17	13	19	29	5	13	253.44352209068
sp|P0AEI6|NUDJ_ECOLI	511145.b1134	14	5	6	15	8	7	6	11	5	12	3	4	10	9	7	7	7	10	5	2	7.21410612355542
sp|P75966|RLUE_ECOLI	511145.b1135	13	0	10	13	7	15	2	10	10	21	4	12	15	12	23	9	17	13	4	7	2.41943785633211
sp|P08200|IDH_ECOLI	511145.b1136	38	6	25	35	10	40	5	37	31	31	13	15	20	11	17	13	18	30	6	15	4673.76988301472
sp|P75967|YMFD_ECOLI	511145.b1137	10	6	11	13	6	15	5	20	20	20	3	11	4	4	11	22	8	14	1	17	1.13251749818533
sp|P75969|INTE_ECOLI	511145.b1140	39	1	23	16	8	19	10	22	27	35	7	13	12	20	36	23	22	21	7	14	2.33269043221994
sp|P75970|VXIS_ECOLI	511145.b1141	6	1	2	6	1	3	0	2	5	12	3	4	5	5	7	6	4	5	2	2	2.5036674419879
sp|P75982|YMFQ_ECOLI	511145.b1153	20	8	15	8	3	9	2	8	4	19	4	8	14	7	14	10	18	10	6	7	2.46345398586808
sp|P75989|YCGE_ECOLI	511145.b1162	17	1	10	21	5	14	6	17	8	26	9	7	13	11	24	15	10	13	9	7	12.3956795093664
sp|P75992|YMGA_ECOLI	511145.b1165	5	0	7	4	4	4	1	10	8	7	4	7	1	4	8	8	5	2	0	1	4.44329839742436
sp|P0AB46|YMGD_ECOLI	511145.b1171	16	2	6	7	3	4	0	7	10	9	6	5	4	5	2	6	6	8	1	2	16.4238003834083
sp|P0A734|MINE_ECOLI	511145.b1174	6	1	6	10	2	1	1	8	7	12	2	3	4	5	6	3	3	6	0	2	840.611972707151
sp|P0AEZ3|MIND_ECOLI	511145.b1175	23	2	21	21	9	23	1	22	17	28	6	9	8	6	20	14	14	21	0	5	677.205504140478
sp|P18196|MINC_ECOLI	511145.b1176	29	3	8	15	4	15	7	14	12	22	6	8	16	11	9	14	14	18	2	4	17.4022371587238
sp|P76002|PLIG_ECOLI	511145.b1178	9	0	9	5	4	10	3	7	15	11	1	6	3	5	6	14	7	8	0	10	444.577703743248
sp|P0AB43|YCGL_ECOLI	511145.b1179	3	1	8	6	3	5	1	3	11	12	4	2	7	8	4	4	4	6	0	5	65.5800302713701
sp|P77335|HLYE_ECOLI	511145.b1182	30	2	20	23	12	13	1	19	32	32	4	13	4	16	4	20	22	21	2	13	3.78903524109479
sp|P0A6M2|DSBB_ECOLI	511145.b1185	18	6	5	6	13	10	2	8	6	28	7	1	10	9	9	5	6	14	7	6	49.4534622563835
sp|P0AFA7|NHAB_ECOLI	511145.b1186	50	5	14	23	35	33	10	38	13	83	17	10	16	19	18	30	30	47	10	12	141.744261727887
sp|P0A8V6|FADR_ECOLI	511145.b1187	22	1	9	18	10	18	9	18	7	26	3	13	10	9	18	12	14	10	4	8	96.9849233464338
sp|P0A6J5|DADA_ECOLI	511145.b1189	41	6	20	26	12	42	9	18	13	43	13	13	23	22	29	19	29	30	8	16	35.1794950288459
sp|P29012|ALR2_ECOLI	511145.b1190	42	4	16	19	6	33	10	21	9	35	12	10	16	16	24	16	22	27	9	9	21.4285825985488
sp|P76007|CVRA_ECOLI	511145.b1191	56	3	23	25	33	58	5	48	11	92	16	17	26	18	27	37	19	45	9	10	19.802882545312
sp|P76008|LDCA_ECOLI	511145.b1192	26	5	11	18	12	28	13	22	4	41	6	15	13	12	19	14	21	13	5	6	7.0944588176531
sp|P76010|YCGR_ECOLI	511145.b1194	19	1	10	16	14	12	6	15	12	31	4	7	13	18	17	13	14	14	3	5	74.0143937366291
sp|P13482|TREA_ECOLI	511145.b1197	51	4	36	30	18	34	10	14	32	52	16	30	42	36	24	29	37	31	16	23	15.8814258538226
sp|P37349|DHAM_ECOLI	511145.b1198	56	8	30	39	9	22	11	26	17	62	10	12	22	26	19	29	28	33	2	11	71.2209740791076
sp|P76014|DHAL_ECOLI	511145.b1199	22	2	11	13	8	19	2	11	8	19	10	5	6	11	12	21	13	12	2	3	87.5155869732689
sp|P76015|DHAK_ECOLI	511145.b1200	30	7	26	19	9	38	9	17	14	40	7	13	15	16	13	18	26	26	4	9	137.062449653354
sp|P0ABU2|YCHF_ECOLI	511145.b1203	39	6	22	34	17	30	4	23	25	31	8	19	16	11	15	7	20	28	1	7	315.053296180865
sp|P0A7D1|PTH_ECOLI	511145.b1204	21	1	10	11	11	21	7	10	13	21	4	10	10	2	11	5	10	12	2	2	76.788245319695
sp|P0AB49|YCHH_ECOLI	511145.b1205	6	2	3	1	3	10	4	3	3	10	4	5	2	4	9	5	0	11	3	4	25.6935424615871
sp|P0A717|KPRS_ECOLI	511145.b1207	33	4	26	14	11	20	4	25	8	26	10	17	13	8	25	19	14	34	0	4	1511.23316387283
sp|P62615|ISPE_ECOLI	511145.b1208	26	4	16	20	11	25	6	12	9	36	6	9	18	7	17	15	17	19	5	5	9.97063414634955
sp|P61320|LOLB_ECOLI	511145.b1209	12	1	15	6	4	16	1	8	12	24	6	11	14	19	12	8	14	9	5	10	70.9910360736869
sp|P0A6X1|HEM1_ECOLI	511145.b1210	50	3	25	34	7	18	9	24	18	52	10	13	10	25	30	32	18	30	4	6	53.4065548663666
sp|P0A7I0|RF1_ECOLI	511145.b1211	37	3	26	37	8	23	11	18	13	32	11	8	12	25	32	21	16	18	2	7	57.3271750914816
sp|Q46755|SIRB2_ECOLI	511145.b1213	12	0	2	1	7	6	4	14	5	24	3	0	6	6	7	8	8	10	3	4	0.535148182100208
sp|P0AGM5|SIRB1_ECOLI	511145.b1214	20	5	19	28	10	10	5	19	9	44	6	12	13	11	14	16	3	13	5	7	4.8623191534445
sp|P0A715|KDSA_ECOLI	511145.b1215	26	4	19	15	16	25	6	16	22	23	10	10	15	13	10	14	8	28	0	4	1287.12571433851
sp|P31801|CHAA_ECOLI	511145.b1216	44	1	10	10	20	22	12	27	8	61	14	12	13	10	7	30	21	34	3	7	3.74745625363513
sp|P0AE63|CHAB_ECOLI	511145.b1217	9	0	10	6	1	1	5	1	12	2	1	1	3	2	3	6	2	4	3	4	26.1298964221134
sp|P0AB52|YCHN_ECOLI	511145.b1219	9	2	5	7	3	10	0	8	5	18	3	5	4	7	5	7	8	8	1	2	266.067844103794
sp|P0AF28|NARL_ECOLI	511145.b1221	19	0	14	18	2	11	6	12	14	31	10	8	9	7	13	12	11	17	1	1	356.959655941491
sp|P0AFA2|NARX_ECOLI	511145.b1222	54	11	28	40	13	30	16	22	15	84	19	21	20	49	47	38	34	42	7	8	3.48861323537891
sp|P10903|NARK_ECOLI	511145.b1223	53	5	12	7	45	48	3	31	14	51	16	10	20	16	17	40	25	32	11	7	4.15051287487595
sp|P09152|NARG_ECOLI	511145.b1224	97	12	75	77	36	106	36	56	66	103	37	59	60	52	67	74	74	69	38	53	57.5774138633322
sp|P11349|NARH_ECOLI	511145.b1225	37	17	31	37	18	36	9	29	35	40	15	23	33	19	30	23	23	26	9	22	43.8842562139955
sp|P11350|NARI_ECOLI	511145.b1227	17	2	6	4	18	21	9	15	6	33	12	3	7	9	12	13	9	15	6	8	3.45591609214582
sp|P37051|PURU_ECOLI	511145.b1232	22	3	19	17	11	16	13	23	11	27	8	15	10	8	22	8	13	23	0	11	309.40367032212
sp|P37052|YCHJ_ECOLI	511145.b1233	13	11	7	9	9	15	5	5	8	9	4	3	8	6	8	9	6	7	4	6	14.3800561187368
sp|P37052|YCHJ_ECOLI	511145.b1908	13	11	7	9	9	15	5	5	8	9	4	3	8	6	8	9	6	7	4	6	134.601744979363
sp|P0AFR0|RSSA_ECOLI	511145.b1234	32	5	16	17	6	22	8	24	7	34	8	12	12	9	23	20	15	20	7	4	16.895588415228
sp|P0AEP3|GALU_ECOLI	511145.b1236	27	5	17	26	5	21	9	21	21	27	12	8	18	9	8	12	14	33	2	7	386.025000860222
sp|P0ACF8|HNS_ECOLI	511145.b1237	15	1	6	19	1	6	0	6	12	14	4	6	3	7	11	6	9	7	1	3	7476.96784089985
sp|P23331|KITH_ECOLI	511145.b1238	14	6	11	15	8	13	5	9	8	21	4	6	3	15	15	16	7	16	1	12	12.3839654123325
sp|P0A9Q7|ADHE_ECOLI	511145.b1241	121	9	50	54	31	62	20	60	65	72	21	34	41	24	32	50	49	63	5	28	2038.84400330123
sp|P23843|OPPA_ECOLI	511145.b1243	46	2	35	30	12	29	11	25	41	45	10	34	32	17	18	30	41	44	13	28	2334.88466675412
sp|P0AFH2|OPPB_ECOLI	511145.b1244	31	1	8	6	18	24	5	31	12	41	14	9	18	4	13	18	14	24	3	12	75.2476122441727
sp|P0AFH6|OPPC_ECOLI	511145.b1245	23	1	14	12	21	26	3	17	7	44	15	8	9	6	15	29	9	33	5	5	35.0583154035643
sp|P76027|OPPD_ECOLI	511145.b1246	30	6	13	25	12	22	6	16	13	40	21	15	23	12	20	15	19	23	0	6	45.9503459159922
sp|P77737|OPPF_ECOLI	511145.b1247	22	7	15	23	8	24	10	23	19	40	10	8	24	13	20	16	13	28	4	7	42.9622538966163
sp|P0A6H8|CLS_ECOLI	511145.b1249	51	5	26	22	18	31	10	37	16	60	24	12	21	16	35	25	19	30	13	15	13.1030731711355
sp|P31069|KCH_ECOLI	511145.b1250	31	3	24	13	29	24	11	40	20	58	11	24	9	8	12	40	23	25	4	8	43.1642611243116
sp|P0AB55|YCII_ECOLI	511145.b1251	16	0	7	6	4	6	3	2	5	10	2	1	6	3	4	6	3	9	1	4	1375.05785265135
sp|P0A915|OMPW_ECOLI	511145.b1256	23	0	13	5	14	25	6	6	7	19	7	9	6	5	8	13	20	13	5	8	126.948643958685
sp|P0A877|TRPA_ECOLI	511145.b1260	40	3	13	17	12	19	4	20	13	27	5	9	19	12	11	11	9	17	0	7	1659.71562974534
sp|P0A879|TRPB_ECOLI	511145.b1261	41	5	17	30	13	43	14	23	18	39	15	14	18	16	18	18	23	19	1	12	1137.40926718792
sp|P00909|TRPC_ECOLI	511145.b1262	59	7	29	23	16	31	11	25	18	49	5	18	14	29	23	25	14	37	3	16	149.527248768643
sp|P00904|TRPG_ECOLI	511145.b1263	66	5	21	29	15	46	22	27	14	66	13	23	29	27	25	31	25	33	1	13	138.387532468134
sp|P00895|TRPE_ECOLI	511145.b1264	53	12	35	35	20	29	11	17	15	67	12	17	28	21	40	36	25	33	0	14	133.508962584694
sp|P77766|TRPH_ECOLI	511145.b1266	35	6	10	22	6	21	17	16	9	28	5	8	13	19	18	13	17	17	8	5	14.8487402051087
sp|P0AFR4|YCIO_ECOLI	511145.b1267	7	3	13	14	8	15	3	14	12	21	7	9	14	9	13	10	13	15	0	6	140.338867187179
sp|P45848|YCIQ_ECOLI	511145.b1268	42	10	34	26	36	59	14	43	22	78	10	25	29	22	41	36	27	33	16	28	3.87811349430397
sp|P37765|RLUB_ECOLI	511145.b1269	18	3	14	24	5	30	4	14	15	28	3	11	12	9	38	15	12	26	4	6	98.5127600024895
sp|P0A9H5|BTUR_ECOLI	511145.b1270	18	2	13	14	6	16	6	9	10	13	5	5	5	14	14	5	14	19	3	5	32.3239275747091
sp|P31808|YCIK_ECOLI	511145.b1271	23	4	14	10	6	20	3	10	8	27	11	12	13	20	17	13	16	14	4	7	22.8576893458501
sp|P0AG14|SOHB_ECOLI	511145.b1272	36	1	16	29	10	21	8	16	29	35	12	12	8	21	23	17	13	30	5	7	205.149982618483
sp|P0AB61|YCIN_ECOLI	511145.b1273	6	0	5	8	4	5	4	4	6	9	2	4	2	3	3	2	8	6	0	2	417.552959800268
sp|P06612|TOP1_ECOLI	511145.b1274	76	14	49	73	29	56	12	31	70	63	24	34	45	30	62	48	50	60	10	29	134.839829149408
sp|P0A9F3|CYSB_ECOLI	511145.b1275	30	1	19	17	13	18	12	24	15	27	7	8	15	12	20	19	24	29	2	12	128.74286106911
sp|P25516|ACON1_ECOLI	511145.b1276	77	7	57	55	23	78	18	43	43	84	25	33	50	27	51	51	54	73	13	29	247.38751172564
sp|P0A7I7|RIBA_ECOLI	511145.b1277	17	4	11	16	7	17	8	9	9	27	4	11	6	7	11	3	10	13	1	5	124.831588884705
sp|P0ACV4|YCIS_ECOLI	511145.b1279	13	1	2	4	6	5	1	7	4	17	1	3	2	5	6	6	4	10	2	3	105.557547038918
sp|P0AB58|YCIM_ECOLI	511145.b1280	42	6	25	30	11	21	8	14	19	48	17	9	5	27	31	18	18	20	5	15	22.6806714045288
sp|P08244|PYRF_ECOLI	511145.b1281	33	3	18	9	11	16	4	8	9	23	9	5	12	13	15	15	14	24	1	3	57.0970882188531
sp|P0ADA7|OSMB_ECOLI	511145.b1283	12	1	2	0	1	13	1	3	4	7	3	2	0	1	2	6	7	6	1	0	1611.65391217619
sp|P76034|YCIT_ECOLI	511145.b1284	16	3	14	16	8	15	7	18	13	23	8	8	5	13	13	22	18	23	1	5	26.6077340824317
sp|P77334|GMR_ECOLI	511145.b1285	55	8	37	44	30	35	16	40	24	73	10	30	19	32	51	50	33	49	10	15	0.694542876682137
sp|P30850|RNB_ECOLI	511145.b1286	70	7	50	52	29	37	16	40	32	59	15	18	31	21	50	21	32	44	9	11	231.127395742484
sp|P76035|YCIW_ECOLI	511145.b1287	33	8	16	24	11	14	10	22	11	47	3	14	18	22	23	35	27	17	9	11	3.78509179093853
sp|P0AEK4|FABI_ECOLI	511145.b1288	36	4	14	15	12	25	5	16	12	22	10	10	7	5	12	20	9	20	1	7	1679.75965026036
sp|P0AGH3|SAPB_ECOLI	511145.b1293	27	3	9	9	19	20	7	34	6	47	12	10	16	8	16	19	18	23	12	6	1.01840801081509
sp|P78061|PUUA_ECOLI	511145.b1297	38	8	29	43	18	32	14	17	13	53	17	27	26	23	29	19	15	33	3	15	2.51780408711475
sp|P50457|PUUE_ECOLI	511145.b1302	61	4	20	21	19	39	11	26	17	34	12	17	22	21	16	19	21	29	0	12	2.03002261088166
sp|P37344|PSPF_ECOLI	511145.b1303	25	3	16	30	14	20	7	14	13	49	8	12	18	17	25	14	13	16	2	9	1.524513079086
sp|P0AFM6|PSPA_ECOLI	511145.b1304	28	0	16	28	6	4	3	10	19	27	8	6	1	17	19	14	7	8	1	0	202.434841824811
sp|P0AFM9|PSPB_ECOLI	511145.b1305	7	0	3	6	3	1	2	5	1	12	2	2	3	5	8	7	1	2	3	1	37.6447275485375
sp|P23857|PSPE_ECOLI	511145.b1308	11	1	4	8	3	8	3	6	10	8	3	4	5	6	3	3	3	11	1	3	735.089190086843
sp|P76041|SUCP_ECOLI	511145.b1309	34	7	35	32	25	25	26	37	22	62	10	32	25	25	29	38	32	32	12	19	0.396100958163762
sp|P76044|YCJR_ECOLI	511145.b1314	21	2	19	20	11	22	8	18	10	25	7	13	9	11	19	6	11	16	3	11	5.33790197489649
sp|P77503|YCJS_ECOLI	511145.b1315	37	9	18	21	13	27	12	17	13	30	14	13	13	19	16	19	19	26	4	11	1.61634706631954
sp|P77154|YCJT_ECOLI	511145.b1316	80	11	42	50	26	51	28	39	19	75	16	26	24	52	46	47	42	38	20	23	0.827042559091351
sp|P77615|YCJW_ECOLI	511145.b1320	34	3	17	20	10	17	9	26	19	29	6	12	16	18	11	29	21	25	1	9	3.17038011998703
sp|P76046|YCJX_ECOLI	511145.b1321	42	4	32	19	24	33	12	18	19	62	13	17	27	26	34	20	19	23	10	11	11.64450318799
sp|P0A8R7|YCJF_ECOLI	511145.b1322	43	3	19	22	10	28	6	16	13	41	10	8	13	24	31	16	14	21	10	5	25.7750309685907
sp|P07604|TYRR_ECOLI	511145.b1323	43	6	30	39	19	30	11	21	20	68	15	22	25	25	37	26	22	38	3	13	22.9025738804254
sp|P0A862|TPX_ECOLI	511145.b1324	22	3	10	7	10	10	1	10	7	15	1	10	6	9	5	10	12	18	0	2	4678.16453112069
sp|P51981|AEEP_ECOLI	511145.b1325	43	7	16	24	6	19	5	15	11	42	9	7	17	15	17	16	21	23	5	3	10.1902163381441
sp|P77348|MPPA_ECOLI	511145.b1329	51	2	26	27	18	28	8	27	39	47	8	35	34	27	17	28	41	40	13	21	55.7941852779289
sp|P0AEB5|YNAI_ECOLI	511145.b1330	21	3	14	12	24	24	4	45	15	32	10	17	10	12	19	21	22	22	5	11	46.726581031258
sp|P0AAC0|USPE_ECOLI	511145.b1333	26	2	19	26	7	17	14	23	14	31	9	13	20	17	13	8	14	28	5	10	369.560718002434
sp|P0A9E5|FNR_ECOLI	511145.b1334	16	5	13	16	11	22	6	23	14	27	9	9	7	15	17	16	14	5	0	5	64.2586447721502
sp|P0AFH0|OGT_ECOLI	511145.b1335	12	3	4	14	3	19	4	10	5	20	4	5	9	7	15	6	10	10	4	7	10.7113339374298
sp|P76052|ABGB_ECOLI	511145.b1337	63	9	20	30	21	37	16	22	15	37	9	24	21	26	19	25	38	29	8	12	1.69014808348642
sp|P77744|ABGR_ECOLI	511145.b1339	23	5	10	20	14	20	8	20	11	32	10	4	14	29	20	25	12	14	1	10	0.281845388807246
sp|P76053|SMRA_ECOLI	511145.b1340	15	3	14	8	7	10	8	7	10	22	3	7	8	14	17	9	8	10	3	4	3.67810989268421
sp|P77302|YDAM_ECOLI	511145.b1341	31	5	22	28	15	23	19	26	19	52	10	16	16	18	25	24	24	21	3	13	36.5906607380811
sp|P64423|ZNTB_ECOLI	511145.b1342	23	6	29	15	9	27	7	18	6	42	13	9	14	13	27	15	16	25	8	5	31.8649216658101
sp|P21693|DBPA_ECOLI	511145.b1343	56	9	29	17	13	33	10	25	21	58	9	13	22	28	26	24	27	30	4	3	2.20094772164947
sp|P76055|TTCA_ECOLI	511145.b1344	15	8	19	25	11	21	6	21	21	32	11	17	16	18	19	11	12	17	2	9	10.9317734607857
sp|P15032|RECE_ECOLI	511145.b1350	75	14	63	84	26	54	24	42	45	61	18	39	55	32	37	49	57	52	12	27	4.56441917158149
sp|P38392|SIEB_ECOLI	511145.b1353	8	2	3	9	15	3	4	14	11	21	4	7	7	5	11	12	8	9	3	6	9.42366835946898
sp|P76062|RACR_ECOLI	511145.b1356	14	0	10	11	4	9	3	12	16	12	3	7	8	4	6	14	7	9	4	5	21.3426971587617
sp|P77546|YDAV_ECOLI	511145.b1360	17	4	10	18	6	18	5	13	13	22	9	16	6	15	21	14	13	19	5	4	1.0749369914283
sp|P76068|YNAK_ECOLI	511145.b1365	6	0	3	8	1	5	3	6	6	8	4	2	4	6	4	6	4	8	1	2	3.10776665292493
sp|P76072|STFR_ECOLI	511145.b1372	222	6	49	50	25	86	21	33	56	46	15	54	29	27	43	156	106	56	8	32	4.33310397299248
sp|P76154|YDFK_ECOLI	511145.b1375	4	0	5	4	1	4	0	6	10	10	2	6	3	4	3	3	4	5	2	1	22.7163295424356
sp|P76154|YDFK_ECOLI	511145.b1544	4	0	5	4	1	4	0	6	10	10	2	6	3	4	3	3	4	5	2	1	23.4948640602901
sp|P37903|USPF_ECOLI	511145.b1376	15	1	9	13	2	3	7	14	9	15	3	2	8	2	7	11	6	13	0	4	585.33107771032
sp|P77747|OMPN_ECOLI	511145.b1377	42	0	37	12	19	43	5	9	17	27	9	33	5	14	11	21	24	17	5	27	13.3876734363817
sp|P52647|NIFJ_ECOLI	511145.b1378	133	19	62	76	39	78	27	56	48	117	25	46	67	56	62	71	63	78	14	37	33.185450748807
sp|P52644|HSLJ_ECOLI	511145.b1379	13	3	5	9	4	9	2	4	11	17	10	10	5	6	3	10	10	8	0	1	5.3287640356027
sp|P52643|LDHD_ECOLI	511145.b1380	30	6	18	25	18	23	7	14	19	38	10	18	9	11	14	16	19	23	0	11	172.534367524632
sp|P52645|YDBH_ECOLI	511145.b1381	65	4	55	35	26	80	13	33	37	127	17	41	54	50	41	52	49	56	32	12	0.727622674770157
sp|P64448|YNBE_ECOLI	511145.b1382	5	1	3	7	2	1	1	8	5	7	3	2	3	0	2	3	4	4	0	0	23.6021215735769
sp|Q47129|FEAR_ECOLI	511145.b1384	20	5	17	20	15	17	7	13	10	32	8	9	11	24	25	21	16	18	6	7	0.821313500358493
sp|P46883|AMO_ECOLI	511145.b1386	62	0	58	39	26	57	20	44	50	49	23	39	48	28	28	29	51	62	17	27	0.669372319350211
sp|P76079|PAAC_ECOLI	511145.b1390	30	2	14	21	10	19	5	11	6	34	5	11	7	16	17	8	12	8	6	6	4.11564327636721
sp|P76081|PAAE_ECOLI	511145.b1392	35	9	22	22	13	26	6	17	15	36	11	6	15	21	25	21	23	21	0	12	5.59044318292352
sp|P76082|PAAF_ECOLI	511145.b1393	41	3	9	14	8	17	2	9	8	39	6	11	8	19	16	15	13	14	1	2	3.58106840922662
sp|P77467|PAAG_ECOLI	511145.b1394	32	5	16	13	9	24	4	9	9	34	8	10	11	13	19	10	15	15	3	3	1.5346755377023
sp|P76086|PAAX_ECOLI	511145.b1399	33	4	11	23	15	22	8	15	12	49	3	6	14	15	22	23	11	16	7	7	6.97427699511234
sp|P25906|YDBC_ECOLI	511145.b1406	31	1	16	15	7	23	10	16	6	34	8	12	15	11	14	20	16	23	2	6	24.0645653527364
sp|P25907|YDBD_ECOLI	511145.b1407	67	5	56	42	26	30	8	47	40	97	24	53	35	36	43	53	27	47	15	17	2.24308869279919
sp|P76090|YNBA_ECOLI	511145.b1408	20	4	4	5	10	10	3	17	3	44	8	9	8	8	8	11	11	7	6	5	1.01856670721041
sp|P76092|YNBC_ECOLI	511145.b1410	53	2	35	26	25	46	21	29	21	63	12	18	29	27	45	41	21	41	9	21	1.20583995111285
sp|P41407|AZOR_ECOLI	511145.b1412	24	0	13	11	8	14	3	15	11	19	3	6	10	7	7	15	11	16	1	7	97.5820294106184
sp|P43329|HRPA_ECOLI	511145.b1413	94	9	83	102	42	71	29	86	79	144	24	43	63	69	108	64	54	82	20	34	21.4743532744769
sp|P34209|YDCF_ECOLI	511145.b1414	26	3	18	11	10	16	10	24	3	21	6	11	17	15	17	13	18	15	6	6	122.093461584484
sp|P25553|ALDA_ECOLI	511145.b1415	59	3	22	39	17	42	5	36	22	33	15	20	21	20	25	20	19	40	7	14	606.824775504872
sp|P0ABE5|C561_ECOLI	511145.b1418	14	2	3	5	10	9	8	13	7	26	11	7	12	1	11	9	5	11	4	8	3.37048452391798
sp|P05704|MCP3_ECOLI	511145.b1421	81	1	19	41	14	33	12	41	18	42	19	20	10	37	36	46	34	34	1	7	8.25983406502448
sp|P76097|YDCJ_ECOLI	511145.b1423	38	6	19	43	21	26	14	21	7	47	11	16	23	36	38	18	26	23	3	11	6.63644083858931
sp|P40120|OPGD_ECOLI	511145.b1424	50	8	43	25	34	39	12	27	23	35	20	15	31	27	37	32	32	24	14	23	10.1524927203788
sp|P0ACW6|YDCH_ECOLI	511145.b1426	2	0	5	8	3	3	2	3	10	8	4	4	2	4	6	4	0	4	0	2	168.857516223537
sp|P25396|TEHA_ECOLI	511145.b1429	35	3	6	9	25	31	6	16	5	53	10	7	15	10	13	25	18	25	11	7	3.92565039758127
sp|P25397|TEHB_ECOLI	511145.b1430	15	3	14	13	8	13	3	10	13	19	6	15	5	2	14	5	13	14	2	10	134.75983465684
sp|P64451|YDCL_ECOLI	511145.b1431	18	2	14	10	8	14	1	11	18	16	7	10	12	9	8	13	22	19	2	8	72.370241665059
sp|P64455|YDCY_ECOLI	511145.b1446	9	0	6	9	0	3	6	6	3	8	3	1	0	4	7	4	4	3	0	1	197.38883161841
sp|P76112|YNCA_ECOLI	511145.b1448	18	2	12	9	8	14	8	8	5	14	4	5	4	9	11	9	9	14	4	5	11.2057022377954
sp|P76113|CURA_ECOLI	511145.b1449	22	5	25	19	9	42	9	15	16	31	8	9	22	15	19	16	13	33	5	12	66.541074482566
sp|P76114|MCBR_ECOLI	511145.b1450	21	3	5	21	2	10	7	15	11	35	9	12	9	16	13	6	6	12	1	7	6.16857267745532
sp|P76115|YNCD_ECOLI	511145.b1451	51	2	46	33	19	72	8	28	22	51	19	41	30	35	44	56	51	42	13	37	1.18746957994147
sp|P76116|YNCE_ECOLI	511145.b1452	34	0	23	17	9	22	6	18	27	37	4	17	9	14	19	25	31	30	3	8	1195.57633946257
sp|P31991|YDCD_ECOLI	511145.b1457	2	3	11	5	10	8	3	19	15	12	3	18	1	3	5	11	4	12	2	13	20.1857347481601
sp|Q2EEQ8|YBFQ_ECOLI	511145.b1460	4	1	7	7	3	6	4	9	6	8	2	1	2	3	2	4	5	6	2	2	3.83539759718801
sp|Q2EEQ8|YBFQ_ECOLI	511145.b3484	4	1	7	7	3	6	4	9	6	8	2	1	2	3	2	4	5	6	2	2	3.83539759718801
sp|P0AF32|NARV_ECOLI	511145.b1465	12	3	5	3	18	20	5	18	3	29	12	4	8	9	15	15	13	15	8	11	2.52539231044403
sp|P19318|NARY_ECOLI	511145.b1467	32	18	29	43	17	40	10	31	27	33	19	20	31	16	35	26	20	33	11	23	12.1281040018203
sp|P19319|NARZ_ECOLI	511145.b1468	89	17	71	71	36	102	36	62	56	104	36	55	75	50	71	87	67	71	40	50	2.63738172157128
sp|P37758|NARU_ECOLI	511145.b1469	51	5	8	6	45	46	3	37	15	54	15	21	19	14	16	33	20	36	11	7	4.94862545240855
sp|P0AAJ3|FDNH_ECOLI	511145.b1475	26	17	19	21	7	25	11	19	20	17	6	11	15	9	10	13	13	21	4	10	6.0865535390326
sp|P26616|MAO1_ECOLI	511145.b1479	41	6	31	37	22	41	6	43	24	52	17	30	29	32	31	29	29	40	7	18	168.438402397973
sp|P68191|SRA_ECOLI	511145.b1480	2	0	2	2	0	3	2	3	6	2	1	4	2	2	5	4	2	3	0	0	6082.50607530695
sp|P0C0L2|OSMC_ECOLI	511145.b1482	16	2	8	9	6	15	3	10	12	10	3	3	5	6	2	10	12	8	1	2	1321.19310891642
sp|P77622|DDPF_ECOLI	511145.b1483	22	5	14	18	5	20	10	21	6	42	7	8	17	21	27	20	15	19	5	6	2.55833906910488
sp|P77308|DDPB_ECOLI	511145.b1486	30	3	16	10	17	34	7	27	0	59	5	6	17	10	19	13	15	31	10	11	2.60929448066878
sp|P76128|DDPA_ECOLI	511145.b1487	50	0	41	20	21	29	5	22	40	46	13	33	30	26	19	31	30	30	10	20	14.7017407584655
sp|P63235|GADC_ECOLI	511145.b1492	55	3	11	14	33	42	9	44	20	66	20	18	25	9	9	30	30	49	8	16	288.370149284293
sp|P69910|DCEB_ECOLI	511145.b1493	40	10	36	28	23	36	9	27	25	40	15	16	25	20	26	19	19	25	11	16	1010.55577546066
sp|P69910|DCEB_ECOLI	511145.b3517	40	10	36	28	23	36	9	27	25	40	15	16	25	20	26	19	19	25	11	16	1681.22322350249
sp|P31828|PQQL_ECOLI	511145.b1494	95	2	47	60	27	32	13	44	48	103	21	61	34	72	50	68	57	59	16	22	23.59590476046
sp|P31827|YDDB_ECOLI	511145.b1495	49	3	61	26	28	52	18	44	38	55	16	62	22	31	39	74	66	42	16	48	4.61873554247352
sp|P31826|YDDA_ECOLI	511145.b1496	28	5	25	25	22	26	14	48	35	84	9	29	19	26	28	36	33	31	22	16	3.01384629367989
sp|P77318|YDEN_ECOLI	511145.b1498	44	0	43	23	26	35	13	23	41	43	12	35	34	30	14	38	37	31	8	30	10.7380129015241
sp|P77561|YDEP_ECOLI	511145.b1501	79	14	43	43	25	58	20	41	33	64	27	35	37	33	46	50	35	46	8	22	1.46817363871569
sp|P23874|HIPA_ECOLI	511145.b1507	38	3	25	26	20	28	9	30	24	48	11	18	25	12	29	26	24	26	6	12	6.03815314901937
sp|P23873|HIPB_ECOLI	511145.b1508	6	1	2	6	4	2	0	5	7	9	4	8	3	9	1	8	9	1	2	1	6.24735075226129
sp|P76141|LSRR_ECOLI	511145.b1512	35	4	15	15	7	34	5	30	10	32	9	11	6	21	18	22	14	21	1	7	1.91416664457175
sp|P76142|LSRB_ECOLI	511145.b1516	37	2	20	15	12	31	2	20	26	23	7	18	15	19	10	18	16	33	4	12	56.2469374781858
sp|P76143|LSRF_ECOLI	511145.b1517	31	5	19	15	9	23	6	20	15	20	14	10	13	14	16	14	13	24	2	8	12.8954929719144
sp|P76146|YNEE_ECOLI	511145.b1520	27	5	13	14	17	10	8	28	7	47	8	12	14	11	21	18	13	16	5	10	11.0967607901893
sp|P0A6L7|UXAB_ECOLI	511145.b1521	44	4	32	39	24	28	11	30	18	56	5	19	23	20	31	19	23	32	7	18	4.90182744320033
sp|P76149|SAD_ECOLI	511145.b1525	74	7	22	32	17	41	8	28	19	38	15	19	19	19	25	14	22	27	7	9	15.6034230613815
sp|P77309|YNEJ_ECOLI	511145.b1526	33	2	10	19	11	22	9	16	4	30	8	10	16	15	22	19	16	17	6	8	3.17286613623874
sp|P31126|YDEE_ECOLI	511145.b1534	44	6	8	6	25	27	1	34	13	55	14	13	16	8	11	36	23	34	10	11	37.6413315594162
sp|P31129|YDEH_ECOLI	511145.b1535	23	5	24	18	10	17	14	21	8	32	9	16	7	9	20	11	16	20	4	12	6.99032604999593
sp|P31130|YDEI_ECOLI	511145.b1536	14	0	13	4	5	10	4	7	10	8	5	3	8	6	6	8	4	12	0	3	30.7671803820635
sp|P24171|DCP_ECOLI	511145.b1538	84	2	37	49	38	38	18	29	23	72	19	34	27	43	44	26	30	31	15	22	173.3991013095
sp|P39831|YDFG_ECOLI	511145.b1539	23	2	11	17	6	23	7	14	8	21	8	16	8	9	14	9	19	22	5	6	591.638932012722
sp|P0ACM2|YDFH_ECOLI	511145.b1540	16	4	13	18	9	5	6	18	6	19	6	10	8	24	21	15	9	15	2	4	36.9099796790193
sp|P64463|YDFZ_ECOLI	511145.b1541	3	1	3	5	0	8	1	5	3	6	3	3	1	1	6	3	9	5	0	1	437.25733119435
sp|P76156|YDFO_ECOLI	511145.b1549	3	0	6	7	8	2	5	10	13	13	1	11	1	7	9	8	10	11	2	9	23.055779924532
sp|P77695|GNSB_ECOLI	511145.b1550	3	0	2	7	1	2	0	8	10	4	2	3	0	1	1	3	6	2	0	2	996.616759147413
sp|P0A986|CSPI_ECOLI	511145.b1552	4	0	3	5	7	7	2	3	7	3	2	5	4	2	0	4	4	7	1	0	58.4690335013925
sp|P36995|CSPB_ECOLI	511145.b1557	6	0	5	2	7	7	1	5	6	2	2	5	2	2	1	6	4	6	1	1	222.446098943325
sp|P0A976|CSPF_ECOLI	511145.b1558	4	1	4	3	2	8	1	5	4	7	2	3	2	1	6	6	5	5	0	1	7.70214006653842
sp|P0C079|RELB_ECOLI	511145.b1564	6	0	6	10	1	2	0	4	5	13	3	3	4	1	7	4	3	5	0	2	40.9028523355127
sp|P77609|FLXA_ECOLI	511145.b1566	8	0	5	12	0	5	0	9	12	7	3	5	2	12	2	8	12	6	1	1	20.0801663455292
sp|P0A951|ATDA_ECOLI	511145.b1584	13	2	8	19	9	9	10	11	11	19	5	7	6	9	12	7	5	12	1	11	32.8386325447544
sp|P77374|YNFE_ECOLI	511145.b1587	66	12	43	49	18	66	15	56	50	58	20	43	43	27	49	52	49	45	15	32	7.12102222577901
sp|P76173|YNFH_ECOLI	511145.b1590	31	6	4	4	15	32	6	24	3	42	11	7	9	8	12	16	11	28	11	4	13.4142233773433
sp|P0A6E9|BIOD2_ECOLI	511145.b1593	21	2	7	16	2	18	4	14	10	31	4	10	13	9	11	14	12	24	3	6	191.513818643717
sp|P50456|MLC_ECOLI	511145.b1594	36	4	22	23	8	31	16	37	13	51	10	11	15	24	21	30	15	29	2	8	1.12063230240077
sp|P77559|YNFL_ECOLI	511145.b1595	33	0	12	22	11	15	13	18	4	39	10	11	17	14	24	15	13	19	3	4	1.62613491544048
sp|P0AB67|PNTB_ECOLI	511145.b1602	56	2	19	18	22	46	12	38	17	49	20	20	16	8	11	28	22	46	4	8	486.466207357375
sp|P07001|PNTA_ECOLI	511145.b1603	63	5	18	31	23	42	4	37	26	42	16	18	24	21	18	27	30	50	7	8	274.719486208981
sp|P76177|YDGH_ECOLI	511145.b1604	46	0	16	19	13	22	1	13	26	14	5	15	11	12	16	21	20	30	2	12	319.281462376926
sp|P0AAE5|ARCD_ECOLI	511145.b1605	56	6	8	14	21	39	6	31	12	79	18	12	17	8	15	25	25	44	13	11	1.02393544440077
sp|P0ACX0|YDGC_ECOLI	511145.b1607	14	2	0	2	6	8	2	15	4	15	4	1	4	0	3	6	4	10	5	6	4.6522998032942
sp|P52108|RSTA_ECOLI	511145.b1608	22	2	19	14	4	12	6	14	11	37	7	9	10	6	15	10	18	14	3	6	3.67941413879533
sp|P16525|TUS_ECOLI	511145.b1610	28	2	14	19	8	8	17	16	19	39	2	15	17	22	24	11	12	23	5	8	2.38201735069886
sp|P05042|FUMC_ECOLI	511145.b1611	57	7	19	33	11	34	15	22	24	52	18	26	19	18	21	28	25	29	5	4	80.779046838422
sp|P0AC33|FUMA_ECOLI	511145.b1612	52	9	29	38	16	51	12	31	38	51	11	21	27	29	23	25	27	29	3	26	178.180585894411
sp|P00946|MANA_ECOLI	511145.b1613	45	2	16	29	20	21	9	17	22	47	9	19	26	22	11	30	12	23	4	7	242.385248312746
sp|P77804|YDGA_ECOLI	511145.b1614	42	0	23	33	17	36	4	23	37	56	14	30	21	40	7	43	28	32	5	11	87.2754243965863
sp|P0ACT6|UIDR_ECOLI	511145.b1618	25	2	8	16	8	10	6	18	6	16	12	6	5	11	13	12	11	8	0	3	4.69398662739784
sp|P0AET8|HDHA_ECOLI	511145.b1619	34	4	13	12	11	24	4	21	11	21	8	16	9	11	8	18	11	16	1	2	135.261209117861
sp|P18811|MALI_ECOLI	511145.b1620	45	3	16	19	10	30	8	20	10	37	7	8	9	16	23	25	24	23	4	5	2.88396228371936
sp|P23256|MALY_ECOLI	511145.b1622	40	8	25	21	13	27	9	26	16	35	12	14	18	15	18	23	19	23	13	15	14.7765703027683
sp|P22333|ADD_ECOLI	511145.b1623	42	4	17	27	12	26	14	26	8	35	6	8	12	17	21	15	16	20	3	4	114.904601290192
sp|P77376|YDGJ_ECOLI	511145.b1624	32	1	22	23	11	28	11	16	12	38	5	9	21	12	22	20	18	27	5	13	29.1561150967758
sp|P64467|CNU_ECOLI	511145.b1625	3	0	6	4	2	3	3	2	4	11	2	2	1	4	5	5	3	5	1	5	57.9560019921893
sp|P77611|RNFC_ECOLI	511145.b1629	129	14	34	58	11	42	12	47	48	47	9	21	46	57	55	22	27	47	7	7	13.6938262597807
sp|P77304|DTPA_ECOLI	511145.b1634	63	3	13	14	29	45	4	41	20	57	27	16	18	15	12	32	19	43	10	19	81.8595215879345
sp|P0A9D2|GSTA_ECOLI	511145.b1635	19	2	12	15	8	10	4	8	14	27	5	6	10	8	10	8	11	12	3	9	238.56170214363
sp|P77150|PDXY_ECOLI	511145.b1636	34	5	9	20	7	21	14	16	11	28	9	9	14	15	11	11	12	30	3	8	62.3458961369932
sp|P0AGJ9|SYY_ECOLI	511145.b1637	36	7	24	31	25	34	6	20	28	44	7	20	13	27	20	21	21	23	6	11	534.711134114538
sp|P0AFI7|PDXH_ECOLI	511145.b1638	13	1	11	17	10	13	8	9	12	24	5	5	10	15	20	14	7	12	6	6	195.035035184676
sp|P77570|ANMK_ECOLI	511145.b1640	38	4	20	13	10	40	9	18	7	46	9	12	23	22	19	17	22	27	8	5	13.1338276662414
sp|P0A905|SLYB_ECOLI	511145.b1641	12	1	6	3	2	26	0	7	5	9	4	10	3	11	7	12	10	25	0	2	734.317001031978
sp|P0A8W2|SLYA_ECOLI	511145.b1642	12	1	5	15	0	5	6	16	9	22	2	3	6	10	10	8	8	4	2	0	380.949203546751
sp|P76185|YDHJ_ECOLI	511145.b1644	31	1	16	11	7	14	4	20	14	25	3	14	11	20	14	21	19	25	7	8	1.82714165345762
sp|P0AGD1|SODC_ECOLI	511145.b1646	20	2	11	10	3	24	7	7	14	15	4	5	10	6	3	11	8	12	0	1	96.6704976160734
sp|P76187|YDHF_ECOLI	511145.b1647	27	3	18	19	12	18	11	18	8	35	8	7	15	18	21	14	13	21	5	7	31.9240979256407
sp|P77258|NEMA_ECOLI	511145.b1650	48	0	15	28	9	37	11	26	10	29	6	12	21	15	25	22	17	16	5	13	39.0865003539712
sp|P0AC81|LGUL_ECOLI	511145.b1651	10	1	7	14	3	16	2	7	8	13	3	6	4	2	7	4	9	10	1	8	279.058966837568
sp|P30014|RNT_ECOLI	511145.b1652	31	4	14	13	14	14	7	8	8	19	7	10	9	6	10	9	13	13	3	3	22.7630247582244
sp|P30015|LHR_ECOLI	511145.b1653	166	7	80	104	42	113	29	73	26	185	27	32	87	70	147	105	84	109	25	27	6.30088457083946
sp|P0AC69|GLRX4_ECOLI	511145.b1654	12	3	5	11	3	7	0	9	7	10	3	3	8	9	4	5	4	5	2	5	1401.04836683323
sp|P76190|YDHO_ECOLI	511145.b1655	30	4	8	7	6	15	8	12	37	14	6	8	8	10	18	25	30	14	2	9	2.86496563214448
sp|P0AGD3|SODF_ECOLI	511145.b1656	27	1	7	12	11	14	7	9	10	15	1	14	8	3	3	11	14	10	7	9	1337.66438764311
sp|P77389|YDHP_ECOLI	511145.b1657	55	1	3	7	20	43	4	23	9	54	22	11	19	5	13	29	21	40	3	7	78.2902707494435
sp|P0ACP7|PURR_ECOLI	511145.b1658	37	4	15	28	11	23	8	21	15	25	16	14	16	10	25	17	16	24	4	12	259.091202960697
sp|P0ACR2|YDHB_ECOLI	511145.b1659	27	6	19	23	11	17	6	10	8	31	8	10	16	13	23	20	16	27	14	5	2.65041835883639
sp|P0A9H7|CFA_ECOLI	511145.b1661	29	8	29	21	20	26	8	19	19	35	13	19	13	16	24	23	9	24	11	16	155.277149028249
sp|P0AFU8|RISA_ECOLI	511145.b1662	13	3	11	16	7	18	7	15	12	19	7	11	6	7	9	8	20	20	2	2	281.529556747284
sp|P37340|MDTK_ECOLI	511145.b1663	57	3	12	10	21	42	5	39	9	61	23	10	18	17	24	22	22	39	7	16	19.9108376691167
sp|P77552|YDHQ_ECOLI	511145.b1664	34	5	22	30	5	63	5	27	15	44	5	23	7	18	10	26	33	38	2	6	2.48688150159403
sp|P0ACX3|YDHR_ECOLI	511145.b1667	12	0	3	11	6	6	3	3	8	13	2	6	4	5	1	4	4	6	2	2	595.1141389652
sp|P76192|YDHV_ECOLI	511145.b1673	55	15	40	42	32	64	17	33	46	55	23	39	32	15	30	36	46	40	16	24	2.02985485991498
sp|P0AD61|KPYK1_ECOLI	511145.b1676	41	6	27	35	12	40	8	33	34	40	18	24	12	12	21	24	34	44	0	5	1228.63712172247
sp|P69776|LPP_ECOLI	511145.b1677	12	1	8	0	0	3	0	2	7	9	3	6	0	5	4	7	4	6	0	1	1494.64329056049
sp|P76193|YNHG_ECOLI	511145.b1678	31	1	9	16	5	27	3	19	12	30	7	18	33	19	20	19	23	27	2	13	142.497630100961
sp|P76194|SUFE_ECOLI	511145.b1679	13	2	8	9	4	6	1	12	6	16	5	5	6	12	10	7	3	7	3	3	3.72590759667537
sp|P77444|SUFS_ECOLI	511145.b1680	43	4	15	25	11	34	18	21	10	45	13	21	18	14	19	21	22	32	5	15	121.173633956423
sp|P77689|SUFD_ECOLI	511145.b1681	44	3	21	25	15	29	23	21	15	49	6	24	13	29	24	23	25	24	3	7	52.2037801118
sp|P77499|SUFC_ECOLI	511145.b1682	13	1	20	19	10	23	5	14	14	30	6	6	8	12	12	16	10	20	1	8	368.604580351233
sp|P77522|SUFB_ECOLI	511145.b1683	46	13	22	42	22	36	12	28	24	31	9	27	16	18	19	38	32	33	7	20	45.8696773969729
sp|P77667|SUFA_ECOLI	511145.b1684	9	3	9	7	10	14	4	4	6	10	4	4	7	7	3	4	5	10	1	1	60.0146339617913
sp|P64476|YDIH_ECOLI	511145.b1685	5	0	3	6	3	1	1	2	3	13	1	1	2	5	4	5	3	1	1	2	355.414696203167
sp|P77781|YDII_ECOLI	511145.b1686	9	4	5	11	4	15	5	9	6	14	4	4	3	4	10	8	7	11	2	1	31.5088941875792
sp|P77748|YDIJ_ECOLI	511145.b1687	92	19	51	64	44	75	24	46	43	111	27	41	51	47	68	53	49	75	11	27	9.76126122673576
sp|P76196|YDIL_ECOLI	511145.b1689	12	3	7	8	5	4	4	10	5	9	4	7	3	8	9	3	5	4	4	4	4.66296059069596
sp|P05194|AROD_ECOLI	511145.b1693	34	0	18	17	8	11	6	19	16	22	11	4	8	8	10	17	17	20	1	5	59.5947677804457
sp|P37766|YDIF_ECOLI	511145.b1694	45	6	35	29	21	54	9	46	31	49	11	17	24	22	23	20	33	40	2	14	5.25839787727796
sp|P0A9U8|YDIO_ECOLI	511145.b1695	37	7	20	30	15	29	5	24	19	30	19	18	14	16	22	17	24	17	5	15	4.31994558283525
sp|P77402|YDIP_ECOLI	511145.b1696	22	7	14	22	18	12	9	18	18	25	2	15	10	15	16	25	15	20	4	16	2.04791222361791
sp|P76201|YDIQ_ECOLI	511145.b1697	28	2	19	18	5	13	4	23	13	31	2	10	13	15	7	15	10	21	2	3	2.47805420247142
sp|P38135|FADK_ECOLI	511145.b1701	53	15	30	33	20	35	13	28	27	63	13	13	27	23	30	31	32	38	8	16	0.79898928641436
sp|P23538|PPSA_ECOLI	511145.b1702	71	8	54	60	34	66	13	44	33	59	30	34	31	36	48	47	32	67	7	18	385.137196993299
sp|P0A8A4|PSRP_ECOLI	511145.b1703	27	3	17	15	8	11	7	25	8	28	8	13	14	14	20	16	13	18	1	11	110.85086981576
sp|P00887|AROH_ECOLI	511145.b1704	28	7	20	22	9	26	11	24	12	32	9	13	14	16	27	20	26	20	3	9	177.960406599701
sp|P0ACX9|YDIE_ECOLI	511145.b1705	3	0	5	2	0	4	2	4	6	9	1	1	4	4	5	4	7	0	0	2	25.2113118794199
sp|P77649|YDIU_ECOLI	511145.b1706	42	2	33	29	21	32	16	11	8	58	15	16	20	22	39	37	26	22	12	17	9.77711283688667
sp|P23898|NLPC_ECOLI	511145.b1708	8	3	10	2	7	14	5	9	6	15	4	7	6	10	11	11	10	9	3	4	3.26299453548919
sp|P06611|BTUD_ECOLI	511145.b1709	27	1	10	10	3	21	10	9	8	39	9	8	11	18	15	17	14	12	4	3	0.678346028427743
sp|P06610|BTUE_ECOLI	511145.b1710	12	3	10	15	10	13	1	11	12	15	6	6	12	8	6	8	12	15	3	5	210.253474236871
sp|P0A6X7|IHFA_ECOLI	511145.b1712	6	0	6	11	6	7	0	3	10	10	2	5	5	3	10	5	4	5	0	1	1928.30018770044
sp|P07395|SYFB_ECOLI	511145.b1713	70	13	52	65	19	62	17	50	35	84	14	31	37	24	53	32	36	79	8	14	486.116817498999
sp|P08312|SYFA_ECOLI	511145.b1714	28	1	19	24	20	23	11	16	11	31	10	15	17	13	24	13	22	20	2	7	635.627755197697
sp|P0A7L3|RL20_ECOLI	511145.b1716	22	0	4	2	5	6	1	10	14	6	1	3	0	7	16	4	1	9	1	6	3291.38613246849
sp|P0A7Q1|RL35_ECOLI	511145.b1717	7	1	1	0	2	6	4	3	14	6	2	1	3	0	6	1	4	3	0	1	1737.98618788882
sp|P0A707|IF3_ECOLI	511145.b1718	10	1	7	21	5	14	1	12	21	15	6	4	7	12	15	7	5	14	0	3	2222.48687455567
sp|P0A8M3|SYT_ECOLI	511145.b1719	41	13	43	57	25	43	23	37	40	53	23	25	23	23	43	30	24	41	11	24	1131.39869142016
sp|P06999|K6PF2_ECOLI	511145.b1723	37	4	11	23	5	28	5	17	13	31	5	11	16	16	13	23	16	29	1	5	147.652394892481
sp|P64479|YDIZ_ECOLI	511145.b1724	2	0	6	12	2	7	2	7	2	11	3	7	1	2	4	6	14	4	2	2	36.2083744472659
sp|P77739|YNIA_ECOLI	511145.b1725	26	4	19	17	13	20	10	12	4	38	3	6	20	24	17	15	9	11	9	9	93.4575541450082
sp|P76208|YNIB_ECOLI	511145.b1726	11	1	4	9	16	12	3	19	5	21	8	9	6	9	9	8	8	13	3	4	26.3486708702492
sp|P77247|YNIC_ECOLI	511145.b1727	24	3	18	14	4	10	2	9	8	33	8	4	15	6	15	16	7	20	3	3	93.3856236849439
sp|P77529|YDJN_ECOLI	511145.b1729	53	1	14	9	21	40	6	30	17	68	14	16	19	16	10	33	28	55	6	7	4.24942749123193
sp|P21179|CATE_ECOLI	511145.b1732	64	2	58	49	40	53	28	43	37	60	12	33	59	26	44	40	37	40	9	19	202.174904792422
sp|P17411|CHBF_ECOLI	511145.b1734	33	7	29	31	20	34	13	31	33	53	13	19	20	13	19	19	14	30	4	15	2.7647224665014
sp|P17410|CHBR_ECOLI	511145.b1735	13	1	6	24	23	11	8	17	17	23	7	15	9	16	15	19	20	18	1	17	28.4913202992391
sp|P69791|PTQA_ECOLI	511145.b1736	16	0	7	12	1	6	4	6	8	16	9	3	1	7	3	5	5	6	0	1	5.39722674212241
sp|P0ADB1|OSME_ECOLI	511145.b1739	15	3	8	3	2	9	2	5	8	5	5	3	3	8	4	6	9	9	0	5	1472.64067339962
sp|P18843|NADE_ECOLI	511145.b1740	26	3	19	19	9	20	3	18	18	27	4	10	12	18	15	11	15	16	2	10	532.419366502497
sp|P77754|SPY_ECOLI	511145.b1743	25	0	9	11	6	5	6	7	18	11	12	7	8	11	9	2	11	2	0	1	340.678946951884
sp|P76216|ASTB_ECOLI	511145.b1745	48	3	23	27	19	31	13	9	9	51	10	29	23	26	31	29	14	38	5	9	5.76732155823494
sp|P77581|ASTC_ECOLI	511145.b1748	52	6	16	26	20	42	13	18	13	36	6	21	17	13	21	19	21	30	4	12	55.1349902728101
sp|P09030|EX3_ECOLI	511145.b1749	15	3	19	21	14	19	8	16	13	23	8	12	16	11	21	11	11	14	5	8	130.732299391342
sp|P76224|YNJC_ECOLI	511145.b1755	66	4	12	5	17	30	3	33	9	112	12	6	34	22	19	24	27	36	28	12	0.743477249515632
sp|P76909|YNJD_ECOLI	511145.b1756	21	3	14	9	10	13	2	7	6	35	4	11	9	14	15	14	9	16	4	1	5.37854318557297
sp|P78067|YNJE_ECOLI	511145.b1757	47	2	29	21	7	34	12	18	28	39	13	13	25	23	17	31	22	22	18	14	16.7404344028029
sp|P76227|YNJH_ECOLI	511145.b1760	8	4	4	4	3	4	1	3	3	8	1	4	8	7	5	6	3	10	1	3	128.777762509367
sp|P00370|DHE4_ECOLI	511145.b1761	47	4	19	31	22	49	10	17	22	35	18	17	15	23	22	22	22	37	5	10	1470.13014889058
sp|P16456|SELD_ECOLI	511145.b1764	38	7	13	27	12	40	6	25	16	30	12	12	19	8	15	16	21	23	1	6	490.282303240299
sp|P0ACY1|YDJA_ECOLI	511145.b1765	24	3	7	14	9	14	3	10	7	12	7	5	12	9	13	10	7	12	3	2	539.51539370254
sp|P0A962|ASPG1_ECOLI	511145.b1767	29	1	18	18	10	28	12	22	10	34	12	17	22	16	15	16	23	20	1	14	40.2924941504593
sp|P21369|PNCA_ECOLI	511145.b1768	22	5	19	10	8	17	9	7	5	21	4	8	11	14	7	11	10	15	5	5	65.4992342638049
sp|P77721|YDJF_ECOLI	511145.b1770	23	2	15	18	9	11	5	21	20	25	8	13	2	10	12	18	18	15	2	5	31.2272508196733
sp|P77704|YDJI_ECOLI	511145.b1773	32	2	16	25	13	18	14	18	13	17	10	13	8	7	10	15	13	24	4	6	2.30355691396152
sp|P77539|YDJL_ECOLI	511145.b1776	32	13	24	18	13	37	7	28	22	21	12	15	13	13	13	17	10	37	6	7	1.11503532894308
sp|P0A746|MSRB_ECOLI	511145.b1778	5	6	7	12	6	13	7	6	6	9	3	8	9	5	7	10	6	5	1	6	271.917656200841
sp|P0A9B2|G3P1_ECOLI	511145.b1779	35	3	25	15	11	30	6	20	27	20	8	18	9	5	12	15	27	34	3	8	12772.4673567367
sp|P39173|YEAD_ECOLI	511145.b1780	24	4	19	18	14	20	13	15	18	26	3	12	17	11	11	16	17	25	7	4	327.027191823276
sp|P0A908|MIPA_ECOLI	511145.b1782	16	0	18	8	7	27	5	7	11	23	6	12	8	4	10	21	19	15	9	22	83.917039035716
sp|P0ACY3|YEAG_ECOLI	511145.b1783	46	6	31	63	32	33	12	39	40	57	13	34	29	29	41	39	25	34	6	35	102.11732346824
sp|P76235|YEAH_ECOLI	511145.b1784	29	2	27	33	18	24	14	23	23	34	10	20	14	28	35	30	18	23	4	18	5.40081447197218
sp|P76237|YEAJ_ECOLI	511145.b1786	37	3	32	24	20	23	14	39	23	55	13	26	11	28	29	40	23	28	4	24	1.92690842284887
sp|P64483|YEAK_ECOLI	511145.b1787	23	3	8	10	8	13	5	8	9	20	3	4	6	8	8	9	7	14	0	1	16.1757423504557
sp|P76243|YEAO_ECOLI	511145.b1792	11	1	9	9	2	4	3	5	9	15	1	3	4	7	8	4	7	5	3	5	184.436446879668
sp|P76245|YEAP_ECOLI	511145.b1794	29	4	22	25	15	17	10	23	12	40	8	16	9	21	19	25	16	17	3	10	4.76864463271762
sp|P76250|DMLR_ECOLI	511145.b1799	29	3	15	20	11	17	10	18	8	38	5	12	15	15	23	15	10	29	6	8	4.28306759444565
sp|P09155|RND_ECOLI	511145.b1804	37	5	21	29	11	17	7	17	13	57	12	10	20	18	25	20	19	16	12	9	8.92864180714953
sp|P69451|LCFA_ECOLI	511145.b1805	38	4	29	34	20	43	12	24	32	64	16	27	34	24	26	23	27	59	4	21	2.96247473306836
sp|P76256|YEAZ_ECOLI	511145.b1807	26	3	9	20	3	24	5	13	7	22	9	7	10	9	12	7	16	17	8	4	25.7921400239599
sp|P0AEB7|YOAB_ECOLI	511145.b1809	18	1	9	5	3	4	2	8	7	7	3	8	3	4	3	4	7	12	3	3	491.722385079389
sp|P05041|PABB_ECOLI	511145.b1812	38	6	29	31	21	25	12	25	13	47	8	15	23	30	28	31	26	27	7	11	2.12597741441982
sp|P16095|SDHL_ECOLI	511145.b1814	48	9	25	30	13	44	12	25	16	34	19	21	19	12	22	29	18	40	2	16	55.6318973184096
sp|P0AEC0|YOAE_ECOLI	511145.b1816	47	2	35	30	22	39	14	46	12	69	17	14	25	12	27	24	22	51	5	5	2.14560417017774
sp|P69797|PTNAB_ECOLI	511145.b1817	37	0	20	23	7	22	4	19	25	25	11	14	17	7	14	9	22	38	4	5	804.770114867258
sp|P69801|PTNC_ECOLI	511145.b1818	40	2	8	6	10	25	4	32	3	27	13	14	8	9	5	10	15	28	2	5	382.445993589271
sp|P69805|PTND_ECOLI	511145.b1819	22	3	9	10	18	32	3	20	11	37	9	11	12	11	14	9	18	23	5	6	163.467143949451
sp|P36999|RLMA_ECOLI	511145.b1822	31	8	15	16	11	13	11	11	12	25	8	4	17	15	18	13	12	15	4	10	5.56848934018248
sp|P0A9Y6|CSPC_ECOLI	511145.b1823	7	0	3	4	7	9	1	5	7	1	1	4	2	5	0	3	3	6	1	0	14380.6541707793
sp|P76268|KDGR_ECOLI	511145.b1827	17	1	14	25	8	16	4	17	12	30	9	5	6	13	21	20	14	18	1	12	63.5529755559836
sp|P76269|YEBQ_ECOLI	511145.b1828	57	7	9	5	23	39	4	39	4	74	18	12	26	15	21	39	20	33	5	7	3.8113501238567
sp|P23894|HTPX_ECOLI	511145.b1829	33	1	7	18	14	23	6	21	8	33	17	11	8	11	16	22	15	22	3	4	156.094698132366
sp|P23865|PRC_ECOLI	511145.b1830	55	0	53	48	28	43	5	31	53	65	14	30	29	27	45	36	42	51	5	22	24.7414929638989
sp|P45577|PROQ_ECOLI	511145.b1831	28	2	9	23	5	13	5	6	20	18	4	6	14	14	22	11	11	17	1	3	789.420066792168
sp|P76270|MSRC_ECOLI	511145.b1832	17	3	13	9	10	12	2	9	6	18	2	8	3	7	8	6	11	16	1	4	154.646593386128
sp|P0AD03|YEBS_ECOLI	511145.b1833	33	11	17	13	19	27	9	38	10	63	17	11	19	17	31	23	22	26	12	9	2.89535774605515
sp|P64503|YEBV_ECOLI	511145.b1836	6	2	9	5	1	5	2	5	2	8	3	1	4	3	5	6	5	2	2	2	344.094309938273
sp|P64506|YEBY_ECOLI	511145.b1839	13	2	4	7	4	4	0	8	8	11	4	7	8	5	4	8	5	8	1	2	13.2181172515446
sp|P0AA57|YOBA_ECOLI	511145.b1841	15	0	4	4	3	7	6	5	9	10	1	5	7	6	3	9	14	10	2	4	8.98890596467215
sp|P0ABS8|HOLE_ECOLI	511145.b1842	9	0	3	8	2	1	2	2	6	10	3	4	4	2	7	3	1	6	1	2	3.22839623555808
sp|P76280|YOBB_ECOLI	511145.b1843	22	6	11	7	8	15	5	10	3	26	5	3	13	14	20	16	11	11	5	7	1.8253993084144
sp|P33218|YEBE_ECOLI	511145.b1846	28	1	14	15	4	19	3	11	11	31	2	7	6	16	13	13	8	11	2	4	126.20843727126
sp|P33219|YEBF_ECOLI	511145.b1847	16	3	11	3	3	7	1	4	10	7	2	3	3	8	7	9	3	12	3	3	15.2704467385882
sp|P0ACY9|YEBG_ECOLI	511145.b1848	10	0	8	13	1	3	1	2	8	10	4	1	3	4	2	8	6	8	2	2	159.52055246063
sp|P33221|PURT_ECOLI	511145.b1849	45	5	18	30	13	35	9	21	11	38	9	6	17	21	27	20	16	41	2	8	528.91568851795
sp|P0A955|ALKH_ECOLI	511145.b1850	30	3	6	16	6	20	1	13	13	22	4	4	14	5	7	9	13	21	2	4	1204.24661036136
sp|P0ADF6|EDD_ECOLI	511145.b1851	67	8	28	36	18	55	20	25	20	62	23	26	32	20	32	38	28	51	4	10	28.1732151163371
sp|P0AC53|G6PD_ECOLI	511145.b1852	41	6	34	35	18	30	6	25	30	48	12	24	18	21	31	22	30	34	12	14	570.73879432154
sp|P46118|HEXR_ECOLI	511145.b1853	31	3	22	15	12	10	7	13	15	31	11	16	8	8	19	24	16	24	0	4	2.1751240836098
sp|P21599|KPYK2_ECOLI	511145.b1854	55	4	35	26	9	41	7	28	27	44	20	20	14	10	31	25	30	47	0	7	619.920138444438
sp|P39172|ZNUA_ECOLI	511145.b1857	36	2	20	20	13	22	13	9	20	34	7	7	16	16	9	18	16	23	3	6	1554.23223918844
sp|P0A9X1|ZNUC_ECOLI	511145.b1858	9	4	13	11	4	22	12	10	10	42	5	10	13	11	21	13	12	25	0	4	17.9479156677
sp|P0A812|RUVB_ECOLI	511145.b1860	34	0	25	24	13	26	5	24	9	39	12	8	21	11	28	11	18	20	1	7	24.2342928289766
sp|P0A809|RUVA_ECOLI	511145.b1861	24	1	7	19	8	16	3	12	12	23	6	4	11	8	11	8	9	17	0	4	79.8584175888008
sp|P0A8A0|YEBC_ECOLI	511145.b1864	34	3	25	19	4	23	4	14	15	15	10	10	5	2	14	11	15	15	2	6	532.257915473875
sp|P21889|SYD_ECOLI	511145.b1866	57	5	46	40	29	43	9	29	32	58	21	23	27	19	42	20	32	40	4	14	863.257968671851
sp|P0ADI7|YECD_ECOLI	511145.b1867	26	2	9	13	5	13	4	14	6	18	1	10	9	7	11	10	8	14	5	3	110.19787941763
sp|P76290|CMOA_ECOLI	511145.b1870	22	4	16	18	14	14	9	17	9	23	9	12	9	8	15	18	8	15	2	5	11.334916612296
sp|P76291|CMOB_ECOLI	511145.b1871	21	3	19	21	12	21	11	16	15	42	8	11	18	14	20	15	16	21	11	8	7.5722044788291
sp|P46923|TORZ_ECOLI	511145.b1872	90	5	37	46	22	72	26	44	51	59	24	35	39	42	29	39	52	48	21	28	6.71954417759246
sp|P67826|CUTC_ECOLI	511145.b1874	31	6	14	16	6	22	8	14	7	24	11	7	11	8	16	14	8	18	1	6	143.071954187917
sp|P52007|YECM_ECOLI	511145.b1875	13	3	8	19	5	11	9	14	6	22	2	7	14	7	11	14	9	7	6	1	32.0129455572864
sp|P11875|SYR_ECOLI	511145.b1876	66	4	36	48	19	39	14	26	33	59	22	19	19	27	32	16	29	41	5	23	97.4357226930092
sp|P76298|FLHA_ECOLI	511145.b1879	71	0	28	37	25	61	14	47	19	102	27	22	33	34	35	27	37	60	7	6	8.42469828262317
sp|P0A9H9|CHEZ_ECOLI	511145.b1881	25	0	22	15	5	7	3	12	6	23	10	5	9	20	14	13	9	12	2	2	531.622431891491
sp|P0AE67|CHEY_ECOLI	511145.b1882	16	0	8	11	6	10	0	6	11	15	7	8	3	2	4	4	5	10	1	2	297.55588845099
sp|P07330|CHEB_ECOLI	511145.b1883	39	3	17	18	7	28	9	21	16	37	20	10	20	13	21	24	15	27	1	3	16.0105452526072
sp|P07364|CHER_ECOLI	511145.b1884	23	2	13	16	16	17	11	10	7	38	6	10	11	15	27	18	19	13	3	11	6.31015633878438
sp|P07018|MCP4_ECOLI	511145.b1885	80	1	17	33	16	27	10	39	13	42	16	28	5	49	26	47	36	38	6	4	117.592107849945
sp|P07017|MCP2_ECOLI	511145.b1886	78	0	28	33	12	27	8	31	18	50	18	24	12	39	32	50	36	41	4	12	604.915421594386
sp|P0A964|CHEW_ECOLI	511145.b1887	11	0	11	12	5	13	0	13	5	20	4	8	5	6	7	9	12	22	0	4	158.804466477569
sp|P07363|CHEA_ECOLI	511145.b1888	57	3	40	55	15	45	11	43	24	77	19	21	23	38	37	46	36	55	1	8	268.164860582979
sp|P0AF06|MOTB_ECOLI	511145.b1889	28	0	18	20	6	20	6	21	16	27	12	13	20	14	25	26	9	18	3	6	18.8638869896128
sp|P09348|MOTA_ECOLI	511145.b1890	32	1	8	22	12	25	5	20	11	40	14	8	12	7	13	20	14	20	0	11	21.235463090114
sp|P31677|OTSA_ECOLI	511145.b1896	47	3	30	26	20	28	13	24	25	60	5	23	26	24	27	21	18	26	9	19	112.489004364422
sp|P0A9A2|FTNB_ECOLI	511145.b1902	13	2	8	13	6	6	5	3	8	23	9	11	3	14	6	13	10	10	1	3	3.59458565997139
sp|P0A998|FTNA_ECOLI	511145.b1905	10	1	7	19	9	5	6	7	9	21	7	8	4	12	4	12	11	2	2	9	580.401670644529
sp|P0AAD4|TYRP_ECOLI	511145.b1907	47	3	8	5	26	43	8	25	7	69	13	8	15	11	13	24	23	37	6	12	0.633562340261756
sp|P0ABF8|PGSA_ECOLI	511145.b1912	26	1	6	5	13	5	2	12	4	24	6	3	7	5	9	9	11	19	11	4	162.167321440669
sp|P0A8G0|UVRC_ECOLI	511145.b1913	48	7	33	37	24	47	15	29	39	64	11	18	24	34	43	38	31	44	2	22	16.6248323558948
sp|P0AED5|UVRY_ECOLI	511145.b1914	20	3	9	16	2	14	5	18	12	20	10	8	7	10	12	18	10	18	1	5	164.577496841976
sp|P37774|YECC_ECOLI	511145.b1917	22	0	9	21	11	18	5	18	13	26	5	6	12	17	19	11	15	21	0	1	27.3488329038061
sp|P0AFT2|YECS_ECOLI	511145.b1918	24	0	4	9	12	12	1	21	4	33	9	5	13	14	12	17	13	7	5	7	2.01304944205122
sp|P76316|DCYD_ECOLI	511145.b1919	40	3	15	24	11	30	8	18	10	44	7	13	18	11	14	13	17	22	1	9	283.175887150671
sp|P0AEM9|FLIY_ECOLI	511145.b1920	23	0	23	15	8	26	2	9	26	30	6	8	5	12	11	12	17	24	3	6	837.88981348087
sp|P52627|FLIZ_ECOLI	511145.b1921	5	6	12	8	8	7	8	10	11	23	3	6	5	14	16	13	12	7	3	6	7.41589465767049
sp|P0AEM6|FLIA_ECOLI	511145.b1922	18	0	14	25	2	13	5	9	6	36	5	9	5	17	24	12	11	17	3	8	41.9540181265595
sp|P04949|FLIC_ECOLI	511145.b1923	59	0	39	14	5	44	0	28	25	37	4	48	6	27	11	43	65	33	0	10	1512.27012364217
sp|P26608|FLIS_ECOLI	511145.b1925	15	0	7	9	2	6	0	7	5	18	6	8	2	11	6	14	3	12	1	4	4.32730495458853
sp|P26612|AMY2_ECOLI	511145.b1927	34	7	44	40	28	40	14	30	20	34	11	21	23	22	20	14	22	35	14	22	4.85176175591132
sp|P31063|YEDD_ECOLI	511145.b1928	15	3	9	10	0	9	0	5	8	16	4	5	10	4	7	3	11	11	3	4	173.442452974788
sp|P31064|YEDE_ECOLI	511145.b1929	48	4	7	10	33	48	6	37	14	42	19	7	15	14	20	12	20	18	18	9	25.7017978585517
sp|P0AA31|YEDF_ECOLI	511145.b1930	4	2	6	4	0	4	1	7	4	7	3	4	8	5	3	2	3	6	0	4	118.222073518053
sp|P25798|FLIF_ECOLI	511145.b1938	55	0	24	37	11	37	8	23	19	54	10	33	30	46	40	45	22	43	7	8	19.5074788818117
sp|P0ABZ1|FLIG_ECOLI	511145.b1939	37	0	22	33	10	16	4	23	12	45	10	14	5	20	23	16	17	22	0	2	42.25209161257
sp|P52612|FLII_ECOLI	511145.b1941	49	1	21	29	13	47	6	26	11	54	11	9	26	20	37	25	27	31	3	11	9.32449538205851
sp|P52613|FLIJ_ECOLI	511145.b1942	17	1	7	14	2	4	2	6	10	16	6	9	1	19	12	5	7	2	4	3	3.83097523679857
sp|P0ABX8|FLIL_ECOLI	511145.b1944	17	1	10	6	5	5	2	9	9	20	1	2	6	6	10	12	12	12	2	7	41.4366806393323
sp|P06974|FLIM_ECOLI	511145.b1945	15	1	17	26	14	18	8	25	9	40	5	26	23	14	25	19	15	26	2	6	59.9849845405657
sp|P15070|FLIN_ECOLI	511145.b1946	10	0	13	8	2	12	0	10	5	15	6	5	4	6	8	10	9	11	1	2	74.930213959061
sp|P22586|FLIO_ECOLI	511145.b1947	17	0	3	4	2	8	2	7	6	16	2	5	7	5	7	11	5	13	1	0	5.71387367142379
sp|P76329|MPGP_ECOLI	511145.b1955	24	1	19	18	11	20	8	14	7	34	5	7	11	17	16	17	16	13	9	4	18.0894741178759
sp|P76330|YEDQ_ECOLI	511145.b1956	43	3	29	35	22	30	20	22	15	67	13	28	16	26	46	46	30	44	11	18	0.425995017753866
sp|P64517|YODC_ECOLI	511145.b1957	2	1	1	10	2	8	1	1	2	1	4	0	2	0	4	6	3	8	1	3	17.2172907468178
sp|P46125|YEDI_ECOLI	511145.b1958	35	1	12	12	8	30	7	29	19	49	9	5	10	11	6	14	9	33	4	2	5.19435529205335
sp|P0AED9|DCM_ECOLI	511145.b1961	46	6	31	25	24	31	21	24	26	41	8	18	24	24	35	20	20	28	5	15	0.956216383578926
sp|P46144|YEDJ_ECOLI	511145.b1962	36	3	17	15	13	9	15	9	11	24	4	5	6	17	12	9	8	13	3	2	8.23265894759141
sp|P31658|HCHA_ECOLI	511145.b1967	32	2	19	15	15	21	11	14	18	27	8	12	19	8	7	15	12	13	3	12	404.052572991304
sp|P76339|YEDV_ECOLI	511145.b1968	29	4	23	27	11	19	10	45	23	63	7	35	13	15	27	35	24	27	3	12	4.50876486432098
sp|P76340|YEDW_ECOLI	511145.b1969	17	1	20	9	6	13	3	19	9	27	5	6	6	9	18	17	13	16	4	5	7.00487556576667
sp|P76342|YEDY_ECOLI	511145.b1971	34	1	16	17	16	24	6	12	21	36	7	14	28	11	18	16	16	19	8	14	1.0920714002165
sp|P76344|ZINT_ECOLI	511145.b1973	14	2	15	15	10	13	10	12	19	13	6	8	9	9	5	17	9	13	3	14	536.853668007888
sp|P76345|C56H_ECOLI	511145.b1974	17	0	2	4	11	8	8	16	9	21	10	7	10	3	8	12	9	6	6	9	1.37462541639497
sp|P76346|MTFA_ECOLI	511145.b1976	23	5	17	21	16	11	10	14	5	33	2	9	15	20	11	17	7	16	9	4	17.0681942691352
sp|P76350|SHIA_ECOLI	511145.b1981	49	5	9	14	34	45	5	29	8	56	18	8	15	14	22	29	24	30	11	13	85.2396705059978
sp|P0AE12|AMN_ECOLI	511145.b1982	42	5	30	26	17	35	16	28	12	49	5	15	30	18	34	30	37	26	7	22	39.5633984059506
sp|P0A8A2|YEEN_ECOLI	511145.b1983	24	0	17	23	10	21	4	20	19	13	4	12	7	6	6	9	16	20	1	6	306.589891346992
sp|P76352|YEEO_ECOLI	511145.b1985	54	3	9	11	28	46	7	41	15	61	19	12	17	11	25	33	25	47	20	11	2.42553998981624
sp|P39176|ERFK_ECOLI	511145.b1990	21	2	12	16	11	23	4	16	7	25	6	18	28	16	24	19	21	26	3	12	8.58908510940663
sp|P36561|COBS_ECOLI	511145.b1992	29	4	8	8	13	28	5	15	4	46	10	1	5	5	16	13	12	19	3	3	4.60873537546722
sp|P0AE76|COBU_ECOLI	511145.b1993	19	3	11	14	2	12	7	14	5	15	6	7	5	10	12	8	7	17	4	3	22.9825161641573
sp|P39180|AG43_ECOLI	511145.b2000	97	1	59	32	20	155	22	29	26	82	16	75	18	40	49	80	115	93	13	17	158.384634832005
sp|P0A8M6|YEEX_ECOLI	511145.b2007	5	0	10	10	3	5	0	9	15	9	5	5	2	5	9	6	2	6	0	3	2120.58379235359
sp|P33011|YEEA_ECOLI	511145.b2008	26	4	7	18	12	20	10	27	12	57	11	14	17	15	22	18	19	24	9	10	1.02853900567576
sp|P33012|SBMC_ECOLI	511145.b2009	10	2	9	15	7	10	3	5	10	9	5	7	10	7	3	4	8	18	5	10	37.2454731103035
sp|P04995|EX1_ECOLI	511145.b2011	49	5	37	30	24	19	14	21	21	47	11	27	28	20	31	13	23	29	9	17	38.6206025617518
sp|P0AA47|PLAP_ECOLI	511145.b2014	48	3	13	12	35	32	6	34	14	50	20	14	21	9	15	29	29	44	7	17	1.64969748964492
sp|P0AD12|YEEZ_ECOLI	511145.b2016	22	3	18	15	7	28	7	14	8	33	8	8	20	9	16	16	13	19	3	7	112.744770505829
sp|P69346|YEFM_ECOLI	511145.b2017	8	1	4	9	0	3	1	6	4	9	5	4	2	2	6	9	5	2	0	3	42.6043120389484
sp|P60757|HIS1_ECOLI	511145.b2019	23	5	20	24	4	21	4	22	13	41	13	8	12	11	25	17	13	16	2	5	848.199759637346
sp|P06988|HISX_ECOLI	511145.b2020	63	7	22	28	12	24	5	22	17	39	7	13	22	23	21	34	30	36	2	7	667.42834969453
sp|P06986|HIS8_ECOLI	511145.b2021	37	9	15	26	9	20	1	24	12	38	4	15	20	21	21	18	20	28	4	14	397.924474685542
sp|P06987|HIS7_ECOLI	511145.b2022	19	6	30	22	18	30	12	20	19	36	12	9	13	17	24	14	21	21	2	10	140.957869370019
sp|P60595|HIS5_ECOLI	511145.b2023	17	4	12	10	10	18	4	8	8	20	7	10	12	9	9	7	6	16	2	7	198.031856068716
sp|P10371|HIS4_ECOLI	511145.b2024	25	3	18	13	4	28	3	11	10	25	2	6	8	14	13	11	9	33	3	6	115.771950621352
sp|P60664|HIS6_ECOLI	511145.b2025	24	5	21	17	8	22	5	22	13	18	4	7	6	11	15	11	11	27	4	7	263.26518268231
sp|P06989|HIS2_ECOLI	511145.b2026	14	3	12	16	6	13	6	5	11	28	5	7	6	11	9	11	19	13	3	5	367.266883701924
sp|P76372|WZZB_ECOLI	511145.b2027	29	0	19	20	4	17	3	27	19	37	8	18	11	31	15	15	17	23	2	11	123.121356397032
sp|P37754|6PGD9_ECOLX	511145.b2029	49	2	25	36	17	41	4	33	28	40	7	17	15	23	21	29	22	29	4	26	2232.36540506882
sp|P37751|WBBK_ECOLI	511145.b2032	19	5	17	26	29	14	8	31	42	35	5	25	13	5	10	25	16	25	6	16	80.6678041751332
sp|P37750|WBBJ_ECOLI	511145.b2033	9	3	9	7	10	18	5	20	9	13	3	13	8	2	14	14	10	22	2	5	7.52264745509692
sp|P37749|WBBI_ECOLI	511145.b2034	13	5	29	15	21	21	7	29	24	28	9	16	10	9	15	27	13	21	4	14	65.3326301593639
sp|P37747|GLF_ECOLI	511145.b2036	20	2	24	27	21	23	11	28	35	25	7	24	13	13	14	11	15	23	4	27	376.426814336822
sp|P37745|RMLC_ECOLI	511145.b2038	9	3	14	11	13	12	6	13	8	18	1	8	7	8	11	13	6	14	4	6	29.3920538785043
sp|P55253|RMLA3_ECOLX	511145.b2039	22	2	17	19	9	27	3	22	18	30	10	12	15	13	12	14	13	16	2	17	280.186173178184
sp|Q46769|RMLD_ECOLX	511145.b2040	39	3	13	20	11	22	9	13	18	28	3	17	14	9	12	9	24	23	6	8	165.987748640486
sp|P55293|RMLB_ECOLX	511145.b2041	28	3	24	29	10	26	12	24	19	26	2	21	13	10	16	24	21	25	7	21	342.880080541508
sp|P0AAB6|GALF_ECOLI	511145.b2042	26	3	18	21	6	20	4	22	20	30	13	8	18	13	15	15	11	24	2	8	696.908722262967
sp|P71244|WCAM_ECOLI	511145.b2043	31	6	26	15	22	39	15	47	24	33	12	44	14	17	25	28	21	33	3	9	1.38639482657287
sp|P71243|WCAL_ECOLI	511145.b2044	42	3	19	27	17	27	10	24	21	45	11	10	20	19	31	18	20	30	6	6	1.46093505827497
sp|P77377|WZXC_ECOLI	511145.b2046	40	4	10	10	28	37	6	45	20	79	14	22	19	14	18	30	23	54	6	13	1.42103014280283
sp|P32055|FCL_ECOLI	511145.b2052	29	3	17	19	11	21	14	18	11	30	10	16	14	15	21	18	14	24	4	12	12.6385987812039
sp|P71237|WCAC_ECOLI	511145.b2057	34	8	16	20	20	30	16	17	21	41	10	21	16	23	22	21	21	32	4	12	0.809524532433112
sp|P0A930|WZA_ECOLI	511145.b2062	24	1	27	11	7	28	4	23	16	35	17	24	20	18	20	23	30	32	5	14	2.1907099058381
sp|P76389|YEGH_ECOLI	511145.b2063	36	1	27	39	25	28	12	38	15	77	19	20	22	26	32	26	27	45	5	7	11.1746038371994
sp|P28249|ASMA_ECOLI	511145.b2064	41	1	47	26	20	43	9	25	22	77	17	36	25	58	37	39	36	40	11	7	14.7264790547658
sp|P28248|DCD_ECOLI	511145.b2065	18	2	15	12	6	17	4	9	5	24	4	6	12	2	18	12	6	14	3	4	137.731105388226
sp|P0A8F4|URK_ECOLI	511145.b2066	12	3	15	15	6	10	7	20	13	20	8	4	8	10	15	16	9	14	0	8	46.5706797643979
sp|P38097|YEGE_ECOLI	511145.b2067	93	10	48	65	40	60	32	74	31	165	42	44	47	46	60	82	49	70	23	24	3.83469999084951
sp|P76393|YEGI_ECOLI	511145.b2070	72	8	29	36	30	46	22	33	31	67	18	15	38	30	41	32	33	45	7	15	7.82029825147189
sp|P76398|MDTB_ECOLI	511145.b2075	107	2	47	36	35	62	5	82	25	132	34	36	55	63	47	79	75	91	8	19	0.683393619986232
sp|P69228|BAER_ECOLI	511145.b2079	13	4	20	18	5	11	4	20	10	32	4	3	15	10	23	11	12	14	2	9	55.0494762630927
sp|P76402|YEGP_ECOLI	511145.b2080	11	0	2	8	5	8	1	5	10	5	2	8	1	6	4	15	10	4	1	4	237.454446226778
sp|P76403|YEGQ_ECOLI	511145.b2081	36	5	21	38	18	35	15	22	23	38	17	26	23	16	25	17	23	30	4	21	49.9900383842905
sp|P0A9S3|GATD_ECOLI	511145.b2091	34	8	15	21	15	29	10	26	16	34	7	9	18	13	14	25	16	26	3	7	7.06337315995615
sp|P37188|PTKB_ECOLI	511145.b2093	7	4	3	7	2	8	3	13	5	7	4	4	3	4	3	3	6	7	0	1	2578.91100196008
sp|P69828|PTKA_ECOLI	511145.b2094	12	2	9	11	6	5	6	12	7	18	3	5	7	10	5	7	9	12	1	3	2823.30345175591
sp|P0C8J9|GATZ_ECOLX	511145.b2095	48	8	18	34	16	23	13	33	14	31	11	12	18	21	26	23	20	29	5	17	2190.98163133768
sp|P0C8J7|GATY_ECOLX	511145.b2096	37	4	16	14	10	17	13	15	11	24	7	15	10	15	11	16	16	25	1	7	1810.0442861714
sp|P0A991|ALF1_ECOLI	511145.b2097	41	4	22	14	8	30	8	20	15	32	10	22	10	12	18	20	18	25	1	20	355.363614097654
sp|P76418|YEGU_ECOLI	511145.b2099	53	7	24	16	9	23	4	21	12	34	6	16	14	9	20	20	16	20	5	5	2.73776186996572
sp|P64534|RCNB_ECOLI	511145.b2107	12	0	7	4	4	9	3	8	8	9	4	4	5	2	3	7	10	3	3	7	64.3686460089541
sp|P0AF08|MRP_ECOLI	511145.b2113	37	3	17	21	7	29	14	24	19	38	15	14	21	16	10	20	24	28	6	6	84.5775536338246
sp|P00959|SYM_ECOLI	511145.b2114	59	8	45	44	37	46	16	36	40	57	21	29	32	28	33	41	28	42	11	24	462.384916115196
sp|P33346|YEHI_ECOLI	511145.b2118	121	10	60	85	49	52	28	50	55	161	20	48	75	71	78	68	54	56	32	37	3.31014501194104
sp|P33348|YEHL_ECOLI	511145.b2119	47	3	17	26	10	24	8	16	12	40	10	14	19	14	27	18	22	23	4	8	2.04903436693062
sp|P33349|YEHM_ECOLI	511145.b2120	106	15	36	43	18	45	29	31	14	113	15	18	46	58	40	43	34	23	20	12	1.03342738515571
sp|P33352|YEHP_ECOLI	511145.b2121	33	5	20	25	8	23	10	19	10	49	8	12	13	23	29	28	19	31	7	6	2.0223263633335
sp|P33355|YEHS_ECOLI	511145.b2124	13	2	9	12	7	7	2	12	10	19	4	10	5	6	15	7	4	8	1	3	8.62741474102971
sp|P33358|MLRA_ECOLI	511145.b2127	14	4	14	10	4	17	5	17	8	35	2	11	7	24	20	9	15	12	10	5	15.5156159044573
sp|P33360|YEHX_ECOLI	511145.b2129	24	2	16	23	12	24	9	13	5	43	10	9	11	19	28	18	12	25	2	3	1.98499954708558
sp|P33362|OSMF_ECOLI	511145.b2131	43	0	15	15	8	24	2	11	22	36	4	11	16	20	6	16	18	23	6	9	7.6171709541305
sp|P33363|BGLX_ECOLI	511145.b2132	73	1	54	40	25	61	10	29	53	65	27	28	38	28	33	53	46	67	8	26	30.410254546096
sp|P06149|DLD_ECOLI	511145.b2133	44	6	43	37	26	43	24	25	37	58	14	22	24	19	33	26	28	34	5	23	45.4203649744794
sp|P33371|DUSC_ECOLI	511145.b2140	28	6	16	22	5	23	6	18	14	34	6	12	15	19	21	13	11	30	8	8	1.340972867033
sp|P0ABF6|CDD_ECOLI	511145.b2143	47	5	17	13	11	20	9	13	10	39	6	11	16	13	11	19	14	8	3	9	96.070933468483
sp|P25889|PREA_ECOLI	511145.b2147	30	18	20	31	15	39	9	28	24	32	16	17	19	14	15	23	19	26	4	12	15.2226161999454
sp|P0AAG8|MGLA_ECOLI	511145.b2149	24	3	26	34	15	42	12	50	34	52	20	25	14	19	26	36	30	30	4	10	15.6254202669181
sp|P0AEE5|DGAL_ECOLI	511145.b2150	49	0	31	12	8	22	4	16	33	27	9	23	10	15	6	14	13	28	5	7	960.42828851385
sp|P25748|GALS_ECOLI	511145.b2151	48	4	21	13	6	21	10	23	9	31	15	19	13	15	21	21	18	28	2	8	5.37822905606958
sp|P25747|YEIB_ECOLI	511145.b2152	38	4	11	6	22	35	5	23	8	74	9	9	13	15	25	18	16	22	18	14	2.16816830008247
sp|P0A6T5|GCH1_ECOLI	511145.b2153	18	2	12	13	7	9	10	16	11	23	8	9	8	9	13	13	20	17	0	4	1235.15137428282
sp|P33018|SFGH2_ECOLI	511145.b2154	28	6	19	12	12	18	9	11	8	26	9	11	20	15	12	18	12	11	8	13	37.2324128490035
sp|P17315|CIRA_ECOLI	511145.b2155	36	4	54	37	23	59	9	25	34	48	7	41	27	19	38	56	50	51	17	28	881.121426887208
sp|P25737|LYSP_ECOLI	511145.b2156	49	3	12	14	35	53	5	46	14	52	16	15	19	11	17	29	29	33	15	22	4.9313610784523
sp|P0ACR4|YEIE_ECOLI	511145.b2157	27	3	12	22	8	17	10	18	5	41	6	7	15	14	24	20	11	23	3	7	8.21892985249381
sp|P0A6C1|END4_ECOLI	511145.b2159	38	6	19	20	14	20	12	22	13	23	5	10	7	12	14	13	17	10	4	6	28.9956259298701
sp|P33020|YEII_ECOLI	511145.b2160	36	6	23	19	11	26	13	22	9	43	9	17	11	15	21	23	20	26	3	9	13.0574756563409
sp|P33021|NUPX_ECOLI	511145.b2161	58	2	8	12	28	44	3	42	13	49	14	13	15	7	10	29	19	37	5	8	2.55465255281971
sp|P20966|PTFBC_ECOLI	511145.b2167	100	6	15	23	16	64	6	40	31	62	24	9	32	10	14	22	32	40	4	13	24.470603129593
sp|P0AEW9|K1PF_ECOLI	511145.b2168	30	4	17	19	13	29	4	15	12	30	8	11	13	11	18	21	16	32	7	2	63.2479836867663
sp|P69811|PTFAH_ECOLI	511145.b2169	55	0	29	21	9	32	7	15	17	48	8	16	8	21	15	18	24	29	2	2	105.959700620933
sp|P0A6N8|EFPL_ECOLI	511145.b2171	11	0	15	16	6	14	1	11	12	18	8	5	10	6	12	7	14	14	1	9	591.256340764413
sp|P33029|YEIQ_ECOLI	511145.b2172	48	8	32	26	16	33	20	31	16	50	12	17	23	29	27	27	20	37	9	7	3.15779530447084
sp|P33030|YEIR_ECOLI	511145.b2173	29	5	21	19	5	26	11	19	13	49	3	14	17	16	21	18	16	16	8	2	9.53736502506598
sp|P33916|YEJF_ECOLI	511145.b2180	37	4	16	32	12	33	18	34	14	79	10	18	27	43	40	35	28	41	0	8	3.47935930676798
sp|P28246|BCR_ECOLI	511145.b2182	52	4	5	7	37	28	7	33	6	45	23	10	17	7	17	32	17	30	9	10	53.4748340605151
sp|P0AA43|RSUA_ECOLI	511145.b2183	19	2	17	16	6	16	11	11	9	22	4	6	13	10	16	7	16	21	2	7	139.83605557644
sp|P68919|RL25_ECOLI	511145.b2185	11	0	5	7	4	5	3	7	11	5	3	3	4	5	6	2	2	8	0	3	4246.43600219043
sp|P33920|NDPA_ECOLI	511145.b2186	30	2	20	32	17	21	5	11	13	45	5	16	8	17	23	20	19	18	2	11	106.813261006371
sp|P0AD24|YEJL_ECOLI	511145.b2187	9	0	3	5	1	1	2	5	3	10	3	6	3	6	3	7	3	4	0	1	202.416250783115
sp|P0AD27|YEJM_ECOLI	511145.b2188	41	0	29	21	33	31	14	35	12	72	15	30	24	33	43	42	41	33	15	22	3.101651294776
sp|P31802|NARP_ECOLI	511145.b2193	21	0	18	15	6	14	3	13	7	30	6	8	6	10	16	14	7	19	0	2	8.65585244918763
sp|P0ABL5|NAPC_ECOLI	511145.b2202	11	8	10	13	9	15	9	9	16	11	10	11	8	7	13	8	11	11	5	5	5.29885273425552
sp|P33937|NAPA_ECOLI	511145.b2206	78	12	45	54	38	65	17	32	55	64	22	38	49	33	48	35	41	54	20	28	1.17382073351904
sp|P23827|ECOT_ECOLI	511145.b2209	14	2	9	12	4	9	1	6	16	15	5	5	9	6	5	7	10	16	3	8	19.2802340590204
sp|P33941|YOJI_ECOLI	511145.b2211	53	0	22	32	27	34	12	31	21	92	15	20	19	22	31	27	32	31	12	14	2.09228731226927
sp|P05050|ALKB_ECOLI	511145.b2212	22	4	13	7	11	17	7	9	8	23	5	8	18	13	13	9	9	9	4	7	3.49717127538784
sp|P06996|OMPC_ECOLI	511145.b2215	29	0	32	11	19	48	1	10	17	27	4	32	4	21	13	17	24	25	4	29	111.928564285961
sp|P39838|RCSD_ECOLI	511145.b2216	61	4	61	58	27	41	19	55	35	118	23	50	31	49	50	60	60	56	10	22	23.4507094355736
sp|P69407|RCSB_ECOLI	511145.b2217	15	0	14	12	6	13	3	20	20	29	6	12	10	4	6	18	9	14	1	4	737.243957880623
sp|P14376|RCSC_ECOLI	511145.b2218	66	14	53	58	34	54	15	57	36	114	28	47	42	41	65	71	45	72	10	27	12.8925147465972
sp|P76459|ATOA_ECOLI	511145.b2222	26	5	14	10	6	24	6	12	7	22	11	7	9	7	12	5	12	18	2	1	15.2869420267773
sp|P76463|YFAQ_ECOLI	511145.b2226	50	8	26	28	14	34	10	14	22	65	6	14	28	35	36	34	52	37	16	20	1.82590691176382
sp|P17994|YFAA_ECOLI	511145.b2230	49	2	34	27	26	36	11	21	27	71	15	22	30	39	20	45	26	31	12	18	3.7184767537827
sp|P0AES4|GYRA_ECOLI	511145.b2231	77	4	63	81	16	66	16	67	43	77	21	31	31	25	66	34	47	83	3	24	412.659499255402
sp|P17993|UBIG_ECOLI	511145.b2232	19	3	11	19	8	23	11	9	16	22	8	10	11	8	9	8	11	24	4	6	206.367672701575
sp|P45508|YFAL_ECOLI	511145.b2233	100	4	118	44	31	155	18	57	18	94	20	88	31	71	28	111	110	94	16	42	0.408402295574984
sp|P00452|RIR1_ECOLI	511145.b2234	62	11	51	46	28	48	20	50	42	75	16	35	31	33	40	49	39	39	5	41	494.817461396142
sp|P69924|RIR2_ECOLI	511145.b2235	22	5	25	32	17	13	8	28	16	37	9	17	13	23	17	26	20	25	7	16	158.207993035512
sp|P09394|GLPQ_ECOLI	511145.b2239	26	1	31	23	14	24	10	17	32	29	15	17	16	16	10	12	19	22	4	20	426.91524832686
sp|P08194|GLPT_ECOLI	511145.b2240	45	7	14	14	33	47	7	31	16	49	22	13	24	10	17	20	15	31	15	22	80.3507068300219
sp|P0A9C0|GLPA_ECOLI	511145.b2241	59	14	32	36	9	46	14	37	14	54	8	18	21	17	48	26	36	39	6	8	176.06661267279
sp|P13033|GLPB_ECOLI	511145.b2242	40	10	17	22	15	40	9	19	9	59	7	13	26	30	23	23	18	28	9	2	98.0668809866235
sp|P0A996|GLPC_ECOLI	511145.b2243	30	18	20	20	12	25	8	20	27	41	6	15	23	15	23	19	30	26	5	13	8.44182845082564
sp|P77732|RHMR_ECOLI	511145.b2248	26	6	12	15	4	15	6	20	8	36	3	9	9	12	19	21	15	11	5	8	1.75975260453683
sp|P77808|CINAL_ECOLI	511145.b2249	38	5	14	32	19	28	10	13	8	53	13	14	19	20	27	27	24	27	6	3	35.9916833354648
sp|P76471|YFAZ_ECOLI	511145.b2250	19	0	9	7	4	31	1	7	6	16	5	13	6	3	5	14	8	12	2	12	2.65729288503133
sp|P77690|ARNB_ECOLI	511145.b2253	48	4	16	22	11	26	14	29	13	37	10	11	19	18	21	15	29	20	6	10	7.32563695770723
sp|P76472|ARND_ECOLI	511145.b2256	28	5	16	18	9	28	11	19	11	29	5	11	13	12	23	12	14	17	11	4	3.92212392279996
sp|P37353|MENE_ECOLI	511145.b2260	41	7	17	30	13	36	12	14	12	60	9	14	25	27	28	23	21	39	17	6	1.99648316499343
sp|P29208|MENC_ECOLI	511145.b2261	36	5	22	24	7	20	2	12	10	41	6	7	19	14	24	15	15	26	9	6	6.73511807557691
sp|P0ABU0|MENB_ECOLI	511145.b2262	28	8	22	14	11	28	5	15	16	20	12	12	11	15	17	9	11	17	4	10	146.601106480951
sp|P38051|MENF_ECOLI	511145.b2265	46	6	25	25	15	22	11	18	14	57	7	15	20	32	34	22	25	19	11	7	0.412242856015012
sp|P0AEH5|ELAB_ECOLI	511145.b2266	11	0	11	6	1	7	1	2	7	12	1	1	2	5	8	7	3	9	1	6	704.420647168189
sp|P0AEH3|ELAA_ECOLI	511145.b2267	9	3	12	12	4	10	7	10	5	16	3	4	6	11	6	7	5	14	3	6	51.4182930241807
sp|P0AFF0|NUON_ECOLI	511145.b2276	55	1	11	9	25	45	7	30	8	87	19	13	21	11	14	37	16	46	9	21	11.681078395888
sp|P33607|NUOL_ECOLI	511145.b2278	69	3	14	15	38	59	15	33	15	99	29	20	18	11	16	33	33	58	16	19	2.418762074326
sp|P0AFE4|NUOK_ECOLI	511145.b2279	12	0	2	3	3	9	2	11	0	20	5	4	1	5	6	6	2	6	1	2	46.8490854094196
sp|P0AFD6|NUOI_ECOLI	511145.b2281	12	9	9	18	8	14	1	10	11	15	6	4	13	4	13	5	8	9	2	9	69.2232368819149
sp|P0AFD4|NUOH_ECOLI	511145.b2282	30	3	8	10	30	26	4	26	8	41	16	9	15	12	10	19	12	28	10	8	24.5969353055371
sp|P33602|NUOG_ECOLI	511145.b2283	97	16	55	57	32	75	26	45	31	69	22	38	41	44	63	48	43	65	12	29	123.693525474418
sp|P31979|NUOF_ECOLI	511145.b2284	38	9	17	38	19	48	7	22	25	48	12	20	25	10	28	19	23	16	10	11	306.785229245569
sp|P0AFD1|NUOE_ECOLI	511145.b2285	16	5	9	15	5	11	9	13	7	11	4	5	10	10	8	5	8	9	1	5	117.79504121368
sp|P33599|NUOCD_ECOLI	511145.b2286	39	4	38	40	32	42	19	32	24	57	21	18	37	19	43	25	37	37	12	20	118.003072224589
sp|P0AFC7|NUOB_ECOLI	511145.b2287	13	5	13	14	6	15	1	11	9	14	12	11	14	11	16	10	9	22	4	10	138.388169623098
sp|P0AFC3|NUOA_ECOLI	511145.b2288	17	2	3	7	12	11	2	11	2	15	5	4	3	1	13	13	5	13	5	3	122.437321419783
sp|P0A959|ALAA_ECOLI	511145.b2290	32	5	27	23	14	27	10	32	22	42	11	18	24	15	21	22	13	25	6	16	104.402459555778
sp|P76491|YFBR_ECOLI	511145.b2291	23	2	10	19	9	4	7	10	12	25	7	9	7	9	10	13	5	11	1	6	42.6914822436289
sp|P0A8W8|YFBU_ECOLI	511145.b2294	12	2	7	14	6	8	6	10	3	13	11	10	3	11	15	5	10	6	3	9	454.222549983892
sp|P0A6A3|ACKA_ECOLI	511145.b2296	42	6	19	29	13	36	15	25	23	42	10	18	12	8	15	25	21	27	1	13	861.416996209325
sp|P0A9M8|PTA_ECOLI	511145.b2297	76	6	37	48	17	45	7	43	28	65	19	32	37	28	43	50	51	65	3	14	581.300755699191
sp|P65556|YFCD_ECOLI	511145.b2299	20	5	9	25	7	10	4	6	6	14	5	5	5	9	13	7	10	14	4	2	100.691385255412
sp|P67095|YFCE_ECOLI	511145.b2300	17	1	8	10	7	14	9	10	5	23	5	12	13	10	6	9	4	16	2	3	212.556275541565
sp|P77544|YFCF_ECOLI	511145.b2301	24	1	13	16	10	10	5	11	8	26	4	3	12	12	14	14	9	10	7	5	43.2841546462104
sp|P77526|YFCG_ECOLI	511145.b2302	19	1	9	15	8	16	8	13	8	26	3	10	14	10	14	10	9	7	7	8	3.39437160514498
sp|P0AC19|FOLX_ECOLI	511145.b2303	10	0	8	9	2	1	5	14	6	10	2	9	2	5	10	5	8	8	2	4	130.270308837345
sp|P77775|YFCH_ECOLI	511145.b2304	23	4	13	18	6	29	9	18	8	39	5	12	18	11	22	13	14	23	7	5	27.7878242866527
sp|P07109|HISP_ECOLI	511145.b2306	15	1	8	22	9	21	9	13	16	30	8	10	9	17	15	17	9	24	1	3	3.09405232134851
sp|P0AEU0|HISJ_ECOLI	511145.b2309	26	2	18	18	14	21	1	15	24	23	4	9	9	12	9	17	14	15	1	8	1593.93134919834
sp|P09551|ARGT_ECOLI	511145.b2310	34	2	26	9	12	21	1	11	25	24	4	5	6	10	8	22	13	15	2	10	534.845301572191
sp|P0AG03|UBIX_ECOLI	511145.b2311	18	2	12	7	5	11	6	13	3	25	5	2	8	10	14	13	13	18	1	3	38.6779955112667
sp|P0AG16|PUR1_ECOLI	511145.b2312	47	7	36	34	22	35	10	42	17	38	12	31	19	19	39	23	20	36	1	17	263.977058088805
sp|P08550|CVPA_ECOLI	511145.b2313	14	3	6	5	17	12	1	16	3	18	1	2	2	4	7	17	7	18	4	5	10.6453451568587
sp|P09549|DEDD_ECOLI	511145.b2314	28	0	10	15	3	19	1	7	20	18	4	6	31	8	6	8	10	21	0	5	46.1153701584262
sp|P08192|FOLC_ECOLI	511145.b2315	54	3	24	27	11	34	12	21	16	44	7	10	20	11	23	29	23	36	8	9	58.58883786076
sp|P0A9Q5|ACCD_ECOLI	511145.b2316	31	6	12	26	10	22	3	13	19	30	17	7	21	9	20	20	10	22	2	4	794.894959442999
sp|P08390|USG_ECOLI	511145.b2319	41	2	18	30	16	27	2	15	9	35	6	12	15	18	15	21	12	33	4	6	84.0816479607373
sp|P05459|PDXB_ECOLI	511145.b2320	37	6	27	22	13	31	10	17	20	50	4	10	19	8	25	16	19	32	3	9	165.506925322402
sp|P0A953|FABB_ECOLI	511145.b2323	48	6	20	25	13	49	10	24	16	27	17	13	12	11	17	32	23	31	2	10	1776.80408510464
sp|P77182|MNMC_ECOLI	511145.b2324	72	15	39	36	34	46	18	16	21	77	13	27	37	48	35	36	31	35	15	17	12.9634727311288
sp|P64540|YFCL_ECOLI	511145.b2325	12	0	8	8	3	6	4	5	1	11	3	1	1	7	3	9	4	4	1	1	32.6910912444183
sp|P0C0T5|MEPA_ECOLI	511145.b2328	21	6	17	8	9	20	9	13	13	30	7	5	24	19	15	20	15	15	6	2	1.71047247939118
sp|P12008|AROC_ECOLI	511145.b2329	31	4	29	19	11	40	8	29	16	26	9	8	17	16	26	18	21	24	2	7	124.686628740625
sp|P39199|PRMB_ECOLI	511145.b2330	25	5	27	23	11	17	9	23	9	30	8	14	18	9	17	14	11	24	5	11	451.562940581424
sp|P0A8B2|YFCN_ECOLI	511145.b2331	15	3	8	15	7	9	11	7	15	22	4	1	12	14	10	6	7	11	2	4	22.4962800781948
sp|P76499|YFCP_ECOLI	511145.b2333	18	2	9	6	9	18	1	7	8	18	5	13	4	8	5	14	14	15	1	4	4.86504651995114
sp|P0AD33|YFCZ_ECOLI	511145.b2343	10	7	7	10	5	3	0	4	3	6	4	2	3	2	5	8	9	5	0	1	469.68523257181
sp|P10384|FADL_ECOLI	511145.b2344	50	0	25	13	25	45	5	21	14	31	7	33	16	22	15	39	32	18	12	23	10.0870043312213
sp|P76505|YFDF_ECOLI	511145.b2345	16	3	32	27	14	20	10	35	27	21	3	35	10	12	14	25	14	16	2	16	6.00927907392652
sp|P76506|MLAA_ECOLI	511145.b2346	15	1	18	10	15	27	4	8	5	26	9	13	16	13	14	13	13	15	4	12	7.30101951504797
sp|P77293|GTRB_ECOLI	511145.b2351	19	0	16	22	16	23	3	34	23	27	7	12	13	3	16	16	14	25	7	10	24.2282852146042
sp|P76507|YFDI_ECOLI	511145.b2352	17	8	19	13	44	15	8	50	32	52	10	20	9	7	8	45	22	27	1	36	3.86701138462812
sp|P00926|SDHD_ECOLI	511145.b2366	47	5	22	27	19	46	12	18	20	48	13	10	18	24	18	28	20	28	4	15	29.8154993594636
sp|P0ACZ4|EVGA_ECOLI	511145.b2369	16	3	14	11	7	13	3	25	17	17	6	14	4	7	8	14	7	11	0	7	67.7983849136415
sp|P30855|EVGS_ECOLI	511145.b2370	82	12	59	73	42	52	41	89	63	140	24	76	55	61	40	90	75	68	14	41	5.78792016599768
sp|P0ACV2|DDG_ECOLI	511145.b2378	23	4	7	20	17	24	5	11	14	27	19	13	15	11	28	14	13	20	10	11	1.71277316426076
sp|P77434|ALAC_ECOLI	511145.b2379	43	4	25	26	16	28	11	28	20	29	14	10	25	10	32	20	16	33	5	17	51.3020538252004
sp|P77396|YPDC_ECOLI	511145.b2382	20	5	9	11	18	17	8	11	6	40	8	12	21	20	21	20	9	17	4	8	3.91088732552424
sp|P77439|PTFX1_ECOLI	511145.b2383	79	12	43	59	28	50	16	56	26	104	16	32	37	56	50	60	39	42	8	18	0.463383560340899
sp|P0A6V8|GLK_ECOLI	511145.b2388	32	6	15	22	15	35	12	24	16	33	6	11	13	3	15	15	12	25	3	8	76.8463962409949
sp|P0A769|MNTH_ECOLI	511145.b2392	52	0	9	8	19	36	9	32	11	60	17	9	14	18	15	24	23	39	8	9	99.973654173097
sp|P0AFF2|NUPC_ECOLI	511145.b2393	39	1	7	17	31	31	3	39	15	51	18	17	7	10	11	37	11	41	3	11	31.7442943960542
sp|P11901|T421_ECOLX	511145.b2394	48	5	23	23	13	29	8	17	15	47	7	10	14	8	35	22	19	14	8	6	0.331555524575358
sp|P23842|YFEA_ECOLI	511145.b2395	46	15	26	31	45	41	17	51	25	118	20	28	26	37	39	41	38	43	16	26	1.558707625235
sp|P04805|SYE_ECOLI	511145.b2400	41	7	34	39	15	28	19	26	24	38	12	20	20	18	32	19	23	30	8	18	735.40382309373
sp|P23841|XAPR_ECOLI	511145.b2405	24	1	8	23	12	15	7	15	6	35	16	9	17	14	27	13	15	26	4	7	1.04232208759338
sp|P0ACR7|YFER_ECOLI	511145.b2409	29	3	17	17	7	21	7	18	8	39	6	7	16	22	24	21	11	27	3	5	4.63014487020564
sp|P15042|DNLJ_ECOLI	511145.b2411	68	8	34	65	26	51	16	31	32	68	10	20	30	21	46	30	35	67	4	9	41.0853036107248
sp|P77173|ZIPA_ECOLI	511145.b2412	34	0	20	20	10	15	13	15	12	19	13	9	41	35	17	16	6	25	1	7	34.2405329581176
sp|P0A6J3|CYSZ_ECOLI	511145.b2413	21	3	8	4	20	14	2	18	8	33	12	6	17	9	12	11	14	17	14	10	30.2968206020795
sp|P0ABK5|CYSK_ECOLI	511145.b2414	32	1	11	28	8	32	3	27	23	32	6	14	15	9	13	19	22	21	2	5	4105.78136709547
sp|P0AA04|PTHP_ECOLI	511145.b2415	9	0	1	9	4	6	2	3	7	8	2	2	2	6	1	6	10	7	0	0	2076.85790916921
sp|P08839|PT1_ECOLI	511145.b2416	63	4	39	60	18	36	8	51	35	58	18	17	15	21	31	26	29	35	2	9	1228.03922356152
sp|P69783|PTGA_ECOLI	511145.b2417	7	0	13	17	8	16	2	19	17	12	3	4	7	1	3	10	11	19	0	0	4167.94750254512
sp|P40191|PDXK_ECOLI	511145.b2418	27	2	19	13	6	18	5	17	12	37	5	10	12	14	12	20	16	26	3	9	99.8561869236626
sp|Q47702|YFEK_ECOLI	511145.b2419	12	2	6	8	3	6	4	11	11	13	3	6	5	4	5	6	9	7	0	3	2.56508121868159
sp|P16703|CYSM_ECOLI	511145.b2421	28	2	13	24	7	35	4	19	11	24	13	13	14	11	20	17	19	20	3	6	183.310736562266
sp|P0AEB0|CYSW_ECOLI	511145.b2423	23	1	7	14	16	21	5	20	5	47	12	10	14	14	12	14	13	28	9	6	10.3387375204034
sp|P16700|CYSP_ECOLI	511145.b2425	31	0	21	17	16	24	5	12	28	33	5	23	14	17	11	19	20	24	7	11	206.233831476654
sp|P37440|UCPA_ECOLI	511145.b2426	32	4	18	17	4	24	3	21	12	22	9	8	11	4	16	16	16	21	1	4	49.6976911049626
sp|P77619|YFEW_ECOLI	511145.b2430	30	1	23	15	15	38	11	19	27	38	16	22	25	21	12	29	35	31	6	20	4.49644423178631
sp|P76536|YFEX_ECOLI	511145.b2431	29	4	20	25	15	29	10	12	16	25	7	9	9	10	17	14	15	22	4	7	103.578826252363
sp|P76539|YPEA_ECOLI	511145.b2434	6	2	11	16	4	13	4	8	5	15	6	7	5	2	12	3	2	12	2	6	12.6633516280327
sp|P36548|AMIA_ECOLI	511145.b2435	31	0	14	12	11	21	13	16	29	28	4	11	9	8	16	25	18	19	1	3	1.23485270960908
sp|P36553|HEM6_ECOLI	511145.b2436	23	4	19	21	22	29	10	7	10	21	7	9	17	12	24	11	11	21	8	13	18.3634332401875
sp|P0AEJ6|EUTB_ECOLI	511145.b2441	45	9	31	27	18	38	5	31	18	38	13	27	13	17	22	23	27	34	2	15	10.667071131358
sp|P76542|INTZ_ECOLI	511145.b2442	49	1	17	24	13	21	5	27	26	41	6	12	22	16	36	21	22	21	9	13	5.23420035289324
sp|P76543|YFFL_ECOLI	511145.b2443	13	5	10	25	7	10	7	4	19	19	4	19	7	8	19	5	13	9	3	7	3.88555795155371
sp|P76544|YFFM_ECOLI	511145.b2444	6	6	4	8	2	2	2	5	8	12	2	1	1	3	4	7	2	4	0	2	1.21416176532029
sp|P76550|YFFS_ECOLI	511145.b2450	26	4	14	32	3	30	3	17	26	21	10	16	9	10	14	5	5	14	4	6	47.7949757896213
sp|P76551|EUTA_ECOLI	511145.b2451	50	5	23	21	15	43	10	30	10	56	7	10	29	25	23	25	30	44	3	8	1.4215802357944
sp|P77445|EUTE_ECOLI	511145.b2455	70	5	20	27	11	36	9	27	21	39	13	22	20	20	22	19	30	53	3	0	9.52292908441226
sp|P77218|EUTD_ECOLI	511145.b2458	52	6	12	20	11	23	6	16	9	38	9	9	23	20	21	19	11	27	2	4	2.48576189510474
sp|P76558|MAO2_ECOLI	511145.b2463	87	9	42	54	27	52	12	54	40	65	26	30	46	24	38	34	29	72	1	17	411.331860136231
sp|P0A867|TALA_ECOLI	511145.b2464	31	4	18	27	11	16	7	20	22	31	5	9	14	17	18	17	13	22	4	10	520.141686855497
sp|P33570|TKT2_ECOLI	511145.b2465	76	4	33	49	23	63	26	36	38	57	16	25	35	23	27	31	35	36	12	22	296.738350891311
sp|P37128|NUDK_ECOLI	511145.b2467	8	2	12	20	6	15	4	15	11	21	4	10	3	7	10	7	14	13	1	8	26.6264264237654
sp|P37127|AEGA_ECOLI	511145.b2468	70	28	34	43	19	54	27	33	27	44	17	25	34	31	41	29	31	56	7	9	47.9404941497048
sp|P24178|YFFB_ECOLI	511145.b2471	9	2	9	7	5	6	2	7	7	14	4	7	4	2	8	5	9	4	3	4	70.5072644093137
sp|P0AED7|DAPE_ECOLI	511145.b2472	40	5	19	24	17	29	11	19	8	35	11	19	18	20	22	14	21	32	6	5	31.6450174581038
sp|P76561|YPFH_ECOLI	511145.b2473	27	0	17	12	10	23	9	16	6	18	7	7	13	11	8	13	10	18	3	4	37.4644712254279
sp|P76562|TMCA_ECOLI	511145.b2474	83	9	34	36	28	45	20	16	15	95	11	15	37	44	55	33	37	30	19	9	4.59832957827896
sp|P0A7D7|PUR7_ECOLI	511145.b2476	15	3	19	22	12	17	1	7	20	30	9	11	7	6	14	10	8	17	2	7	1930.08244565565
sp|P0A903|BAMC_ECOLI	511145.b2477	43	1	25	10	5	25	2	7	15	34	9	13	16	26	16	29	22	30	5	11	223.375094127673
sp|P0A6L2|DAPA_ECOLI	511145.b2478	31	5	17	14	7	23	9	18	13	30	9	13	13	8	13	15	23	25	1	5	570.49660726196
sp|P0AE52|BCP_ECOLI	511145.b2480	8	3	16	10	10	12	6	6	13	15	4	6	6	7	4	7	7	11	2	3	1157.07413169177
sp|P77329|HYFG_ECOLI	511145.b2487	33	7	38	37	24	37	14	25	18	58	18	20	31	16	47	27	31	45	7	22	9.26651861003353
sp|P0AFI9|PERM_ECOLI	511145.b2493	32	2	9	10	23	27	2	31	7	58	15	9	15	12	16	15	10	41	10	9	4.67256923840818
sp|P76569|YFGD_ECOLI	511145.b2495	9	1	5	13	0	5	1	6	9	17	5	7	7	4	8	6	4	9	0	3	251.46519695563
sp|P0AGM7|URAA_ECOLI	511145.b2497	45	4	10	12	22	44	6	47	14	62	11	10	22	5	10	23	26	43	4	9	60.6104884590378
sp|P0A8F0|UPP_ECOLI	511145.b2498	16	1	11	18	3	19	4	18	16	22	7	5	10	4	7	10	11	20	1	5	2298.75161516568
sp|P08178|PUR5_ECOLI	511145.b2499	28	7	25	22	7	39	8	21	18	33	8	11	14	8	11	20	16	35	5	9	676.950379850572
sp|P08179|PUR3_ECOLI	511145.b2500	25	1	15	12	8	16	10	15	7	19	4	8	10	8	11	11	9	15	2	6	76.4323872126319
sp|P0A7B1|PPK_ECOLI	511145.b2501	42	2	45	45	30	26	16	53	37	79	15	41	28	23	61	39	20	46	5	35	39.5840941919329
sp|P0AFL6|PPX_ECOLI	511145.b2502	41	4	20	42	21	35	17	29	21	64	17	18	22	29	38	26	24	29	8	8	33.3302810574035
sp|P77172|YFGF_ECOLI	511145.b2503	55	8	21	35	37	36	17	60	25	106	30	36	33	36	40	46	29	48	13	36	4.29248351043196
sp|P04079|GUAA_ECOLI	511145.b2507	40	7	34	43	23	43	15	31	24	46	15	15	23	14	32	24	21	53	8	14	1224.29006539582
sp|P0ADG7|IMDH_ECOLI	511145.b2508	51	5	23	40	9	52	10	32	24	37	13	11	16	15	33	27	33	48	0	9	1721.13098209244
sp|P04994|EX7L_ECOLI	511145.b2509	38	3	17	26	12	23	13	21	20	46	9	16	21	47	42	25	29	34	4	10	2.18155748389064
sp|P0A6P5|DER_ECOLI	511145.b2511	33	1	36	40	17	38	9	29	27	45	15	17	22	13	39	24	24	44	3	14	102.770431664857
sp|P77774|BAMB_ECOLI	511145.b2512	32	1	26	16	9	39	5	14	13	45	7	20	12	18	14	34	26	43	9	9	88.8561592295098
sp|P76576|YFGM_ECOLI	511145.b2513	34	0	11	16	4	14	1	9	15	21	4	12	3	13	7	13	6	15	4	4	240.737860747254
sp|P60906|SYH_ECOLI	511145.b2514	41	5	22	34	12	41	8	15	16	49	9	17	14	19	32	16	20	33	6	15	432.677027385226
sp|P62620|ISPG_ECOLI	511145.b2515	32	5	28	23	8	29	5	32	19	32	7	17	14	17	28	19	15	36	0	6	407.65857807896
sp|P27434|RODZ_ECOLI	511145.b2516	46	2	18	16	7	17	2	8	14	30	6	14	25	25	17	21	37	22	6	4	263.747858452504
sp|P36979|RLMN_ECOLI	511145.b2517	28	8	28	24	12	25	5	26	24	30	14	20	15	15	27	17	21	33	4	8	110.836089906955
sp|P0A763|NDK_ECOLI	511145.b2518	18	1	6	12	10	14	4	8	5	9	3	7	5	2	9	7	9	11	0	3	2529.65464754285
sp|P76578|YFHM_ECOLI	511145.b2520	157	3	111	90	45	124	17	59	82	200	26	78	93	97	86	108	84	116	30	47	22.7417469365341
sp|P31142|THTM_ECOLI	511145.b2521	31	1	20	24	11	23	7	14	7	28	5	10	19	6	15	11	12	25	8	4	256.272594005707
sp|P0AFZ1|SSEB_ECOLI	511145.b2522	20	2	12	34	14	17	4	21	13	26	5	6	15	11	9	14	18	13	3	1	12.9479391000401
sp|P37095|PEPB_ECOLI	511145.b2523	56	5	31	19	13	41	7	22	20	43	9	19	14	16	23	22	27	19	9	12	399.517940163955
sp|P0C0L9|ISCX_ECOLI	511145.b2524	5	1	11	7	2	2	1	4	3	8	2	1	3	2	2	2	3	2	3	2	181.758603010999
sp|P0A9R4|FER_ECOLI	511145.b2525	9	7	9	14	1	5	5	8	3	10	2	3	6	3	6	7	5	6	1	1	396.416135406136
sp|P0A6Z1|HSCA_ECOLI	511145.b2526	86	2	48	36	13	49	13	33	18	67	13	12	22	32	41	38	29	53	1	10	41.2287117082978
sp|P0A6L9|HSCB_ECOLI	511145.b2527	17	0	14	16	10	3	5	3	8	26	5	2	3	17	13	9	9	5	2	4	26.5722688387165
sp|P0ACD4|NIFU_ECOLI	511145.b2529	15	3	10	12	2	9	2	11	12	6	3	7	4	2	3	10	3	9	1	4	811.425549635644
sp|P0A6B7|ISCS_ECOLI	511145.b2530	33	3	22	33	10	34	13	31	19	36	16	15	13	12	28	26	18	25	4	13	1578.02126994781
sp|P0AGK8|ISCR_ECOLI	511145.b2531	13	3	12	7	2	18	3	6	6	20	2	6	4	7	13	14	9	13	1	3	487.179101545624
sp|P0AE01|TRMJ_ECOLI	511145.b2532	27	3	7	21	4	16	7	11	7	29	8	15	11	11	15	12	14	20	3	5	195.543109333059
sp|P0ADG4|SUHB_ECOLI	511145.b2533	32	1	18	14	12	24	4	17	12	20	6	14	9	7	19	9	19	20	2	8	382.305011318948
sp|P77650|HCAD_ECOLI	511145.b2542	44	6	20	25	9	32	9	27	11	49	6	20	19	25	26	16	20	22	10	4	0.72161388801917
sp|P76585|YPHG_ECOLI	511145.b2549	124	16	61	67	41	70	34	40	40	120	22	48	54	70	60	46	47	54	35	44	0.854989017654286
sp|P0A825|GLYA_ECOLI	511145.b2551	47	3	21	29	11	41	13	21	29	31	12	18	19	14	14	17	18	36	3	20	7872.72712750871
sp|P24232|HMP_ECOLI	511145.b2552	43	2	20	29	21	32	13	16	21	34	10	18	21	20	15	15	21	27	6	12	15.551353118399
sp|P0A9Z1|GLNB_ECOLI	511145.b2553	8	1	12	8	5	10	1	14	10	4	3	0	3	2	7	0	9	13	0	2	334.298673032827
sp|P15254|PUR4_ECOLI	511145.b2557	148	14	81	91	47	114	40	56	42	125	34	54	61	52	78	62	63	89	18	26	515.151062206987
sp|P0AGC5|MLTF_ECOLI	511145.b2558	48	0	33	33	18	30	8	21	33	61	11	21	24	27	21	33	29	31	8	28	3.99569087311415
sp|P0AD42|YFHB_ECOLI	511145.b2560	13	3	10	8	10	13	5	9	3	35	4	5	12	14	19	10	12	12	7	7	5.15180657847524
sp|P24224|ACPS_ECOLI	511145.b2563	19	1	5	10	6	9	4	9	7	13	2	5	2	2	11	3	5	9	3	1	33.2623446434271
sp|P0A794|PDXJ_ECOLI	511145.b2564	40	4	16	20	5	17	9	18	11	21	9	6	6	9	17	2	15	15	0	3	245.530044765474
sp|P0A7H3|RECO_ECOLI	511145.b2565	18	2	7	18	15	20	5	5	13	33	5	4	11	5	23	16	18	13	2	9	0.520790994654541
sp|P06616|ERA_ECOLI	511145.b2566	22	1	17	24	9	21	8	26	21	27	10	12	10	9	19	16	14	25	3	7	44.4481015485252
sp|P0A7Y0|RNC_ECOLI	511145.b2567	15	2	10	21	7	17	7	10	10	31	3	7	8	14	19	14	11	13	1	6	141.323063717874
sp|P00803|LEP_ECOLI	511145.b2568	25	3	17	18	17	28	3	22	19	24	8	9	23	15	16	17	19	24	6	11	92.7821581514446
sp|P60785|LEPA_ECOLI	511145.b2569	46	10	44	42	18	42	10	41	37	60	13	22	24	25	35	31	28	50	2	19	224.396310901092
sp|P0AFX9|RSEB_ECOLI	511145.b2571	21	1	17	16	14	16	1	16	9	34	10	15	19	15	26	34	19	21	4	10	35.3170732122677
sp|P0AGB6|RPOE_ECOLI	511145.b2573	17	1	12	16	7	8	1	12	7	18	4	7	8	9	18	14	6	18	1	7	53.010013784204
sp|P21507|SRMB_ECOLI	511145.b2576	43	2	26	38	11	27	15	24	34	44	7	11	22	14	39	16	33	27	3	8	166.889239309281
sp|P68066|GRCA_ECOLI	511145.b2579	10	1	7	14	3	7	2	7	7	11	1	5	5	5	9	6	7	15	1	4	4400.8572204547
sp|P12295|UNG_ECOLI	511145.b2580	17	1	7	14	11	18	13	10	9	24	3	10	16	14	10	12	12	17	6	5	35.2139518157319
sp|P0AGJ5|YFIF_ECOLI	511145.b2581	32	4	23	22	8	36	8	10	22	20	7	14	16	16	28	20	18	29	7	5	291.181514587433
sp|Q47319|YFIP_ECOLI	511145.b2583	25	6	11	15	10	11	2	9	8	27	7	5	17	12	20	12	16	11	2	6	0.906270325075023
sp|P76594|YFIQ_ECOLI	511145.b2584	95	8	47	56	22	49	22	49	28	119	23	35	49	41	62	61	39	52	11	18	29.4348976672343
sp|P23830|PSS_ECOLI	511145.b2585	27	4	37	22	14	20	13	36	27	53	8	25	19	21	40	16	14	28	7	20	147.503696682733
sp|P0AEX3|KGTP_ECOLI	511145.b2587	51	7	7	14	29	40	5	21	13	56	19	7	9	13	21	34	27	34	9	16	17.5316791855144
sp|P63284|CLPB_ECOLI	511145.b2592	79	3	52	83	19	63	17	55	44	102	21	30	28	49	66	39	32	56	2	17	1570.08207242153
sp|P33643|RLUD_ECOLI	511145.b2594	25	1	20	27	6	19	18	23	13	26	12	6	23	13	28	8	19	28	3	8	45.429875453115
sp|P0AC02|BAMD_ECOLI	511145.b2595	31	1	18	10	8	10	2	8	10	22	9	14	12	16	17	12	13	13	2	17	206.513907819747
sp|P0AD49|RAIA_ECOLI	511145.b2597	11	0	4	12	2	4	5	9	9	9	4	8	4	6	5	4	8	7	1	1	1032.22488231346
sp|P0A9J8|PHEA_ECOLI	511145.b2599	38	4	15	29	11	18	15	22	17	50	8	16	15	22	21	25	23	24	2	11	181.56599912581
sp|P07023|TYRA_ECOLI	511145.b2600	35	3	22	28	14	24	9	19	15	47	11	8	17	22	27	20	5	32	5	10	134.980243080135
sp|P00888|AROF_ECOLI	511145.b2601	37	5	21	22	7	26	9	19	13	34	13	16	18	22	20	27	15	22	3	7	340.304222903472
sp|P0A7K6|RL19_ECOLI	511145.b2606	7	0	3	9	4	8	2	7	11	6	2	4	3	6	13	8	4	15	1	2	3859.3262972496
sp|P0A873|TRMD_ECOLI	511145.b2607	21	2	14	22	6	24	9	15	8	28	8	4	13	11	19	14	12	14	5	6	19.0447580207031
sp|P0A7X6|RIMM_ECOLI	511145.b2608	8	2	18	10	6	14	2	11	13	16	6	5	6	13	5	11	8	17	6	5	63.1112474740735
sp|P0A7T3|RS16_ECOLI	511145.b2609	11	0	4	5	4	6	2	6	5	4	1	4	2	2	10	3	3	8	1	1	6611.15727377201
sp|P0AGD7|SRP54_ECOLI	511145.b2610	41	1	30	28	15	38	6	20	43	44	28	17	18	18	28	17	18	41	0	2	124.678412628899
sp|P64432|YPJD_ECOLI	511145.b2611	27	3	4	7	11	16	7	24	6	44	11	11	8	8	10	15	11	23	7	10	5.66798828613055
sp|P09372|GRPE_ECOLI	511145.b2614	24	0	13	26	3	8	3	12	13	16	9	8	9	8	11	7	8	18	0	1	1431.47764713283
sp|P05824|RECN_ECOLI	511145.b2616	59	7	29	46	13	35	23	26	19	76	14	14	15	50	31	32	30	22	2	10	12.402786066431
sp|P0A937|BAME_ECOLI	511145.b2617	9	2	4	2	4	9	1	3	3	12	4	8	5	8	5	6	14	9	1	4	360.168024474963
sp|P0AGL5|RATA_ECOLI	511145.b2619	12	2	4	9	12	9	1	9	8	16	7	6	7	10	7	11	11	12	1	4	6.78182404361231
sp|P0A832|SSRP_ECOLI	511145.b2620	17	2	7	11	4	10	5	7	18	14	3	7	3	4	13	8	7	11	4	5	71.7386511704206
sp|P32053|INTA_ECOLI	511145.b2622	42	2	24	23	10	18	7	25	30	38	14	15	22	20	31	28	23	23	9	9	0.284507786048407
sp|P52123|YFJH_ECOLI	511145.b2623	17	7	16	28	18	12	7	23	28	23	9	21	8	11	16	23	15	19	9	8	4.57773745356597
sp|P52124|YFJI_ECOLI	511145.b2625	35	10	22	34	28	21	10	44	36	42	14	31	16	13	28	28	17	20	7	13	0.170968849528693
sp|P52129|RNLA_ECOLI	511145.b2630	27	3	14	22	15	21	10	24	14	39	11	15	15	18	19	22	25	27	2	14	22.646494987549
sp|P52138|YFJW_ECOLI	511145.b2642	37	6	33	18	36	23	8	67	48	71	16	35	12	15	10	48	26	27	2	29	4.9363182069592
sp|P76000|YCGI_ECOLI	511145.b2647	12	2	6	7	6	13	4	4	5	13	5	12	3	1	13	14	4	12	4	6	0.669152766870284
sp|P37339|LHGO_ECOLI	511145.b2660	39	9	18	21	15	39	11	30	14	39	12	18	22	14	30	30	20	25	3	13	1.31067285339742
sp|P25526|GABD_ECOLI	511145.b2661	66	6	27	33	21	47	5	31	29	42	9	23	20	15	23	18	21	31	5	10	102.815614093617
sp|P22256|GABT_ECOLI	511145.b2662	54	8	21	29	14	42	12	29	21	41	11	13	20	17	20	15	18	28	1	12	67.4120674762763
sp|P25527|GABP_ECOLI	511145.b2663	50	5	7	14	22	34	6	42	15	60	19	11	19	6	19	38	22	45	16	16	2.47939701954326
sp|P37338|CSIR_ECOLI	511145.b2664	26	2	14	15	5	10	7	10	7	32	10	5	4	11	19	12	10	12	4	5	55.5320104310761
sp|P0ADE6|YGAU_ECOLI	511145.b2665	15	0	13	7	4	12	2	10	17	9	2	8	6	9	1	8	9	12	1	4	454.873026872353
sp|P55734|YGAP_ECOLI	511145.b2668	23	2	9	8	7	17	4	14	8	24	4	5	9	8	8	8	4	8	2	2	104.36154865363
sp|P0ACG1|STPA_ECOLI	511145.b2669	12	0	5	17	4	7	0	6	11	13	5	5	6	8	12	7	8	5	2	1	1120.05445390684
sp|P64550|ALAE_ECOLI	511145.b2670	15	3	5	2	9	6	2	9	4	12	9	4	5	6	9	14	2	20	3	10	9.14313601350998
sp|P0ADQ7|YGAM_ECOLI	511145.b2672	16	2	9	5	3	8	1	3	5	7	3	5	2	6	11	9	3	9	2	0	52.4752029678231
sp|P39452|RIR3_ECOLI	511145.b2675	70	7	38	43	33	46	18	42	25	66	19	33	22	33	47	45	50	34	6	37	39.3730031242634
sp|P37146|RIR4_ECOLI	511145.b2676	28	2	21	24	16	12	5	16	17	37	9	18	14	12	10	25	15	15	8	15	136.742018642024
sp|P14175|PROV_ECOLI	511145.b2677	36	1	27	29	13	32	6	31	20	45	13	14	15	21	27	20	14	28	0	8	37.7564424777724
sp|P14176|PROW_ECOLI	511145.b2678	38	1	15	3	13	34	3	34	4	42	14	9	26	14	17	15	25	35	9	3	65.0215864810054
sp|P0AFM2|PROX_ECOLI	511145.b2679	41	2	20	13	13	27	8	15	24	22	7	22	15	16	4	12	26	21	8	14	245.705091620135
sp|P0ACR9|MPRA_ECOLI	511145.b2684	8	4	8	19	5	5	7	8	8	26	8	7	5	13	14	15	10	3	2	1	377.478956531396
sp|P27303|EMRA_ECOLI	511145.b2685	44	0	20	15	7	20	3	26	20	36	9	21	16	32	21	20	30	37	5	8	15.9661479581023
sp|P45578|LUXS_ECOLI	511145.b2687	12	3	11	14	6	9	7	11	6	15	9	9	9	9	10	6	9	12	1	3	1624.83685205524
sp|P0A6W9|GSH1_ECOLI	511145.b2688	44	9	27	43	22	40	7	31	23	53	13	18	25	20	34	30	29	21	8	21	131.680427486497
sp|P77475|YQAB_ECOLI	511145.b2690	26	2	15	10	5	12	9	9	5	20	7	2	9	8	12	6	8	15	3	5	33.0322912586097
sp|P00957|SYA_ECOLI	511145.b2697	91	6	61	64	36	80	22	41	47	76	21	33	22	35	55	50	42	68	8	18	626.076971887985
sp|P33596|RECX_ECOLI	511145.b2698	18	3	11	16	5	8	3	11	8	12	4	3	6	6	22	8	6	6	3	7	3.28967477243867
sp|P0A7G6|RECA_ECOLI	511145.b2699	38	3	20	30	10	35	2	27	27	31	10	15	10	13	14	20	17	22	2	7	1375.87550929887
sp|P0A6G3|PNCC_ECOLI	511145.b2700	25	2	6	13	6	17	1	7	5	8	4	2	3	10	10	11	14	14	4	3	46.4522509041079
sp|P41052|MLTB_ECOLI	511145.b2701	31	1	18	10	17	33	7	12	16	33	11	20	22	26	17	18	20	24	8	17	4.27845035273662
sp|P17115|GUTQ_ECOLI	511145.b2708	41	3	18	17	8	30	8	18	13	39	15	8	12	12	17	18	19	22	1	2	7.30726392035711
sp|P30131|HYPF_ECOLI	511145.b2712	91	24	39	36	24	59	25	27	14	85	18	28	52	46	47	26	30	50	15	14	0.607078503793855
sp|P24242|ASCG_ECOLI	511145.b2714	36	2	18	22	11	23	9	24	16	34	11	11	12	12	20	28	15	22	2	8	1.01411368234078
sp|P16432|HYCF_ECOLI	511145.b2720	17	14	6	17	9	7	4	10	13	13	2	9	9	8	10	8	10	9	2	3	16.0352524691558
sp|P16431|HYCE_ECOLI	511145.b2721	33	8	37	39	19	42	15	24	24	55	21	22	31	16	45	24	31	48	8	27	3.45173903629413
sp|P24192|HYPD_ECOLI	511145.b2729	35	13	19	22	21	27	13	17	10	31	10	10	24	25	22	15	17	31	2	9	6.30204179722655
sp|P19323|FHLA_ECOLI	511145.b2731	52	9	40	59	22	35	14	39	29	93	17	29	28	31	52	38	37	44	5	19	3.03239846877333
sp|P23909|MUTS_ECOLI	511145.b2733	91	6	45	70	22	52	15	46	28	108	25	27	40	42	66	41	52	44	6	27	10.3080007730213
sp|Q46890|YGBL_ECOLI	511145.b2738	21	4	10	14	7	15	4	7	7	29	5	11	12	7	13	17	9	12	2	6	3.13204142300434
sp|P13445|RPOS_ECOLI	511145.b2741	24	0	23	41	9	19	4	19	12	44	5	13	8	15	34	13	17	20	3	7	99.9921919566201
sp|P0ADA3|NLPD_ECOLI	511145.b2742	37	1	10	11	5	33	3	25	16	17	7	24	29	31	14	33	40	26	4	13	51.0489259662315
sp|P0A7A5|PIMT_ECOLI	511145.b2743	20	1	9	15	5	16	5	13	6	23	4	4	10	18	17	6	10	19	4	3	10.0798392531383
sp|P0A840|SURE_ECOLI	511145.b2744	24	5	21	6	5	25	7	14	5	23	4	11	17	9	15	14	17	23	3	5	19.0557675385624
sp|Q57261|TRUD_ECOLI	511145.b2745	40	4	18	28	16	26	6	12	17	38	4	15	10	19	26	12	16	28	9	5	40.8921590941722
sp|P62617|ISPF_ECOLI	511145.b2746	20	2	12	8	6	20	6	13	9	16	4	2	7	3	8	2	9	9	1	2	116.023221165926
sp|Q46893|ISPD_ECOLI	511145.b2747	31	5	15	13	6	15	12	10	6	27	3	7	13	10	17	8	17	16	2	3	4.92721447503232
sp|P0A6J1|CYSC_ECOLI	511145.b2750	15	2	11	17	6	18	10	8	6	24	3	8	5	7	16	11	8	21	2	3	31.545893725346
sp|P10423|IAP_ECOLI	511145.b2753	40	4	21	15	11	27	10	19	19	32	10	21	15	11	24	16	23	15	3	9	3.10258490207136
sp|Q46896|CAS1_ECOLI	511145.b2755	35	4	18	15	9	25	4	22	14	29	4	4	22	10	23	15	13	26	4	9	4.23030946964102
sp|Q46898|CAS5_ECOLI	511145.b2757	14	5	12	13	7	18	6	8	6	28	5	1	13	10	19	16	18	12	4	9	1.35382479404541
sp|Q46899|CASC_ECOLI	511145.b2758	42	2	25	18	13	23	8	21	21	31	14	18	8	24	17	27	14	25	5	7	9.93620325154774
sp|P65870|QUED_ECOLI	511145.b2765	8	3	6	10	6	8	8	6	7	11	4	2	8	1	5	4	9	9	3	3	34.7034968646385
sp|Q46906|YGCP_ECOLI	511145.b2768	19	6	9	9	7	11	4	20	14	21	3	11	6	7	5	11	8	16	2	2	2.68819951021977
sp|P55138|YGCE_ECOLI	511145.b2776	43	9	38	18	15	40	12	31	25	44	21	25	26	12	15	31	26	30	12	19	3.82900681386023
sp|P64554|QUEE_ECOLI	511145.b2777	15	8	12	17	5	15	6	15	11	23	4	7	10	10	13	11	18	13	5	5	28.810618219474
sp|P55140|YGCG_ECOLI	511145.b2778	21	6	13	10	27	23	5	19	12	22	5	12	7	17	11	31	17	19	5	8	3.23658732305607
sp|P0A6P9|ENO_ECOLI	511145.b2779	59	1	25	34	12	47	7	35	37	30	13	19	11	11	11	22	21	25	1	11	11218.003691443
sp|P0A7E5|PYRG_ECOLI	511145.b2780	39	8	29	43	18	45	14	41	26	47	13	24	24	18	33	27	27	50	3	16	638.611303089218
sp|P0AEY3|MAZG_ECOLI	511145.b2781	27	3	21	32	11	10	4	13	12	24	8	7	7	17	21	7	12	18	4	5	7.62343103950004
sp|P0AG20|RELA_ECOLI	511145.b2784	65	11	51	52	17	50	28	47	38	71	15	26	25	36	55	37	26	61	11	22	30.9867664879455
sp|P0AEC5|BARA_ECOLI	511145.b2786	62	10	53	63	25	51	26	65	35	126	37	46	43	47	52	59	47	54	3	14	3.65392638612814
sp|P0AES2|GUDD_ECOLI	511145.b2787	40	4	25	28	18	44	15	22	19	39	18	15	21	21	22	19	28	30	8	10	1.83074381509771
sp|P65367|YQCA_ECOLI	511145.b2790	10	1	9	13	6	14	1	7	4	17	3	6	8	10	2	11	8	11	3	5	72.8248002199157
sp|Q46919|YQCC_ECOLI	511145.b2792	12	0	9	8	5	1	6	2	2	17	5	3	9	9	6	2	5	3	3	2	7.43297192269823
sp|Q46920|QUEF_ECOLI	511145.b2794	11	6	20	17	11	16	9	12	10	36	1	17	9	15	20	20	19	15	5	13	28.8310239642349
sp|P0ADR8|YGDH_ECOLI	511145.b2795	36	6	23	32	18	31	11	35	16	49	18	29	25	13	33	22	12	30	2	13	73.7183737110719
sp|P0AAD6|SDAC_ECOLI	511145.b2796	42	2	6	15	27	32	8	48	16	49	28	14	19	7	11	30	27	30	7	11	464.131912463107
sp|P30744|SDHM_ECOLI	511145.b2797	52	10	24	27	10	40	12	28	18	38	19	20	17	15	21	28	21	41	2	12	2.68159116861461
sp|P38506|XNI_ECOLI	511145.b2798	24	5	17	14	7	15	10	12	11	28	5	5	14	18	16	13	11	16	5	5	20.5901163188143
sp|P0A9S1|FUCO_ECOLI	511145.b2799	52	4	26	21	9	39	9	26	16	28	12	15	19	7	17	9	23	36	4	10	25.1373161924268
sp|P69922|FUCI_ECOLI	511145.b2802	64	12	32	40	17	53	16	34	25	41	23	24	23	21	32	35	33	35	14	17	3.59103120265532
sp|P11553|FUCK_ECOLI	511145.b2803	50	8	18	29	17	39	9	32	12	53	13	21	17	33	24	27	29	27	13	11	17.4875565109118
sp|P0AEN8|FUCM_ECOLI	511145.b2804	15	1	8	9	6	8	3	13	6	17	5	3	11	4	8	7	4	8	0	4	84.9925949670393
sp|P0ADR6|RLMM_ECOLI	511145.b2806	30	9	18	28	17	25	7	16	19	30	11	15	20	14	27	13	13	31	10	13	12.0431959016693
sp|P0A9F6|GCVA_ECOLI	511145.b2808	35	3	14	18	16	14	9	13	15	41	3	10	12	18	22	20	11	19	4	8	2.94666845759095
sp|P65292|YGDI_ECOLI	511145.b2809	6	2	7	2	1	5	1	5	6	3	5	6	1	4	2	6	7	4	0	2	922.450877899831
sp|Q46925|CSDA_ECOLI	511145.b2810	57	4	23	19	16	29	10	12	11	45	9	12	20	22	19	24	20	33	6	10	17.6619441558622
sp|P0AGF2|YGDK_ECOLI	511145.b2811	20	1	4	11	6	12	2	5	7	20	3	5	6	10	7	6	11	7	2	2	14.5393017920582
sp|Q46927|YGDL_ECOLI	511145.b2812	36	7	18	8	8	24	3	16	15	16	9	7	8	11	16	12	18	28	2	6	25.099997626995
sp|P0A935|MLTA_ECOLI	511145.b2813	32	1	18	15	17	41	8	18	16	23	11	20	20	20	22	23	11	24	6	19	4.09775001096255
sp|P08394|EX5B_ECOLI	511145.b2820	117	10	74	96	44	64	29	54	31	144	31	32	52	71	92	64	60	62	23	30	0.836718166595301
sp|P05458|PTRA_ECOLI	511145.b2821	102	1	60	57	35	47	12	43	62	91	31	45	52	57	44	70	39	61	14	39	11.9120580944569
sp|P07648|EX5C_ECOLI	511145.b2822	85	14	74	84	50	60	22	50	23	154	29	30	67	77	82	69	37	53	27	35	2.72209298803747
sp|P0A884|TYSY_ECOLI	511145.b2827	13	5	21	13	13	18	11	16	12	28	7	11	14	16	13	10	14	13	7	9	230.973853312666
sp|P60955|LGT_ECOLI	511145.b2828	16	0	8	8	28	31	5	24	3	32	12	9	19	12	18	15	8	22	8	13	2.81597178049304
sp|P37177|PT1P_ECOLI	511145.b2829	80	6	38	63	21	48	12	45	20	97	25	21	33	35	67	32	30	50	4	21	16.8404558086309
sp|P0A776|RPPH_ECOLI	511145.b2830	8	2	8	9	7	12	1	7	10	10	6	7	9	13	19	12	5	16	8	7	39.7559812432995
sp|P0A9T4|TAS_ECOLI	511145.b2834	34	2	18	20	9	24	11	14	13	40	6	13	17	18	21	22	22	21	3	18	29.848553467476
sp|P31119|AAS_ECOLI	511145.b2836	55	4	30	45	36	55	16	39	38	78	23	13	41	27	51	33	44	61	8	22	1.09276727970792
sp|P03813|YGEA_ECOLI	511145.b2840	26	7	9	21	9	21	6	19	5	24	6	4	5	11	15	9	15	11	2	5	6.66735681148488
sp|Q46941|YQEH_ECOLI	511145.b2846	9	7	10	11	10	13	5	16	8	17	11	13	4	8	13	21	7	11	3	13	4.36223308936371
sp|Q46798|YGER_ECOLI	511145.b2865	20	3	8	3	1	28	3	15	20	19	6	8	14	7	13	29	23	16	3	12	1.94696248103467
sp|Q46799|XDHA_ECOLI	511145.b2866	86	11	39	41	19	60	22	46	27	61	22	27	40	29	39	44	47	62	8	22	1.78158084269489
sp|Q46800|XDHB_ECOLI	511145.b2867	41	5	15	13	11	19	16	21	9	28	4	12	15	13	16	17	19	12	1	5	0.445474092959031
sp|Q46802|YGEV_ECOLI	511145.b2869	37	7	26	45	22	39	18	46	25	68	14	28	24	32	37	38	31	44	2	9	2.38939997745907
sp|P66899|DPAL_ECOLI	511145.b2871	41	7	23	21	11	38	12	22	20	36	14	16	14	21	13	17	20	33	6	13	0.975138868219027
sp|P65807|YGEY_ECOLI	511145.b2872	28	9	26	35	14	39	8	26	21	26	14	10	20	11	19	20	23	31	9	14	18.9304331347157
sp|Q46806|PHYDA_ECOLI	511145.b2873	38	11	28	23	19	41	17	31	12	45	9	17	24	21	32	23	24	28	4	14	1.2411154556319
sp|Q46807|ARCL_ECOLI	511145.b2874	38	2	15	24	8	29	5	23	20	26	8	10	11	14	13	16	15	27	2	4	4.58852962871035
sp|Q46808|YQEB_ECOLI	511145.b2875	65	7	24	35	16	55	15	37	21	51	20	17	24	18	33	24	24	48	3	4	4.59550038156364
sp|Q46809|YQEC_ECOLI	511145.b2876	23	8	12	11	11	16	10	16	9	23	6	6	18	15	13	18	14	21	6	0	1.10071496257022
sp|Q46811|YGFK_ECOLI	511145.b2878	85	26	63	72	41	74	29	55	48	102	23	51	51	43	60	46	52	66	14	31	1.2237167940088
sp|Q46812|SSNA_ECOLI	511145.b2879	48	7	32	22	19	34	20	27	19	45	15	22	13	8	22	29	17	23	5	15	4.34410320864763
sp|P76641|GUAD_ECOLI	511145.b2883	29	4	26	32	18	31	15	19	25	47	15	16	16	16	23	23	28	26	8	22	0.729943592113814
sp|Q46820|YGFT_ECOLI	511145.b2887	71	31	40	36	20	54	18	34	26	46	16	17	34	30	39	31	33	47	5	11	2.11561807392487
sp|P0A8N3|SYK1_ECOLI	511145.b2890	40	1	38	46	29	35	12	31	24	48	18	21	19	18	38	16	27	28	2	14	765.300243106239
sp|P07012|RF2_ECOLI	511145.b2891	29	2	32	40	9	25	5	19	20	30	9	13	7	19	25	26	17	22	5	11	570.864116563172
sp|P0AEG6|DSBC_ECOLI	511145.b2893	25	4	17	9	8	18	6	12	22	19	12	7	11	12	2	11	14	18	1	8	387.723483604168
sp|P0A8P8|XERD_ECOLI	511145.b2894	26	0	15	20	6	14	15	8	11	51	7	6	11	19	26	17	14	18	5	9	2.1028107948574
sp|P0ABY4|FLAW_ECOLI	511145.b2895	9	2	16	16	6	16	3	10	8	22	6	5	6	8	2	7	8	8	6	9	71.3499742440028
sp|P64559|CPTB_ECOLI	511145.b2897	5	2	9	8	4	3	3	8	3	8	6	5	4	1	10	3	1	2	2	1	73.7430222209599
sp|P0ADE8|YGFZ_ECOLI	511145.b2898	40	2	19	25	14	21	4	10	16	37	10	13	15	16	19	15	19	20	7	4	532.380574380252
sp|P67603|YQFB_ECOLI	511145.b2900	4	2	9	9	8	5	2	8	6	7	2	2	2	6	5	3	14	6	0	3	158.620107823694
sp|Q46829|BGLA_ECOLI	511145.b2901	26	10	30	37	26	42	12	20	31	29	16	21	21	12	24	20	19	38	11	34	163.936924359483
sp|P33195|GCSP_ECOLI	511145.b2903	112	13	52	55	28	71	32	57	34	88	34	36	48	47	46	48	49	71	7	29	351.241577100608
sp|P0A6T9|GCSH_ECOLI	511145.b2904	17	1	11	17	2	8	2	5	6	12	2	3	5	1	1	12	5	12	2	5	1520.45431635084
sp|P27248|GCST_ECOLI	511145.b2905	38	2	20	26	16	34	9	19	13	30	14	12	14	15	22	13	25	27	5	10	428.538124933093
sp|P25535|VISC_ECOLI	511145.b2906	45	4	22	20	13	32	16	19	13	51	10	13	15	23	27	25	12	24	8	8	45.9520689126818
sp|P15034|AMPP_ECOLI	511145.b2908	35	4	23	42	15	34	14	28	13	39	12	16	18	18	33	21	20	34	4	18	330.961736234086
sp|P0A8C4|YGFB_ECOLI	511145.b2909	14	2	18	16	6	17	8	7	4	25	8	8	9	12	4	8	11	8	2	5	92.1813236059591
sp|Q1JQN5|ZAPA_ECOLX	511145.b2910	11	1	7	9	3	2	0	7	4	11	3	7	3	14	10	4	7	4	0	2	150.959162662602
sp|P0A9T0|SERA_ECOLI	511145.b2913	45	4	19	27	13	34	13	28	23	49	9	21	17	13	15	24	18	28	1	9	2584.29617161695
sp|P0A7Z0|RPIA_ECOLI	511145.b2914	24	1	14	11	5	26	4	20	13	16	7	7	8	8	6	10	11	24	1	3	1242.56954280596
sp|P0A8S1|ICIA_ECOLI	511145.b2916	25	5	16	19	11	14	7	9	11	45	7	6	19	22	22	16	14	21	3	5	150.828310588359
sp|P27253|SCPA_ECOLI	511145.b2917	88	7	47	44	21	49	14	50	26	60	18	27	29	35	39	42	40	50	6	22	18.5461880250339
sp|P52045|SCPB_ECOLI	511145.b2919	20	1	13	19	12	16	9	23	11	22	11	12	12	8	14	19	10	21	1	7	4.24672499188014
sp|P0ADS6|YGGE_ECOLI	511145.b2922	39	0	19	10	5	11	4	13	17	19	6	9	12	19	10	14	9	21	0	9	316.397082180061
sp|P0C0S1|MSCS_ECOLI	511145.b2924	33	0	16	10	11	22	0	32	9	28	7	17	5	9	18	19	9	32	3	6	153.950390922558
sp|P0AB71|ALF_ECOLI	511145.b2925	31	4	21	22	13	31	13	21	25	27	8	18	15	15	6	25	17	30	4	13	2869.96023741369
sp|P0A799|PGK_ECOLI	511145.b2926	48	3	29	26	15	32	4	22	31	40	6	13	14	6	13	21	20	37	1	6	8342.74307772651
sp|P0A9B6|E4PD_ECOLI	511145.b2927	37	4	24	15	12	22	14	22	10	27	5	14	10	12	24	17	23	36	4	7	26.681884133261
sp|P27302|TKT1_ECOLI	511145.b2935	89	5	35	48	26	58	18	32	35	50	22	22	30	23	28	37	33	38	11	23	1151.35110240568
sp|P25894|LOIP_ECOLI	511145.b2936	35	3	14	13	5	21	5	10	12	21	13	14	4	15	11	23	9	17	0	7	6.58082417553436
sp|P60651|SPEB_ECOLI	511145.b2937	33	4	28	12	17	26	11	13	12	27	11	12	13	10	14	12	17	23	3	8	296.052850821535
sp|P21170|SPEA_ECOLI	511145.b2938	49	8	43	54	20	51	21	33	18	67	24	23	28	36	37	41	24	47	9	25	311.276049358363
sp|P0A817|METK_ECOLI	511145.b2942	38	4	27	26	13	34	9	26	20	28	10	7	18	17	18	20	24	29	4	12	2620.05005831391
sp|P04425|GSHB_ECOLI	511145.b2947	22	4	20	27	11	25	4	26	18	33	10	12	17	11	19	10	19	15	4	9	130.471151382763
sp|P0A8W5|YQGE_ECOLI	511145.b2948	15	1	12	12	5	12	5	17	9	22	6	9	13	5	9	9	11	10	3	2	123.445416568482
sp|P52052|YGGR_ECOLI	511145.b2950	33	4	15	25	7	23	12	14	7	50	6	9	13	22	24	17	17	21	3	4	0.827239614997326
sp|P67080|YGGS_ECOLI	511145.b2951	31	2	13	17	7	14	6	18	9	22	6	8	10	11	18	14	10	12	2	4	200.196955479015
sp|P64564|YGGT_ECOLI	511145.b2952	12	1	4	3	9	10	1	22	4	36	11	4	12	6	7	9	8	18	6	5	12.9586896905747
sp|P52061|RDGB_ECOLI	511145.b2954	23	2	15	12	6	19	5	8	10	23	2	4	9	7	10	10	12	15	1	4	367.747269329151
sp|P52062|YGGW_ECOLI	511145.b2955	31	7	24	25	17	31	12	18	13	46	6	12	23	21	23	15	17	16	5	16	11.5257176877967
sp|P00805|ASPG2_ECOLI	511145.b2957	38	2	27	7	11	30	3	13	24	26	8	23	13	13	8	17	35	37	1	12	94.4783024408102
sp|P0ADS9|YGGN_ECOLI	511145.b2958	20	2	14	14	3	18	2	12	19	22	10	11	5	21	13	17	11	18	2	5	189.897604677008
sp|P38521|YGGL_ECOLI	511145.b2959	5	2	8	15	6	6	2	7	8	8	3	3	2	4	8	5	4	6	5	1	75.826875352178
sp|P0A8I5|TRMB_ECOLI	511145.b2960	15	2	13	20	13	18	11	7	11	21	12	8	15	7	19	14	4	21	4	4	122.5475282817
sp|P17802|MUTY_ECOLI	511145.b2961	35	7	12	17	15	24	8	8	16	43	8	11	24	23	17	18	19	23	11	11	8.88006445502586
sp|P0A8P3|FETP_ECOLI	511145.b2962	4	1	2	13	5	5	3	5	9	8	5	5	2	7	4	2	4	2	2	3	814.922300019327
sp|P0C066|MLTC_ECOLI	511145.b2963	28	1	24	10	11	25	7	26	20	28	9	21	13	13	23	28	27	22	3	20	7.9983126777636
sp|P0AFF4|NUPG_ECOLI	511145.b2964	37	4	10	7	38	30	7	40	14	47	24	12	13	15	7	32	28	30	10	13	8.83427326311441
sp|P21169|DCOR_ECOLI	511145.b2965	69	12	43	43	41	49	26	30	29	71	11	27	38	31	36	38	27	54	6	30	7.82809946422013
sp|P37330|MASZ_ECOLI	511145.b2976	72	6	44	45	19	51	17	44	32	69	23	42	31	40	44	35	33	46	12	18	135.040036430482
sp|P0AEQ1|GLCG_ECOLI	511145.b2977	25	1	6	7	1	13	1	8	7	10	4	4	3	8	5	8	7	13	1	2	20.8953321405421
sp|P0ACL5|GLCC_ECOLI	511145.b2980	22	4	12	17	7	10	12	15	9	34	4	10	8	15	25	16	11	19	0	4	6.21135894855733
sp|Q46841|YGHQ_ECOLI	511145.b2983	42	3	11	4	26	32	4	24	12	42	7	13	13	9	15	30	16	30	12	10	9.57771980652593
sp|P0AES0|GSP_ECOLI	511145.b2988	41	9	42	47	25	48	19	38	31	62	11	25	27	30	30	24	31	39	17	23	121.895654752853
sp|Q46845|YGHU_ECOLI	511145.b2989	25	0	16	18	15	27	10	12	16	26	5	14	16	11	14	10	16	18	8	11	100.89928908815
sp|P37182|HYBD_ECOLI	511145.b2993	16	0	9	16	3	13	4	16	5	23	6	4	10	3	8	5	8	13	0	2	12.9568602773545
sp|P0ACE0|MBHM_ECOLI	511145.b2994	46	8	31	30	15	42	18	39	29	45	11	30	30	21	20	36	33	51	13	19	53.1120865015866
sp|P0AAJ8|HYBA_ECOLI	511145.b2996	20	17	18	17	4	30	11	9	23	30	7	20	22	11	12	15	19	24	2	17	4.57559178159365
sp|P64574|YGHW_ECOLI	511145.b2998	8	2	5	5	7	9	3	1	6	8	6	6	0	1	8	5	5	4	1	5	19.2232734912386
sp|Q46851|GPR_ECOLI	511145.b3001	28	2	16	21	8	28	8	13	15	49	11	20	14	19	21	26	13	13	7	14	84.7537438189445
sp|P67244|YQHA_ECOLI	511145.b3002	13	0	7	7	10	6	5	10	8	28	10	9	3	2	5	13	4	16	3	5	25.6732869171946
sp|P0AG84|YGHA_ECOLI	511145.b3003	36	3	14	17	6	27	6	20	20	24	4	3	19	20	9	16	17	19	2	12	43.8585015341468
sp|P0ABV2|EXBD_ECOLI	511145.b3005	12	0	12	8	5	6	3	8	10	14	9	8	8	2	2	4	14	13	0	3	261.488767879867
sp|P0ABU7|EXBB_ECOLI	511145.b3006	33	1	9	12	11	21	3	16	8	28	7	12	4	14	14	15	9	21	3	3	349.642312709303
sp|P06721|METC_ECOLI	511145.b3008	43	6	23	20	18	30	13	24	18	40	9	16	12	14	18	28	19	29	6	9	193.055532217996
sp|Q46856|YQHD_ECOLI	511145.b3011	42	1	23	23	11	34	13	22	20	40	8	16	19	15	16	12	27	30	5	10	140.357753767151
sp|Q46857|DKGA_ECOLI	511145.b3012	19	1	20	17	6	20	9	21	21	29	5	11	13	18	11	10	11	19	8	6	249.992907456581
sp|P26647|PLSC_ECOLI	511145.b3018	19	5	6	11	12	17	8	22	14	21	6	14	13	6	15	12	13	20	3	8	9.81647678043552
sp|P0AFI2|PARC_ECOLI	511145.b3019	65	2	49	55	15	51	14	41	42	86	30	28	43	30	56	44	31	46	5	19	134.847452561576
sp|P0ADU5|YGIW_ECOLI	511145.b3024	11	1	11	6	4	11	1	8	9	4	3	6	5	6	5	10	9	16	3	1	580.078960462021
sp|P52076|QSEB_ECOLI	511145.b3025	17	1	14	19	5	20	5	12	12	33	7	5	7	4	20	7	11	12	3	5	0.330264463410469
sp|P40719|QSEC_ECOLI	511145.b3026	38	0	35	22	15	26	9	20	14	65	14	18	20	23	33	25	25	33	7	7	1.60393314106984
sp|P0AEY5|MDAB_ECOLI	511145.b3028	12	0	16	9	10	18	6	9	14	14	7	8	9	6	7	7	11	16	6	8	150.865807643271
sp|P0ADU2|YGIN_ECOLI	511145.b3029	11	2	4	8	2	6	6	9	4	7	6	1	6	7	4	5	4	9	1	2	437.474239174175
sp|P20083|PARE_ECOLI	511145.b3030	50	10	46	46	18	48	14	27	35	67	15	26	25	29	40	29	30	52	8	15	15.5764580771618
sp|P0AEW4|CPDA_ECOLI	511145.b3032	27	5	16	18	12	16	18	10	6	40	2	5	15	17	13	14	17	12	7	5	5.52049364873657
sp|Q93K97|ADPP_ECOLI	511145.b3034	19	0	11	24	8	13	7	14	6	19	5	6	7	7	16	12	8	19	4	4	44.4977765136855
sp|P02930|TOLC_ECOLI	511145.b3035	57	0	25	20	10	24	3	21	18	53	6	43	17	44	22	44	36	28	1	21	238.651231236722
sp|P0ADT5|YGIC_ECOLI	511145.b3038	23	5	23	40	21	21	10	22	18	41	11	13	20	20	16	18	19	17	12	16	12.6379267676115
sp|P0A7J0|RIBB_ECOLI	511145.b3041	26	4	13	18	7	19	5	10	5	18	10	9	8	5	15	7	21	15	0	2	298.745574078435
sp|Q46868|YQIC_ECOLI	511145.b3042	3	0	5	13	2	2	1	7	8	12	2	1	6	9	9	4	7	5	0	0	364.266490012842
sp|P77616|YQIH_ECOLI	511145.b3047	11	3	11	12	10	12	2	23	16	17	11	21	14	13	13	13	18	17	3	9	3.2282149064293
sp|P26649|GLGS_ECOLI	511145.b3049	7	2	4	6	4	2	4	1	0	6	5	4	1	3	6	3	2	2	2	2	26.0246255104008
sp|P76658|HLDE_ECOLI	511145.b3052	51	4	25	36	12	43	5	23	26	49	11	18	22	15	25	25	25	51	3	8	242.058903368955
sp|P30870|GLNE_ECOLI	511145.b3053	88	9	61	83	30	50	21	41	23	127	27	20	35	58	81	46	48	51	21	26	18.8469488070124
sp|P30871|YGIF_ECOLI	511145.b3054	50	3	21	35	11	28	17	19	17	56	6	14	17	24	26	21	21	26	10	11	44.2637153225053
sp|P0ADT8|YGIM_ECOLI	511145.b3055	13	0	12	11	1	13	3	8	14	28	5	12	7	13	12	13	16	16	5	4	154.77696487132
sp|P06961|CCA_ECOLI	511145.b3056	39	5	26	31	16	28	14	14	15	46	8	7	27	16	36	12	24	32	8	8	17.7056186714805
sp|P0AC16|FOLB_ECOLI	511145.b3058	15	1	8	12	4	5	1	10	6	9	2	7	2	3	7	6	4	15	3	2	54.013418503513
sp|P0AC35|TTDB_ECOLI	511145.b3062	10	6	8	21	7	16	7	17	15	16	6	5	10	4	11	5	12	19	3	3	1.63278521509867
sp|P05852|GCP_ECOLI	511145.b3064	45	3	24	16	14	34	6	13	16	36	11	6	18	8	20	13	20	24	2	8	19.6834335695541
sp|P68679|RS21_ECOLI	511145.b3065	9	1	1	8	3	1	1	1	9	4	1	2	3	0	14	2	3	6	0	2	7889.31330014879
sp|P0ABS5|PRIM_ECOLI	511145.b3066	43	7	34	42	26	43	12	23	22	75	16	31	29	31	43	24	32	28	4	16	2.27272025770555
sp|P00579|RPOD_ECOLI	511145.b3067	49	3	54	71	15	24	9	43	34	54	25	19	19	30	46	29	38	34	4	13	310.201982555196
sp|P0A9H1|MUG_ECOLI	511145.b3068	14	2	6	10	6	16	3	8	9	18	1	4	9	15	11	8	7	13	3	5	134.827844635546
sp|Q46871|YQJH_ECOLI	511145.b3070	24	2	20	16	12	17	7	9	7	22	4	6	18	13	22	11	9	20	5	10	207.544584996041
sp|P64588|YQJI_ECOLI	511145.b3071	12	8	11	21	5	22	14	16	11	16	3	6	5	16	16	8	6	7	1	3	116.898493983064
sp|P50466|AER_ECOLI	511145.b3072	63	3	24	25	8	28	14	25	22	46	17	25	12	30	28	37	38	46	8	7	36.8853873002178
sp|P06864|BGA2_ECOLI	511145.b3076	68	13	69	63	52	71	41	54	32	76	22	57	50	51	54	54	59	70	25	49	1.13875327568965
sp|P42592|YGJK_ECOLI	511145.b3080	71	3	52	44	35	59	14	26	49	62	16	43	39	37	36	38	56	45	24	34	0.330149623487088
sp|P64578|HIGB_ECOLI	511145.b3083	8	1	4	7	8	5	5	3	15	8	3	4	3	3	3	3	6	9	0	6	10.0911485937749
sp|P42598|YGJQ_ECOLI	511145.b3086	28	4	10	5	10	17	6	16	15	25	5	10	8	9	17	11	8	16	3	7	2.04207133496024
sp|P42599|YGJR_ECOLI	511145.b3087	35	7	14	20	20	15	10	16	14	33	6	13	11	19	12	29	15	28	1	10	23.087658215082
sp|P42601|ALX_ECOLI	511145.b3088	32	0	13	7	24	24	6	26	8	48	13	8	8	7	14	13	16	34	10	10	0.587775241366124
sp|P0AGE4|SSTT_ECOLI	511145.b3089	49	8	11	7	18	33	5	28	9	66	13	20	17	8	14	32	24	42	5	5	109.735714427439
sp|P42603|YGJV_ECOLI	511145.b3090	13	5	3	5	14	18	4	18	7	18	7	5	5	3	11	9	14	14	7	3	1.05438986676212
sp|P0A8G3|UXAC_ECOLI	511145.b3092	39	7	35	32	26	30	15	22	21	49	17	25	17	20	30	19	24	18	10	14	73.5617743801397
sp|P0ACL2|EXUR_ECOLI	511145.b3094	26	2	17	23	10	8	10	16	14	21	8	13	7	19	15	11	11	16	5	6	16.0236933174443
sp|P42616|YQJC_ECOLI	511145.b3097	18	2	8	13	1	3	2	6	16	12	1	5	0	11	8	7	2	3	0	4	70.2649262702417
sp|P64581|YQJD_ECOLI	511145.b3098	11	0	3	12	0	8	2	4	8	11	1	1	1	3	9	11	6	7	1	2	1481.07225648564
sp|P64585|YQJE_ECOLI	511145.b3099	11	0	3	11	3	8	4	8	4	26	8	3	2	6	10	6	8	10	2	1	13.8029903563173
sp|Q47710|YQJK_ECOLI	511145.b3100	7	0	2	4	1	5	1	3	4	13	4	2	1	8	15	10	5	6	7	1	4.08060934403661
sp|P42620|YQJG_ECOLI	511145.b3102	23	2	24	14	17	27	13	19	14	28	5	15	15	11	17	15	24	18	9	18	28.9371637623174
sp|P67660|YHAJ_ECOLI	511145.b3105	35	1	17	26	7	14	5	16	14	34	10	5	15	7	26	15	20	22	4	5	34.1863015977046
sp|P42624|YHAK_ECOLI	511145.b3106	24	3	12	12	7	17	10	10	9	32	4	8	12	17	12	13	10	10	3	8	1.03584376554595
sp|P0AGL2|TDCF_ECOLI	511145.b3113	13	2	8	7	5	8	1	12	7	7	3	3	7	9	5	6	8	15	0	3	266.007613385039
sp|P42632|TDCE_ECOLI	511145.b3114	69	5	57	45	32	53	20	47	37	69	24	31	31	29	44	38	45	45	7	36	174.412811616504
sp|P0AGF6|TDCB_ECOLI	511145.b3117	28	6	21	18	9	33	6	34	18	21	9	14	10	9	16	23	17	29	0	8	9.60055547886988
sp|P11864|YHAC_ECOLI	511145.b3121	12	6	29	34	14	13	1	40	24	41	9	39	13	12	11	33	27	15	1	21	0.279521977374361
sp|P0ABQ2|GARR_ECOLI	511145.b3125	45	2	18	14	4	29	5	21	20	28	15	10	12	5	7	15	14	24	0	6	84.9599727867541
sp|P0ACK2|AGAR_ECOLI	511145.b3131	22	2	17	21	6	20	6	19	9	24	9	11	4	13	21	21	17	23	0	4	0.50976718688968
sp|P0C8K1|KBAZ_ECOLX	511145.b3132	52	7	27	27	13	23	17	24	12	45	7	13	25	25	21	21	20	26	4	17	34.039851317901
sp|P42904|PTPB2_ECOLI	511145.b3133	16	2	10	7	6	12	3	10	8	15	4	10	6	9	6	2	6	22	2	1	5.74630294782837
sp|Q9KIP9|AGAS_ECOLX	511145.b3136	47	5	18	19	18	23	11	23	6	38	10	18	24	13	19	27	28	22	5	10	0.234425975580407
sp|Q9KIP8|KBAY_ECOLX	511145.b3137	32	5	18	20	11	17	10	17	13	22	8	12	11	7	14	19	13	29	1	7	1.33877624493799
sp|P43319|YRAK_ECOLI	511145.b3145	21	7	24	4	12	38	3	22	16	22	7	24	15	16	12	28	44	34	3	11	0.332932318346213
sp|P67087|RSMI_ECOLI	511145.b3146	38	3	14	24	5	19	10	15	15	41	2	8	13	15	16	9	14	16	2	7	52.8457482271969
sp|P45464|LPOA_ECOLI	511145.b3147	88	4	33	27	17	46	3	31	24	66	16	42	41	66	28	45	40	40	9	12	35.3441394327423
sp|P45465|YRAN_ECOLI	511145.b3148	14	1	7	8	6	11	3	5	5	9	2	5	2	5	15	7	11	9	4	2	3.37704064492208
sp|P66817|DIAA_ECOLI	511145.b3149	27	5	13	10	4	11	6	15	4	20	6	11	6	9	12	10	13	12	0	2	53.2720761074792
sp|P64596|YRAP_ECOLI	511145.b3150	25	1	8	11	3	15	0	10	13	16	3	8	4	9	9	14	16	23	1	2	64.8045969490056
sp|P45469|YRAR_ECOLI	511145.b3152	22	2	10	12	7	15	6	10	7	24	10	8	13	6	17	12	12	14	2	2	6.21291436979476
sp|P45470|YHBO_ECOLI	511145.b3153	15	1	16	12	10	12	3	12	14	13	1	4	9	4	9	9	11	15	0	2	7.57826007736713
sp|P45472|YHBQ_ECOLI	511145.b3155	9	0	4	7	3	8	1	3	8	13	1	1	3	6	9	6	8	5	1	4	107.585474285498
sp|P63417|YHBS_ECOLI	511145.b3156	17	1	15	13	9	16	6	5	2	21	2	3	6	6	11	6	5	15	2	6	269.4944333698
sp|P0AAD2|MTR_ECOLI	511145.b3161	45	3	9	5	31	41	6	27	13	61	13	15	17	4	10	31	25	35	8	15	150.079641696448
sp|P0A9P6|DEAD_ECOLI	511145.b3162	52	1	42	54	19	60	9	31	21	67	19	20	30	26	78	25	30	33	2	10	173.895350312669
sp|P0AFB1|NLPI_ECOLI	511145.b3163	31	2	24	21	13	13	5	7	12	47	4	14	8	18	14	16	12	12	5	16	9.58656909545291
sp|P05055|PNP_ECOLI	511145.b3164	73	1	42	60	19	63	11	52	34	51	21	20	31	32	44	31	41	70	2	13	1653.44698608986
sp|P0ADZ4|RS15_ECOLI	511145.b3165	7	0	5	5	2	5	5	3	6	12	2	2	0	5	11	6	6	5	0	2	3853.41210144133
sp|P60340|TRUB_ECOLI	511145.b3166	24	3	19	26	6	25	5	18	13	35	8	9	19	12	27	16	14	21	0	14	6.72580773961851
sp|P0A7G2|RBFA_ECOLI	511145.b3167	10	0	10	12	5	7	1	6	10	12	8	4	4	5	11	8	5	12	0	3	583.030574501963
sp|P0AFF6|NUSA_ECOLI	511145.b3169	58	3	42	56	14	28	4	33	25	43	10	19	14	19	33	15	24	45	4	6	1125.11388709955
sp|P0A8A8|RIMP_ECOLI	511145.b3170	11	1	10	14	6	9	3	10	5	13	4	5	5	5	8	8	10	19	1	3	87.4680131653571
sp|P0A6E4|ASSY_ECOLI	511145.b3172	35	3	27	34	13	43	10	27	19	43	17	20	13	17	27	24	29	21	6	19	1315.10092411339
sp|P0AG99|SECG_ECOLI	511145.b3175	14	0	2	4	6	12	0	7	5	13	5	7	5	4	1	10	8	5	1	1	113.45284854116
sp|P31120|GLMM_ECOLI	511145.b3176	55	5	25	32	13	48	9	31	22	39	14	16	14	9	27	20	19	36	2	9	529.909913507537
sp|P0AC13|DHPS_ECOLI	511145.b3177	30	3	11	24	9	21	11	19	13	26	10	12	12	9	13	20	10	24	1	4	41.2136583433816
sp|P0AAI3|FTSH_ECOLI	511145.b3178	59	2	37	50	25	58	9	40	37	51	25	26	36	22	43	32	27	50	5	10	455.62557339629
sp|P0C0R7|RLME_ECOLI	511145.b3179	14	2	15	10	9	18	1	8	16	17	9	1	10	11	16	16	6	22	3	5	51.7868915122626
sp|P0AGK4|YHBY_ECOLI	511145.b3180	6	1	1	10	0	6	4	7	10	14	1	3	4	4	5	3	8	9	0	1	370.187869529491
sp|P0A6W5|GREA_ECOLI	511145.b3181	14	1	11	20	5	11	2	14	10	11	3	7	5	6	10	5	6	14	0	3	496.022507002347
sp|P24228|DACB_ECOLI	511145.b3182	54	5	27	11	19	37	7	28	18	44	14	21	24	31	26	32	27	33	4	15	2.23861725982752
sp|P42641|OBG_ECOLI	511145.b3183	28	4	38	35	13	41	5	22	28	32	10	12	15	9	22	14	17	29	8	8	185.283731818703
sp|P0A7L8|RL27_ECOLI	511145.b3185	9	1	3	5	5	13	3	4	11	3	1	3	1	1	8	5	3	6	0	0	4380.71346312133
sp|P0AG48|RL21_ECOLI	511145.b3186	7	0	3	9	5	12	4	7	10	3	2	1	1	6	8	3	5	14	1	2	1856.07227464083
sp|P0AD57|ISPB_ECOLI	511145.b3187	41	3	19	27	6	26	8	20	9	36	12	17	9	16	16	10	16	21	2	9	26.7853201910261
sp|P0A749|MURA_ECOLI	511145.b3189	47	6	23	29	11	40	9	31	20	38	10	12	16	12	25	17	27	39	2	5	281.548389437784
sp|P0A9W6|YRBA_ECOLI	511145.b3190	7	0	4	6	3	6	3	5	4	6	4	5	2	5	4	6	2	8	1	3	121.877952439103
sp|P0ADV7|MLAC_ECOLI	511145.b3192	23	0	10	10	5	11	1	13	15	20	7	7	12	20	11	6	15	10	3	12	264.973453120507
sp|P64604|MLAD_ECOLI	511145.b3193	16	1	12	10	5	17	1	12	10	21	2	9	9	5	6	10	18	12	1	6	22.785479242553
sp|P64606|MLAE_ECOLI	511145.b3194	25	1	6	6	13	26	3	15	6	41	12	7	7	4	13	21	15	29	6	4	13.1371780077644
sp|P63386|MLAF_ECOLI	511145.b3195	27	2	18	10	10	22	7	17	8	30	13	8	18	8	17	17	11	21	1	4	37.6703244643577
sp|P45394|YRBG_ECOLI	511145.b3196	33	2	11	11	11	27	2	32	2	60	8	8	15	6	17	20	16	33	5	6	5.91863028579615
sp|P45395|KDSD_ECOLI	511145.b3197	32	7	20	16	11	30	13	18	14	36	17	7	13	8	17	17	19	31	1	1	242.765587918579
sp|P0ABZ4|KDSC_ECOLI	511145.b3198	23	4	15	10	2	18	2	15	10	24	3	6	5	4	9	9	6	16	1	6	72.2213554316559
sp|P0ADV9|LPTC_ECOLI	511145.b3199	12	0	13	9	3	6	3	10	12	18	5	13	6	10	9	13	18	19	3	9	14.4208001948659
sp|P0ADV1|LPTA_ECOLI	511145.b3200	12	0	12	6	6	16	3	9	19	13	5	11	7	17	2	10	14	18	0	5	24.5895258230779
sp|P0A9V1|LPTB_ECOLI	511145.b3201	20	1	18	18	6	19	8	21	7	27	5	8	8	6	22	12	10	19	0	6	163.735444029073
sp|P24255|RP54_ECOLI	511145.b3202	31	3	36	42	10	18	9	30	19	59	10	14	21	38	26	36	33	26	5	11	78.3338212176183
sp|P0AFX0|HPF_ECOLI	511145.b3203	9	0	6	7	3	5	5	6	9	9	2	5	0	6	3	2	7	8	0	3	1195.85943895821
sp|P69829|PTSN_ECOLI	511145.b3204	15	3	10	12	4	7	4	11	8	21	2	5	7	9	10	9	15	10	0	1	154.243876019882
sp|P0A894|YHBJ_ECOLI	511145.b3205	18	2	20	19	12	12	8	12	11	37	10	10	16	5	27	24	13	18	2	8	53.2328827625853
sp|P46022|MTGA_ECOLI	511145.b3208	25	0	7	12	15	17	6	10	10	24	7	7	9	12	18	20	7	22	9	5	1.38780621702652
sp|P0ABU5|ELBB_ECOLI	511145.b3209	30	5	14	16	6	16	4	17	9	22	7	6	10	7	8	9	11	18	0	2	434.389803573171
sp|P0AEC3|ARCB_ECOLI	511145.b3210	51	2	54	69	25	44	13	42	50	97	24	23	28	43	40	41	41	64	8	19	67.5413054010486
sp|P09831|GLTB_ECOLI	511145.b3212	142	20	90	89	55	134	34	81	68	148	32	58	69	54	95	80	76	98	14	49	694.576398888102
sp|P09832|GLTD_ECOLI	511145.b3213	38	11	27	40	21	49	7	26	26	29	15	22	22	15	32	18	19	41	5	9	702.889291014183
sp|P45423|YHCG_ECOLI	511145.b3220	31	4	19	31	19	20	11	16	16	47	10	9	14	21	31	22	18	17	4	15	2.5671963704049
sp|P45424|YHCH_ECOLI	511145.b3221	14	3	7	15	6	12	5	8	9	15	9	5	10	10	4	4	5	10	0	3	14.5636647963257
sp|P0A761|NANE_ECOLI	511145.b3223	36	5	15	13	0	16	5	19	7	21	5	4	14	9	11	9	16	18	2	4	13.510185411466
sp|P0A6L4|NANA_ECOLI	511145.b3225	26	4	16	17	10	27	5	17	16	34	7	7	11	21	12	15	14	24	1	13	29.3375819853674
sp|P0A8W0|NANR_ECOLI	511145.b3226	30	0	15	22	12	13	11	16	9	26	7	13	10	12	22	20	8	13	2	2	20.4708562318607
sp|P0AFZ3|SSPB_ECOLI	511145.b3228	16	0	17	12	4	10	3	6	2	15	5	8	16	6	12	5	7	15	1	5	98.9388063907432
sp|P0ACA3|SSPA_ECOLI	511145.b3229	15	1	11	20	9	10	4	11	8	25	8	6	15	6	16	15	8	13	3	8	648.881561504958
sp|P0A7X3|RS9_ECOLI	511145.b3230	10	0	4	9	4	13	1	7	10	9	4	3	3	7	19	7	5	10	0	5	3410.80905981607
sp|P0AA10|RL13_ECOLI	511145.b3231	14	0	7	8	3	12	7	8	14	9	4	4	6	4	11	0	12	12	1	6	4267.97647174068
sp|P64612|YHCM_ECOLI	511145.b3232	27	4	22	27	16	21	13	14	15	48	14	8	16	19	30	18	23	24	5	11	17.2628850638212
sp|P0ADW3|YHCB_ECOLI	511145.b3233	16	0	6	13	3	7	3	4	5	16	5	5	4	8	11	11	3	5	1	6	432.285887790352
sp|P39099|DEGQ_ECOLI	511145.b3234	49	0	24	21	14	51	1	37	27	51	7	22	20	25	16	38	20	30	0	2	131.668164296898
sp|P0AEE3|DEGS_ECOLI	511145.b3235	29	0	21	11	7	37	5	38	8	35	7	25	19	18	18	20	21	30	0	6	0.835131559836536
sp|P0AGG8|TLDD_ECOLI	511145.b3244	40	2	30	32	11	59	6	20	19	49	13	15	16	20	26	33	25	47	3	15	129.917220582256
sp|P0A9J0|RNG_ECOLI	511145.b3247	37	6	27	48	16	31	13	33	21	42	13	13	12	22	41	23	30	45	1	15	22.5374264296754
sp|P25536|YHDE_ECOLI	511145.b3248	21	2	12	14	4	16	5	8	8	23	3	4	6	13	13	9	12	18	0	6	16.7967284522217
sp|P16926|MREC_ECOLI	511145.b3250	37	2	18	15	5	27	3	17	9	42	9	14	32	28	26	21	21	32	1	8	3.58174144619419
sp|P0A9X4|MREB_ECOLI	511145.b3251	33	3	15	29	10	39	5	25	10	28	13	12	16	9	24	22	14	35	0	5	918.26614840364
sp|P13518|CSRD_ECOLI	511145.b3252	40	5	28	38	22	41	16	35	18	83	20	25	22	39	53	46	43	44	10	18	12.2252528428684
sp|P26646|ACUI_ECOLI	511145.b3253	36	3	16	19	9	34	5	14	13	32	9	9	14	17	17	16	19	31	6	5	179.049076114288
sp|P0ABD8|BCCP_ECOLI	511145.b3255	21	1	5	17	4	8	1	13	8	6	9	3	12	8	5	13	5	15	0	2	657.146586227396
sp|P24182|ACCC_ECOLI	511145.b3256	45	8	21	35	14	43	12	43	25	28	14	18	21	14	29	18	15	30	1	15	397.753987908667
sp|P0A8T1|PRMA_ECOLI	511145.b3259	29	5	26	22	9	24	5	17	10	35	7	11	17	8	11	14	15	18	8	2	355.900497167439
sp|P0A6R3|FIS_ECOLI	511145.b3261	5	0	6	4	2	5	0	1	7	12	6	8	2	10	6	4	6	10	0	4	1060.93981604567
sp|P0ACT2|ENVR_ECOLI	511145.b3264	20	3	10	16	8	10	6	16	12	26	10	13	6	20	9	4	11	12	3	5	1.73401909095824
sp|P0A9W9|YRDA_ECOLI	511145.b3279	6	1	17	6	1	20	5	13	7	17	6	8	9	9	10	12	6	21	2	8	236.040473943006
sp|P45748|RIMN_ECOLI	511145.b3282	19	3	12	11	8	13	1	8	4	19	3	7	16	7	14	7	14	18	2	4	39.836729836573
sp|P45771|YRDD_ECOLI	511145.b3283	13	16	5	12	8	15	7	9	13	11	2	5	13	8	10	10	7	10	0	6	2.73542765983484
sp|P0A6K3|DEF_ECOLI	511145.b3287	12	2	12	20	3	8	4	15	11	20	5	3	7	9	14	5	3	14	0	2	265.728192411593
sp|P23882|FMT_ECOLI	511145.b3288	32	3	16	19	6	25	3	15	16	39	9	9	21	17	15	18	17	24	7	4	258.54383198364
sp|P36929|RSMB_ECOLI	511145.b3289	40	7	23	27	9	27	11	20	23	53	9	12	27	35	27	17	19	23	10	10	76.160689360434
sp|P0AGI8|TRKA_ECOLI	511145.b3290	46	1	34	27	15	32	12	40	17	39	13	18	16	20	33	23	17	46	0	9	8.4718273590229
sp|P0A742|MSCL_ECOLI	511145.b3291	15	0	7	8	10	9	1	16	9	13	5	6	6	4	6	4	3	13	0	1	128.273515033115
sp|P0ACS5|ZNTR_ECOLI	511145.b3292	9	5	4	17	3	9	5	9	5	14	5	1	2	11	13	12	6	6	0	5	16.1261692269872
sp|P0AG44|RL17_ECOLI	511145.b3294	17	1	4	9	5	7	3	6	8	11	4	7	4	2	18	7	6	6	0	2	4272.80516257418
sp|P0A7Z4|RPOA_ECOLI	511145.b3295	23	4	21	36	4	20	8	24	16	38	5	9	16	10	23	17	19	30	1	5	2981.46235576656
sp|P0A7V8|RS4_ECOLI	511145.b3296	18	1	8	17	4	15	3	8	20	21	4	8	6	9	22	11	6	16	1	8	5187.40716578011
sp|P0A7R9|RS11_ECOLI	511145.b3297	17	2	4	4	4	13	3	9	9	3	2	7	8	3	14	6	9	10	1	1	2900.54560336105
sp|P0A7S9|RS13_ECOLI	511145.b3298	11	1	6	6	1	11	3	12	11	9	3	2	4	2	15	6	6	7	0	2	5733.14917778503
sp|P0A7Q6|RL36_ECOLI	511145.b3299	2	3	1	1	0	2	1	3	7	1	1	1	1	2	5	2	0	5	0	0	863.268414057585
sp|P0AGA2|SECY_ECOLI	511145.b3300	41	2	7	14	32	43	4	45	17	48	16	10	20	21	21	23	25	35	4	15	187.763731296003
sp|P02413|RL15_ECOLI	511145.b3301	15	0	2	9	4	26	1	10	13	12	2	3	4	3	14	7	9	9	0	1	5111.6257503547
sp|P0AG51|RL30_ECOLI	511145.b3302	5	0	1	4	1	5	2	6	5	5	3	1	2	1	6	2	6	4	0	0	3046.33334550315
sp|P0A7W1|RS5_ECOLI	511145.b3303	20	0	2	11	4	21	4	10	12	9	7	11	5	5	10	7	8	19	0	2	7657.29174165481
sp|P0C018|RL18_ECOLI	511145.b3304	22	0	5	7	3	8	3	5	9	8	1	2	2	6	13	5	5	10	0	3	6367.26348611181
sp|P0AG55|RL6_ECOLI	511145.b3305	20	1	9	8	3	19	3	8	16	12	2	7	8	7	10	4	12	22	1	5	5012.14539056945
sp|P0A7W7|RS8_ECOLI	511145.b3306	14	1	6	9	3	11	0	9	12	10	6	3	5	5	8	7	6	12	0	3	3828.28287880394
sp|P0AG59|RS14_ECOLI	511145.b3307	12	1	5	5	3	5	1	4	11	8	3	3	4	4	14	8	2	5	2	1	4612.51628440476
sp|P62399|RL5_ECOLI	511145.b3308	16	1	13	11	10	13	1	14	16	13	6	5	6	4	15	7	9	12	1	6	3489.09053143502
sp|P60624|RL24_ECOLI	511145.b3309	9	0	5	6	5	10	1	8	16	4	1	6	3	3	6	5	3	13	0	0	4456.02853010781
sp|P0ADY3|RL14_ECOLI	511145.b3310	7	2	5	6	3	12	1	12	11	8	4	6	5	3	12	6	5	14	0	1	8866.56484383365
sp|P0AG63|RS17_ECOLI	511145.b3311	2	2	4	7	2	4	3	7	10	5	2	2	2	1	7	4	6	12	1	1	2179.26245827335
sp|P0A7M6|RL29_ECOLI	511145.b3312	6	0	1	7	1	2	1	0	6	12	2	4	0	6	6	3	2	4	0	0	5980.02944919163
sp|P0ADY7|RL16_ECOLI	511145.b3313	14	0	3	7	6	13	1	6	16	10	6	2	7	5	14	2	9	11	2	2	3778.10025074513
sp|P0A7V3|RS3_ECOLI	511145.b3314	24	0	9	16	5	19	4	18	23	13	5	7	10	9	21	9	11	22	4	4	5755.01598979972
sp|P61175|RL22_ECOLI	511145.b3315	13	0	9	4	1	4	4	9	13	8	3	3	2	2	10	7	6	11	0	1	7848.21740219567
sp|P0A7U3|RS19_ECOLI	511145.b3316	6	0	4	4	4	7	5	4	13	7	3	2	6	1	7	4	6	7	1	1	3094.57869686877
sp|P60422|RL2_ECOLI	511145.b3317	21	2	10	11	4	34	9	11	25	15	6	15	17	6	29	10	14	26	2	6	5658.44332108605
sp|P0ADZ0|RL23_ECOLI	511145.b3318	10	0	3	10	2	6	2	4	14	8	2	3	1	3	7	4	5	14	1	1	2091.65823710875
sp|P60723|RL4_ECOLI	511145.b3319	23	0	12	12	6	13	3	8	18	19	5	4	5	10	14	12	12	21	2	2	3469.93472686933
sp|P60438|RL3_ECOLI	511145.b3320	19	0	9	12	8	26	3	8	19	11	4	8	6	8	12	9	16	28	2	1	4460.33723225516
sp|P0A7R5|RS10_ECOLI	511145.b3321	9	0	8	6	2	4	3	9	5	10	2	2	5	6	12	2	8	9	0	1	3472.66768837242
sp|P03825|GSPB_ECOLI	511145.b3322	11	2	3	21	7	7	3	7	8	11	2	4	6	6	6	8	6	14	3	4	4.8166091832605
sp|P45758|GSPD_ECOLI	511145.b3325	50	3	37	37	18	46	6	40	36	65	10	43	23	33	29	53	42	60	3	16	4.77470011579283
sp|P41441|GSPF_ECOLI	511145.b3327	31	2	11	18	11	21	7	29	13	68	12	19	16	26	29	29	23	24	2	7	0.489164639274537
sp|P41443|GSPH_ECOLI	511145.b3329	19	1	12	9	6	9	2	7	2	20	5	4	11	10	10	12	13	11	5	1	11.0964294264371
sp|P45763|GSPL_ECOLI	511145.b3333	26	4	15	25	11	13	15	14	19	53	8	13	21	30	16	32	23	23	14	12	1.81136162387048
sp|P0ABD3|BFR_ECOLI	511145.b3336	8	0	14	18	3	11	5	12	9	24	7	10	1	6	9	4	2	6	2	7	333.097634202049
sp|P0A6M8|EFG_ECOLI	511145.b3340	67	3	42	62	24	59	15	50	44	43	23	27	33	24	36	29	38	60	6	19	4645.1465763008
sp|P02359|RS7_ECOLI	511145.b3341	22	0	5	14	5	10	3	5	14	16	5	7	7	5	19	15	5	16	2	4	8660.15056987674
sp|P0A7S3|RS12_ECOLI	511145.b3342	9	4	3	4	1	11	3	3	13	8	1	5	7	4	15	6	8	15	0	4	5532.78573439504
sp|P45532|TUSD_ECOLI	511145.b3345	20	2	5	6	8	11	2	3	0	14	1	5	2	11	7	10	6	11	1	3	8.08921583661727
sp|P64624|YHEO_ECOLI	511145.b3346	13	4	19	12	10	12	5	19	12	25	7	14	6	11	13	22	14	17	0	5	134.538224676037
sp|P45523|FKBA_ECOLI	511145.b3347	39	0	20	20	9	20	1	10	37	22	4	7	13	9	5	16	13	17	1	7	746.361533250932
sp|P0A9K9|SLYD_ECOLI	511145.b3349	14	6	19	17	4	29	20	3	6	14	4	6	5	6	4	5	5	25	0	4	1783.4767088371
sp|P63389|YHES_ECOLI	511145.b3352	60	4	39	54	17	41	15	31	33	89	11	22	21	48	43	39	21	25	9	15	19.0018650873244
sp|P0ADX1|YHFA_ECOLI	511145.b3356	16	3	8	10	3	9	4	6	7	12	6	3	3	4	7	10	5	15	1	2	244.924610444174
sp|P0ACJ8|CRP_ECOLI	511145.b3357	13	3	8	16	5	16	6	17	15	22	7	5	6	14	11	11	13	14	2	6	773.158480941873
sp|P45537|YHFK_ECOLI	511145.b3358	62	10	21	33	20	34	25	39	22	115	21	21	38	41	45	34	40	34	19	26	0.759622873934017
sp|P18335|ARGD_ECOLI	511145.b3359	51	6	22	22	24	40	16	24	16	29	10	10	20	18	17	14	22	33	2	10	364.732198185441
sp|P0ADX5|YHFG_ECOLI	511145.b3362	5	0	1	7	1	1	1	0	4	9	2	2	1	3	8	3	3	2	1	1	135.464736353499
sp|P0AFL3|PPIA_ECOLI	511145.b3363	22	0	12	4	12	14	4	8	13	11	7	12	12	10	5	11	11	18	0	4	721.944808581572
sp|P08201|NIRB_ECOLI	511145.b3365	69	21	48	65	26	80	22	57	48	78	18	33	32	23	48	44	45	57	8	25	11.7150234948503
sp|P0AEA8|CYSG_ECOLI	511145.b3368	45	7	28	26	15	41	8	26	16	55	10	16	18	26	32	19	22	36	5	6	12.4159692645091
sp|P0AC00|FRLB_ECOLI	511145.b3371	26	8	21	28	13	21	10	23	14	35	8	10	16	9	17	15	17	27	7	15	0.862665755137108
sp|P45545|YHFS_ECOLI	511145.b3376	46	5	14	19	13	29	7	20	10	39	4	10	20	27	21	18	17	35	0	7	0.344610608976503
sp|P64631|YHFU_ECOLI	511145.b3378	17	3	3	8	3	11	5	14	13	6	5	4	3	3	1	4	4	7	0	3	29.4101649462273
sp|P45548|PHP_ECOLI	511145.b3379	20	4	21	17	13	22	10	18	9	29	14	14	7	16	17	14	19	17	0	11	6.30640873355714
sp|P45549|YHFW_ECOLI	511145.b3380	33	4	30	19	15	37	11	22	6	38	10	17	20	26	24	17	23	44	4	8	1.16940065133501
sp|P00954|SYW_ECOLI	511145.b3384	30	4	21	21	12	20	8	17	24	31	10	13	15	19	15	19	14	25	2	14	858.872592701553
sp|P32662|GPH_ECOLI	511145.b3385	28	1	21	16	8	21	3	12	11	29	6	9	18	11	11	8	10	19	2	8	94.586552570342
sp|P0AG07|RPE_ECOLI	511145.b3386	23	1	20	11	10	16	6	17	12	20	8	8	12	5	10	12	7	21	0	6	564.145046416542
sp|P0AEE8|DMA_ECOLI	511145.b3387	26	5	13	19	17	13	7	9	18	26	4	15	14	7	19	15	10	19	2	20	15.4458507419
sp|P11557|DAMX_ECOLI	511145.b3388	49	0	23	34	2	20	1	11	28	23	4	21	39	31	26	35	44	27	3	7	61.1144653856393
sp|P07639|AROB_ECOLI	511145.b3389	39	5	15	24	10	34	7	16	13	49	10	11	16	12	20	20	18	32	2	9	228.606398474588
sp|P0A6D7|AROK_ECOLI	511145.b3390	12	0	9	21	4	13	2	10	10	15	4	8	5	9	15	7	11	14	1	3	155.148178713537
sp|P64634|HOFN_ECOLI	511145.b3394	18	0	5	10	7	6	3	8	3	30	2	4	6	24	18	9	14	5	6	1	8.58315389342113
sp|P02918|PBPA_ECOLI	511145.b3396	88	4	41	42	29	70	10	48	32	63	22	40	48	58	46	46	49	64	14	36	4.70521147400814
sp|P45799|NUDE_ECOLI	511145.b3397	11	0	10	20	8	10	2	7	8	21	7	8	11	4	13	14	6	18	2	6	72.9894829699568
sp|P45800|IGAA_ECOLI	511145.b3398	60	8	36	38	23	39	16	42	21	94	15	31	41	34	40	55	43	38	18	19	0.888589513822579
sp|P0ACG8|HSLR_ECOLI	511145.b3400	14	0	6	15	2	5	3	4	14	13	4	4	6	3	16	5	7	7	2	3	29.4648133711113
sp|P0A6Y5|HSLO_ECOLI	511145.b3401	22	6	23	26	8	19	8	12	7	33	8	16	14	18	12	7	20	23	1	9	228.705730929754
sp|P22259|PCKA_ECOLI	511145.b3403	45	5	38	30	28	47	9	27	34	46	11	27	27	15	23	25	45	32	9	17	628.279760594269
sp|P0AEJ4|ENVZ_ECOLI	511145.b3404	39	1	15	34	15	33	9	28	12	52	15	16	23	20	34	26	24	34	8	12	0.816039101481355
sp|P0AA16|OMPR_ECOLI	511145.b3405	17	1	14	22	8	14	3	12	8	28	12	7	15	9	26	13	6	17	1	6	269.339187326773
sp|P30128|GREB_ECOLI	511145.b3406	10	1	10	16	4	9	1	8	14	12	2	7	6	4	13	6	7	14	4	10	10.8837312736921
sp|P46837|YHGF_ECOLI	511145.b3407	89	5	52	55	21	51	16	31	42	78	19	31	36	35	54	34	41	62	6	15	128.269435391239
sp|P0AEL3|FEOA_ECOLI	511145.b3408	5	1	3	4	2	4	1	4	4	10	2	1	5	2	6	7	4	7	1	2	278.381611800661
sp|P33650|FEOB_ECOLI	511145.b3409	74	12	33	32	38	59	12	57	22	99	29	30	29	27	34	53	41	60	9	23	306.892748238772
sp|P64638|FEOC_ECOLI	511145.b3410	8	4	2	6	0	5	0	4	3	10	5	2	4	7	6	6	2	2	2	0	18.9071859301631
sp|P13001|BIOH_ECOLI	511145.b3412	24	3	13	12	11	18	9	8	10	37	6	6	15	15	13	14	10	21	8	3	23.5401652144384
sp|P63020|NFUA_ECOLI	511145.b3414	18	4	13	17	6	15	4	9	8	20	6	7	9	11	7	8	10	12	0	7	1300.15033540582
sp|P15977|MALQ_ECOLI	511145.b3416	68	11	43	41	16	48	17	22	36	74	22	21	38	35	40	35	33	40	22	32	35.5498791485705
sp|P00490|PHSM_ECOLI	511145.b3417	80	7	53	44	31	49	24	43	54	82	14	42	30	47	41	25	31	54	20	26	80.6575447340851
sp|P06993|MALT_ECOLI	511145.b3418	95	9	35	70	30	40	38	48	23	132	19	45	24	70	62	53	32	35	22	19	4.50553731568009
sp|P46850|RTCB_ECOLI	511145.b3421	41	8	19	30	12	31	11	26	23	29	15	17	15	19	19	17	27	30	6	13	0.107925411081918
sp|P38035|RTCR_ECOLI	511145.b3422	52	6	28	43	28	33	11	26	18	57	7	15	17	26	51	37	30	27	9	11	1.97118838313837
sp|P0ACL0|GLPR_ECOLI	511145.b3423	16	1	14	18	8	17	12	21	8	24	7	14	8	11	16	18	15	20	1	3	6.15996483943466
sp|P0A6V5|GLPE_ECOLI	511145.b3425	13	2	10	5	7	8	4	3	3	6	5	4	3	10	3	4	3	9	1	5	35.6371906159897
sp|P13035|GLPD_ECOLI	511145.b3426	41	3	32	33	15	41	15	26	25	53	10	13	20	16	39	30	25	30	12	22	754.53914671644
sp|P0AC86|PHSG_ECOLI	511145.b3428	58	5	53	54	30	48	26	50	37	87	19	49	28	36	46	48	35	54	14	38	84.419652524422
sp|P0A6U8|GLGA_ECOLI	511145.b3429	51	3	29	20	23	44	16	17	12	61	10	11	23	21	30	24	18	35	9	20	300.908676041377
sp|P0A6V1|GLGC_ECOLI	511145.b3430	31	9	29	30	15	27	10	25	19	37	14	19	21	13	32	30	12	37	6	15	240.436334904833
sp|P15067|GLGX_ECOLI	511145.b3431	65	12	43	35	26	54	32	30	15	69	6	38	43	23	38	25	26	34	19	24	9.29114983229593
sp|P07762|GLGB_ECOLI	511145.b3432	48	2	52	46	38	61	33	32	25	68	18	36	35	20	53	32	31	40	26	32	19.8956513709135
sp|P0A9Q9|DHAS_ECOLI	511145.b3433	30	4	23	18	12	35	5	20	13	41	12	14	16	15	21	21	26	28	8	5	1791.95908219908
sp|P0ACP5|GNTR_ECOLI	511145.b3438	30	3	18	22	8	27	7	22	12	34	14	7	16	13	26	21	17	24	1	9	5.3739837011555
sp|P46852|YHHW_ECOLI	511145.b3439	16	0	16	17	8	17	11	15	8	17	7	10	9	13	12	16	9	16	6	8	72.7437472006835
sp|P46853|YHHX_ECOLI	511145.b3440	27	3	22	25	18	23	14	18	26	27	5	11	18	10	14	18	20	28	1	17	64.1799949828887
sp|P46854|YHHY_ECOLI	511145.b3441	13	4	12	11	3	9	6	12	8	8	6	5	6	7	15	5	5	16	3	8	4.42711969005979
sp|P46855|YHHZ_ECOLI	511145.b3442	20	3	16	23	20	31	9	39	26	40	6	37	10	14	18	26	26	10	2	16	5.28705380386045
sp|P0ADX7|YHHA_ECOLI	511145.b3448	3	0	3	3	2	8	2	7	4	17	8	18	15	29	8	7	9	2	0	1	157.829105035596
sp|P10908|UGPQ_ECOLI	511145.b3449	25	4	15	16	5	21	6	12	13	32	8	10	13	7	15	10	11	12	8	4	17.0454416634501
sp|P0AG80|UGPB_ECOLI	511145.b3453	47	2	23	27	20	36	5	14	37	33	14	23	24	21	11	25	27	20	8	21	8.7944401095562
sp|P22731|LIVF_ECOLI	511145.b3454	21	1	12	18	9	22	5	17	8	27	9	8	6	14	17	10	12	15	2	4	57.4346466814804
sp|P0A9S7|LIVG_ECOLI	511145.b3455	18	2	8	18	7	21	7	15	7	37	9	16	12	15	18	8	16	15	1	5	6.56465824365949
sp|P22729|LIVM_ECOLI	511145.b3456	43	2	11	13	34	44	2	25	13	69	17	9	17	11	21	21	20	36	7	10	1.8331452642966
sp|P04816|LIVK_ECOLI	511145.b3458	47	2	29	15	9	39	5	27	27	23	12	15	15	18	11	19	16	23	4	13	540.988493906124
sp|P0AD96|LIVJ_ECOLI	511145.b3460	49	3	26	17	11	36	4	22	31	27	7	16	15	20	7	15	18	27	3	13	4362.30468548874
sp|P0AGB3|RPOH_ECOLI	511145.b3461	33	0	23	22	8	12	6	12	16	29	11	13	6	14	23	16	9	18	6	7	2.57986603582435
sp|P0AC30|FTSX_ECOLI	511145.b3462	34	3	18	13	19	29	4	19	14	43	8	16	12	15	22	23	15	33	4	8	39.6395395816499
sp|P0A9R7|FTSE_ECOLI	511145.b3463	17	1	13	10	9	24	10	16	9	26	7	7	7	8	18	12	9	15	1	3	114.369264257692
sp|P10121|FTSY_ECOLI	511145.b3464	62	0	22	79	19	30	5	28	33	37	8	11	22	30	18	15	27	46	3	2	190.486185966864
sp|P0ADX9|RSMD_ECOLI	511145.b3465	21	2	10	13	5	17	3	9	7	22	3	11	11	9	14	11	8	14	4	4	28.8862805292485
sp|P37615|YHHM_ECOLI	511145.b3467	8	0	5	6	8	8	1	6	8	7	4	3	6	11	10	9	6	10	0	3	9.55822264424752
sp|P37617|ATZN_ECOLI	511145.b3469	119	9	28	47	18	59	9	45	25	91	13	21	30	26	41	35	49	55	6	6	30.1580440918867
sp|P0A890|TUSA_ECOLI	511145.b3470	4	2	7	5	3	6	2	4	3	9	5	1	7	1	6	2	8	4	0	2	67.4759291931417
sp|P0AEE1|DCRB_ECOLI	511145.b3472	18	1	15	5	1	14	2	11	12	20	7	12	5	17	4	11	13	14	1	2	151.075353159942
sp|P33590|NIKA_ECOLI	511145.b3476	56	1	28	32	23	25	11	33	28	52	11	23	38	27	23	28	31	26	9	19	3.54540918851357
sp|P33594|NIKE_ECOLI	511145.b3480	21	4	11	13	8	18	7	9	15	41	6	10	9	18	23	18	11	24	1	1	6.9090837118083
sp|P28911|YHHH_ECOLI	511145.b3483	8	3	3	12	6	9	2	14	11	7	3	10	1	3	5	5	7	10	2	6	2.33232375117195
sp|P37624|YHIH_ECOLI	511145.b3486	76	7	42	56	37	65	18	60	24	113	35	24	54	39	60	62	48	62	10	19	8.02198149529034
sp|P37626|YHII_ECOLI	511145.b3487	58	0	19	28	7	17	3	18	16	35	5	5	14	23	31	19	16	32	6	3	29.1281387378553
sp|P37631|YHIN_ECOLI	511145.b3492	32	7	18	22	18	39	7	17	16	49	8	19	17	21	19	23	23	30	8	7	1.20070072727223
sp|P0AFJ7|PITA_ECOLI	511145.b3493	55	2	17	11	18	47	12	34	21	67	23	15	17	13	18	33	35	41	8	12	50.4131130056598
sp|P0AED0|USPA_ECOLI	511145.b3495	9	1	12	9	1	7	7	9	8	17	6	5	4	4	4	12	7	15	1	6	1511.12727387431
sp|P27298|OPDA_ECOLI	511145.b3498	66	6	37	63	34	45	17	21	36	77	14	28	36	28	36	33	26	35	12	30	311.936512570001
sp|P37634|RLMJ_ECOLI	511145.b3499	21	0	14	18	6	18	11	18	15	34	6	6	17	16	19	17	10	16	5	13	26.2302527666419
sp|P06715|GSHR_ECOLI	511145.b3500	44	6	24	30	15	44	14	33	24	27	12	23	20	9	18	16	32	40	3	16	105.665512607696
sp|P37194|SLP_ECOLI	511145.b3506	11	1	6	7	8	17	3	12	8	18	3	16	12	13	5	9	9	16	4	10	553.008668768227
sp|P0AET2|HDEB_ECOLI	511145.b3509	12	2	5	6	4	3	1	5	9	10	5	10	5	5	1	6	8	6	2	3	857.458103604696
sp|P0AES9|HDEA_ECOLI	511145.b3510	14	2	11	5	4	6	0	4	14	9	2	6	5	6	0	3	5	12	2	0	5469.68389263315
sp|P0AET5|HDED_ECOLI	511145.b3511	18	3	4	3	18	14	2	22	6	29	5	2	4	5	7	16	5	19	4	4	299.621451111993
sp|P37636|MDTE_ECOLI	511145.b3513	38	2	20	20	6	27	1	20	18	36	5	21	17	27	20	31	29	38	1	8	39.5980917898901
sp|P37637|MDTF_ECOLI	511145.b3514	115	3	36	45	48	76	6	66	37	108	40	48	48	53	32	76	65	96	7	32	3.38171626908282
sp|P63201|GADW_ECOLI	511145.b3515	9	6	11	12	13	6	9	20	12	32	7	11	10	10	16	28	12	8	1	9	4.19537089394027
sp|P37197|YHJA_ECOLI	511145.b3518	46	7	31	27	16	36	10	23	33	40	9	19	27	23	19	22	22	28	7	20	2.20019670218004
sp|P37641|YHJC_ECOLI	511145.b3521	21	2	14	16	11	23	9	17	10	43	7	6	18	14	22	22	13	19	2	10	0.551218862396764
sp|P37645|YHJG_ECOLI	511145.b3524	61	2	48	35	24	66	7	42	48	76	14	35	38	18	39	38	32	45	10	8	1.69374931281327
sp|P37646|YHJH_ECOLI	511145.b3525	17	4	9	21	13	10	5	17	5	31	7	7	16	16	22	14	13	16	6	6	10.5730140266611
sp|P37647|KDGK_ECOLI	511145.b3526	34	5	19	24	8	23	4	16	14	29	6	9	9	12	17	21	20	22	5	12	50.2595310008549
sp|P37648|YHJJ_ECOLI	511145.b3527	53	2	33	23	9	23	5	21	23	62	14	22	31	39	28	28	31	28	12	11	41.8071726090398
sp|P0A830|DCTA_ECOLI	511145.b3528	44	4	14	12	25	42	6	47	21	52	15	11	11	13	10	26	22	43	1	9	4.66525604933855
sp|P37649|YHJK_ECOLI	511145.b3529	60	7	24	45	21	29	13	50	20	94	27	20	33	43	42	38	26	50	7	13	3.27889866749441
sp|P37650|BCSC_ECOLI	511145.b3530	144	2	86	47	23	83	11	35	43	109	24	64	45	88	81	92	55	55	29	41	3.5710420434938
sp|P37651|GUN_ECOLI	511145.b3531	35	2	22	19	17	27	2	9	22	34	11	16	20	19	22	25	19	19	16	12	0.947247627921568
sp|P37653|BCSA_ECOLI	511145.b3533	64	11	31	37	46	55	26	59	33	102	23	29	49	36	62	46	43	64	26	30	0.518577072682264
sp|P37313|DPPF_ECOLI	511145.b3540	20	6	18	19	9	24	7	13	20	41	12	11	23	26	24	17	12	22	0	10	31.7204253512115
sp|P0AAG0|DPPD_ECOLI	511145.b3541	34	6	19	19	7	23	9	20	13	35	12	10	20	18	21	17	11	24	0	9	18.1685882998965
sp|P0AEF8|DPPB_ECOLI	511145.b3543	25	1	14	10	13	31	9	32	6	45	20	6	17	8	20	12	19	36	9	6	72.1628425161156
sp|P23847|DPPA_ECOLI	511145.b3544	45	4	36	32	21	34	9	21	46	39	18	23	31	26	18	29	26	41	9	27	1814.44879661683
sp|P37661|EPTB_ECOLI	511145.b3546	47	7	28	24	25	35	11	35	25	55	18	30	22	25	34	37	27	40	12	26	6.81693351516277
sp|P20099|BISC_ECOLI	511145.b3551	81	10	38	49	30	70	26	35	22	64	21	32	41	38	42	50	38	45	23	22	6.06698906585928
sp|P37666|GHRB_ECOLI	511145.b3553	40	4	18	22	11	19	14	15	13	36	10	15	13	11	14	14	19	28	2	6	482.464974058028
sp|P0ADK0|YIAF_ECOLI	511145.b3554	29	2	14	4	12	13	2	7	10	21	6	8	13	29	7	16	16	19	2	6	128.996232777995
sp|P0A9V5|YIAG_ECOLI	511145.b3555	5	1	4	10	2	3	2	5	9	12	5	1	3	5	6	8	7	6	1	1	2.52762573954638
sp|P0A9X9|CSPA_ECOLI	511145.b3556	5	0	6	2	6	10	1	4	7	2	2	3	2	2	0	7	4	5	1	1	1747.9219457072
sp|P19769|INSK_ECOLI	511145.b3558	13	3	11	21	10	12	8	13	23	28	8	17	11	11	25	18	11	19	2	19	9.26954210581888
sp|P00961|SYGB_ECOLI	511145.b3559	85	3	51	55	30	38	10	32	41	76	16	24	30	25	47	21	34	51	7	13	738.731815151122
sp|P00960|SYGA_ECOLI	511145.b3560	20	5	16	24	13	22	5	12	11	31	8	11	17	20	16	10	20	18	6	18	372.548501664234
sp|P37387|XYLF_ECOLI	511145.b3566	34	1	24	17	7	25	2	26	29	31	9	26	9	15	8	14	15	29	3	6	8.73262010139928
sp|P37388|XYLG_ECOLI	511145.b3567	34	10	26	37	6	43	15	57	28	60	12	21	14	30	24	26	25	33	3	9	2.15826109702031
sp|P0AGI4|XYLH_ECOLI	511145.b3568	49	2	8	5	14	48	0	34	7	52	19	12	12	9	18	30	24	33	11	6	15.1615050612155
sp|P27297|BAX_ECOLI	511145.b3570	27	2	5	8	6	12	5	12	27	21	11	16	10	12	18	30	22	12	5	13	3.57523961120084
sp|P09053|AVTA_ECOLI	511145.b3572	28	7	18	30	19	36	10	35	19	50	15	20	29	13	20	14	21	15	6	12	32.2407954794162
sp|P37671|YIAJ_ECOLI	511145.b3574	26	4	8	22	7	21	11	20	13	31	10	11	13	10	14	21	17	12	1	10	41.0376231324118
sp|P37685|ALDB_ECOLI	511145.b3588	50	7	23	36	22	48	10	28	25	49	14	21	24	23	22	23	26	35	7	19	44.1701861177412
sp|P37686|ADH2_ECOLI	511145.b3589	62	8	23	18	11	27	9	25	17	31	18	24	14	7	12	17	25	27	0	8	3.03745484320965
sp|P14081|SELB_ECOLI	511145.b3590	67	3	42	43	16	46	23	28	21	74	14	18	27	31	53	16	32	38	12	10	27.8840660020216
sp|P0A821|SELA_ECOLI	511145.b3591	54	6	23	32	7	31	11	18	13	68	11	11	20	22	36	27	27	33	4	9	12.6561530903757
sp|P0ACA1|YIBF_ECOLI	511145.b3592	18	3	10	18	8	11	1	11	9	25	4	9	13	5	14	10	8	18	2	5	31.22122801276
sp|P0AFV0|YIBH_ECOLI	511145.b3597	36	0	21	12	13	20	7	21	14	43	8	16	18	32	19	18	24	39	3	14	12.4084108561589
sp|P00550|PTM3C_ECOLI	511145.b3599	64	4	27	34	29	67	13	54	31	67	25	23	26	15	23	40	30	50	4	11	145.076080350999
sp|P09424|MTLD_ECOLI	511145.b3600	47	1	25	25	11	31	10	24	22	36	8	15	15	17	16	15	18	37	2	7	246.727313418045
sp|P0ADK8|YIBL_ECOLI	511145.b3602	13	0	5	14	3	5	3	4	16	13	7	1	2	7	8	6	5	7	0	1	264.245907761023
sp|P33232|LLDD_ECOLI	511145.b3605	54	3	26	16	11	36	6	22	14	43	15	14	20	10	26	22	15	25	7	11	64.5194474876056
sp|P0A9D4|CYSE_ECOLI	511145.b3607	32	3	14	15	6	26	10	23	12	21	9	10	14	9	12	15	12	20	3	7	113.241252697421
sp|P0A6S7|GPDA_ECOLI	511145.b3608	42	4	18	19	11	34	8	16	9	38	11	12	13	14	24	16	20	23	2	5	130.903868798751
sp|P0AG86|SECB_ECOLI	511145.b3609	14	4	8	13	9	9	3	8	3	12	5	7	7	14	4	8	11	10	1	5	2324.2109455261
sp|P0AC62|GLRX3_ECOLI	511145.b3610	8	3	6	5	2	7	2	6	6	8	2	2	4	3	5	4	4	3	0	3	521.463473996585
sp|P0AG27|YIBN_ECOLI	511145.b3611	13	1	6	9	5	12	3	10	12	14	3	6	5	6	7	6	6	17	2	0	407.718440614137
sp|P37689|GPMI_ECOLI	511145.b3612	65	2	37	39	20	40	13	25	31	39	20	20	19	14	24	20	25	43	3	15	627.216989895073
sp|P37690|ENVC_ECOLI	511145.b3613	54	1	9	37	6	33	4	18	23	41	6	10	10	50	40	27	17	19	4	10	8.7976747945439
sp|P11290|YIBD_ECOLI	511145.b3615	23	4	18	17	10	14	12	24	14	29	12	20	7	13	31	18	27	22	10	19	8.76162615596129
sp|P07913|TDH_ECOLI	511145.b3616	26	6	22	18	15	38	10	29	18	23	15	14	14	5	16	15	16	29	6	6	133.647603713527
sp|P0AB77|KBL_ECOLI	511145.b3617	56	6	24	26	17	37	10	24	16	33	12	13	7	16	25	20	16	27	2	11	241.891635438407
sp|P25666|HTRL_ECOLI	511145.b3618	12	4	15	13	21	16	4	24	27	23	7	16	10	9	18	14	15	18	6	13	13.5190849110879
sp|P67910|HLDD_ECOLI	511145.b3619	25	2	21	23	21	28	5	17	18	24	7	19	8	9	11	16	14	20	3	19	685.680520710649
sp|P27242|WAAU_ECOLI	511145.b3623	9	6	20	20	23	12	16	39	33	38	4	17	15	7	13	24	25	16	2	18	1.18527579909556
sp|P27241|RFAZ_ECOLI	511145.b3624	11	6	22	10	16	9	5	30	25	26	5	15	8	9	18	26	11	15	0	16	1.01764619302592
sp|P27129|RFAJ_ECOLI	511145.b3626	23	6	24	12	11	14	8	24	31	42	6	17	10	12	13	18	15	23	6	23	4.80681689883382
sp|P27126|RFAS_ECOLI	511145.b3629	7	3	24	16	19	12	4	43	35	25	7	29	5	7	11	19	14	11	5	15	4.5436900184562
sp|P25741|RFAP_ECOLI	511145.b3630	15	3	14	17	11	16	8	19	21	33	10	8	9	4	26	11	15	14	6	5	7.889805148068
sp|P25740|RFAG_ECOLI	511145.b3631	40	5	18	25	18	24	13	16	20	35	7	13	17	21	23	17	16	24	3	19	1.28204133567361
sp|P0AC75|KDTA_ECOLI	511145.b3633	44	1	14	20	12	27	14	22	16	60	7	12	27	17	32	20	26	33	6	15	12.7462073602095
sp|P0A6I6|COAD_ECOLI	511145.b3634	19	0	6	10	9	6	9	8	6	15	9	6	7	8	8	9	8	13	1	2	28.2147459204934
sp|P05523|FPG_ECOLI	511145.b3635	17	6	10	21	6	21	10	13	16	35	4	6	17	10	19	15	11	19	5	8	3.29330527150612
sp|P0A7N9|RL33_ECOLI	511145.b3636	3	0	1	4	2	3	2	4	12	3	1	1	2	1	3	2	5	4	0	2	3928.31657479621
sp|P0A7M2|RL28_ECOLI	511145.b3637	5	1	2	4	3	5	3	2	7	6	2	4	2	1	11	5	5	8	1	1	5502.10038667988
sp|P0ABQ0|COABC_ECOLI	511145.b3639	59	4	25	17	8	27	7	22	19	40	13	18	24	15	23	19	19	36	3	8	62.2139109489907
sp|P06968|DUT_ECOLI	511145.b3640	12	1	12	6	6	18	4	10	5	16	5	4	9	7	7	8	7	11	1	2	391.496214818403
sp|P0C093|SLMA_ECOLI	511145.b3641	16	1	10	18	10	10	2	13	8	29	6	4	4	11	22	12	13	5	1	3	12.5646447002886
sp|P23839|YICC_ECOLI	511145.b3644	27	1	12	38	5	10	2	18	14	32	9	12	6	19	26	12	12	22	5	5	108.635172261821
sp|P25772|LIGB_ECOLI	511145.b3647	51	5	27	30	16	41	8	25	30	49	14	16	27	45	35	35	24	47	29	6	1.36851177276556
sp|P60546|KGUA_ECOLI	511145.b3648	19	0	15	14	8	11	8	14	9	18	6	3	7	14	16	14	10	12	1	8	143.014178905018
sp|P0A800|RPOZ_ECOLI	511145.b3649	11	0	5	12	1	5	0	6	3	7	2	4	2	9	10	0	4	10	0	0	1979.77530905113
sp|P0AG24|SPOT_ECOLI	511145.b3650	61	8	34	51	18	40	25	53	41	63	23	24	32	33	53	37	34	46	4	22	38.0993538902126
sp|P0AGJ2|TRMH_ECOLI	511145.b3651	29	3	10	13	2	15	8	14	7	17	12	8	10	17	15	10	12	17	4	6	23.9717470285426
sp|P24230|RECG_ECOLI	511145.b3652	77	6	26	49	15	49	23	33	26	95	21	19	37	44	46	23	43	43	6	12	13.7792410543063
sp|P31433|YICH_ECOLI	511145.b3655	51	0	33	22	19	42	9	30	18	69	9	33	26	32	29	47	42	35	17	6	16.6799796002467
sp|P04846|NLPA_ECOLI	511145.b3661	27	1	16	17	8	21	8	15	21	31	3	15	13	13	6	12	15	23	1	6	64.2947186181333
sp|P31440|YICO_ECOLI	511145.b3664	37	6	16	7	33	47	5	40	9	49	20	16	14	4	10	34	33	51	5	8	12.663215733257
sp|P09836|UHPC_ECOLI	511145.b3667	57	6	11	12	29	44	6	29	9	56	14	15	15	8	20	22	21	29	19	17	2.19742296209516
sp|P09835|UHPB_ECOLI	511145.b3668	39	7	17	23	14	37	14	27	5	100	9	11	19	30	37	30	26	28	19	8	3.10078522337938
sp|P0ADF8|ILVN_ECOLI	511145.b3670	3	2	8	4	5	3	4	7	4	9	4	7	3	8	5	4	5	10	1	0	18.5598845664859
sp|P08142|ILVB_ECOLI	511145.b3671	71	9	29	30	17	45	14	47	18	47	21	19	37	34	24	23	29	34	4	10	211.071966381574
sp|P0C054|IBPA_ECOLI	511145.b3687	12	0	6	14	6	8	4	10	5	14	1	13	5	6	11	5	2	8	0	7	298.989373689337
sp|P31456|CBRA_ECOLI	511145.b3690	31	8	21	11	20	23	10	25	27	29	7	9	14	15	22	26	15	20	9	12	1.03939608165825
sp|P0A8Y5|YIDA_ECOLI	511145.b3697	31	2	18	18	8	15	6	20	17	23	9	12	11	7	9	11	16	24	0	13	160.66888964375
sp|P09996|YIDB_ECOLI	511145.b3698	11	0	6	9	3	17	0	5	7	22	2	5	3	12	1	14	4	8	2	1	115.209916858252
sp|P0AES6|GYRB_ECOLI	511145.b3699	67	5	53	68	24	61	21	48	52	70	20	31	28	32	51	42	44	55	6	26	430.993243798199
sp|P0A988|DPO3B_ECOLI	511145.b3701	28	4	19	29	14	25	7	15	12	43	15	14	20	16	25	23	18	31	1	7	100.803197065928
sp|P03004|DNAA_ECOLI	511145.b3702	50	3	24	31	21	23	9	23	23	48	8	29	21	23	36	24	25	30	5	11	33.0282200125396
sp|P0A7P5|RL34_ECOLI	511145.b3703	5	0	0	0	2	3	1	0	5	3	2	2	1	2	11	3	3	3	0	0	4075.7439099751
sp|P25714|YIDC_ECOLI	511145.b3705	41	1	24	19	27	38	7	35	29	55	22	26	34	42	15	30	38	30	11	24	43.5464837135156
sp|P25522|MNME_ECOLI	511145.b3706	54	1	33	36	16	41	10	33	14	55	7	13	17	18	32	22	20	25	4	3	188.792390180646
sp|P0A853|TNAA_ECOLI	511145.b3708	44	7	25	34	23	37	8	29	29	36	16	15	20	20	24	19	27	31	2	25	2619.69194344368
sp|P31462|MDTL_ECOLI	511145.b3710	53	8	7	10	25	30	7	32	7	55	17	6	17	6	17	34	18	32	5	5	2.83173842989015
sp|P0ADM8|YIEE_ECOLI	511145.b3712	19	4	12	14	9	15	11	11	10	30	7	12	16	8	16	21	13	15	4	2	2.64103000723381
sp|P0AGE6|YIEF_ECOLI	511145.b3713	15	1	10	10	6	17	2	13	8	19	7	6	12	14	7	9	9	18	1	4	328.128863526318
sp|P31467|YIEH_ECOLI	511145.b3715	21	5	14	16	13	13	8	13	12	17	9	8	10	5	7	12	10	19	3	6	2.69804041243998
sp|P31470|YIEK_ECOLI	511145.b3718	20	2	12	16	9	23	8	14	14	26	8	11	11	8	7	9	15	17	1	9	2.3119987967807
sp|P26218|BGLH_ECOLI	511145.b3720	44	0	36	32	32	45	6	22	35	32	11	36	14	23	21	41	37	28	13	30	1.12926802963191
sp|P0A9K7|PHOU_ECOLI	511145.b3724	17	5	22	18	7	12	6	20	13	21	13	7	3	14	17	14	10	17	0	5	66.1167903339092
sp|P0AAH0|PSTB_ECOLI	511145.b3725	19	4	15	16	12	16	4	18	16	27	8	12	10	14	13	14	17	11	2	9	272.901716098411
sp|P0AG82|PSTS_ECOLI	511145.b3728	40	0	20	15	14	34	1	17	32	25	3	17	15	14	5	22	25	27	8	12	218.542355461457
sp|P17169|GLMS_ECOLI	511145.b3729	59	4	30	51	13	49	24	43	23	71	14	19	21	22	36	38	28	43	3	18	340.630395615878
sp|P0ACC7|GLMU_ECOLI	511145.b3730	45	4	29	26	7	49	12	30	25	45	9	24	13	20	24	11	30	39	3	11	89.9861258714699
sp|P0A6E6|ATPE_ECOLI	511145.b3731	17	0	6	13	2	12	6	11	8	12	6	1	4	8	5	8	6	10	0	4	822.413500171237
sp|P0ABB4|ATPB_ECOLI	511145.b3732	34	1	27	39	14	45	7	27	20	42	15	11	20	20	26	25	24	47	1	15	5972.2194048836
sp|P0ABA6|ATPG_ECOLI	511145.b3733	27	2	17	15	4	20	4	13	23	29	13	12	9	14	13	21	13	25	2	11	762.651450638895
sp|P0ABB0|ATPA_ECOLI	511145.b3734	58	4	28	31	14	48	7	40	24	46	10	16	18	28	29	32	23	40	1	16	2627.91462570101
sp|P0ABA4|ATPD_ECOLI	511145.b3735	27	2	9	17	6	8	2	10	8	18	7	6	3	9	11	12	4	16	1	1	795.890814069017
sp|P0ABA0|ATPF_ECOLI	511145.b3736	31	1	8	18	3	3	1	13	15	14	3	4	2	10	10	5	3	10	1	1	1009.81244582767
sp|P68699|ATPL_ECOLI	511145.b3737	13	0	3	2	4	10	0	8	1	12	8	2	3	2	2	0	1	6	0	2	393.283746981882
sp|P0AB98|ATP6_ECOLI	511145.b3738	17	0	8	8	20	17	7	25	10	45	11	12	15	7	4	17	12	23	7	6	7.4144862038608
sp|P0ABC0|ATPZ_ECOLI	511145.b3739	16	0	1	1	9	7	2	6	6	23	3	4	5	3	4	7	3	22	4	0	3.20162733557121
sp|P0A6U5|RSMG_ECOLI	511145.b3740	11	1	10	16	7	12	8	12	11	28	5	9	14	10	11	12	4	19	2	5	23.1301629971324
sp|P0A6U3|MNMG_ECOLI	511145.b3741	63	4	34	42	20	50	11	38	24	62	18	25	34	35	47	30	35	36	4	17	31.9464684119139
sp|P03817|MIOC_ECOLI	511145.b3742	14	1	10	16	4	15	4	11	7	19	1	4	7	3	2	10	9	4	3	3	240.577979861815
sp|P0ACI6|ASNC_ECOLI	511145.b3743	12	2	8	9	3	10	3	19	10	14	5	5	5	7	6	8	10	9	0	7	106.664972554918
sp|P00963|ASNA_ECOLI	511145.b3744	27	2	24	23	10	29	13	14	15	40	6	3	14	20	19	22	12	24	8	5	717.53563403292
sp|P0ADN0|VIAA_ECOLI	511145.b3745	36	6	24	42	20	21	9	26	14	63	15	10	21	35	47	27	23	27	8	9	3.22006931116488
sp|P31473|RAVA_ECOLI	511145.b3746	42	4	25	36	18	28	11	28	22	75	9	12	20	42	33	35	16	24	9	9	22.5790793266048
sp|P63183|KUP_ECOLI	511145.b3747	50	4	11	29	35	42	15	51	16	86	24	21	29	14	31	41	37	55	14	17	0.885706710530302
sp|P04983|RBSA_ECOLI	511145.b3749	34	2	29	37	17	49	7	34	32	56	20	15	14	20	28	30	26	39	2	10	3.85461211303491
sp|P0AGI1|RBSC_ECOLI	511145.b3750	39	1	4	6	10	36	2	29	9	46	10	16	6	8	10	18	23	35	4	9	3.29054690894377
sp|P02925|RBSB_ECOLI	511145.b3751	44	0	21	11	7	24	3	13	26	28	7	18	9	17	6	12	15	32	0	3	493.780598464522
sp|P31475|YIEP_ECOLI	511145.b3755	25	3	9	18	10	9	8	13	10	26	9	7	9	13	11	12	15	13	5	5	48.4526372175702
sp|P0ADN2|YIFE_ECOLI	511145.b3764	6	1	7	14	7	8	4	2	8	6	2	3	5	2	11	5	9	6	1	5	1160.32305814701
sp|P0AB80|ILVE_ECOLI	511145.b3770	28	3	16	22	13	30	8	20	12	21	8	10	13	10	18	20	15	25	6	11	164.616300917156
sp|P05791|ILVD_ECOLI	511145.b3771	70	12	46	28	16	63	11	34	32	55	22	22	22	23	31	42	32	39	3	13	75.6706190391167
sp|P04968|ILVA_ECOLI	511145.b3772	60	7	29	38	25	46	16	20	21	59	12	14	21	19	31	24	16	40	2	14	18.4724529885447
sp|P05793|ILVC_ECOLI	511145.b3774	50	6	26	42	16	46	7	28	33	45	21	16	17	21	21	21	22	31	5	17	4181.44181978476
sp|P0A9L5|PPIC_ECOLI	511145.b3775	8	2	4	5	5	9	4	5	10	11	2	2	5	4	3	3	3	6	0	2	155.849529844397
sp|P09980|REP_ECOLI	511145.b3778	52	5	34	57	26	40	15	33	39	81	22	27	21	33	50	37	37	34	8	22	4.40217715416762
sp|P0A8J8|RHLB_ECOLI	511145.b3780	41	4	25	28	13	31	16	25	20	48	9	15	22	14	33	14	27	20	3	13	179.142084298487
sp|P0AA25|THIO_ECOLI	511145.b3781	12	2	11	5	4	9	1	9	10	13	2	4	5	3	1	3	6	5	2	2	1347.06708415288
sp|P0AG30|RHO_ECOLI	511145.b3783	31	1	23	36	16	29	8	31	28	44	16	21	17	11	30	21	23	25	1	7	3340.96419064414
sp|P0AG00|WZZE_ECOLI	511145.b3785	41	1	22	20	14	18	2	17	13	34	16	17	16	21	28	17	17	16	7	11	141.125579548569
sp|P27828|WECB_ECOLI	511145.b3786	28	4	21	26	12	21	13	24	15	41	10	15	22	14	24	15	27	31	4	9	39.2572098288008
sp|P27829|WECC_ECOLI	511145.b3787	47	9	23	28	13	25	10	30	18	35	9	17	23	19	19	19	21	43	7	5	13.5961537727027
sp|P27830|RMLB2_ECOLI	511145.b3788	34	5	21	24	12	25	13	19	15	33	5	14	15	9	19	21	23	23	7	18	13.2936609541067
sp|P61887|RMLA2_ECOLI	511145.b3789	20	2	13	24	15	30	3	19	15	32	5	7	14	14	16	16	15	16	4	13	21.8838279851399
sp|P27833|RFFA_ECOLI	511145.b3791	38	7	21	22	18	28	9	25	15	36	12	14	15	15	21	18	22	21	4	15	8.39938753157505
sp|P27836|WECG_ECOLI	511145.b3794	22	1	10	14	6	20	5	12	13	27	7	10	9	16	19	8	13	18	6	10	3.7147235840701
sp|P27837|YIFK_ECOLI	511145.b3795	53	5	2	16	36	46	8	46	13	44	19	15	17	9	17	25	18	43	12	17	5.88460896289063
sp|P0ACB7|HEMY_ECOLI	511145.b3802	48	1	22	27	5	22	14	22	17	53	11	16	14	29	34	9	15	22	9	8	105.335594085213
sp|P09127|HEMX_ECOLI	511145.b3803	56	0	31	23	4	12	1	19	20	42	7	18	13	38	18	29	29	21	6	6	103.736812257073
sp|P06983|HEM3_ECOLI	511145.b3805	34	4	19	24	3	28	5	19	8	42	6	11	16	10	27	16	10	24	2	5	3.70543262315306
sp|P00936|CYAA_ECOLI	511145.b3806	47	15	43	60	37	47	25	39	29	104	16	42	39	40	56	63	33	57	16	40	21.3163621776189
sp|P27838|CYAY_ECOLI	511145.b3807	5	2	12	10	5	9	3	8	3	10	1	4	1	7	5	5	7	3	5	1	62.2048220868898
sp|P0A6K1|DAPF_ECOLI	511145.b3809	24	6	16	18	14	26	9	11	7	21	9	11	14	10	21	8	11	31	1	6	51.8723401982466
sp|P23305|YIGA_ECOLI	511145.b3810	22	0	10	19	7	14	10	8	3	38	9	7	11	12	21	13	7	15	4	5	15.3246861671987
sp|P0A8P6|XERC_ECOLI	511145.b3811	25	1	20	15	9	19	13	12	15	42	7	14	9	12	26	21	8	18	6	6	8.47262768387671
sp|P0ADP0|YIGB_ECOLI	511145.b3812	23	1	16	15	11	14	7	13	6	28	6	8	12	11	21	13	12	10	5	6	51.1715215492835
sp|P03018|UVRD_ECOLI	511145.b3813	66	6	38	59	22	51	18	31	24	78	24	31	20	47	60	35	33	41	13	23	100.200035257014
sp|P0ABI4|CORA_ECOLI	511145.b3816	23	1	20	33	22	15	5	19	8	43	10	13	11	14	23	19	9	16	4	8	121.725213628338
sp|P0A921|PA1_ECOLI	511145.b3821	18	0	16	15	10	23	5	9	10	29	8	20	13	12	13	19	18	18	10	23	14.1409578525794
sp|P07000|PLDB_ECOLI	511145.b3825	33	3	23	18	21	26	16	18	5	26	8	10	17	14	36	11	14	24	7	10	14.2645503749258
sp|P27848|YIGL_ECOLI	511145.b3826	21	4	22	16	12	20	11	12	12	30	9	13	9	6	13	15	11	19	2	9	40.251226794207
sp|P0A9F9|METR_ECOLI	511145.b3828	30	5	13	17	12	13	11	12	9	42	6	7	23	25	23	21	17	21	5	5	14.2595989583098
sp|P25665|METE_ECOLI	511145.b3829	77	7	50	52	21	46	19	40	36	86	9	25	37	34	48	31	41	53	23	18	6138.80680687497
sp|P56262|DLHH_ECOLI	511145.b3830	35	2	19	10	8	22	8	16	10	22	5	9	19	14	12	17	11	16	6	10	27.8598032419194
sp|P12758|UDP_ECOLI	511145.b3831	28	3	11	17	8	21	7	13	10	20	9	5	10	9	13	16	23	24	2	4	2135.37688502396
sp|P0A887|UBIE_ECOLI	511145.b3833	20	2	19	11	13	19	7	11	16	23	10	9	7	7	15	16	13	22	1	10	167.023365156478
sp|P0A6A0|UBIB_ECOLI	511145.b3835	34	3	26	39	30	33	10	32	31	69	15	17	35	21	41	22	17	40	13	18	1.5387130591869
sp|P69428|TATA_ECOLI	511145.b3836	9	0	10	4	3	7	1	8	12	6	2	1	1	7	1	6	6	4	1	0	384.362876676842
sp|P69425|TATB_ECOLI	511145.b3838	22	0	8	16	4	5	3	5	13	16	3	5	15	9	5	14	12	14	1	1	67.1029441149671
sp|P69423|TATC_ECOLI	511145.b3839	22	4	7	15	22	11	3	19	8	33	9	5	16	6	9	17	12	28	2	10	68.1930637117443
sp|P0AFW0|RFAH_ECOLI	511145.b3842	12	2	5	12	9	8	5	12	10	14	3	6	11	7	9	8	10	13	1	5	8.4622680667659
sp|P0AAB4|UBID_ECOLI	511145.b3843	37	7	35	31	19	38	9	27	26	46	13	16	38	18	27	16	30	38	10	16	58.1793341425875
sp|P0AEN1|FRE_ECOLI	511145.b3844	23	3	17	18	10	16	7	17	7	21	7	4	9	6	19	10	13	16	3	7	91.5600207950147
sp|P21177|FADB_ECOLI	511145.b3846	82	5	44	50	30	62	11	37	54	74	21	24	40	24	31	26	30	58	8	18	6.59412699401412
sp|P21165|PEPQ_ECOLI	511145.b3847	42	3	27	29	18	26	19	26	21	45	12	22	25	16	19	18	19	28	8	20	407.471091955249
sp|P0ACB4|HEMG_ECOLI	511145.b3850	16	1	8	12	7	7	5	10	12	12	6	7	7	7	17	11	11	11	4	10	7.43529154237383
sp|P32173|MOBA_ECOLI	511145.b3857	19	2	12	12	5	15	8	6	7	22	8	8	11	9	12	5	7	18	4	4	7.37607077112788
sp|P0ADP9|YIHD_ECOLI	511145.b3858	7	1	9	8	3	4	1	5	10	15	2	2	3	5	4	2	2	3	1	2	503.853333680044
sp|P0AEG4|DSBA_ECOLI	511145.b3860	22	2	12	12	12	14	3	6	19	16	7	7	7	14	3	10	9	22	3	8	115.478695066641
sp|P32128|YIHF_ECOLI	511145.b3861	40	0	28	30	27	32	6	29	38	42	14	32	19	28	11	31	25	31	4	9	1.90453163967669
sp|P32129|YIHG_ECOLI	511145.b3862	14	9	12	10	17	11	12	19	20	46	10	15	14	15	19	16	14	21	9	7	2.31195692506908
sp|P00582|DPO1_ECOLI	511145.b3863	99	2	51	80	24	57	21	53	59	106	25	32	50	39	45	39	50	57	7	32	258.202006658545
sp|P0A6P7|ENGB_ECOLI	511145.b3865	17	0	13	14	6	13	3	6	15	25	7	9	7	15	12	13	12	16	3	4	142.924602009964
sp|P0A8H6|YIHI_ECOLI	511145.b3866	12	0	13	22	0	12	3	3	18	17	5	4	9	8	16	14	8	3	1	1	232.769868233648
sp|P32131|HEMN_ECOLI	511145.b3867	36	9	34	27	26	24	12	29	21	50	8	17	17	36	30	18	18	22	4	19	13.7251785400409
sp|P0AFB8|NTRC_ECOLI	511145.b3868	49	2	25	35	14	33	15	24	14	59	11	12	22	29	38	20	26	29	7	5	91.9941794926196
sp|P0AFB5|NTRB_ECOLI	511145.b3869	26	0	20	22	7	26	10	24	7	53	8	14	22	23	24	20	17	18	1	7	33.8362391059342
sp|P0A9C5|GLNA_ECOLI	511145.b3870	45	4	31	36	23	36	16	27	24	32	17	19	27	10	23	28	20	32	2	17	1714.62016116589
sp|P32132|TYPA_ECOLI	511145.b3871	37	4	51	42	23	51	13	38	30	53	16	27	24	24	41	28	34	58	2	11	545.118703647891
sp|P32135|YIHN_ECOLI	511145.b3874	36	8	9	12	37	40	2	36	25	47	18	12	15	7	8	27	23	32	7	20	7.06013974811446
sp|P0A9V8|YIHU_ECOLI	511145.b3882	44	2	15	11	8	28	6	16	11	32	17	14	13	12	11	17	14	23	2	2	3.48104753155981
sp|P32144|YIHW_ECOLI	511145.b3884	30	0	14	18	7	15	12	20	6	25	7	13	8	9	16	17	18	21	0	5	148.114714285488
sp|P0A8Y3|YIHX_ECOLI	511145.b3885	17	2	14	15	12	10	10	14	7	19	5	7	8	8	10	11	8	13	3	6	158.140493467823
sp|P0A6M4|DTD_ECOLI	511145.b3887	13	2	9	11	6	13	0	4	4	13	5	5	3	10	11	8	8	16	1	3	57.6592768569727
sp|P0ADQ2|YIID_ECOLI	511145.b3888	27	2	15	27	12	28	13	17	12	31	13	7	17	18	22	13	21	19	6	9	34.2994403508893
sp|P13024|FDHE_ECOLI	511145.b3891	33	8	19	27	7	13	7	16	16	37	10	9	18	14	16	23	7	13	5	11	43.4217138092015
sp|P0AEL0|FDOI_ECOLI	511145.b3892	21	2	4	7	18	10	8	22	10	15	8	7	8	3	14	7	10	21	10	6	4.6800567591881
sp|P0AAJ5|FDOH_ECOLI	511145.b3893	27	16	19	23	9	24	8	17	17	16	5	16	16	10	13	12	15	22	5	10	9.25032627382637
sp|P32176|FDOG_ECOLI	511145.b3894	96	14	52	54	45	92	21	46	60	84	25	58	51	37	44	55	65	53	28	35	22.2712511492606
sp|P32177|FDHD_ECOLI	511145.b3895	20	7	13	21	9	24	7	10	10	29	8	9	12	14	20	17	13	27	3	4	8.57935949717719
sp|P32153|FRVX_ECOLI	511145.b3898	27	6	18	24	15	36	8	21	19	32	11	18	15	14	15	16	20	32	3	6	1.11095449536069
sp|P32155|PTFA_ECOLI	511145.b3900	13	5	8	5	6	12	5	11	9	17	2	5	3	14	3	10	8	9	2	1	12.5919038720621
sp|P32170|RHAA_ECOLI	511145.b3903	43	5	29	30	14	24	15	22	16	45	9	12	19	18	28	29	17	23	11	10	0.585078261369804
sp|P32171|RHAB_ECOLI	511145.b3904	45	12	27	26	15	34	11	32	6	53	9	30	20	31	29	30	32	26	9	12	6.45993713406988
sp|P00448|SODM_ECOLI	511145.b3908	26	0	12	13	11	13	8	6	17	20	4	12	9	6	6	11	9	10	6	7	1593.96022554777
sp|P32157|YIIM_ECOLI	511145.b3910	20	2	14	16	7	17	6	10	12	20	6	4	12	11	13	15	8	14	6	11	148.132443335105
sp|P0AE82|CPXA_ECOLI	511145.b3911	37	0	25	34	14	28	6	24	16	65	14	19	24	25	36	28	21	24	10	7	0.739786363604802
sp|P0AE88|CPXR_ECOLI	511145.b3912	12	0	21	15	6	15	7	9	10	41	7	9	9	11	18	12	12	13	2	3	566.255896919623
sp|P0A796|K6PF1_ECOLI	511145.b3916	27	6	23	21	10	38	7	28	14	25	12	8	8	5	22	14	15	25	1	11	999.877517389932
sp|P06282|CDH_ECOLI	511145.b3918	18	4	9	16	7	14	6	12	9	31	8	15	16	14	19	15	11	16	4	7	6.69196932063108
sp|P0A858|TPIS_ECOLI	511145.b3919	45	3	10	21	6	22	8	19	16	17	7	9	7	11	8	11	9	19	2	5	2582.10051464621
sp|P32162|YIIS_ECOLI	511145.b3922	13	4	8	9	7	4	0	6	8	7	3	2	0	2	3	10	7	5	0	1	58.998620600842
sp|P0AAB8|USPD_ECOLI	511145.b3923	9	2	9	10	3	7	7	13	12	21	6	8	6	4	5	5	5	4	1	5	148.829851253035
sp|P28861|FENR_ECOLI	511145.b3924	19	2	12	17	7	17	7	7	12	32	8	6	14	11	14	12	19	20	4	8	52.3377574714624
sp|P0A9C9|GLPX_ECOLI	511145.b3925	39	3	25	21	4	37	4	28	15	32	14	14	11	7	24	11	16	25	1	5	7.23871368063422
sp|P0A6F3|GLPK_ECOLI	511145.b3926	46	5	27	40	14	43	9	34	22	36	15	20	14	20	32	21	37	36	13	18	835.022551027184
sp|P0AER0|GLPF_ECOLI	511145.b3927	34	6	8	9	21	32	5	21	8	30	6	7	15	7	7	12	15	26	5	7	69.7797633407522
sp|P0AF36|ZAPB_ECOLI	511145.b3928	4	0	1	16	1	2	2	3	5	11	4	6	0	11	4	3	3	4	1	0	2881.198913211
sp|P0A8R0|RRAA_ECOLI	511145.b3929	12	2	15	14	7	21	1	11	2	16	2	7	3	6	8	7	4	17	1	5	375.930522795147
sp|P0A6H5|HSLU_ECOLI	511145.b3931	42	2	27	46	10	24	7	38	30	40	14	15	17	23	29	22	21	28	3	5	483.044757839365
sp|P0A7B8|HSLV_ECOLI	511145.b3932	24	1	10	13	5	15	5	12	10	18	4	8	2	4	10	5	12	13	1	4	87.4801280620022
sp|P29131|FTSN_ECOLI	511145.b3933	35	2	7	23	5	16	4	7	19	19	6	9	25	45	28	19	24	17	5	4	28.7453015992966
sp|P17888|PRIA_ECOLI	511145.b3935	77	11	32	37	21	47	31	31	26	93	8	20	44	48	54	34	34	54	15	15	0.169164599084556
sp|P0A7M9|RL31_ECOLI	511145.b3936	2	4	5	2	4	6	3	4	8	2	2	4	3	1	5	5	4	5	0	1	1611.07282852254
sp|P0A8U6|METJ_ECOLI	511145.b3938	8	1	5	14	2	4	3	7	8	9	3	4	6	3	7	6	6	4	2	3	538.486786078983
sp|P00935|METB_ECOLI	511145.b3939	43	5	21	21	12	35	11	14	13	50	6	15	17	14	23	22	21	31	2	10	101.693132432433
sp|P00562|AK2H_ECOLI	511145.b3940	83	9	57	44	28	63	20	34	20	102	10	22	28	48	57	61	29	66	12	17	94.3128135594547
sp|P0AEZ1|METF_ECOLI	511145.b3941	29	3	23	16	16	17	7	19	15	24	9	12	14	9	20	20	14	19	3	7	238.731326718787
sp|P13029|KATG_ECOLI	511145.b3942	77	1	55	44	36	65	13	28	35	63	13	28	40	24	41	44	39	43	22	15	526.085985562406
sp|P0A9S5|GLDA_ECOLI	511145.b3945	57	7	16	29	10	35	9	22	13	37	7	10	16	13	12	12	22	27	3	10	202.346303174466
sp|P32669|FSAB_ECOLI	511145.b3946	32	2	9	17	5	15	3	16	10	24	6	5	10	10	9	10	15	16	2	4	25.1086576237145
sp|P32670|PTFX2_ECOLI	511145.b3947	94	17	42	63	27	50	22	53	25	103	18	31	31	44	51	61	36	41	9	15	3.44459930198738
sp|P32672|PTFC2_ECOLI	511145.b3949	44	7	10	11	12	45	4	31	14	37	17	10	16	8	7	15	14	45	4	8	2.76435428218375
sp|P32674|PFLD_ECOLI	511145.b3951	64	10	38	55	34	51	18	45	29	90	15	35	29	44	47	45	43	40	6	27	3.55528520222507
sp|P32675|PFLC_ECOLI	511145.b3952	23	10	16	19	11	21	4	16	12	33	9	9	15	11	25	17	13	22	3	3	1.33138538287226
sp|P32676|PTFB3_ECOLI	511145.b3953	15	4	4	11	2	5	3	6	3	14	3	1	2	5	9	5	6	10	1	4	3.51435695677819
sp|P0CB40|EPTC_ECOLX	511145.b3955	37	1	28	28	28	25	12	28	31	65	12	35	35	29	23	33	44	32	13	38	5.85657340900721
sp|P00864|CAPP_ECOLI	511145.b3956	80	8	41	76	18	56	13	43	42	118	24	36	45	41	58	51	41	50	19	23	1177.7999981
sp|P23908|ARGE_ECOLI	511145.b3957	32	8	23	24	14	29	17	25	14	44	7	16	28	12	18	13	27	18	4	10	114.631090513141
sp|P0A6C8|ARGB_ECOLI	511145.b3959	30	1	15	13	3	27	5	18	13	37	8	11	10	11	9	11	12	20	2	2	178.519409731409
sp|P11447|ARLY_ECOLI	511145.b3960	54	7	33	30	14	32	9	14	21	59	10	11	13	33	26	25	18	33	7	8	293.79556533516
sp|P0ACQ4|OXYR_ECOLI	511145.b3961	27	6	16	25	9	18	12	13	12	44	13	3	19	13	22	12	13	20	1	7	211.921272097641
sp|P27306|STHA_ECOLI	511145.b3962	40	8	25	28	15	43	21	36	17	36	12	21	15	20	26	26	24	30	2	21	246.803749421246
sp|P0ACU5|FABR_ECOLI	511145.b3963	27	0	6	22	11	12	3	10	6	20	8	5	4	12	25	15	9	14	1	5	39.6630222878929
sp|P23003|TRMA_ECOLI	511145.b3965	33	5	21	27	14	12	11	21	16	39	13	19	15	22	23	18	19	22	3	13	42.1458299399575
sp|P06129|BTUB_ECOLI	511145.b3966	41	1	49	18	18	63	11	25	21	45	3	28	18	34	31	48	56	41	14	49	15.6532858544529
sp|P08373|MURB_ECOLI	511145.b3972	30	6	15	23	11	28	11	18	16	31	4	17	17	22	14	14	16	32	7	10	51.5076459085138
sp|P06709|BIRA_ECOLI	511145.b3973	28	1	16	21	8	35	2	27	18	43	8	13	11	16	20	14	9	18	7	6	18.0347110959322
sp|P0A6I3|COAA_ECOLI	511145.b3974	18	0	19	21	13	13	9	20	18	39	7	14	16	12	19	21	17	23	5	12	19.6278611520777
sp|P0AG96|SECE_ECOLI	511145.b3981	18	0	2	5	3	10	1	9	4	19	4	2	2	2	9	4	11	17	3	2	37.758385663841
sp|P0AFG0|NUSG_ECOLI	511145.b3982	9	0	10	17	11	14	3	6	11	9	8	5	11	6	15	12	5	24	2	3	682.053148357305
sp|P0A7J7|RL11_ECOLI	511145.b3983	20	1	6	6	4	12	0	9	15	7	6	4	9	7	4	8	9	13	0	2	4833.04106059148
sp|P0A7L0|RL1_ECOLI	511145.b3984	33	0	14	11	4	20	2	11	23	17	7	12	7	9	11	8	13	29	0	3	3867.15646414143
sp|P0A7J3|RL10_ECOLI	511145.b3985	33	1	6	15	6	9	1	5	12	15	6	3	5	3	12	6	9	15	0	3	7731.64287039679
sp|P0A7K2|RL7_ECOLI	511145.b3986	28	0	6	16	2	8	0	6	13	8	4	1	2	1	1	6	3	16	0	0	14543.5129614146
sp|P0A8V2|RPOB_ECOLI	511145.b3987	79	7	92	122	44	106	19	84	80	127	37	51	56	58	90	74	60	109	4	43	2600.77008877132
sp|P0A8T7|RPOC_ECOLI	511145.b3988	124	15	81	109	35	115	21	92	87	139	36	48	57	50	99	71	77	108	9	34	3754.94807532684
sp|P27375|HTRC_ECOLI	511145.b3989	12	2	8	13	11	8	11	6	17	15	2	5	9	9	11	10	7	10	2	11	1.45658439141711
sp|P30140|THIH_ECOLI	511145.b3990	35	5	24	24	14	21	10	14	12	44	10	10	16	23	34	25	17	16	9	14	1.94055206902514
sp|P30136|THIC_ECOLI	511145.b3994	58	9	30	55	22	49	22	45	23	45	21	20	32	27	44	30	39	31	9	20	38.7082636628242
sp|P0AFX4|RSD_ECOLI	511145.b3995	13	1	12	11	4	7	6	8	9	25	3	8	3	8	9	8	3	10	2	8	20.6136722766501
sp|P32664|NUDC_ECOLI	511145.b3996	18	6	14	22	6	18	9	13	8	24	8	4	14	15	19	10	8	21	8	12	16.7055034250405
sp|P29680|DCUP_ECOLI	511145.b3997	35	4	22	21	12	32	9	13	15	38	14	8	20	13	22	11	20	26	5	14	83.1768316278381
sp|P68739|NFI_ECOLI	511145.b3998	26	3	12	13	8	15	4	8	10	25	6	2	17	7	17	14	7	18	5	6	13.3151761168539
sp|P32680|YJAG_ECOLI	511145.b3999	15	5	12	25	8	9	4	14	6	21	7	5	5	11	11	10	9	10	4	5	81.1601979258667
sp|P0ACF0|DBHA_ECOLI	511145.b4000	15	0	3	7	3	6	1	5	11	7	1	4	2	4	3	4	7	7	0	0	6002.48104309586
sp|P0AAA9|ZRAP_ECOLI	511145.b4002	20	1	4	6	2	17	5	5	7	10	12	7	4	10	6	9	5	4	3	4	408.354621211425
sp|P14377|ZRAS_ECOLI	511145.b4003	50	1	21	25	13	34	13	25	21	57	12	15	18	30	28	28	23	37	6	8	6.80855525856579
sp|P14375|ZRAR_ECOLI	511145.b4004	51	3	24	36	11	27	11	29	17	56	9	14	16	19	30	23	23	33	2	7	2.04100434307164
sp|P15640|PUR2_ECOLI	511145.b4005	54	6	28	33	15	45	11	22	23	33	13	12	20	12	17	9	26	37	5	8	503.46755468236
sp|P15639|PUR9_ECOLI	511145.b4006	70	7	34	36	21	42	11	35	28	33	16	19	17	20	30	29	23	43	2	13	903.72219425728
sp|P07623|META_ECOLI	511145.b4013	21	2	22	20	17	11	11	16	9	36	4	19	21	14	17	14	18	18	5	14	198.441957406605
sp|P08997|MASY_ECOLI	511145.b4014	52	5	34	38	23	32	12	36	26	50	14	25	24	25	31	21	33	26	11	15	809.950357171646
sp|P0A9G6|ACEA_ECOLI	511145.b4015	56	5	23	27	19	35	8	20	21	33	10	12	17	29	16	25	27	26	8	17	3745.52021091737
sp|P11071|ACEK_ECOLI	511145.b4016	43	8	30	48	36	29	21	33	16	61	15	15	30	28	51	21	25	34	9	25	0.18853305501292
sp|P23325|ARPA_ECOLI	511145.b4017	53	9	36	40	34	27	24	49	56	86	25	56	27	30	25	48	41	35	2	25	4.57376936561327
sp|P13009|METH_ECOLI	511145.b4019	136	13	77	105	45	87	21	77	58	96	30	56	50	42	72	51	65	92	14	40	36.9936238752519
sp|P0A7C6|PEPE_ECOLI	511145.b4021	24	2	7	15	8	22	6	15	7	27	2	10	16	8	10	7	18	18	4	3	58.9280098498001
sp|P32684|RLUF_ECOLI	511145.b4022	12	3	17	22	10	25	4	21	31	23	5	14	14	6	23	16	14	25	1	4	8.49777020541926
sp|P08660|AK3_ECOLI	511145.b4024	50	5	22	35	18	30	8	24	11	63	8	18	15	9	29	30	30	38	2	4	479.450350591907
sp|P0A6T1|G6PI_ECOLI	511145.b4025	48	2	33	33	33	39	18	33	36	46	14	33	19	20	18	29	36	33	10	16	1279.54176510876
sp|P0AEX9|MALE_ECOLI	511145.b4034	50	0	24	27	16	30	3	25	39	34	9	21	21	9	7	15	23	20	8	15	447.790589747223
sp|P68187|MALK_ECOLI	511145.b4035	28	3	17	26	11	28	10	21	15	40	11	13	20	22	24	17	14	43	2	6	108.044366456057
sp|P02943|LAMB_ECOLI	511145.b4036	40	2	33	21	20	49	6	20	20	22	16	31	9	22	17	28	25	24	19	22	17.5456346755708
sp|P03841|MALM_ECOLI	511145.b4037	35	1	14	9	8	20	1	10	19	33	6	14	25	16	5	29	27	26	1	7	105.014224104345
sp|P0AGK1|UBIA_ECOLI	511145.b4040	35	3	10	7	15	19	4	18	11	45	11	10	10	8	11	11	12	26	13	11	5.41217825111817
sp|P0A7A7|PLSB_ECOLI	511145.b4041	67	5	38	49	27	45	24	45	28	104	27	35	46	29	63	47	41	48	8	31	89.2181328229535
sp|P0ABN1|KDGL_ECOLI	511145.b4042	18	2	4	6	3	8	2	15	3	12	4	4	0	1	6	8	5	14	5	2	10.1962778588838
sp|P0A7C2|LEXA_ECOLI	511145.b4043	16	0	12	16	6	17	5	13	11	22	5	6	9	13	15	9	6	19	1	1	47.5840749332609
sp|P28303|DINF_ECOLI	511145.b4044	63	5	12	8	17	37	8	28	5	91	14	12	12	14	26	21	26	37	13	10	7.99370544214213
sp|P68206|YJBJ_ECOLI	511145.b4045	2	0	7	8	1	7	0	3	10	2	2	3	0	6	4	0	3	4	4	3	1346.62061848469
sp|P0AC51|ZUR_ECOLI	511145.b4046	18	9	8	16	5	6	9	5	9	19	5	3	7	11	10	6	9	13	0	3	19.6702110657731
sp|P32695|DUSA_ECOLI	511145.b4049	30	7	22	20	9	27	12	18	14	31	12	11	15	11	22	17	13	22	4	13	28.9537318446144
sp|P28304|QOR1_ECOLI	511145.b4051	38	2	11	22	9	31	6	23	20	31	2	9	12	16	15	24	16	25	3	12	589.317889859129
sp|P0ACB0|DNAB_ECOLI	511145.b4052	43	0	37	37	12	30	6	34	18	44	14	21	21	23	37	34	19	28	3	10	74.9907627904779
sp|P04693|TYRB_ECOLI	511145.b4054	51	5	19	26	17	30	6	17	13	43	11	17	18	15	23	21	15	30	5	15	285.890652241815
sp|P0AE22|APHA_ECOLI	511145.b4055	23	1	14	11	13	15	3	16	12	14	5	15	16	8	13	20	13	16	5	4	18.2579478059641
sp|P0AF48|YJBQ_ECOLI	511145.b4056	5	1	8	7	3	12	9	8	4	18	5	6	5	6	9	9	11	6	3	3	70.0340721447347
sp|P0AF50|YJBR_ECOLI	511145.b4057	9	1	6	9	1	2	4	3	8	16	3	4	6	9	5	10	4	11	2	5	228.977724895198
sp|P0A698|UVRA_ECOLI	511145.b4058	68	14	54	71	31	81	25	56	48	96	18	33	47	31	66	53	53	67	3	25	35.2574572672584
sp|P0AGE0|SSB_ECOLI	511145.b4059	13	0	8	10	4	29	1	5	6	8	6	8	12	18	10	10	9	13	4	4	278.677290549136
sp|P32701|YJCC_ECOLI	511145.b4061	44	5	23	28	24	23	16	44	25	61	11	20	22	29	30	28	29	29	9	28	2.10481829546426
sp|P0AF52|YJCD_ECOLI	511145.b4064	54	3	14	5	23	56	4	39	10	61	14	12	19	5	8	29	29	53	5	6	69.0901950981119
sp|P32703|YJCE_ECOLI	511145.b4065	57	0	14	38	33	41	7	44	13	83	21	14	23	13	32	26	26	48	10	6	0.667215987047399
sp|P27550|ACSA_ECOLI	511145.b4069	58	7	39	42	17	57	19	41	33	49	13	26	36	21	29	34	42	47	19	23	74.1328639746978
sp|P0ABK9|NRFA_ECOLI	511145.b4070	57	10	30	33	19	27	18	26	40	28	13	19	26	26	21	18	26	20	10	11	9.33767513215082
sp|P21345|GLTP_ECOLI	511145.b4077	41	1	14	14	23	33	8	46	18	57	13	8	14	10	12	35	24	49	6	11	6.65436023957607
sp|P32714|MDTP_ECOLI	511145.b4080	65	2	25	24	12	31	11	20	17	65	14	13	18	38	31	34	22	28	5	13	3.20019941173906
sp|P32721|ALSA_ECOLI	511145.b4087	31	11	28	36	13	39	10	45	33	50	21	26	12	14	31	34	23	39	3	11	4.34581778072248
sp|P16690|PHNN_ECOLI	511145.b4094	19	3	7	11	3	13	9	7	4	29	3	9	5	11	16	13	7	8	3	5	18.1381464452607
sp|P16689|PHNM_ECOLI	511145.b4095	41	2	22	28	10	24	18	16	15	41	9	17	15	19	26	24	14	26	4	7	1.09719889768701
sp|P16679|PHNL_ECOLI	511145.b4096	23	2	10	12	5	15	7	13	8	25	3	10	11	9	17	14	11	25	3	3	1.67645363334922
sp|P16681|PHNB_ECOLI	511145.b4107	16	2	8	7	8	12	2	7	8	8	8	6	8	9	3	13	6	7	4	5	8.94356397125728
sp|P0AFJ1|PHNA_ECOLI	511145.b4108	5	5	10	9	2	8	2	8	13	8	4	8	5	1	1	8	3	6	1	4	436.570905815817
sp|P16694|YJDA_ECOLI	511145.b4109	70	9	38	54	26	27	23	33	21	99	16	27	32	68	49	41	38	45	8	18	0.410766560743069
sp|P39267|YJCZ_ECOLI	511145.b4110	33	5	11	15	10	19	9	6	8	44	7	5	13	25	20	16	17	13	11	5	71.1142625058196
sp|P0C0L7|PROP_ECOLI	511145.b4111	47	4	22	18	29	43	9	48	20	60	19	11	23	14	19	26	25	39	7	17	102.092456822031
sp|P06720|AGAL_ECOLI	511145.b4119	43	12	25	33	11	28	17	32	20	39	16	19	23	14	22	14	29	28	7	19	16.9528382303429
sp|P02921|MELB_ECOLI	511145.b4120	38	4	17	9	34	36	7	41	13	58	17	14	17	11	17	28	27	51	8	26	0.98444605100603
sp|P14407|FUMB_ECOLI	511145.b4122	53	9	29	36	17	50	15	31	38	51	11	21	27	30	17	25	29	30	3	26	84.2458538069477
sp|P0AF61|YJDK_ECOLI	511145.b4128	4	1	10	5	8	2	0	7	4	10	4	6	3	2	5	11	4	5	0	7	1.53479095260315
sp|P0A8N5|SYK2_ECOLI	511145.b4129	41	1	36	46	31	33	11	31	20	45	18	20	19	21	41	17	29	28	2	15	435.707175973972
sp|P0A9H3|LDCI_ECOLI	511145.b4131	46	7	38	50	34	44	24	49	43	64	30	37	36	15	30	40	49	38	7	34	6.5804625132956
sp|P23890|CADC_ECOLI	511145.b4133	31	3	27	29	17	20	9	34	24	58	12	32	28	26	22	48	27	37	9	19	0.801273886231779
sp|P0ACU7|YJDC_ECOLI	511145.b4135	20	5	15	15	5	7	4	6	6	28	6	4	7	14	15	5	10	10	2	7	96.5288119079375
sp|P36655|DSBD_ECOLI	511145.b4136	62	8	21	15	32	44	9	29	16	79	14	13	31	43	19	24	39	40	11	16	0.35483641226364
sp|P69488|CUTA_ECOLI	511145.b4137	13	3	5	9	0	3	4	2	6	18	2	2	5	6	1	8	10	8	2	5	124.207506192324
sp|P0ABN5|DCUA_ECOLI	511145.b4138	47	5	11	12	22	35	5	43	16	56	15	13	19	8	8	30	28	47	4	9	48.38793888442
sp|P0AC38|ASPA_ECOLI	511145.b4139	42	11	19	38	13	34	8	32	27	44	16	36	19	19	16	21	24	43	0	16	847.518072583268
sp|P0A6F9|CH10_ECOLI	511145.b4142	7	0	6	10	1	10	1	10	8	7	2	5	2	0	5	6	3	13	0	1	7208.12461648318
sp|P0A6F5|CH60_ECOLI	511145.b4143	74	3	35	46	7	59	1	32	40	42	23	19	14	16	22	17	33	58	0	7	10660.6067217667
sp|P0AF70|YJEI_ECOLI	511145.b4144	13	3	3	5	1	17	2	7	3	8	5	6	4	9	3	14	3	7	1	3	514.757910919599
sp|P39279|YJEJ_ECOLI	511145.b4145	26	4	16	22	9	9	9	17	21	37	7	18	9	14	18	13	14	18	1	7	4.19384109446219
sp|P39280|EPMB_ECOLI	511145.b4146	29	4	22	22	11	15	13	15	13	51	8	16	18	16	25	14	15	25	3	7	3.14105392106321
sp|P0A6N4|EFP_ECOLI	511145.b4147	16	1	13	13	9	17	1	7	13	15	4	8	8	5	7	9	15	18	3	6	391.215107830266
sp|P0A901|BLC_ECOLI	511145.b4149	17	2	10	8	10	15	2	6	7	14	3	6	10	5	14	9	11	15	4	9	15.5287248439716
sp|P00811|AMPC_ECOLI	511145.b4150	40	2	14	15	11	29	5	23	22	34	7	16	26	25	11	20	27	22	13	15	1.87755256691769
sp|P0A8Q0|FRDC_ECOLI	511145.b4152	14	0	2	6	9	5	1	12	10	14	4	4	9	1	4	3	10	12	7	4	33.7370557646932
sp|P0AC47|FRDB_ECOLI	511145.b4153	24	11	14	13	9	14	6	14	14	17	9	13	14	9	10	14	12	14	2	11	90.0596732256144
sp|P00363|FRDA_ECOLI	511145.b4154	61	10	35	44	20	66	21	23	27	48	21	23	22	22	38	20	36	41	7	17	99.7316723974157
sp|P0A8N7|EPMA_ECOLI	511145.b4155	30	5	19	28	16	16	9	11	9	36	12	10	17	18	23	17	15	21	3	10	10.9988875492995
sp|P39285|MSCM_ECOLI	511145.b4159	110	6	42	72	33	58	17	74	32	170	29	39	41	78	78	71	60	59	20	18	0.821468278724391
sp|P0A8K1|PSD_ECOLI	511145.b4160	24	2	18	21	14	22	5	18	18	36	8	14	21	10	15	15	20	26	6	9	218.854960818363
sp|P39286|RSGA_ECOLI	511145.b4161	20	5	28	25	11	28	12	27	18	30	6	16	13	13	24	20	17	26	2	9	66.3692752658706
sp|P0A784|ORN_ECOLI	511145.b4162	16	1	13	17	6	9	5	12	8	20	6	7	6	6	12	8	11	8	4	6	60.0414398924992
sp|P31806|NNR_ECOLI	511145.b4167	68	6	31	28	7	53	20	27	18	59	10	16	25	14	30	26	26	36	9	6	15.975375897725
sp|P0AF67|YJEE_ECOLI	511145.b4168	15	2	12	10	5	14	3	6	3	19	4	4	8	7	8	5	8	11	1	8	32.3517747004901
sp|P26365|AMIB_ECOLI	511145.b4169	45	1	24	16	11	32	8	24	16	38	7	25	29	24	30	35	33	35	3	9	2.35359436302575
sp|P23367|MUTL_ECOLI	511145.b4170	75	7	28	43	13	32	17	38	22	70	7	20	46	45	43	29	24	38	7	11	8.04081238380223
sp|P16384|MIAA_ECOLI	511145.b4171	40	2	17	24	9	20	8	19	10	37	8	2	17	18	24	20	12	16	5	8	6.15277341941617
sp|P0A6X3|HFQ_ECOLI	511145.b4172	6	0	3	5	3	7	5	5	4	7	2	7	4	9	4	14	5	9	0	3	2239.92519816022
sp|P25519|HFLX_ECOLI	511145.b4173	38	3	26	39	13	24	11	24	15	49	6	9	15	28	40	15	25	35	4	7	49.918013893467
sp|P0ABC7|HFLK_ECOLI	511145.b4174	40	0	23	31	8	43	1	19	21	30	9	24	22	22	32	27	24	27	4	12	217.648474012849
sp|P0ABC3|HFLC_ECOLI	511145.b4175	33	0	26	27	14	18	2	23	20	22	10	10	10	8	32	21	19	28	1	10	217.054687642179
sp|P0A7D4|PURA_ECOLI	511145.b4177	32	4	31	29	12	46	6	20	22	44	10	13	17	10	28	16	33	39	4	16	2503.44617178565
sp|P0AF63|NSRR_ECOLI	511145.b4178	10	3	5	9	3	9	2	8	6	19	4	6	5	5	9	12	8	12	0	6	46.078159713403
sp|P21499|RNR_ECOLI	511145.b4179	67	9	52	70	29	59	18	35	57	71	21	17	35	34	74	41	34	60	5	25	230.718490132164
sp|P63177|RLMB_ECOLI	511145.b4180	27	4	12	17	4	18	7	16	8	28	8	7	9	13	18	14	9	19	1	4	111.57395187208
sp|P0AF78|YJFJ_ECOLI	511145.b4182	33	0	11	26	3	11	2	9	16	26	4	6	1	19	18	20	11	16	0	0	2.81502245299768
sp|P39293|YJFK_ECOLI	511145.b4183	12	0	13	23	14	20	6	14	8	24	5	12	7	8	9	12	11	8	5	8	9.93510813214955
sp|P33224|AIDB_ECOLI	511145.b4187	53	12	25	31	23	46	15	16	13	74	21	17	23	31	45	26	20	29	11	10	32.9051201359768
sp|P39298|YJFP_ECOLI	511145.b4190	29	3	14	14	11	14	8	11	2	31	7	6	15	13	16	17	15	13	5	5	1.91113755909933
sp|P02358|RS6_ECOLI	511145.b4200	14	0	10	20	4	5	6	7	6	5	7	4	5	4	12	4	7	10	1	4	4732.06585541965
sp|P0A7T7|RS18_ECOLI	511145.b4202	7	1	3	3	3	3	1	6	6	5	1	1	2	4	12	3	6	2	0	6	5806.4508477054
sp|P0A7R1|RL9_ECOLI	511145.b4203	24	0	5	14	6	11	2	7	11	12	1	8	3	4	7	6	7	20	0	1	7434.82498564638
sp|P39310|YTFB_ECOLI	511145.b4206	15	0	13	11	8	14	3	10	5	15	6	9	24	24	13	8	14	16	2	2	32.7344731717839
sp|P0A9L3|FKBB_ECOLI	511145.b4207	22	0	7	22	7	21	4	12	6	19	3	4	12	9	12	10	11	19	2	4	621.285309097019
sp|P0AAE0|CYCA_ECOLI	511145.b4208	47	6	12	15	39	35	5	34	20	53	21	9	19	10	13	33	24	51	14	10	51.2342278293167
sp|P69506|YTFE_ECOLI	511145.b4209	21	3	12	24	3	10	9	15	13	24	11	6	13	8	11	10	9	10	2	6	9.90263834873945
sp|P39315|QOR2_ECOLI	511145.b4211	49	0	15	15	5	25	8	15	14	31	4	9	7	12	7	23	18	18	2	9	13.9401045620224
sp|P08331|CPDB_ECOLI	511145.b4213	73	2	54	27	22	45	11	36	50	47	16	41	31	21	18	32	33	52	7	29	32.050278081841
sp|P22255|CYSQ_ECOLI	511145.b4214	26	3	17	13	6	18	8	12	11	18	6	7	16	13	12	11	12	23	6	8	446.09387502802
sp|P39317|YTFI_ECOLI	511145.b4215	18	4	19	25	19	18	6	28	27	27	4	19	6	11	14	23	11	15	3	15	0.543063549764836
sp|P0AE45|YTFL_ECOLI	511145.b4218	34	4	30	29	26	24	6	39	20	51	17	22	16	12	19	31	19	37	3	8	18.9903594789723
sp|P0A744|MSRA_ECOLI	511145.b4219	24	4	13	11	7	19	9	9	3	13	7	8	16	10	9	9	13	12	3	13	228.055216218647
sp|P0ADE4|TAMA_ECOLI	511145.b4220	32	3	40	28	25	54	6	25	32	53	6	18	26	21	41	43	42	42	14	26	0.652774321695637
sp|P39321|TAMB_ECOLI	511145.b4221	84	4	83	69	30	114	9	63	66	153	26	73	65	70	51	70	81	110	21	17	2.81602906185594
sp|P0A7A9|IPYR_ECOLI	511145.b4226	16	2	14	15	6	9	5	10	16	15	4	7	13	2	4	8	4	16	2	8	2273.56941525967
sp|P0A993|F16PA_ECOLI	511145.b4232	24	6	18	27	17	29	9	21	22	27	6	13	13	10	15	19	16	26	0	14	323.790291345873
sp|P37773|MPL_ECOLI	511145.b4233	49	8	27	28	16	45	19	27	20	43	15	16	20	20	18	15	20	34	10	7	88.6955298081141
sp|P0A8X0|YJGA_ECOLI	511145.b4234	14	0	21	18	2	8	2	14	16	23	3	8	7	13	18	3	2	7	3	1	113.782646800589
sp|P0AFK0|PMBA_ECOLI	511145.b4235	46	5	23	31	11	44	10	27	19	41	11	14	14	17	23	39	29	29	6	11	99.7247018207059
sp|P28903|NRDD_ECOLI	511145.b4238	58	16	41	52	27	56	19	43	42	53	12	40	30	27	45	31	36	46	6	32	16.7229735736966
sp|P28904|TREC_ECOLI	511145.b4239	39	5	37	33	24	39	19	21	18	49	16	29	29	29	34	26	29	28	23	24	35.3935611754501
sp|P36672|PTTBC_ECOLI	511145.b4240	44	6	11	11	21	49	8	50	14	57	18	15	25	25	16	23	19	39	7	15	10.2170471574087
sp|P0AF93|RIDA_ECOLI	511145.b4243	19	1	7	8	5	7	1	10	8	5	2	7	7	4	5	4	10	16	0	2	3910.67120928444
sp|P0A7F3|PYRI_ECOLI	511145.b4244	10	4	9	10	5	6	4	12	11	15	2	11	7	6	8	11	7	12	0	3	2026.53427611642
sp|P0A786|PYRB_ECOLI	511145.b4245	34	1	21	14	12	15	11	15	15	38	9	15	12	14	15	20	18	22	2	8	3595.11192445841
sp|P0AF96|TABA_ECOLI	511145.b4252	15	1	9	13	5	10	6	11	9	12	5	4	10	7	6	2	7	11	2	5	166.048454584135
sp|P39336|YJGL_ECOLI	511145.b4253	20	5	37	41	24	21	11	47	47	70	14	81	23	26	22	45	21	26	5	18	9.04233956201851
sp|P04391|OTC1_ECOLI	511145.b4254	37	4	16	28	13	26	9	11	22	36	13	13	9	14	12	15	22	20	4	10	169.709615418443
sp|P0AF90|RRAB_ECOLI	511145.b4255	10	3	22	25	4	8	3	7	3	15	2	3	4	4	3	3	6	8	1	4	863.861361832067
sp|P39337|YJGM_ECOLI	511145.b4256	17	4	7	15	4	15	4	8	7	18	7	4	7	7	9	5	7	11	1	10	10.1866884161941
sp|P07118|SYV_ECOLI	511145.b4258	78	8	65	80	35	66	17	63	53	79	32	40	42	36	61	32	53	61	24	26	455.248809837722
sp|P68767|AMPA_ECOLI	511145.b4260	48	9	19	38	12	49	10	27	24	50	16	23	20	21	32	29	24	34	4	14	286.447711345485
sp|P0AF98|LPTF_ECOLI	511145.b4261	36	2	19	9	17	23	4	21	12	57	15	13	13	18	20	20	21	34	7	5	8.57949898593761
sp|P0ADC6|LPTG_ECOLI	511145.b4262	27	0	14	9	19	33	2	21	17	46	19	9	16	20	14	28	18	29	6	13	12.452512916267
sp|P39342|YJGR_ECOLI	511145.b4263	45	1	31	27	18	48	7	26	29	59	13	22	24	28	24	26	22	37	5	8	19.3824185371661
sp|P39343|IDNR_ECOLI	511145.b4264	23	4	21	18	8	19	10	30	12	35	17	21	11	14	23	21	16	16	0	13	3.68741358391194
sp|P39346|IDND_ECOLI	511145.b4267	30	10	14	22	16	32	11	16	19	21	14	13	15	14	10	22	18	35	3	8	0.481157951664268
sp|P27250|YJGB_ECOLI	511145.b4269	34	8	17	18	11	35	9	22	14	28	9	11	16	14	15	20	15	29	5	9	88.7501101308632
sp|P51026|YI2A_ECOLX	511145.b4273	39	9	18	31	11	28	12	19	19	42	11	15	17	17	44	23	19	31	9	10	4.64562569515767
sp|P51026|YI2A_ECOLX	511145.b4272	39	9	18	31	11	28	12	19	19	42	11	15	17	17	44	23	19	31	9	10	0.223828881919776
sp|P03835|INSG_ECOLI	511145.b4278	31	6	14	28	8	30	13	14	25	58	22	13	27	20	36	23	27	24	11	12	5.90330190520868
sp|P39353|YJHC_ECOLI	511145.b4280	28	9	18	30	12	32	17	27	29	30	16	19	11	9	11	20	18	21	5	10	25.1663021145632
sp|P13036|FECA_ECOLI	511145.b4291	59	0	51	33	31	79	16	28	24	66	15	47	40	35	45	58	55	41	12	39	14.4834921099741
sp|P39356|YJHU_ECOLI	511145.b4295	25	4	21	16	9	27	6	21	14	34	11	13	10	16	21	19	18	32	2	9	21.8621081198869
sp|P39360|YJHI_ECOLI	511145.b4299	14	6	8	19	7	17	6	14	21	37	8	17	7	6	12	20	12	13	4	14	1.02040822434585
sp|P39362|SGCE_ECOLI	511145.b4301	28	2	10	10	12	12	8	12	3	21	7	6	12	11	12	13	15	8	4	4	1.85045057420124
sp|P39363|SGCA_ECOLI	511145.b4302	19	3	7	5	3	8	2	12	2	12	1	9	9	9	7	6	10	10	4	5	3.33034139050893
sp|P39366|SGCX_ECOLI	511145.b4305	31	9	26	20	10	30	10	27	11	36	11	9	22	14	23	21	22	31	2	8	1.08326069628118
sp|P0ADH7|FIME_ECOLI	511145.b4313	19	3	10	14	4	14	8	12	6	19	5	9	2	8	28	7	11	7	3	9	2.75064289201837
sp|P24215|UXUA_ECOLI	511145.b4322	35	3	28	34	14	25	13	25	20	29	14	14	19	13	27	12	21	29	7	12	33.1100563918215
sp|P39160|UXUB_ECOLI	511145.b4323	55	10	29	30	13	34	13	23	17	52	15	21	24	25	26	20	24	34	8	13	18.935454022271
sp|P39376|YJIE_ECOLI	511145.b4327	24	5	14	24	17	12	9	21	8	40	6	12	12	18	22	26	8	14	4	7	5.602700958557
sp|P39377|IADA_ECOLI	511145.b4328	37	6	25	21	11	40	10	27	15	40	6	12	21	9	16	25	26	35	1	7	50.8797376810189
sp|P39385|YJIN_ECOLI	511145.b4336	47	1	28	24	19	19	12	31	20	61	7	15	13	18	36	25	14	24	9	3	14.1954787941057
sp|P15006|MCRC_ECOLI	511145.b4345	11	4	14	22	14	21	10	31	24	42	7	25	12	12	20	22	19	12	4	22	6.30857723265285
sp|P05719|T1SK_ECOLI	511145.b4348	38	5	17	29	21	28	8	34	41	49	4	27	21	21	24	40	18	28	3	8	4.005917098561
sp|P08957|T1MK_ECOLI	511145.b4349	36	6	45	37	21	41	16	21	29	58	11	28	23	23	27	25	34	28	8	12	67.4098140259729
sp|P08956|T1RK_ECOLI	511145.b4350	94	12	85	94	54	57	23	64	72	111	18	53	43	65	84	48	68	77	13	35	25.9641378344926
sp|P24202|MRR_ECOLI	511145.b4351	29	1	27	18	10	25	8	7	18	34	5	6	13	14	20	18	12	28	4	7	14.407579072811
sp|P24203|YJIA_ECOLI	511145.b4352	22	5	25	23	13	22	8	24	12	39	7	15	10	14	17	13	17	22	3	7	48.1395315803506
sp|P39396|YJIY_ECOLI	511145.b4354	76	6	19	19	39	69	14	64	27	84	26	21	38	15	18	32	41	67	15	26	149.40619047914
sp|P02942|MCP1_ECOLI	511145.b4355	78	0	26	41	13	35	5	35	18	45	17	29	7	39	30	43	30	46	5	9	285.160623213126
sp|P39400|YJJN_ECOLI	511145.b4358	39	8	16	20	13	32	9	26	16	24	8	14	19	17	15	13	16	28	2	5	7.30323648452069
sp|P18390|YJJA_ECOLI	511145.b4360	19	4	8	8	1	12	2	7	14	24	3	14	1	11	0	15	11	6	2	2	9.16576359333322
sp|P0AEF0|DNAC_ECOLI	511145.b4361	15	3	10	20	8	16	3	15	16	22	14	17	5	11	19	19	11	13	3	5	2.32748072380003
sp|P39405|FHUF_ECOLI	511145.b4367	21	6	11	18	6	9	10	11	8	36	8	10	16	14	16	12	17	17	8	8	36.814892171288
sp|P39406|RSMC_ECOLI	511145.b4371	35	4	25	15	20	26	9	10	13	36	7	10	15	15	22	24	18	29	3	7	35.0894137678364
sp|P0A7I4|RF3_ECOLI	511145.b4375	38	6	38	39	25	38	13	25	34	49	17	18	20	24	31	19	35	43	4	13	153.601386784333
sp|P0AFH8|OSMY_ECOLI	511145.b4376	24	0	17	10	2	12	3	7	22	11	5	7	1	8	4	21	19	26	0	2	1262.14257466641
sp|P39407|YJJU_ECOLI	511145.b4377	30	5	19	15	18	26	4	21	13	36	8	13	29	18	25	19	18	22	4	14	12.4216234496879
sp|P39408|YJJV_ECOLI	511145.b4378	27	3	15	17	12	17	9	10	10	34	4	7	17	17	18	9	10	16	1	6	23.6574442002282
sp|P39409|YJJW_ECOLI	511145.b4379	24	16	14	15	8	21	9	12	12	35	6	10	15	16	14	15	11	25	5	4	5.37876727743752
sp|P0A6L0|DEOC_ECOLI	511145.b4381	40	4	20	16	8	18	4	19	19	22	6	7	8	4	12	12	17	16	1	6	457.63833907217
sp|P07650|TYPH_ECOLI	511145.b4382	56	2	33	24	16	39	6	27	22	36	20	12	15	11	24	23	29	34	2	9	63.3226973126775
sp|P0A6K6|DEOB_ECOLI	511145.b4383	37	6	31	29	20	46	15	22	22	35	9	14	17	7	17	17	25	22	5	11	872.260869679635
sp|P0ABP8|DEOD_ECOLI	511145.b4384	26	4	19	14	12	23	6	18	14	15	12	7	6	2	12	9	14	20	0	6	937.470665870958
sp|P32099|LPLA_ECOLI	511145.b4386	33	6	17	28	17	22	8	11	13	36	6	17	13	11	25	20	21	21	7	6	39.4962236263378
sp|P0AGB0|SERB_ECOLI	511145.b4388	37	4	19	19	6	27	5	19	16	43	11	8	13	13	16	12	19	22	5	8	4.26995981532807
sp|P24554|RADA_ECOLI	511145.b4389	46	8	21	28	14	40	10	18	19	49	16	13	20	21	29	34	19	48	3	4	6.85941633075183
sp|P27278|NADR_ECOLI	511145.b4390	26	4	25	33	25	25	10	25	24	36	11	14	15	22	22	23	20	25	6	19	34.489719597921
sp|P0A9W3|YJJK_ECOLI	511145.b4391	41	2	38	52	19	48	11	32	35	64	10	22	23	20	40	27	20	30	8	13	356.184085540057
sp|P0AGC3|SLT_ECOLI	511145.b4392	74	3	32	39	17	36	3	24	28	57	23	31	29	43	49	37	38	33	20	29	13.4987722474481
sp|P0A881|TRPR_ECOLI	511145.b4393	10	0	4	12	1	5	2	3	4	19	4	5	4	7	9	6	4	5	2	2	158.069486179184
sp|P39411|NCPP_ECOLI	511145.b4394	24	2	4	15	7	15	5	12	4	10	2	5	8	6	11	11	8	16	2	3	23.3060155808081
sp|P0A7A2|GPMB_ECOLI	511145.b4395	17	5	12	19	1	16	5	14	3	26	4	6	6	13	22	17	10	12	5	2	55.64804109786
sp|P0ACI0|ROB_ECOLI	511145.b4396	22	3	18	16	14	20	7	16	10	31	8	5	17	18	23	12	19	12	4	14	42.3787934507413
sp|P0AE91|CREA_ECOLI	511145.b4397	14	2	10	7	5	12	3	10	15	13	4	4	7	5	6	12	5	17	1	5	19.2344254924177
sp|P08368|CREB_ECOLI	511145.b4398	15	2	16	15	9	12	4	10	9	33	5	3	14	10	20	11	13	19	4	5	6.42506038627906
sp|P0A9Q1|ARCA_ECOLI	511145.b4401	11	2	16	25	9	16	6	19	11	26	7	12	10	5	20	11	15	10	1	6	959.808725278904
sp|P37005|LAST_ECOLI	511145.b4403	30	1	16	12	4	9	8	12	8	30	8	5	8	11	13	11	17	16	3	6	13.2102088106597
sp|P0A8K5|YAEP_ECOLI	511145.b4406	12	2	5	7	0	3	0	2	4	8	2	3	1	0	3	3	0	6	0	5	360.799509166375
sp|P0ADB4|ECNA_ECOLI	511145.b4410	4	1	1	1	1	4	1	3	2	7	2	2	0	0	3	4	3	2	0	0	8.3793008919067
sp|P0ADB7|ECNB_ECOLI	511145.b4411	7	1	2	1	1	5	0	4	3	3	1	2	0	2	1	4	6	5	0	0	578.849819628512
sp|P77091|HOKE_ECOLI	511145.b4415	5	2	1	4	3	2	0	2	5	9	1	1	1	0	1	1	4	6	0	2	7.74763638930777
sp|P37908|YFJD_ECOLI	511145.b4461	25	0	25	30	10	23	6	40	21	49	20	16	16	11	28	28	25	42	4	9	5.97390458865804
sp|Q46911|YGCU_ECOLI	511145.b4463	32	8	22	36	16	43	17	44	25	32	14	27	19	14	23	23	31	37	5	16	1.03828727783835
sp|Q46817|YGFQ_ECOLI	511145.b4464	57	5	13	6	26	53	2	40	12	62	17	12	21	9	8	25	29	47	4	7	2.56015521209615
sp|P52073|GLCE_ECOLI	511145.b4468	29	7	13	23	11	39	6	16	8	42	10	8	22	20	25	22	14	19	8	8	1.15918152160453
sp|Q46861|YGIQ_ECOLI	511145.b4469	61	14	47	38	21	48	22	44	46	51	26	23	59	21	60	42	37	39	11	29	2.81355979934373
sp|P42630|TDCG_ECOLI	511145.b4471	50	8	20	28	12	45	12	35	15	34	19	22	20	8	24	33	18	36	3	12	4.67524377775535
sp|P46474|YHDP_ECOLI	511145.b4472	113	2	87	61	47	110	22	61	59	151	20	69	69	55	61	83	73	66	40	17	3.31093257363635
sp|P31460|DGOR_ECOLI	511145.b4479	28	1	12	20	6	6	5	16	7	21	8	12	8	13	19	14	11	13	4	5	5.39456209726583
sp|P56258|WECF_ECOLI	511145.b4481	33	5	18	20	26	23	10	16	14	42	7	16	16	21	24	18	15	22	5	8	2.94621742111029
sp|Q6BEX0|YTFR_ECOLI	511145.b4485	43	5	24	37	18	40	7	40	21	63	11	13	21	26	39	26	26	31	3	6	2.22488198629749
sp|Q6BEX5|YJDP_ECOLI	511145.b4487	4	0	19	9	4	4	0	5	1	9	2	3	3	11	21	3	4	2	1	4	206.336627118106
sp|Q2EEQ2|RL362_ECOLI	511145.b4506	2	2	1	1	1	2	1	2	9	3	1	2	2	2	7	2	1	4	0	1	298.600710596223
sp|P18393|YBDZ_ECOLI	511145.b4511	7	3	3	2	5	3	1	2	0	6	1	3	6	13	2	4	4	2	4	1	279.067368267885
sp|P0AC92|GNSA_ECOLI	511145.b4517	5	0	2	9	2	2	0	7	8	3	3	3	0	2	2	2	4	2	0	1	417.722111635757
sp|P38394|YDAE_ECOLI	511145.b4526	5	4	3	7	1	1	4	3	9	4	4	0	1	1	2	3	1	1	0	2	5.9652956862563
sp|Q2MB16|YOBH_ECOLI	511145.b4536	4	2	2	1	2	10	1	7	3	13	2	3	1	2	4	5	7	6	1	3	14.2904640642907
sp|P0AD10|YECJ_ECOLI	511145.b4537	9	1	6	5	2	1	2	7	5	8	3	3	5	7	2	5	3	9	0	0	198.337447394667
sp|P33347|YEHK_ECOLI	511145.b4541	4	2	8	14	7	2	2	11	3	9	1	4	6	4	11	4	3	6	0	4	5.62466898611279
sp|Q2EET2|YPFN_ECOLI	511145.b4547	2	0	11	1	3	1	2	3	11	8	1	3	5	1	2	0	0	6	5	1	3.64185915441051
sp|Q2M7R5|YIBT_ECOLI	511145.b4554	4	0	3	5	2	4	0	3	5	9	2	2	7	4	6	4	0	4	0	5	103.459440225652
sp|P0A8C8|YIDD_ECOLI	511145.b4557	3	3	3	2	3	8	4	5	3	10	1	0	12	1	8	6	4	6	1	2	8.26490894789316
sp|P0ADN6|YIFL_ECOLI	511145.b4558	4	1	4	1	3	5	0	0	6	7	1	4	9	3	1	3	8	5	0	2	128.971202260296
sp|A5A614|YCIZ_ECOLI	511145.b4596	7	0	5	6	1	1	2	7	2	6	1	1	3	2	3	3	1	4	1	1	14.099340996206
sp|A5A628|YJBT_ECOLI	511145.b4620	7	2	6	1	2	5	1	2	7	9	5	3	10	4	5	8	5	7	0	3	2.33443395147215
sp|P30143|YAAJ_ECOLI	511145.b0007	56	8	11	9	34	45	5	39	6	53	20	16	21	20	20	31	24	33	14	11	2.62836871039268
sp|P75617|YAAW_ECOLI	511145.b0011	19	2	9	17	7	17	11	7	16	39	8	11	4	12	16	15	8	14	2	3	0.902969076821856
sp|P28696|YAAI_ECOLI	511145.b0013	13	4	10	3	3	6	3	12	9	13	4	9	3	5	5	16	8	6	1	1	0.751271939379513
sp|P0A9G2|NHAR_ECOLI	511145.b0020	23	6	12	26	15	18	9	16	12	33	11	12	13	11	18	19	10	21	3	13	0.163778316097453
sp|P31551|CAID_ECOLI	511145.b0036	36	1	14	22	13	23	3	16	11	25	7	10	15	4	15	13	8	17	3	5	0.98981929807844
sp|P31572|CAIB_ECOLI	511145.b0038	37	7	18	32	17	36	9	29	20	33	17	16	24	16	15	14	22	19	7	17	0.410840502395666
sp|P60584|CAIA_ECOLI	511145.b0039	36	7	25	28	22	35	4	18	19	29	17	16	9	12	23	18	19	23	6	14	0.363605542934484
sp|P68644|FIXC_ECOLI	511145.b0043	48	4	26	27	14	45	10	23	26	46	18	12	16	13	18	23	15	35	1	8	3.52421365231247
sp|P21189|DPO2_ECOLI	511145.b0060	56	7	42	58	35	57	23	37	30	81	18	25	47	41	63	30	40	44	16	33	1.30201344428091
sp|P31550|THIB_ECOLI	511145.b0068	38	4	17	17	15	19	2	4	26	37	5	16	20	14	8	17	19	27	9	13	6.44321295636516
sp|P33595|SGRR_ECOLI	511145.b0069	37	7	27	34	21	30	24	32	13	72	12	18	28	38	42	32	26	24	20	14	0.76953394562231
sp|P0A6A6|LEUC_ECOLI	511145.b0072	55	9	23	32	16	47	14	26	25	30	15	17	23	17	21	17	33	35	3	8	731.050034344127
sp|P62395|SECM_ECOLI	511145.b0097	22	0	3	7	6	9	7	6	5	21	3	7	13	11	11	12	12	6	4	5	1.30710068938978
sp|P0A6I9|COAE_ECOLI	511145.b0103	30	0	13	11	4	9	7	14	6	20	3	10	9	15	13	8	9	19	2	4	1.69348731632088
sp|P36645|HOFB_ECOLI	511145.b0107	42	10	19	27	9	31	20	26	9	61	8	12	27	34	29	17	34	37	4	5	1.40683571285871
sp|P13016|AMPD_ECOLI	511145.b0110	17	5	16	9	8	13	7	11	4	14	2	3	14	8	13	6	12	11	4	6	1.30058068374862
sp|P36682|YACH_ECOLI	511145.b0117	67	3	38	26	17	22	20	18	19	30	12	35	45	66	48	40	38	49	8	16	0.959639849152179
sp|P31058|YADC_ECOLI	511145.b0135	19	6	21	10	19	38	5	24	19	29	7	32	20	16	7	36	48	27	3	26	0.643278519054014
sp|P37017|YADL_ECOLI	511145.b0137	27	4	9	6	9	11	0	8	15	10	4	11	5	4	3	19	26	23	1	6	2.854299086184
sp|P33128|ECPD_ECOLI	511145.b0140	20	2	13	10	14	16	2	12	18	19	5	15	16	5	11	24	15	18	4	7	0.99571746884076
sp|P0A823|SFSA_ECOLI	511145.b0146	23	4	9	19	8	12	5	12	12	22	5	6	10	11	15	20	17	12	3	9	0.805907697056372
sp|P07822|FHUD_ECOLI	511145.b0152	32	1	17	13	13	18	5	13	8	39	14	11	22	8	19	17	13	18	8	7	0.284599529705158
sp|P37028|BTUF_ECOLI	511145.b0158	31	2	11	12	8	13	0	19	14	26	3	9	21	26	12	19	8	19	8	5	0.438125076079262
sp|P45568|DXR_ECOLI	511145.b0173	49	8	22	21	11	21	8	16	15	43	19	15	18	24	21	26	21	31	3	6	0.833210411211033
sp|P10441|LPXB_ECOLI	511145.b0182	47	7	20	28	14	24	10	15	21	51	13	9	20	14	25	10	15	28	4	7	108.631297423877
sp|P0AA97|YAEQ_ECOLI	511145.b0190	22	3	15	10	5	4	2	7	8	24	4	9	4	14	11	8	11	8	8	4	9.1172557701893
sp|P40711|ARFB_ECOLI	511145.b0191	18	0	3	11	1	7	5	11	11	11	3	2	4	5	17	13	7	8	0	3	2.89092581268651
sp|P28634|TSAA_ECOLI	511145.b0195	22	1	9	17	14	15	5	8	11	23	5	5	18	9	16	14	11	21	4	7	0.333071014833764
sp|P0AA99|YAFK_ECOLI	511145.b0224	11	4	10	11	12	19	4	13	19	19	8	8	15	17	10	20	9	17	1	19	0.405943500847144
sp|Q47151|YAFL_ECOLI	511145.b0227	21	2	9	15	13	13	13	16	10	27	4	10	11	13	22	19	11	7	4	9	1.22340571993568
sp|Q47156|YAFN_ECOLI	511145.b0232	12	0	7	10	5	1	1	5	7	9	4	6	5	3	8	5	3	3	0	3	1.12345757620557
sp|P02932|PHOE_ECOLI	511145.b0241	31	0	31	14	21	37	1	14	25	23	9	27	3	17	12	21	24	16	3	22	70.2627499970725
sp|Q47684|YAFW_ECOLI	511145.b0246	6	4	5	7	3	7	6	6	2	13	3	3	4	4	8	6	10	3	0	5	86.5807660343776
sp|Q57083|PERR_ECOLI	511145.b0254	28	3	12	25	13	14	9	15	14	48	4	10	17	12	19	18	12	12	4	8	0.364621726129805
sp|P37007|YAGA_ECOLI	511145.b0267	25	5	23	21	14	36	17	10	17	34	14	7	21	16	36	27	21	18	13	9	0.585133810301355
sp|P57998|INSB4_ECOLI	511145.b0274	6	1	7	6	6	11	8	7	11	17	5	4	9	8	16	13	6	12	5	9	0.515829847366421
sp|P77183|YAGQ_ECOLI	511145.b0283	35	7	15	21	12	26	10	11	8	40	6	4	17	13	25	19	17	20	4	8	0.897174324722129
sp|P77165|YAGT_ECOLI	511145.b0286	25	9	12	15	2	18	9	14	9	21	5	9	11	8	10	13	20	15	0	4	6.20674403138612
sp|P77263|YAGV_ECOLI	511145.b0289	14	3	12	12	11	14	4	9	11	18	3	10	17	7	21	19	17	22	3	9	0.457191694431394
sp|Q9AME2|MATA_ECOKI	511145.b0294	12	2	13	12	5	6	3	17	18	17	5	13	2	5	16	13	7	12	4	14	3.46837180319258
sp|P56257|YKGL_ECOLI	511145.b0295	5	0	1	9	0	4	0	6	3	3	3	5	4	7	8	4	3	5	1	4	6.70427275934271
sp|P77212|YKGC_ECOLI	511145.b0304	38	3	27	22	14	35	16	37	17	39	13	26	18	17	24	22	26	37	2	8	0.534920539881812
sp|P77379|YKGD_ECOLI	511145.b0305	28	6	6	18	12	15	10	12	5	37	8	9	15	15	18	23	17	21	5	4	0.321712818326199
sp|P77252|YKGE_ECOLI	511145.b0306	22	9	11	16	7	19	3	12	16	25	9	9	10	7	12	16	8	21	1	6	1.39830965758465
sp|P77536|YKGF_ECOLI	511145.b0307	45	11	23	31	14	38	17	32	26	33	15	17	20	19	35	21	25	33	7	13	10.491231805307
sp|P17444|BETA_ECOLI	511145.b0311	45	9	29	41	20	58	17	30	15	40	19	27	33	26	37	25	27	28	9	21	0.493388280346841
sp|P17446|BETI_ECOLI	511145.b0313	23	0	9	9	5	12	6	11	5	25	7	6	6	14	19	15	10	7	3	3	0.928555510532179
sp|P77700|YAHB_ECOLI	511145.b0316	25	4	14	17	14	19	7	29	12	31	6	14	12	18	18	14	29	14	4	9	0.191817347831286
sp|P77297|YAHE_ECOLI	511145.b0319	28	6	16	13	11	21	13	21	9	33	7	16	8	20	15	12	14	10	4	10	0.976630613171844
sp|P77187|YAHF_ECOLI	511145.b0320	48	7	30	39	18	46	9	36	27	55	17	24	20	21	24	30	24	35	0	5	3.44262070767065
sp|P77221|YAHG_ECOLI	511145.b0321	53	7	24	24	17	48	11	39	15	32	25	18	23	23	14	25	26	34	6	8	1.84259914297375
sp|P77554|YAHJ_ECOLI	511145.b0324	44	4	25	27	11	32	16	20	25	51	16	18	22	25	19	25	33	31	4	12	0.589802782261898
sp|P77393|YAHL_ECOLI	511145.b0326	11	6	27	11	11	7	9	17	20	32	8	14	14	11	11	12	9	22	5	14	0.291469324675325
sp|P0ABE9|CYNT_ECOLI	511145.b0339	30	6	9	12	8	12	6	13	5	17	5	7	15	10	16	17	7	18	2	4	0.676112170773804
sp|P00816|CYNS_ECOLI	511145.b0340	18	1	15	7	6	11	1	13	11	22	4	3	7	6	7	5	8	7	0	4	1.31993950116373
sp|P02920|LACY_ECOLI	511145.b0343	35	8	6	11	56	36	4	33	12	54	14	16	12	11	12	29	19	29	6	14	0.428984954612879
sp|Q8VNN2|BGAL_ECOLX	511145.b0344	77	16	63	62	39	72	34	39	20	96	24	48	64	58	66	61	56	64	39	31	0.397934799837384
sp|P03023|LACI_ECOLI	511145.b0345	44	3	17	15	4	22	7	18	11	41	10	12	14	28	19	32	19	34	2	8	14.6258030294641
sp|P77608|MHPD_ECOLI	511145.b0350	34	4	17	16	7	24	6	18	7	25	6	11	13	12	17	13	11	21	3	4	0.594780847182036
sp|P51020|HOA_ECOLI	511145.b0352	46	4	27	17	6	31	14	16	13	33	14	11	6	11	20	16	14	25	3	10	9.27480549494911
sp|Q47534|YAIO_ECOLI	511145.b0358	23	0	17	7	10	22	3	8	8	26	3	13	8	10	16	15	29	11	8	20	1.11598239430151
sp|P71311|YAIS_ECOLI	511145.b0364	19	3	13	9	4	10	9	16	11	18	7	6	5	8	8	13	10	10	1	5	1.15706322652147
sp|Q47537|TAUA_ECOLI	511145.b0365	45	0	16	14	10	20	3	19	22	25	1	12	19	22	8	21	16	33	7	7	14.6323178253648
sp|Q47538|TAUB_ECOLI	511145.b0366	21	1	8	20	11	25	4	13	10	39	6	7	10	18	17	13	8	16	3	5	6.94186786525547
sp|P37610|TAUD_ECOLI	511145.b0368	25	0	16	19	13	14	14	16	9	25	2	10	21	16	21	13	17	17	6	9	1.59532831669153
sp|P0AD70|AMPH_ECOLI	511145.b0376	38	3	18	11	12	33	4	17	17	34	15	15	27	19	23	27	28	25	4	15	10.1580856764358
sp|P77562|YAIW_ECOLI	511145.b0378	39	3	17	20	13	22	4	13	27	35	10	11	19	18	24	32	18	22	6	11	0.570678877896732
sp|P0AFM4|PSIF_ECOLI	511145.b0384	11	4	4	3	3	5	0	1	11	12	5	5	3	12	5	7	11	3	0	1	34.7138826663731
sp|P0AAP1|ADRA_ECOLI	511145.b0385	33	3	14	16	13	27	11	19	11	44	16	16	21	9	27	19	22	31	13	6	0.350572187272664
sp|P0A6E1|AROL_ECOLI	511145.b0388	18	3	6	17	5	10	2	12	2	17	4	8	8	9	12	8	14	15	2	2	27.4636123072215
sp|P0AAN5|YAIA_ECOLI	511145.b0389	5	0	5	6	0	2	2	3	7	2	2	0	9	3	3	2	5	2	1	4	47.9777018713189
sp|P0AD99|BRNQ_ECOLI	511145.b0401	57	5	10	6	26	40	6	32	5	61	10	9	20	11	14	32	28	47	8	12	0.463530041027837
sp|P0AAE2|PROY_ECOLI	511145.b0402	40	2	6	14	32	47	8	52	14	42	21	15	18	9	17	29	23	40	14	14	0.551719772376656
sp|P21517|MALZ_ECOLI	511145.b0403	51	7	45	27	26	45	22	21	19	57	15	21	37	41	40	26	23	38	22	21	0.845642262398182
sp|P0AGG0|THIL_ECOLI	511145.b0417	36	6	34	12	11	29	7	18	7	48	6	7	17	8	17	19	16	14	5	8	4.81033546639945
sp|P22939|ISPA_ECOLI	511145.b0421	42	4	28	12	8	23	7	15	13	39	7	5	12	18	18	16	12	14	0	6	30.3854867181278
sp|P0A9J4|PANE_ECOLI	511145.b0425	25	6	15	20	4	19	12	24	7	34	7	16	14	15	18	12	21	21	7	6	0.33647606025993
sp|P77726|YAJR_ECOLI	511145.b0427	54	2	7	21	25	44	6	39	18	54	20	11	15	15	15	27	23	40	9	9	0.673283826368025
sp|P0ACJ5|YBAO_ECOLI	511145.b0447	9	3	10	10	5	7	2	7	10	22	6	2	5	6	8	8	11	12	3	6	3.4456380156669
sp|P0AAG5|MDLB_ECOLI	511145.b0449	62	1	25	29	19	40	9	29	7	84	21	18	19	40	39	41	28	58	6	18	5.51082737919686
sp|P77473|YLAB_ECOLI	511145.b0457	34	3	27	34	11	28	20	51	19	55	13	15	26	29	27	39	22	31	13	19	0.391514242997005
sp|P0ACE3|HHA_ECOLI	511145.b0460	4	1	5	6	2	0	1	4	7	9	3	3	2	1	6	5	5	3	1	4	1.53668097158399
sp|P77301|YBAP_ECOLI	511145.b0482	25	1	13	12	4	13	11	13	9	42	11	13	16	21	12	12	13	9	7	7	8.44554508017127
sp|P0A9T6|YBAQ_ECOLI	511145.b0483	11	0	5	13	3	2	2	4	7	16	3	8	3	3	9	2	9	8	2	3	1.73635825290988
sp|P77279|YBBL_ECOLI	511145.b0490	14	2	12	16	9	12	5	18	11	29	4	14	11	13	10	14	12	11	2	6	1.29612244969989
sp|P0ADA1|TESA_ECOLI	511145.b0494	22	0	12	7	11	10	4	7	8	29	7	11	14	17	11	11	6	10	6	5	15.5247322673533
sp|P0A9T8|YBBA_ECOLI	511145.b0495	21	2	11	20	6	23	8	7	9	37	4	9	7	11	14	14	9	16	0	0	24.7552469776563
sp|P16919|RHSD_ECOLI	511145.b0497	104	12	101	95	23	135	40	38	32	129	18	44	81	55	126	96	110	77	25	85	0.174578248141751
sp|P77731|ALLA_ECOLI	511145.b0505	10	3	11	12	9	9	7	10	3	18	2	8	8	10	8	6	8	13	2	3	0.366920261286189
sp|P77161|GLXR_ECOLI	511145.b0509	33	4	11	19	11	30	6	19	14	34	9	14	10	12	11	16	16	22	0	1	0.924063631101419
sp|P77364|GLXK2_ECOLI	511145.b0514	58	9	18	21	11	50	4	29	13	32	11	19	15	16	11	14	13	33	0	4	4.71028398186394
sp|P77425|ALLC_ECOLI	511145.b0516	33	8	23	28	17	33	9	22	15	34	14	21	21	17	23	17	29	30	7	10	1.46789681933776
sp|P75715|SFMH_ECOLI	511145.b0533	28	6	18	10	14	21	2	21	6	23	12	22	23	17	12	22	21	32	3	14	1.03595459458532
sp|P77368|YBCL_ECOLI	511145.b0545	17	2	7	7	9	20	4	8	11	9	2	7	12	5	3	13	20	16	5	6	1.99603041763412
sp|Q47270|NINE_ECOLI	511145.b0548	4	0	1	2	0	3	2	3	5	7	2	2	5	0	8	3	3	3	1	2	3.23156667861255
sp|P77237|ESSQ_ECOLI	511145.b0554	8	0	3	2	3	8	0	2	6	10	2	2	1	2	3	4	6	4	2	3	7.33640555610712
sp|P77237|ESSQ_ECOLI	511145.b1556	8	0	3	2	3	8	0	2	6	10	2	2	1	2	3	4	6	4	2	3	3.66820277805356
sp|P78285|LYSD_ECOLI	511145.b0555	15	4	7	6	2	20	2	13	12	13	3	6	6	6	10	6	12	11	4	7	2.58981187461205
sp|P77551|RZPR_ECOLI	511145.b0556	25	4	11	10	1	4	2	7	8	13	4	6	1	9	14	5	7	10	1	5	1.45070840742851
sp|P05052|APPY_ECOLI	511145.b0564	7	8	14	14	17	9	3	30	22	22	3	13	6	3	13	24	15	14	2	10	1.03961455255991
sp|P10805|ENVY_ECOLI	511145.b0566	16	9	4	11	10	2	6	16	13	33	6	20	9	12	14	25	15	19	3	10	0.932659890313467
sp|P77211|CUSC_ECOLI	511145.b0572	58	3	17	23	17	24	3	20	12	58	7	32	13	43	26	41	20	21	3	16	0.239829044202905
sp|P77239|CUSB_ECOLI	511145.b0574	48	0	24	22	13	27	2	27	22	37	11	10	24	18	22	23	34	28	7	8	11.9640715383122
sp|P24207|PHEP_ECOLI	511145.b0576	44	3	7	14	32	42	7	36	12	65	20	21	16	10	19	28	15	38	13	16	0.44558269287514
sp|P23877|FEPG_ECOLI	511145.b0589	45	5	7	6	8	29	1	23	4	59	16	6	10	8	19	21	20	31	9	3	0.257216860778539
sp|P77806|YBDL_ECOLI	511145.b0600	50	6	18	21	17	17	14	20	10	41	6	11	23	27	19	21	21	24	5	15	0.396928155224397
sp|P77216|YBDN_ECOLI	511145.b0602	28	11	19	24	16	21	11	27	21	33	10	18	24	24	24	20	16	17	19	23	2.22708896405842
sp|P77746|YBDO_ECOLI	511145.b0603	12	6	13	19	12	8	9	33	15	39	8	22	10	11	17	31	13	12	0	10	1.15505247423293
sp|P77202|DSBG_ECOLI	511145.b0604	24	2	12	14	5	18	2	16	24	25	10	10	16	14	4	10	12	14	5	11	15.6796891064434
sp|P77316|YBDR_ECOLI	511145.b0608	46	8	20	25	19	46	15	26	23	33	5	10	23	19	15	15	15	35	2	12	0.240498355182623
sp|P77231|CITG_ECOLI	511145.b0613	31	7	14	15	8	28	6	13	6	48	8	10	13	13	19	14	22	8	4	5	0.792914643046151
sp|P75726|CILA_ECOLI	511145.b0615	52	8	32	29	13	42	14	31	17	46	10	20	17	22	36	35	26	49	3	8	0.233822769607036
sp|P0A9I1|CITE_ECOLI	511145.b0616	39	2	19	25	7	20	6	19	9	32	6	10	10	10	28	18	12	23	1	6	0.698430292138424
sp|P77510|DPIB_ECOLI	511145.b0619	43	3	35	31	28	40	8	44	25	59	17	20	20	30	34	37	19	40	4	15	0.545756611151825
sp|P30979|YBEF_ECOLI	511145.b0629	18	4	17	16	17	11	9	31	10	38	6	21	19	17	17	22	18	17	1	8	0.587143511306253
sp|P0ABG7|RODA_ECOLI	511145.b0634	31	2	12	8	17	34	7	38	11	57	19	5	18	12	15	20	11	36	8	9	0.829173924739919
sp|P77234|YBEQ_ECOLI	511145.b0644	44	5	23	21	11	25	7	12	20	22	6	17	3	24	11	16	9	12	11	26	1.62998158687345
sp|P77359|DJLC_ECOLI	511145.b0649	46	11	28	53	17	17	9	23	19	61	10	11	24	27	27	29	19	20	14	18	0.188714593840164
sp|P0AER3|GLTJ_ECOLI	511145.b0654	24	3	4	8	16	17	1	19	7	33	11	11	12	10	10	13	13	18	8	8	0.538000434287434
sp|P0AAU7|YBFE_ECOLI	511145.b0685	8	0	4	11	1	3	1	3	7	14	4	6	3	6	13	5	4	4	0	0	5.84058942327227
sp|P75737|YBFP_ECOLI	511145.b0689	8	7	5	9	5	13	3	8	8	16	5	11	7	9	10	12	13	9	3	3	0.691006398781895
sp|P28915|YBFC_ECOLI	511145.b0704	13	4	8	13	12	9	4	15	16	18	5	11	5	7	10	10	10	8	3	8	0.904641628534983
sp|P00914|PHR_ECOLI	511145.b0708	50	7	20	33	19	28	15	19	17	43	9	20	26	28	34	23	22	30	15	14	3.75548575762658
sp|P75742|DTPD_ECOLI	511145.b0709	55	8	10	15	28	45	7	37	14	66	19	18	12	14	18	31	21	38	12	25	0.360866806014233
sp|P54745|HRSA_ECOLI	511145.b0731	90	6	19	33	27	66	11	34	22	85	20	23	27	17	25	37	42	48	10	16	0.436107581693854
sp|P11458|NADA_ECOLI	511145.b0750	43	9	21	27	9	18	11	19	16	32	11	6	21	15	17	16	20	23	4	9	1.37853357128415
sp|P09148|GAL7_ECOLI	511145.b0758	33	6	19	23	15	16	15	6	13	31	8	12	26	19	21	19	23	22	10	11	1912.16917557616
sp|P52696|YBHD_ECOLI	511145.b0768	23	4	12	22	14	15	7	23	19	41	9	19	15	9	21	18	16	19	5	6	0.301227709670278
sp|P12996|BIOB_ECOLI	511145.b0775	32	8	19	25	10	21	5	10	16	39	14	14	18	24	20	15	24	19	2	11	32.3497530787407
sp|P12999|BIOC_ECOLI	511145.b0777	33	2	13	10	6	14	14	8	5	32	5	5	14	21	19	11	12	13	7	7	0.461865229718213
sp|P0AAC4|YBHL_ECOLI	511145.b0786	24	0	7	3	15	17	0	17	6	36	14	8	2	7	10	16	19	18	4	11	3.28043445249162
sp|P75769|YBHM_ECOLI	511145.b0787	26	4	4	7	12	17	6	29	7	34	9	8	6	3	7	16	11	15	6	10	1.08254736916829
sp|P0AA84|YBHO_ECOLI	511145.b0789	37	2	22	30	17	26	15	22	16	42	9	18	21	19	38	12	14	30	9	14	3.06386827668768
sp|P0AAW1|YBHP_ECOLI	511145.b0790	25	3	14	15	11	13	16	10	7	24	6	10	17	9	19	10	11	21	5	7	0.267589987037911
sp|P0A9U1|YBHF_ECOLI	511145.b0794	43	6	34	41	23	60	14	23	33	74	24	17	28	20	26	30	37	30	4	11	1.45792480810521
sp|P0ACU0|YBIH_ECOLI	511145.b0796	29	4	9	16	8	11	8	20	8	26	5	8	6	15	13	8	17	4	3	5	1.23312552404458
sp|P30176|YBIA_ECOLI	511145.b0798	15	0	9	13	6	9	5	6	13	13	6	5	6	8	14	8	6	8	4	6	0.578514384363431
sp|P27296|DING_ECOLI	511145.b0799	64	11	37	56	24	34	19	39	39	96	17	21	37	35	55	36	28	42	10	16	0.539953512530297
sp|P0AAX3|YBIJ_ECOLI	511145.b0802	19	0	2	3	2	6	0	4	6	6	3	6	1	2	0	9	8	7	0	2	6.54120180847273
sp|P75783|YBIO_ECOLI	511145.b0808	76	5	23	28	46	45	12	59	22	96	14	31	37	28	39	45	52	53	17	13	0.233667449345223
sp|P75788|YBIR_ECOLI	511145.b0818	33	5	7	8	22	27	5	24	7	74	13	12	20	10	17	19	18	32	13	6	0.922095592090496
sp|P75791|YBIU_ECOLI	511145.b0821	44	5	28	25	15	28	13	17	16	36	10	16	26	23	25	21	19	28	13	13	25.9412582316799
sp|P75810|YBJJ_ECOLI	511145.b0845	52	2	11	9	20	48	5	25	8	52	18	8	16	4	15	29	25	39	8	8	1.16501841063809
sp|P60869|YBJL_ECOLI	511145.b0847	50	7	25	14	29	66	8	42	13	81	24	27	15	18	30	27	22	46	3	14	0.406330166248595
sp|P31134|POTG_ECOLI	511145.b0855	29	6	20	26	10	27	12	18	20	43	16	11	21	19	23	18	13	35	2	8	0.49755211404774
sp|P31135|POTH_ECOLI	511145.b0856	25	2	9	9	17	20	6	31	11	54	10	10	21	11	8	16	13	23	10	11	0.388058333004036
sp|P75822|YBJT_ECOLI	511145.b0869	50	2	25	23	20	29	16	26	17	59	10	10	26	27	35	23	20	34	12	12	0.614772867282498
sp|P75825|HCP_ECOLI	511145.b0873	54	14	35	27	21	50	13	32	22	66	13	22	22	24	22	23	32	33	7	18	1.43956424442007
sp|P75826|YBJE_ECOLI	511145.b0874	29	3	5	7	16	24	5	32	4	58	11	11	10	9	12	22	10	22	4	5	2.18523487120977
sp|P75830|MACA_ECOLI	511145.b0878	41	0	23	20	3	22	2	24	27	39	7	12	15	31	20	9	29	37	2	8	0.7928442798164
sp|P75835|YCAM_ECOLI	511145.b0899	50	5	10	10	30	37	4	34	22	55	23	23	20	13	9	20	30	46	13	22	0.852300998040968
sp|P75836|YCAN_ECOLI	511145.b0900	24	6	18	19	16	18	6	19	11	31	9	9	13	14	23	18	15	19	2	12	0.851151798083447
sp|P75839|YCAP_ECOLI	511145.b0906	16	5	12	17	15	12	3	12	13	31	10	5	9	6	14	11	9	21	3	6	0.518201726117125
sp|P75843|YCAQ_ECOLI	511145.b0916	38	5	24	26	13	21	16	20	17	51	12	8	21	22	37	18	17	18	15	11	0.153093341073371
sp|P36566|SMTA_ECOLI	511145.b0921	23	4	18	14	7	18	9	11	15	27	10	6	10	19	18	9	10	18	5	10	0.394554600912627
sp|P75851|SSUC_ECOLI	511145.b0934	24	0	5	9	9	23	5	25	5	45	6	6	12	5	13	20	11	22	13	5	0.763020782089348
sp|P75858|ELFG_ECOLI	511145.b0941	31	10	19	12	13	36	3	17	11	27	4	22	21	11	13	26	27	34	5	14	0.176898311732108
sp|P75859|YCBU_ECOLI	511145.b0942	20	3	12	3	7	18	3	14	9	17	4	9	5	13	1	9	16	12	0	5	5.08588086701692
sp|P75862|ZAPC_ECOLI	511145.b0946	18	5	14	11	9	7	4	5	9	19	10	8	9	7	10	10	2	14	5	4	2.85178874315134
sp|P75867|LONH_ECOLI	511145.b0955	50	7	30	52	26	36	14	39	12	67	13	18	28	44	32	37	28	33	14	6	1.29584499770368
sp|P75869|SXY_ECOLI	511145.b0959	16	4	8	17	5	9	3	9	15	30	5	5	6	8	16	16	10	12	4	11	1.33679446300347
sp|P0A8X4|YCCT_ECOLI	511145.b0964	16	1	14	14	8	6	3	11	11	31	3	9	13	10	12	19	17	16	2	4	1.003472791246
sp|P0AB18|TUSE_ECOLI	511145.b0969	8	1	2	13	6	7	1	7	10	9	3	4	7	2	5	7	4	7	2	4	2.01279362806193
sp|P0AAC6|YCCA_ECOLI	511145.b0970	20	2	5	2	14	19	4	20	4	35	10	7	5	1	6	22	19	15	0	9	3.76645823804281
sp|P19931|HYAE_ECOLI	511145.b0976	9	0	10	9	6	10	1	5	1	14	4	5	10	6	10	8	7	10	5	2	3.82707784836085
sp|P0A932|GFCE_ECOLI	511145.b0983	32	1	24	14	8	25	3	27	19	36	11	25	18	22	16	19	29	32	6	12	0.737767875809067
sp|P75884|GFCB_ECOLI	511145.b0986	14	2	10	10	10	11	3	10	6	25	6	14	7	17	13	17	16	14	6	3	0.412503749002322
sp|P52636|YCCM_ECOLI	511145.b0992	31	13	7	9	15	23	5	23	16	49	15	9	20	9	20	21	21	25	12	14	0.423532159842772
sp|P33226|TORC_ECOLI	511145.b0996	40	10	25	24	10	24	14	25	31	24	11	15	14	18	20	26	21	20	9	9	1.71147391432908
sp|P33225|TORA_ECOLI	511145.b0997	74	10	45	47	33	76	28	46	36	65	19	37	44	48	48	44	42	59	20	27	1.04066847919425
sp|P75897|RUTB_ECOLI	511145.b1011	24	2	13	9	16	18	4	12	8	20	4	8	14	13	9	12	18	16	4	6	1.13649234367223
sp|P0A9K1|PHOH_ECOLI	511145.b1020	37	9	19	22	16	25	9	16	16	27	9	10	12	16	31	23	17	30	1	9	14.52670386988
sp|P75908|YCDT_ECOLI	511145.b1025	25	8	17	23	28	16	7	43	17	47	13	29	11	14	22	31	26	49	6	20	0.701819080229724
sp|P75910|YCDU_ECOLI	511145.b1029	18	7	9	8	34	12	3	29	18	55	8	11	8	7	13	22	13	23	11	19	0.246297230651759
sp|P0AEA2|CSGG_ECOLI	511145.b1037	22	2	10	15	9	19	2	20	10	29	8	16	14	16	15	20	16	22	2	10	4.18726314831466
sp|P52106|CSGD_ECOLI	511145.b1040	11	1	9	12	5	9	10	18	14	29	4	19	3	9	12	18	13	8	3	9	23.4419572424849
sp|P0ABK7|CSGB_ECOLI	511145.b1041	23	0	5	3	3	15	0	12	8	10	5	13	1	15	5	13	8	6	0	6	3.00778330265285
sp|P25744|MDTG_ECOLI	511145.b1053	38	4	6	7	24	39	2	29	11	64	13	19	20	12	20	31	19	35	7	8	0.574978705413772
sp|P0ACV0|HTRB_ECOLI	511145.b1054	18	5	11	17	11	24	6	13	18	33	18	7	22	10	26	10	14	22	12	9	0.302377062735705
sp|P0ABR1|DINI_ECOLI	511145.b1061	11	0	5	8	2	4	1	7	3	5	1	3	3	3	5	7	4	5	2	2	7.55526159885281
sp|P0A6S3|FLGI_ECOLI	511145.b1080	30	2	15	6	7	37	0	18	6	38	12	25	12	33	19	32	31	39	0	3	2.02084489272142
sp|P75942|FLGJ_ECOLI	511145.b1081	38	0	14	18	7	18	4	9	20	30	14	12	17	25	13	26	16	16	3	13	0.257387511236344
sp|P62066|YCEQ_ECOLI	511145.b1085	4	8	5	2	7	5	4	2	9	7	4	2	6	4	4	11	10	5	1	6	1.13881652406557
sp|P28305|PABC_ECOLI	511145.b1096	24	10	11	16	7	18	6	12	6	33	7	12	10	17	18	20	12	20	3	7	1.68031635781207
sp|P0AB40|BHSA_ECOLI	511145.b1112	12	0	1	5	3	7	1	5	6	6	3	4	2	5	1	9	8	6	0	1	19.2012353365225
sp|P75961|YCFZ_ECOLI	511145.b1121	28	2	8	8	13	14	6	24	11	39	6	12	14	11	8	15	21	10	3	9	0.675250489745307
sp|P75968|YMFE_ECOLI	511145.b1138	12	3	8	12	22	6	7	27	19	28	5	16	12	2	7	13	7	12	4	12	5.91963392741387
sp|P75973|YMFJ_ECOLI	511145.b1144	10	2	3	8	2	5	2	6	7	13	5	8	4	5	7	1	7	6	0	1	2.83110561073987
sp|P45581|STFP_ECOLI	511145.b1154	27	3	12	7	8	24	2	11	9	17	3	13	6	8	7	11	18	13	3	7	0.605073593172133
sp|P03014|PINE_ECOLI	511145.b1158	14	2	9	12	6	17	2	10	10	21	5	5	6	6	20	9	13	12	2	3	0.790886299359222
sp|P24200|MCRA_ECOLI	511145.b1159	10	7	15	20	5	20	8	21	18	26	6	17	13	8	17	24	7	19	3	13	0.354483531062266
sp|P75988|YCGX_ECOLI	511145.b1161	8	2	7	7	6	4	6	10	10	13	2	9	2	4	8	6	10	10	2	8	0.704597098840798
sp|P75990|YCGF_ECOLI	511145.b1163	39	5	26	32	25	19	9	37	22	39	11	12	17	17	19	27	16	20	4	7	9.86625593691823
sp|P75991|YCGZ_ECOLI	511145.b1164	7	2	2	8	2	5	4	4	5	12	1	4	0	4	4	4	6	2	0	2	1.11707298363665
sp|P75995|YCGG_ECOLI	511145.b1168	37	6	23	26	23	29	13	51	20	61	4	29	26	19	26	25	26	38	3	22	1.0169210389765
sp|P04152|UMUC_ECOLI	511145.b1184	36	11	26	21	19	26	5	20	22	39	12	16	14	21	36	27	25	28	6	12	0.485230229573262
sp|P76016|DHAR_ECOLI	511145.b1201	72	10	31	40	23	40	15	40	22	82	13	24	21	38	42	37	42	30	8	9	0.598037888841014
sp|P39163|CHAC_ECOLI	511145.b1218	24	6	12	17	9	20	3	9	6	32	7	6	12	8	14	9	17	9	6	5	0.432408623332899
sp|P0AF26|NARJ_ECOLI	511145.b1226	31	1	19	19	8	11	8	10	8	35	4	4	9	18	13	11	8	10	2	7	5.7152144487787
sp|P0AEV1|RSSB_ECOLI	511145.b1235	32	6	18	18	9	23	7	12	9	60	9	19	14	22	20	13	11	25	4	6	0.3576620053852
sp|P21363|YCIE_ECOLI	511145.b1257	16	1	10	17	4	7	4	18	10	12	7	7	4	9	8	15	8	5	2	4	48.4756969165925
sp|P21362|YCIF_ECOLI	511145.b1258	23	1	6	23	2	4	5	11	17	18	4	9	0	6	6	8	11	8	0	4	63.5169866718669
sp|P56614|YMDF_ECOLI	511145.b1259	6	0	3	4	2	12	3	0	7	0	1	5	1	2	4	7	0	0	0	0	4.60962653321539
sp|P08245|YCIH_ECOLI	511145.b1282	8	3	9	6	0	15	0	5	14	11	2	1	3	3	7	6	5	9	0	1	22.3963761012765
sp|P0AAH4|SAPD_ECOLI	511145.b1291	22	8	15	20	8	19	9	22	16	37	12	14	20	16	28	16	20	15	7	6	1.4943726973873
sp|Q47622|SAPA_ECOLI	511145.b1294	55	4	36	24	23	25	11	18	22	63	10	24	34	30	37	42	24	35	11	19	4.15635570035826
sp|P23883|PUUC_ECOLI	511145.b1300	67	4	29	30	17	40	12	26	23	54	8	20	20	17	26	32	25	28	9	8	2.23101767873504
sp|P37906|PUUB_ECOLI	511145.b1301	37	7	26	24	12	43	9	19	15	45	10	17	15	12	32	21	25	29	2	26	0.265356959417898
sp|P0AFN2|PSPC_ECOLI	511145.b1306	9	1	6	7	8	6	0	7	3	17	5	4	5	4	10	8	5	10	1	3	1.00975400304187
sp|P76049|YCJY_ECOLI	511145.b1327	36	1	16	19	7	22	5	22	12	16	8	16	15	13	13	24	20	16	3	22	8.81056432101832
sp|P46133|ABGT_ECOLI	511145.b1336	49	2	11	10	36	40	9	46	13	72	22	14	35	11	14	40	17	47	8	12	3.26500306924466
sp|P77357|ABGA_ECOLI	511145.b1338	66	3	21	26	20	43	19	12	7	32	13	12	14	26	23	23	26	37	6	7	2.15168057925145
sp|P76056|INTR_ECOLI	511145.b1345	25	6	11	27	16	26	11	28	32	39	12	22	14	13	34	23	31	17	8	16	0.182030801709746
sp|P76063|YDAS_ECOLI	511145.b1357	8	5	4	6	2	5	1	3	6	7	3	5	5	6	8	11	2	7	2	2	1.97143935097444
sp|P76071|INSH5_ECOLI	511145.b1370	28	1	14	22	14	16	12	17	20	32	15	16	12	23	25	15	19	12	6	7	0.291725891204206
sp|P76071|INSH5_ECOLI	511145.b3505	28	1	14	22	14	16	12	17	20	32	15	16	12	23	25	15	19	12	6	7	0.296250787219952
sp|P77699|TFAD_ECOLI	511145.b1373	23	0	11	26	9	11	5	10	11	21	5	13	12	8	16	17	12	20	8	9	1.71295137661354
sp|P77699|TFAD_ECOLI	511145.b1546	23	0	11	26	9	11	5	10	11	21	5	13	12	8	16	17	12	20	8	9	1.71295137661354
sp|P77455|PAAZ_ECOLI	511145.b1387	88	10	30	43	26	61	18	34	27	65	16	12	35	35	36	37	40	51	8	9	0.281661330487267
sp|P76077|PAAA_ECOLI	511145.b1388	32	5	17	24	11	20	8	18	14	21	12	12	12	21	23	12	14	14	10	9	2.78764808719437
sp|P0C7L3|PAAJ_ECOLX	511145.b1397	58	6	20	24	10	42	7	24	8	43	14	15	18	15	32	19	18	25	1	2	0.190636949458386
sp|P76085|PAAK_ECOLI	511145.b1398	26	8	27	30	13	36	14	25	17	41	14	12	22	17	34	23	32	30	4	12	0.268941740840299
sp|P77181|PAAY_ECOLI	511145.b1400	15	3	9	14	5	20	7	15	10	14	5	8	11	9	10	7	6	23	1	4	2.05736474989585
sp|P77171|YDCI_ECOLI	511145.b1422	24	3	9	18	9	25	9	14	9	43	7	11	17	19	19	21	21	24	2	3	4.6990940905585
sp|P76102|INSQ_ECOLI	511145.b1432	36	8	10	15	13	23	7	12	31	27	9	23	14	29	33	29	16	27	8	12	0.486275351309996
sp|P76104|YDCP_ECOLI	511145.b1435	63	9	42	38	23	43	25	37	37	65	12	30	29	28	39	32	33	44	4	20	11.0614452538554
sp|P77730|YDCR_ECOLI	511145.b1439	49	4	19	27	15	23	9	23	20	61	10	13	28	34	31	31	19	26	10	16	0.196362359482095
sp|P76108|YDCS_ECOLI	511145.b1440	34	5	20	17	13	31	6	15	26	25	11	14	26	19	11	20	29	29	14	16	26.4012475898375
sp|P77795|YDCT_ECOLI	511145.b1441	27	2	15	21	16	31	5	12	14	38	13	13	16	21	21	20	15	29	2	6	1.37407335658795
sp|P77674|ABDH_ECOLI	511145.b1444	58	7	23	33	13	45	14	22	26	42	10	15	21	13	18	24	25	44	6	15	0.941556786593105
sp|P77610|ANSP_ECOLI	511145.b1453	54	4	10	18	34	49	10	36	17	55	20	12	20	13	16	30	24	49	12	16	0.931747189936635
sp|P76117|YNCG_ECOLI	511145.b1454	18	4	11	15	7	9	2	11	7	26	5	8	14	10	10	7	13	14	6	8	2.52827651585028
sp|P24183|FDNG_ECOLI	511145.b1474	91	13	53	55	36	86	22	40	53	82	27	68	51	38	50	57	62	63	27	40	0.5189279584887
sp|P39451|ADHP_ECOLI	511145.b1478	41	9	20	20	8	36	10	17	22	25	7	11	9	6	12	15	18	40	2	8	1.77986787097715
sp|P77463|DDPC_ECOLI	511145.b1485	38	2	11	4	11	27	4	23	6	42	14	8	14	12	15	20	12	22	8	5	4.90260746557931
sp|P76129|DOSP_ECOLI	511145.b1489	62	8	44	63	29	45	23	67	32	82	26	38	35	40	47	52	28	49	13	16	0.299547865657101
sp|P0AA89|DOSC_ECOLI	511145.b1490	35	0	26	42	23	19	13	45	22	42	10	21	9	15	37	34	18	29	6	14	0.39773110462123
sp|P64426|YDDW_ECOLI	511145.b1491	30	3	28	16	12	27	6	25	23	32	8	16	34	23	30	37	25	32	15	17	0.37844616088033
sp|P76136|SAFA_ECOLI	511145.b1500	5	0	3	2	2	2	2	10	3	8	3	3	0	3	3	5	6	4	0	1	2.43786720986561
sp|P77789|YDES_ECOLI	511145.b1504	12	3	8	7	7	13	1	10	8	21	3	13	8	7	6	18	15	11	1	4	1.30951562008867
sp|P77257|LSRA_ECOLI	511145.b1513	45	5	22	33	10	41	10	34	20	76	11	22	17	25	34	35	31	28	3	9	0.670244734705293
sp|P76145|TAM_ECOLI	511145.b1519	24	3	13	19	7	10	8	11	1	32	7	9	19	18	16	13	8	15	9	10	2.49690166679723
sp|P0A6W0|GLSA2_ECOLI	511145.b1524	34	4	13	16	11	25	7	20	8	27	12	12	12	18	17	22	9	30	4	7	1.51899487207197
sp|P31131|YDEJ_ECOLI	511145.b1537	25	3	10	10	6	14	2	9	7	18	4	4	3	9	6	10	15	11	2	4	12.6817429297419
sp|P76157|YNFN_ECOLI	511145.b1551	6	0	2	5	1	3	3	3	2	5	2	1	2	0	3	3	4	4	0	2	1.79448638831341
sp|P76158|RZPQ_ECOLI	511145.b1553	30	1	10	11	4	8	2	12	11	11	5	5	0	12	11	8	7	9	3	5	0.502037569067023
sp|P76159|LYSQ_ECOLI	511145.b1554	17	8	10	9	5	17	1	14	13	10	3	9	7	7	13	8	8	8	5	5	2.49483122937029
sp|P07010|REM_ECOLI	511145.b1561	7	3	3	8	6	8	1	7	4	8	3	5	0	1	5	4	2	6	0	2	0.625068167038987
sp|P0C077|RELE_ECOLI	511145.b1563	4	1	4	10	3	4	0	5	11	10	2	1	2	2	10	7	1	12	1	5	39.3690186222897
sp|P06966|DICA_ECOLI	511145.b1570	8	1	4	14	5	4	2	4	14	18	2	7	8	7	11	9	8	6	2	1	0.727332724339305
sp|P0ACW8|YDFA_ECOLI	511145.b1571	2	0	3	4	3	5	0	1	3	3	2	5	1	1	3	3	7	2	1	2	26.8351066869553
sp|P29009|YDFB_ECOLI	511145.b1572	5	0	2	8	4	3	0	1	3	3	2	1	0	1	0	6	1	0	0	2	1.98533908903357
sp|P21418|YDFC_ECOLI	511145.b1573	12	0	5	7	0	0	0	6	5	6	3	4	3	5	5	2	3	1	2	3	3.79764711698703
sp|P09557|DICB_ECOLI	511145.b1575	3	3	1	5	2	3	0	5	5	7	3	5	3	2	4	3	4	4	0	0	11.6055274335844
sp|P38104|RSPA_ECOLI	511145.b1581	32	7	24	27	19	34	15	22	19	34	16	11	21	15	20	15	24	20	11	18	0.356651539001876
sp|P76170|YNFB_ECOLI	511145.b1583	12	3	7	8	1	3	2	6	9	11	2	8	3	5	10	6	9	4	3	1	1.87224614239279
sp|P67553|YNFC_ECOLI	511145.b1585	12	6	20	17	8	12	1	7	16	25	5	11	10	10	9	16	20	19	1	11	0.609520592258322
sp|P76172|YNFD_ECOLI	511145.b1586	12	4	6	3	1	5	2	6	2	8	1	5	8	8	3	13	6	7	0	1	65.941353315527
sp|P77783|YNFF_ECOLI	511145.b1588	67	13	48	50	20	65	23	52	45	55	25	38	44	24	48	49	49	45	17	30	0.150450599210565
sp|P36560|ASR_ECOLI	511145.b1597	30	0	0	3	1	1	8	0	19	3	2	1	8	9	0	3	11	3	0	0	9.82566338348417
sp|P18392|RSTB_ECOLI	511145.b1609	33	4	28	25	19	23	16	25	12	69	14	16	19	15	30	29	16	21	6	13	0.542704483059056
sp|Q47706|UIDC_ECOLI	511145.b1615	33	1	26	15	14	47	3	18	18	44	11	17	14	15	29	38	23	20	11	24	0.493248781788439
sp|P05804|BGLR_ECOLI	511145.b1617	46	9	40	40	25	46	19	29	27	40	13	28	24	32	29	25	35	53	19	24	1.80725573208735
sp|P19642|PTOCB_ECOLI	511145.b1621	48	7	14	13	35	56	13	45	17	64	18	20	24	17	15	30	30	50	7	7	0.763863809641363
sp|P76182|RNFD_ECOLI	511145.b1630	39	1	8	4	16	32	7	27	7	53	9	9	20	15	13	21	21	28	13	9	0.61147368622464
sp|P77285|RNFG_ECOLI	511145.b1631	30	2	12	9	6	19	6	10	13	21	2	5	8	12	7	7	18	12	2	5	2.80563743782168
sp|P76186|YDHK_ECOLI	511145.b1645	81	12	22	20	28	28	18	31	9	103	22	22	24	34	49	57	34	38	23	15	1.41746662780827
sp|P77148|YDHS_ECOLI	511145.b1668	47	5	36	45	24	28	14	37	24	51	11	15	27	31	34	27	22	33	8	15	18.2436416898257
sp|P77375|YDHX_ECOLI	511145.b1671	17	16	9	12	10	14	8	13	11	11	3	9	12	14	16	14	9	13	2	9	0.348032119569268
sp|P0ACX5|YDHZ_ECOLI	511145.b1675	5	1	2	8	0	4	1	4	6	7	4	3	1	3	7	1	3	8	0	1	30.2560538698271
sp|P76198|YDIN_ECOLI	511145.b1691	41	7	6	9	34	32	2	42	17	50	20	16	17	7	10	34	17	35	4	21	0.668251350037359
sp|P0A6D5|YDIB_ECOLI	511145.b1692	30	4	17	18	12	29	4	14	19	31	11	13	10	13	7	9	19	17	2	9	1.26591307963513
sp|P77337|YDIS_ECOLI	511145.b1699	49	4	25	24	15	43	10	25	19	39	20	14	20	17	21	23	15	37	2	7	0.249906376766897
sp|P0AE60|CEDA_ECOLI	511145.b1731	6	0	2	7	4	3	1	4	4	4	4	2	7	6	8	5	3	6	2	2	9.94073305639413
sp|P17334|PTQC_ECOLI	511145.b1737	56	0	9	14	31	41	4	49	13	53	16	24	23	8	9	26	22	34	9	11	0.748205579053026
sp|P76213|CHO_ECOLI	511145.b1741	28	9	10	23	9	16	8	13	11	42	4	11	14	14	30	16	11	12	5	9	1.23774795942391
sp|P0AE37|ASTA_ECOLI	511145.b1747	33	7	20	24	18	24	9	14	15	33	8	11	15	12	24	19	18	26	4	10	5.75129646397471
sp|P76221|YDJZ_ECOLI	511145.b1752	29	2	4	5	23	18	2	19	7	30	11	3	7	7	12	14	14	15	7	6	2.26493081539203
sp|P76228|YNJI_ECOLI	511145.b1762	27	9	11	30	20	17	11	22	26	31	11	14	11	13	13	30	9	11	12	18	0.307132486790366
sp|P14294|TOP3_ECOLI	511145.b1763	67	12	40	44	22	37	17	36	38	62	8	18	40	33	51	31	28	45	8	16	9.43328307390263
sp|P77493|YDJH_ECOLI	511145.b1772	33	8	26	17	14	23	2	30	19	31	7	15	7	8	14	16	21	19	1	4	0.316565567483168
sp|P76234|YEAE_ECOLI	511145.b1781	39	3	11	17	4	23	6	12	13	33	11	11	9	20	10	14	10	21	7	10	1.06058506316148
sp|P76236|YEAI_ECOLI	511145.b1785	23	9	18	16	34	18	8	51	25	76	13	29	12	16	17	39	29	33	5	20	0.524824326172848
sp|P76241|YEAM_ECOLI	511145.b1790	23	6	6	14	9	17	11	13	10	30	11	7	18	21	16	11	24	17	5	4	1.14197789836803
sp|P76249|LEUE_ECOLI	511145.b1798	22	2	3	4	19	18	1	17	13	30	4	8	6	4	4	14	12	17	2	12	0.531552061803512
sp|P76251|DMLA_ECOLI	511145.b1800	33	5	21	26	17	30	9	26	12	25	12	13	24	12	23	18	15	22	8	10	9.54775125682164
sp|P0AA91|YEAY_ECOLI	511145.b1806	12	1	8	4	6	26	1	9	8	11	6	5	17	14	10	6	13	23	5	8	1.14819665996847
sp|P76257|YOAA_ECOLI	511145.b1808	62	13	47	26	23	36	7	25	29	87	14	16	33	38	43	42	35	39	5	16	0.181250143396826
sp|P64490|YOAC_ECOLI	511145.b1810	12	0	5	9	4	7	0	5	9	5	6	3	6	2	2	7	6	6	2	3	6.90497351387274
sp|P43337|NUDL_ECOLI	511145.b1813	19	0	10	12	5	12	6	13	2	21	3	2	16	10	16	10	7	18	3	7	6.23470925960831
sp|P76261|ADRB_ECOLI	511145.b1815	42	6	20	23	17	27	16	41	14	72	10	23	35	34	35	33	24	38	8	14	0.752776282063588
sp|P64499|YEBO_ECOLI	511145.b1825	7	1	4	11	2	2	0	7	5	13	2	7	1	5	7	7	2	11	1	0	2.33968924418792
sp|P76272|YEBT_ECOLI	511145.b1834	68	0	49	52	30	85	11	50	47	95	14	29	46	33	44	62	55	75	10	22	0.13104165528769
sp|P76273|RSMF_ECOLI	511145.b1835	55	7	25	33	26	31	9	21	18	48	8	21	31	20	29	24	23	29	10	11	0.197007630783652
sp|P76278|YEBZ_ECOLI	511145.b1840	35	3	3	4	16	20	8	22	5	48	14	6	10	15	14	7	19	23	15	3	0.80032896178602
sp|P24205|MSBB_ECOLI	511145.b1855	28	2	16	22	16	21	8	21	18	24	14	10	25	12	31	9	11	17	7	11	26.1653535251928
sp|P0A814|RUVC_ECOLI	511145.b1863	22	2	7	6	4	13	3	13	7	16	5	5	6	14	12	10	7	16	0	5	5.46189739882275
sp|P76297|FLHE_ECOLI	511145.b1878	11	2	0	7	3	13	1	7	1	17	4	3	9	7	11	12	7	10	3	2	1.61281868129795
sp|P76299|FLHB_ECOLI	511145.b1880	35	1	14	20	13	28	11	25	18	50	16	10	25	17	25	22	11	31	6	4	2.37050965470724
sp|P0ABY7|FLHC_ECOLI	511145.b1891	15	8	5	12	7	11	3	8	8	26	6	6	11	15	12	14	8	10	4	3	1.86672772955551
sp|P0AAF3|ARAG_ECOLI	511145.b1900	47	3	26	32	12	48	13	42	22	48	17	19	19	24	28	29	19	38	4	14	1.88356205863403
sp|P02924|ARAF_ECOLI	511145.b1901	38	1	21	21	13	30	4	17	32	23	13	10	15	12	8	16	17	27	5	6	1.45841623078445
sp|P46887|YECH_ECOLI	511145.b1906	10	2	3	7	5	7	5	5	5	4	4	1	1	3	3	7	4	2	0	1	4.81114223941847
sp|P0AD07|YECF_ECOLI	511145.b1915	10	1	3	6	2	2	0	2	6	8	6	3	1	8	2	4	5	4	0	1	50.9372592105057
sp|P07026|SDIA_ECOLI	511145.b1916	21	3	8	20	12	6	5	11	11	26	12	13	11	14	16	14	11	11	5	10	12.8071348095688
sp|P24216|FLID_ECOLI	511145.b1924	54	0	34	7	8	30	1	29	26	45	6	31	3	23	7	67	66	19	2	10	5.34633013016034
sp|P0A8T5|FLIE_ECOLI	511145.b1937	15	0	4	5	2	6	1	6	3	7	8	2	3	13	4	9	7	8	0	1	1.34001774681437
sp|P76343|YEDZ_ECOLI	511145.b1972	20	2	2	2	7	11	8	13	13	49	2	6	8	9	12	7	13	12	8	7	0.850689554092689
sp|P76347|YEEJ_ECOLI	511145.b1978	241	5	131	106	71	184	31	96	103	168	37	171	83	98	56	223	272	207	20	55	0.052836779665175
sp|Q47083|CBL_ECOLI	511145.b1987	23	1	16	28	11	19	7	25	9	42	4	12	10	18	25	19	18	18	5	6	0.970134776502378
sp|P76361|YEER_ECOLI	511145.b2001	47	13	21	33	23	38	10	34	16	68	11	27	17	19	30	31	27	16	13	16	1.90998991401446
sp|P33014|YEED_ECOLI	511145.b2012	12	2	5	7	2	3	1	7	4	4	2	0	3	6	0	2	5	7	2	1	194.026788235609
sp|P76369|YEEY_ECOLI	511145.b2015	32	1	16	24	13	24	9	18	18	40	4	6	11	12	15	21	14	18	6	7	14.1770480439624
sp|P76373|UDG_ECOLI	511145.b2028	32	2	26	23	17	19	5	36	24	30	10	24	15	13	22	28	17	27	0	18	25.1340416341879
sp|P71242|WCAK_ECOLI	511145.b2045	38	5	26	18	16	30	16	25	16	48	16	17	12	24	25	24	21	35	3	11	0.267880598596051
sp|P71241|WCAJ_ECOLI	511145.b2047	32	7	20	19	22	34	9	28	25	53	17	21	16	17	27	22	24	46	13	12	0.262271863242564
sp|P37742|RFBK7_ECOLX	511145.b2048	40	7	32	31	19	44	14	26	25	45	11	21	21	7	27	15	21	31	4	12	0.572909176548708
sp|P24174|MANC_ECOLI	511145.b2049	49	8	31	39	11	33	14	23	22	39	11	15	21	14	28	24	18	52	7	19	3.88183382546222
sp|P32057|WCAI_ECOLI	511145.b2050	43	5	16	26	13	35	7	23	22	44	10	17	20	19	25	16	15	32	6	13	0.383013605944155
sp|P0ACD2|WCAF_ECOLI	511145.b2054	15	3	7	5	8	17	4	13	9	13	1	6	8	6	9	12	12	22	7	5	3.45720931494308
sp|P76387|WZC_ECOLI	511145.b2060	61	3	37	45	19	45	7	50	44	76	17	36	26	37	36	49	48	59	5	20	0.143167948948763
sp|P36928|YEGD_ECOLI	511145.b2069	49	6	28	30	14	34	5	23	16	56	9	13	22	25	30	29	16	29	7	9	38.6218764384157
sp|P76395|YEGK_ECOLI	511145.b2072	30	3	17	13	12	20	5	8	5	33	10	9	10	15	8	15	17	17	3	3	1.16437813001697
sp|P76397|MDTA_ECOLI	511145.b2074	54	0	24	19	9	30	4	21	23	31	4	15	14	34	23	26	31	43	6	4	2.52303178000431
sp|P76399|MDTC_ECOLI	511145.b2076	101	4	47	36	40	72	7	76	31	131	36	38	53	54	55	75	63	79	6	21	0.62650242499559
sp|P30847|BAES_ECOLI	511145.b2078	39	2	29	25	25	37	10	23	16	59	7	18	21	25	38	27	26	29	6	5	0.257437827174547
sp|P76406|YEGR_ECOLI	511145.b2085	10	3	3	7	4	10	3	10	10	7	3	5	0	4	4	7	6	6	0	3	2.05901441461532
sp|P76407|YEGS_ECOLI	511145.b2086	30	6	20	19	10	31	5	28	9	34	7	14	16	11	14	11	18	11	3	2	0.402658966743554
sp|P69831|PTKC_ECOLI	511145.b2092	47	2	16	9	25	48	9	54	16	48	22	11	21	13	15	17	23	41	9	5	1.07078806083331
sp|P0ACM5|YEGW_ECOLI	511145.b2101	18	3	12	21	7	11	7	18	11	21	3	7	9	18	19	18	9	25	2	9	0.348685823530922
sp|P76422|THID_ECOLI	511145.b2103	34	3	15	13	6	20	8	12	7	30	7	6	12	14	15	17	21	18	5	3	98.7037622884248
sp|P76423|THIM_ECOLI	511145.b2104	45	6	11	12	7	21	11	11	4	24	8	7	11	14	10	14	19	22	3	2	10.1528961321163
sp|P64530|RCNR_ECOLI	511145.b2105	8	1	6	7	0	5	5	7	10	10	3	1	1	6	5	3	2	9	0	1	1.61319894434561
sp|P33341|YEHB_ECOLI	511145.b2109	58	4	53	31	37	73	12	38	29	56	14	63	26	48	44	75	45	56	16	48	0.441119180954885
sp|P33342|YEHC_ECOLI	511145.b2110	17	0	9	8	7	13	3	24	20	21	9	25	17	9	7	15	8	17	4	6	1.19099852619611
sp|P33343|YEHD_ECOLI	511145.b2111	18	2	14	6	8	13	0	11	14	11	5	8	6	3	2	22	12	17	0	8	3.56293262031321
sp|P0AFT5|YEHT_ECOLI	511145.b2125	14	3	12	23	9	12	7	15	11	35	6	6	10	11	19	13	9	17	0	7	1.16167279072371
sp|P0AD14|YEHU_ECOLI	511145.b2126	48	7	20	29	23	42	12	42	21	70	20	21	20	29	33	31	33	41	3	16	0.677335786637067
sp|P0AFI5|PBP7_ECOLI	511145.b2134	41	1	12	8	10	12	7	13	21	31	15	18	16	10	15	23	24	22	2	9	2.72500648809291
sp|P33368|YOHF_ECOLI	511145.b2137	33	3	16	14	8	23	7	18	10	24	8	9	11	11	10	12	13	18	3	2	20.0245237974219
sp|P23200|MGLC_ECOLI	511145.b2148	35	2	7	5	21	38	0	39	11	39	8	17	7	7	6	21	19	35	3	16	1.45797799209616
sp|P0A9E9|YEIL_ECOLI	511145.b2163	17	5	11	12	13	10	8	11	12	34	5	8	7	11	13	13	8	9	2	10	0.778005662008418
sp|P33024|PSUT_ECOLI	511145.b2164	58	2	8	12	30	44	1	48	13	46	17	12	16	8	9	34	15	30	4	9	0.678999609490227
sp|P0AFV4|SPR_ECOLI	511145.b2175	12	2	6	10	6	15	3	10	9	13	5	10	5	9	18	22	9	15	2	7	0.820976714910162
sp|P76446|RTN_ECOLI	511145.b2176	41	5	29	27	24	25	10	34	23	65	16	20	28	18	26	23	37	40	11	16	9.60149045776973
sp|P33915|YEJE_ECOLI	511145.b2179	25	3	13	7	22	29	2	19	7	56	7	16	18	11	20	28	14	21	14	9	0.269939813361792
sp|P33919|YEJH_ECOLI	511145.b2184	54	12	38	35	30	41	22	29	27	62	9	14	27	31	47	16	30	39	6	17	1.02495537310042
sp|P69490|CCME_ECOLI	511145.b2197	12	1	7	13	3	14	3	8	8	16	5	7	9	6	11	7	6	15	1	7	0.564654465892967
sp|P0ABM1|CCMC_ECOLI	511145.b2199	27	1	5	4	10	18	5	21	6	31	12	5	11	8	15	13	10	19	17	7	0.652102417532775
sp|P0AAL3|NAPG_ECOLI	511145.b2205	25	16	11	14	6	21	4	8	10	23	3	8	12	9	19	11	10	16	1	4	0.712131833042837
sp|P33940|MQO_ECOLI	511145.b2210	55	0	25	35	19	41	8	21	32	51	18	24	24	31	26	40	30	45	10	13	6.89674982773007
sp|P06134|ADA_ECOLI	511145.b2213	49	12	17	21	12	19	8	13	14	34	6	11	15	22	33	18	21	18	5	6	0.29525461068422
sp|Q06067|ATOS_ECOLI	511145.b2219	48	1	28	36	12	38	12	61	14	72	15	32	24	38	41	34	40	39	5	18	0.448708160788886
sp|Q06065|ATOC_ECOLI	511145.b2220	39	5	24	39	15	25	12	40	20	53	18	19	18	20	36	22	22	24	4	6	11.1303834299837
sp|P76460|ATOE_ECOLI	511145.b2223	49	3	11	11	33	41	6	38	10	50	27	11	27	11	14	25	24	32	9	8	2.09007285179885
sp|P27294|INAA_ECOLI	511145.b2237	21	3	9	19	8	12	9	11	16	12	7	7	7	6	18	8	5	20	6	12	11.3423365998875
sp|P77215|RHMD_ECOLI	511145.b2247	28	10	24	22	15	41	15	20	20	32	16	13	20	14	16	23	23	28	8	13	0.982544228022762
sp|P45565|AIS_ECOLI	511145.b2252	19	5	15	5	8	11	7	13	17	21	2	9	5	7	10	14	13	11	2	6	51.9417538768011
sp|P77398|ARNA_ECOLI	511145.b2255	53	11	35	43	28	48	27	52	25	63	9	28	35	20	45	36	27	42	10	23	60.6974004688056
sp|P76473|ARNT_ECOLI	511145.b2257	54	7	18	16	35	38	8	38	19	73	13	15	28	18	25	28	28	37	28	24	0.386751994413871
sp|P37355|MENH_ECOLI	511145.b2263	34	5	15	12	12	22	9	7	4	30	4	9	9	13	18	13	7	17	5	7	0.361068838821686
sp|P17109|MEND_ECOLI	511145.b2264	64	7	26	31	14	40	19	28	13	68	8	16	33	36	35	30	27	35	17	9	9.72500171819893
sp|P0A8V0|RBN_ECOLI	511145.b2268	29	6	17	18	11	31	12	20	12	37	4	8	17	11	14	14	21	14	2	7	7.56997843076191
sp|Q47013|ELAD_ECOLI	511145.b2269	23	7	20	29	13	13	12	28	32	47	6	37	12	20	13	34	20	17	3	17	0.144758499194537
sp|P76481|YFBK_ECOLI	511145.b2270	62	1	34	37	16	35	4	38	39	51	11	31	28	45	27	40	24	28	7	17	0.298834879150682
sp|P76482|YFBL_ECOLI	511145.b2271	30	0	22	11	12	19	8	24	11	27	9	14	23	16	13	24	14	23	3	20	0.706955530068169
sp|P76483|YFBM_ECOLI	511145.b2272	9	0	13	15	8	13	4	12	7	24	7	7	4	5	11	11	8	4	2	3	0.686063517563634
sp|P76484|YFBN_ECOLI	511145.b2273	18	3	19	23	11	9	9	20	13	30	5	10	4	12	15	3	10	13	5	6	0.302112702134794
sp|P0AFU2|YFBS_ECOLI	511145.b2292	58	6	20	24	32	53	5	41	14	78	36	16	31	10	35	38	26	71	6	10	0.520912004153891
sp|P77625|YFBT_ECOLI	511145.b2293	31	3	9	16	6	17	8	13	8	24	3	5	14	6	11	9	11	18	3	1	26.0446393784946
sp|P52094|HISQ_ECOLI	511145.b2308	19	1	5	8	15	27	1	20	6	30	8	5	6	7	10	11	15	23	2	9	0.405026438911795
sp|P07649|TRUA_ECOLI	511145.b2318	31	3	15	13	9	16	11	10	11	20	6	11	15	12	20	10	14	26	5	12	10.4230411547792
sp|P76938|EPMC_ECOLI	511145.b2326	17	5	14	14	13	8	7	10	4	11	2	9	12	9	10	6	6	11	4	10	0.569098478206556
sp|P76498|YFCO_ECOLI	511145.b2332	14	8	13	12	6	19	5	15	12	19	12	13	15	11	6	29	19	23	7	15	0.287529000328695
sp|P77599|YFCS_ECOLI	511145.b2336	16	3	11	9	9	10	1	12	18	25	9	18	21	12	11	23	16	18	3	5	1.12795046658839
sp|P76502|SIXA_ECOLI	511145.b2340	15	5	7	12	4	11	2	5	4	21	6	7	10	5	5	13	10	15	2	2	12.201026565065
sp|P76503|FADI_ECOLI	511145.b2342	63	2	19	23	13	39	9	19	13	46	16	10	19	18	31	25	28	32	3	8	11.8272496723188
sp|P37326|INTS_ECOLI	511145.b2349	33	2	21	27	13	23	7	27	37	31	12	15	16	12	24	19	15	27	9	15	3.77681813436658
sp|P77682|GTRA_ECOLI	511145.b2350	15	3	2	0	14	7	2	6	6	10	5	4	2	1	3	8	11	14	2	5	4.08272846778015
sp|P77656|YFDK_ECOLI	511145.b2354	17	0	9	14	3	8	1	9	8	11	3	7	12	9	3	8	6	5	5	8	1.22964399328469
sp|P76510|YFDN_ECOLI	511145.b2357	16	4	6	13	6	10	5	3	4	12	3	6	8	8	23	14	7	9	2	5	3.02728084886038
sp|P76514|YFDR_ECOLI	511145.b2361	16	4	13	11	11	8	6	12	10	17	8	5	11	4	8	10	5	10	1	8	3.02374974515691
sp|P76515|YFDS_ECOLI	511145.b2362	12	2	4	13	5	9	1	4	7	11	4	8	6	3	5	3	5	9	7	2	3.35394866861648
sp|P08555|DSDX_ECOLI	511145.b2365	48	6	8	12	23	39	9	46	15	69	21	10	19	5	7	25	30	40	4	9	1.18233001840446
sp|P52599|EMRK_ECOLI	511145.b2368	39	0	19	20	6	17	6	27	24	31	11	27	14	22	15	31	27	34	4	13	0.789736787063373
sp|P0AA49|YFDV_ECOLI	511145.b2372	41	4	7	8	23	21	4	27	10	42	7	12	14	2	10	23	17	30	4	8	0.511952689364277
sp|P0AFI0|OXC_ECOLI	511145.b2373	66	4	33	24	15	48	11	43	21	50	19	29	29	26	26	32	32	37	4	15	2.99528965763485
sp|P69902|FCTA_ECOLI	511145.b2374	37	7	24	27	15	37	11	28	22	35	11	15	24	20	16	19	25	23	7	13	0.390676700922614
sp|P76520|YFDX_ECOLI	511145.b2375	35	0	12	16	3	10	1	10	19	19	8	10	5	15	6	10	11	13	2	6	0.595279142512914
sp|P0AA93|YPDA_ECOLI	511145.b2380	44	11	21	33	18	39	18	69	25	62	12	25	21	19	30	30	26	43	6	13	1.67318568443463
sp|P0AE39|YPDB_ECOLI	511145.b2381	14	3	13	21	17	4	8	21	14	22	7	11	10	13	12	13	13	17	4	7	7.69270291102274
sp|P77585|YPDE_ECOLI	511145.b2384	34	6	25	20	8	29	7	17	8	37	12	7	14	17	26	19	20	33	3	3	1.51622212601735
sp|P67729|YFEO_ECOLI	511145.b2389	56	4	8	7	15	40	11	34	6	64	20	9	32	12	13	20	17	41	7	2	1.40583394636732
sp|P39836|YFEH_ECOLI	511145.b2410	32	6	7	7	23	23	7	24	13	46	13	10	13	11	11	24	14	35	9	4	0.584756577390885
sp|P78271|YFES_ECOLI	511145.b2420	15	5	22	19	13	14	7	15	23	20	13	10	8	12	5	13	9	7	5	9	0.571561393804886
sp|P77245|MURR_ECOLI	511145.b2427	28	3	11	19	8	15	4	19	19	34	6	7	2	19	15	33	20	17	1	5	0.665273158669618
sp|P76535|MURQ_ECOLI	511145.b2428	35	7	13	20	4	31	4	22	15	24	8	13	8	10	14	16	18	31	0	5	21.4543502043953
sp|P77272|PTYBC_ECOLI	511145.b2429	59	7	13	9	29	58	7	34	12	65	17	16	25	16	14	20	24	33	7	9	1.15473558386577
sp|P76537|YFEY_ECOLI	511145.b2432	14	4	15	8	6	18	1	9	11	13	9	10	7	7	9	19	10	12	6	3	2.00489658730921
sp|P76546|YFFO_ECOLI	511145.b2446	14	1	8	13	2	9	3	9	12	12	8	5	6	5	9	8	3	4	4	3	0.650709201226753
sp|P76555|EUTQ_ECOLI	511145.b2460	21	2	12	20	11	19	4	15	13	15	10	4	10	11	8	19	15	18	4	2	0.672230600653987
sp|P63746|EUTS_ECOLI	511145.b2462	13	1	5	8	3	13	3	9	6	13	4	1	4	3	3	5	7	8	0	2	0.946711887949712
sp|P27896|NARQ_ECOLI	511145.b2469	48	4	19	37	16	27	18	30	13	85	15	32	21	40	36	44	28	31	5	17	0.0698678902927635
sp|P24177|ACRD_ECOLI	511145.b2470	107	4	47	47	50	81	11	56	35	110	40	42	43	55	47	67	64	90	11	30	0.472919362282709
sp|P64429|YPFJ_ECOLI	511145.b2475	18	4	19	13	11	36	5	10	11	20	10	7	11	28	16	20	16	19	4	9	1.88476501279396
sp|P0A9I3|GCVR_ECOLI	511145.b2479	22	3	9	12	5	8	8	14	4	19	6	9	9	9	9	15	13	12	2	2	15.3560936699452
sp|P23481|HYFA_ECOLI	511145.b2481	24	16	8	12	5	12	6	6	7	20	2	8	13	16	10	11	10	15	3	1	0.221505299984274
sp|P77668|HYFI_ECOLI	511145.b2489	21	7	18	8	7	19	9	19	5	21	5	4	18	13	23	12	13	19	4	7	0.586840889161729
sp|P71229|HYFR_ECOLI	511145.b2491	52	9	40	44	21	36	24	36	15	99	17	26	31	35	53	44	37	36	8	7	0.372318635404107
sp|P66948|YFGC_ECOLI	511145.b2494	64	0	27	21	15	29	7	18	14	61	17	31	19	41	34	32	22	16	4	15	26.3719743766141
sp|P76573|YFGI_ECOLI	511145.b2506	30	1	12	21	3	4	2	5	19	12	3	10	1	17	13	12	3	7	2	2	3.75893188676918
sp|P76577|PBPC_ECOLI	511145.b2519	78	5	39	34	19	66	11	30	24	96	17	26	67	30	64	44	30	47	27	16	0.300034754101547
sp|P0AAC8|ISCA_ECOLI	511145.b2528	5	3	8	8	9	13	1	2	7	9	2	5	3	2	4	7	6	12	0	1	13.6618020616237
sp|P77538|YFHR_ECOLI	511145.b2534	23	1	19	10	15	22	9	24	10	24	5	14	19	9	14	22	8	20	5	11	0.278179010581481
sp|P54901|CSIE_ECOLI	511145.b2535	30	8	19	26	21	20	13	21	8	66	9	13	24	31	38	22	26	15	4	12	0.355870449276263
sp|P0ABR5|HCAE_ECOLI	511145.b2538	39	10	32	29	20	41	10	19	19	35	7	18	19	23	28	24	22	25	15	18	0.370858702367311
sp|P76584|YPHB_ECOLI	511145.b2544	20	6	16	19	16	25	11	8	4	26	4	8	22	18	13	19	17	16	11	11	0.36357653890289
sp|P77315|YPHD_ECOLI	511145.b2546	37	3	5	6	20	37	1	26	5	55	8	15	9	9	14	23	13	42	3	1	0.590593195726345
sp|P77509|YPHE_ECOLI	511145.b2547	43	4	21	44	6	41	8	33	20	54	14	15	18	23	35	30	26	54	5	9	2.30447178014279
sp|P77269|YPHF_ECOLI	511145.b2548	37	4	18	19	8	27	1	24	24	24	7	17	8	19	12	17	20	32	1	8	1.25238845755937
sp|P0AD44|YFHG_ECOLI	511145.b2555	19	4	14	17	3	7	6	9	9	32	3	6	17	25	19	14	15	6	5	7	0.447028170941305
sp|P52101|GLRK_ECOLI	511145.b2556	42	6	20	31	13	24	10	18	15	68	16	18	18	30	37	41	17	34	6	11	0.59174887403365
sp|P10902|NADB_ECOLI	511145.b2574	47	9	33	36	15	41	26	32	12	52	13	21	23	15	41	29	30	40	8	17	8.79013858416196
sp|P31825|TRMN6_ECOLI	511145.b2575	26	7	12	16	12	15	5	12	3	24	6	8	10	18	15	14	17	15	4	6	1.18830496135754
sp|P0AGG4|THIO2_ECOLI	511145.b2582	10	6	12	9	8	9	2	10	7	9	3	8	8	3	9	6	6	11	3	0	34.7671304824137
sp|P64548|YFIR_ECOLI	511145.b2603	14	4	5	8	9	9	3	12	6	22	6	10	10	7	8	16	8	10	1	4	3.38769090235772
sp|P46139|YFIN_ECOLI	511145.b2604	42	2	21	21	20	20	16	25	15	50	12	23	8	19	26	27	30	17	6	8	0.156636552347757
sp|P07021|YFIB_ECOLI	511145.b2605	18	1	7	6	4	14	3	7	9	15	5	7	7	11	6	12	13	8	2	5	2.19839166487146
sp|P0A7B3|PPNK_ECOLI	511145.b2615	19	6	16	15	10	20	12	25	12	34	5	12	12	14	15	19	18	17	2	9	16.9271330048402
sp|P52125|YFJJ_ECOLI	511145.b2626	7	2	21	5	7	10	9	11	14	18	6	14	7	5	19	15	13	9	3	13	2.10202112549232
sp|P52127|YFJL_ECOLI	511145.b2628	26	10	52	39	21	21	18	41	36	55	6	15	18	18	38	40	25	38	7	14	5.01400442285476
sp|P52140|YFJY_ECOLI	511145.b2644	16	0	6	9	5	7	7	8	5	22	5	4	7	12	11	8	13	11	1	3	1.14275202154558
sp|P52141|YFJZ_ECOLI	511145.b2645	7	4	5	5	4	8	4	5	2	10	2	4	5	6	6	6	10	6	1	5	1.04195507210583
sp|P0A772|NRDI_ECOLI	511145.b2674	9	1	4	10	6	14	1	9	2	10	2	8	7	8	15	8	4	11	2	5	0.613068689342105
sp|P69913|CSRA_ECOLI	511145.b2696	2	0	1	6	0	5	1	5	3	4	2	2	1	5	5	4	4	9	0	2	774.197571633911
sp|P15082|SRLR_ECOLI	511145.b2707	20	3	16	19	12	17	7	20	16	23	7	13	7	9	9	17	20	18	0	4	0.32492509371942
sp|Q46877|NORV_ECOLI	511145.b2710	35	8	35	33	19	27	15	28	20	36	16	27	21	18	24	26	33	34	11	13	1.12948316639208
sp|P37596|NORW_ECOLI	511145.b2711	38	4	23	19	9	25	5	21	14	49	11	16	16	27	25	19	23	25	3	5	0.499437331383819
sp|P24241|PTIBC_ECOLI	511145.b2715	65	4	11	15	17	38	6	47	19	57	22	11	28	13	12	33	28	44	7	8	0.275131051073351
sp|P24240|ASCB_ECOLI	511145.b2716	41	7	28	35	30	37	11	21	24	34	15	23	17	14	27	28	20	29	10	23	0.248663203151998
sp|P0AAK1|HYCB_ECOLI	511145.b2724	23	16	11	10	7	10	6	9	8	17	4	8	16	8	12	12	11	14	1	0	0.273442107869658
sp|P0AAN3|HYPB_ECOLI	511145.b2727	30	9	16	22	8	22	8	15	14	29	9	15	17	9	15	13	17	16	2	4	4.12400210969448
sp|P0A6S5|FTSB_ECOLI	511145.b2748	12	0	7	6	3	7	1	3	5	14	2	8	2	7	8	4	5	4	2	3	1.11859170188932
sp|P23845|CYSN_ECOLI	511145.b2751	39	2	34	32	16	36	10	27	14	54	8	17	18	25	32	28	28	39	4	12	252.240927669717
sp|P21156|CYSD_ECOLI	511145.b2752	19	2	17	25	13	20	9	20	17	26	12	12	14	12	26	14	12	15	7	10	362.059804639043
sp|Q46897|CAS6_ECOLI	511145.b2756	16	4	9	8	7	13	5	13	13	23	3	7	12	14	13	10	7	15	3	4	1.40000605730172
sp|P76632|CSE2_ECOLI	511145.b2759	15	2	10	9	5	7	3	8	5	19	6	7	6	12	19	6	7	7	5	2	0.543765231744588
sp|Q46901|CSE1_ECOLI	511145.b2760	37	11	18	27	25	39	14	30	25	51	9	32	29	29	25	25	25	33	8	10	0.373301289951386
sp|P38036|CAS3_ECOLI	511145.b2761	71	17	56	51	39	52	26	43	36	100	16	41	39	54	43	59	38	56	25	26	0.149265551338448
sp|P17854|CYSH_ECOLI	511145.b2762	19	1	13	23	7	17	5	12	15	32	3	12	10	9	15	9	12	13	7	10	96.8153537003099
sp|P17846|CYSI_ECOLI	511145.b2763	47	6	30	46	20	49	17	38	35	52	14	30	27	15	41	16	35	30	8	14	445.861103363271
sp|P38038|CYSJ_ECOLI	511145.b2764	71	2	36	49	22	36	9	21	26	61	8	23	32	28	34	31	31	51	11	17	395.854876448043
sp|Q46907|YGCQ_ECOLI	511145.b2769	41	5	15	15	5	21	6	14	8	28	5	12	12	16	12	16	14	33	7	1	1.19958853767278
sp|Q46908|YGCR_ECOLI	511145.b2770	38	6	9	20	8	17	4	10	8	35	11	4	12	21	20	7	12	10	5	2	0.969340386521992
sp|Q46909|YGCS_ECOLI	511145.b2771	45	3	8	11	27	40	16	27	5	80	9	8	19	8	20	30	33	36	13	7	1.3000769211197
sp|Q46915|GUDX_ECOLI	511145.b2788	48	6	29	23	15	43	14	20	19	41	11	22	24	18	22	10	25	35	11	10	0.229834273582063
sp|Q46916|GUDP_ECOLI	511145.b2789	38	3	9	11	35	53	5	45	16	37	20	15	15	13	14	32	17	43	14	15	31.781377676417
sp|P0A8U0|SYDP_ECOLI	511145.b2793	12	4	10	16	9	7	6	9	8	22	2	6	9	11	7	8	17	10	4	4	17.6226832314127
sp|P11551|FUCP_ECOLI	511145.b2801	54	8	9	7	35	33	7	40	11	52	12	15	17	21	12	33	25	25	6	16	3.45637035090339
sp|P0ACK8|FUCR_ECOLI	511145.b2805	21	4	14	15	5	12	10	22	14	29	3	10	4	13	16	23	11	8	3	6	11.6886180911529
sp|P63883|AMIC_ECOLI	511145.b2817	46	0	24	19	16	27	4	19	30	38	11	15	18	27	25	31	17	39	2	9	0.507316368245587
sp|P0A6C5|ARGA_ECOLI	511145.b2818	34	6	23	34	14	34	14	37	19	43	9	16	13	23	31	29	21	32	1	10	18.2167655872571
sp|P67127|YGDQ_ECOLI	511145.b2832	24	0	8	11	16	14	5	26	8	39	10	6	6	3	10	17	10	18	4	2	0.474014716148708
sp|P03024|GALR_ECOLI	511145.b2837	43	4	19	18	8	24	12	18	6	32	11	17	14	12	23	24	19	28	1	10	0.599854889597543
sp|P00861|DCDA_ECOLI	511145.b2838	37	4	23	26	12	38	20	21	8	44	9	13	18	27	25	24	17	38	4	12	39.3797259057291
sp|P0AE24|ARAE_ECOLI	511145.b2841	50	5	9	20	27	39	3	35	15	60	28	16	11	10	24	31	33	36	10	10	0.478624084506058
sp|P37769|KDUD_ECOLI	511145.b2842	30	2	15	11	9	26	3	22	8	23	9	14	7	9	13	16	11	17	4	4	36.5398693433179
sp|Q46938|KDUI_ECOLI	511145.b2843	15	5	17	16	11	24	12	16	12	15	12	11	11	9	12	13	23	29	3	12	19.0129981082573
sp|P63340|YQEG_ECOLI	511145.b2845	34	7	4	12	26	24	7	49	17	51	15	11	16	9	9	33	27	36	8	14	0.313639133792465
sp|Q46942|YQEI_ECOLI	511145.b2847	18	5	13	12	13	12	12	23	18	19	5	26	12	6	12	15	15	17	6	10	0.647726534101834
sp|Q46787|YGEG_ECOLI	511145.b2851	13	5	14	11	7	6	5	13	12	13	3	14	3	8	2	9	4	3	1	17	0.892330684226265
sp|Q46819|YGFS_ECOLI	511145.b2886	13	16	5	12	2	9	2	9	3	13	4	5	11	14	11	10	7	16	0	0	1.18769875198524
sp|P21893|RECJ_ECOLI	511145.b2892	55	5	37	37	19	53	12	30	16	78	16	21	30	25	43	26	18	40	8	8	32.1943422440665
sp|Q46824|CPTA_ECOLI	511145.b2896	8	1	7	5	1	7	2	7	3	23	8	1	4	10	16	10	2	9	10	1	1.66435258964055
sp|P67153|YQFA_ECOLI	511145.b2899	22	3	3	3	9	20	8	20	9	38	6	3	5	5	4	15	8	21	4	13	3.09202491985157
sp|P52043|SCPC_ECOLI	511145.b2920	50	3	28	24	14	34	20	40	15	40	17	26	27	17	27	36	19	38	4	13	0.629922544866493
sp|P11667|ARGO_ECOLI	511145.b2923	29	3	4	3	14	19	3	15	5	33	9	5	6	10	8	11	7	13	9	5	1.78683510594774
sp|P11664|YGGC_ECOLI	511145.b2928	19	3	12	19	10	11	9	11	9	27	5	10	14	15	13	7	16	16	5	6	0.599406210068621
sp|P64570|YQGC_ECOLI	511145.b2940	4	1	1	3	3	3	1	4	5	3	2	1	5	5	9	4	9	7	0	1	9.23269807682047
sp|P39902|SPRT_ECOLI	511145.b2944	12	4	0	15	4	8	8	4	9	18	4	7	8	9	18	6	7	15	4	5	4.15342877572068
sp|P0AGL7|RSME_ECOLI	511145.b2946	19	5	11	20	6	17	7	18	10	29	6	7	13	13	18	15	12	13	2	2	7.15771591773784
sp|P0A8I1|RUVX_ECOLI	511145.b2949	12	0	7	10	6	15	2	10	7	13	2	4	6	6	10	7	8	8	2	3	18.6398144046347
sp|P46142|YGGM_ECOLI	511145.b2956	30	2	27	21	11	14	3	16	38	25	8	19	8	27	12	20	17	17	9	11	0.621966188979787
sp|Q46831|YQGA_ECOLI	511145.b2966	32	5	3	5	13	20	2	23	7	39	11	7	11	4	6	16	11	16	3	1	2.16033995649102
sp|Q46832|YGHD_ECOLI	511145.b2968	18	0	7	11	6	8	4	12	7	18	4	6	6	13	16	11	6	16	5	4	1.01315086499534
sp|Q46835|YGHG_ECOLI	511145.b2971	10	3	4	3	1	9	1	11	8	14	5	7	4	11	5	13	17	6	0	4	2.18714555674847
sp|Q46836|PPPA_ECOLI	511145.b2972	27	7	8	5	12	22	4	20	6	43	8	3	13	14	11	18	13	19	10	6	1.37359815098592
sp|P64572|YGHR_ECOLI	511145.b2984	20	2	13	12	4	18	2	17	15	26	7	4	10	17	20	20	15	17	3	10	0.342994278140695
sp|Q46843|YGHS_ECOLI	511145.b2985	22	3	7	10	7	18	6	18	12	28	6	7	14	14	16	15	12	11	4	7	0.63729790468336
sp|Q46844|YGHT_ECOLI	511145.b2986	23	3	11	10	7	17	8	13	16	22	5	5	14	10	17	9	13	21	2	4	0.555556945720347
sp|P0A703|HYBF_ECOLI	511145.b2991	9	8	6	11	2	5	7	8	3	8	1	0	2	9	5	8	3	14	3	1	0.661043061858426
sp|Q46855|YQHC_ECOLI	511145.b3010	27	6	11	25	11	17	7	20	16	40	13	15	13	11	23	22	12	16	0	13	1.174134679033
sp|P65298|YQHH_ECOLI	511145.b3014	12	4	4	4	2	2	0	3	5	10	3	6	1	6	6	3	5	6	0	3	3.85839850521181
sp|P26648|FTSP_ECOLI	511145.b3017	30	2	25	19	16	43	6	23	7	46	14	22	39	26	33	33	22	41	13	10	1.4291300220882
sp|Q46863|YGIS_ECOLI	511145.b3020	55	0	30	28	17	25	12	20	29	58	8	26	34	33	25	24	33	37	15	26	0.389436222972184
sp|Q46864|MQSA_ECOLI	511145.b3021	9	4	3	12	6	9	5	8	13	9	4	5	6	4	7	8	5	11	0	3	1.07947317678845
sp|P0ADT2|YGIB_ECOLI	511145.b3037	35	5	5	10	7	22	2	1	13	8	12	8	13	14	11	19	21	8	2	7	34.7044885313093
sp|P76656|YQII_ECOLI	511145.b3048	26	6	19	16	24	29	4	23	19	25	8	24	21	7	8	31	20	27	3	14	0.42272726348146
sp|P77306|YQIK_ECOLI	511145.b3051	78	1	22	62	15	24	3	36	27	45	12	24	11	40	40	30	37	43	1	2	8.81511566667702
sp|P45463|TTDR_ECOLI	511145.b3060	21	6	14	23	8	18	8	20	14	38	7	10	13	21	19	19	14	20	6	11	0.800436172530983
sp|P05847|TTDA_ECOLI	511145.b3061	26	4	13	21	9	25	8	18	15	26	11	15	15	8	14	21	20	28	3	3	8.68670714189936
sp|P39414|TTDT_ECOLI	511145.b3063	52	3	9	10	24	41	3	40	11	75	22	10	32	6	13	38	22	38	18	20	23.8090942251465
sp|P42588|PAT_ECOLI	511145.b3073	54	9	15	34	24	39	9	20	24	53	14	20	23	18	20	19	26	29	1	8	13.316819347713
sp|P06846|EBGR_ECOLI	511145.b3075	28	3	19	25	10	24	8	32	17	31	4	12	14	10	20	21	16	20	1	12	1.04991759299073
sp|P0AC73|EBGC_ECOLI	511145.b3077	8	4	9	15	5	9	6	13	9	7	1	6	2	9	9	4	8	13	1	11	0.862209964604717
sp|P42593|FADH_ECOLI	511145.b3081	68	10	35	36	19	66	19	50	21	61	17	24	33	34	41	32	38	48	5	15	1.66945794737205
sp|P42596|RLMG_ECOLI	511145.b3084	33	7	22	22	18	20	12	19	19	46	6	24	17	14	21	17	25	25	5	6	0.818252820546318
sp|P0AA78|EXUT_ECOLI	511145.b3093	64	5	11	13	30	43	7	32	14	48	22	15	20	15	17	23	24	36	16	17	0.501100998471669
sp|P64592|YHAI_ECOLI	511145.b3104	8	1	3	3	9	10	1	8	3	20	3	6	4	2	7	7	5	8	4	6	6.14238891391845
sp|P42628|YHAO_ECOLI	511145.b3110	42	5	8	15	27	35	5	42	17	55	20	13	16	7	12	37	20	42	9	16	0.456354776967002
sp|P23522|GARL_ECOLI	511145.b3126	33	1	14	12	14	20	6	17	12	20	3	13	14	10	9	17	11	23	3	4	2.43870635422693
sp|P42909|PTPB1_ECOLI	511145.b3138	5	1	14	5	7	13	3	16	11	11	3	8	5	11	7	5	12	18	1	2	0.751215859157273
sp|P42912|AGAI_ECOLI	511145.b3141	17	6	9	19	7	18	8	13	10	38	3	9	10	16	12	13	21	16	2	4	0.350043927879664
sp|P42913|YRAH_ECOLI	511145.b3142	21	2	12	13	7	17	2	17	7	12	4	18	10	2	6	9	12	16	2	5	1.21419828612904
sp|P42915|YRAJ_ECOLI	511145.b3144	53	4	52	29	30	67	12	43	23	67	13	60	34	62	46	85	59	37	12	50	0.821794226110938
sp|P67762|YHBP_ECOLI	511145.b3154	16	2	5	12	7	10	2	8	9	12	4	4	4	9	11	5	9	10	5	3	4.09895939961137
sp|P64599|YHBT_ECOLI	511145.b3157	13	1	13	11	8	8	2	6	9	27	7	3	7	12	10	11	7	15	3	1	0.408145140307916
sp|P0ADV5|YHBW_ECOLI	511145.b3160	35	1	20	16	16	24	13	15	9	40	13	11	20	16	20	25	13	15	4	9	21.4272615883694
sp|P0AA73|YHBE_ECOLI	511145.b3184	36	4	3	6	20	26	3	21	11	51	12	4	15	14	13	19	19	28	8	8	0.874182563920636
sp|P0ACH1|SFSB_ECOLI	511145.b3188	8	0	5	4	2	5	3	7	7	6	4	3	7	2	7	9	6	1	4	2	0.627294878653588
sp|P64602|MLAB_ECOLI	511145.b3191	6	1	8	5	0	7	1	3	5	19	3	4	3	4	4	6	6	8	2	2	26.0073487928628
sp|P0ADW6|YHCC_ECOLI	511145.b3211	25	10	12	19	7	28	13	12	10	35	6	10	12	20	23	11	19	21	5	11	1.02748448609489
sp|P28721|GLTF_ECOLI	511145.b3214	30	5	16	7	6	22	4	20	14	19	3	15	9	5	4	21	31	15	2	6	0.361031184893677
sp|P28722|YHCA_ECOLI	511145.b3215	9	0	10	14	8	9	4	14	14	21	4	10	15	9	13	16	27	18	2	7	1.49178694052098
sp|P45420|YHCD_ECOLI	511145.b3216	57	4	57	33	27	66	15	54	25	61	11	57	30	33	32	82	60	48	10	31	0.689696976894867
sp|P45425|NANK_ECOLI	511145.b3222	49	6	16	11	5	36	10	18	6	38	2	4	11	15	13	10	21	16	1	3	0.61020273987199
sp|P45428|DCUD_ECOLI	511145.b3227	48	3	9	11	25	37	9	47	12	49	29	12	17	11	14	30	25	52	2	13	0.921473219352972
sp|P64614|YHCN_ECOLI	511145.b3238	16	0	4	6	2	5	1	4	6	5	4	2	1	3	3	9	7	6	1	2	16.3598572553591
sp|P46481|AAEB_ECOLI	511145.b3240	63	11	20	32	30	37	13	56	18	81	20	20	24	30	49	34	44	46	13	14	5.98269495216901
sp|P46482|AAEA_ECOLI	511145.b3241	34	0	18	17	10	16	3	16	15	25	5	14	8	20	25	14	24	32	5	9	0.371961535412711
sp|P28638|YHDJ_ECOLI	511145.b3262	21	3	18	19	12	18	6	24	26	23	9	14	16	7	16	19	12	15	4	12	0.566620503169625
sp|P24180|ACRE_ECOLI	511145.b3265	44	1	20	22	8	26	6	23	21	28	4	14	19	27	17	25	32	37	1	10	0.873340474811294
sp|P24181|ACRF_ECOLI	511145.b3266	108	3	44	44	52	83	9	62	41	114	40	46	46	53	32	64	58	101	7	27	0.167275327276582
sp|P45795|YRDB_ECOLI	511145.b3280	6	3	6	11	4	4	1	3	2	7	2	4	4	8	4	4	3	3	5	1	1.05161055432586
sp|P36677|YHDN_ECOLI	511145.b3293	10	1	13	10	2	8	3	6	6	22	1	4	6	7	10	5	1	2	2	3	0.895104543477851
sp|P45761|GSPJ_ECOLI	511145.b3331	16	0	6	15	8	7	6	8	3	28	6	9	6	22	14	15	13	9	1	3	0.713065472551088
sp|P45762|GSPK_ECOLI	511145.b3332	27	2	23	13	15	10	8	18	9	43	6	17	13	34	20	20	19	14	5	11	0.445018781078033
sp|P36678|GSPM_ECOLI	511145.b3334	13	1	5	12	3	7	6	14	10	18	2	6	6	10	4	8	13	8	5	2	0.701333769218585
sp|P0A8R4|SLYX_ECOLI	511145.b3348	8	0	2	11	1	0	3	3	3	11	3	2	4	4	4	5	5	2	0	1	7.21518302382994
sp|P45522|KEFB_ECOLI	511145.b3350	59	2	22	37	35	52	12	28	15	97	27	8	15	27	38	35	21	53	8	10	1.27842200511905
sp|P0A756|KEFG_ECOLI	511145.b3351	19	2	8	9	5	10	7	7	4	22	5	5	14	8	14	14	5	10	5	11	0.526997139970981
sp|P45524|YHET_ECOLI	511145.b3353	32	6	15	19	15	23	15	15	12	37	12	11	22	15	22	19	14	16	7	13	2.30328038346785
sp|P0AEX5|KPPR_ECOLI	511145.b3355	18	0	13	18	15	23	12	17	11	25	10	10	18	12	15	18	18	24	4	8	16.1158036535879
sp|P20605|FIC_ECOLI	511145.b3361	18	2	9	19	9	17	6	12	6	22	6	6	6	16	13	7	5	8	3	10	1.05423942218876
sp|P0A9I8|NIRD_ECOLI	511145.b3366	6	3	9	8	6	7	3	7	6	10	2	1	4	7	6	9	1	9	2	2	0.569576739209774
sp|P45544|FRLR_ECOLI	511145.b3375	15	5	16	15	13	11	4	17	15	20	2	8	9	16	16	17	15	18	3	8	6.12016715082008
sp|P45550|YHFX_ECOLI	511145.b3381	38	5	19	21	11	31	13	22	14	47	4	10	20	22	18	23	20	31	5	13	0.153283352542248
sp|P45551|YHFY_ECOLI	511145.b3382	11	4	3	16	1	6	4	3	3	18	8	6	3	6	5	5	4	10	2	2	1.2326882277126
sp|P45753|HOFM_ECOLI	511145.b3395	32	3	13	15	9	14	5	10	8	33	6	3	18	16	19	19	10	12	10	4	0.34319849199042
sp|P31667|YHGA_ECOLI	511145.b3411	26	5	20	17	13	12	10	18	15	37	14	5	14	15	16	22	10	10	2	11	0.768561542595455
sp|P09391|GLPG_ECOLI	511145.b3424	31	1	9	9	18	24	7	16	6	33	13	6	9	13	16	14	8	20	13	10	0.553534724189344
sp|P46859|GNTK_ECOLI	511145.b3437	14	1	14	10	8	11	8	8	13	18	5	7	6	7	8	11	8	14	1	3	7.72386524359292
sp|P19767|INSA7_ECOLI	511145.b3444	7	5	1	1	1	9	3	5	5	5	4	4	3	5	9	10	6	5	1	2	0.468744677288007
sp|P37613|YHHK_ECOLI	511145.b3459	10	2	8	9	4	10	1	5	4	13	4	4	3	7	13	7	6	10	4	3	71.7462084472828
sp|P37619|YHHQ_ECOLI	511145.b3471	24	1	6	3	25	9	5	16	4	31	8	7	7	7	11	18	10	15	7	7	1.51837614866587
sp|P33591|NIKB_ECOLI	511145.b3477	33	2	13	6	16	20	8	22	2	52	16	10	17	8	24	13	12	24	8	8	1.29453629496667
sp|P0AFA9|NIKC_ECOLI	511145.b3478	29	1	13	3	13	22	11	18	0	45	14	4	10	8	16	20	14	24	9	3	1.78036074084307
sp|P77779|YBFO_ECOLI	511145.b3482	24	6	35	24	7	33	12	19	18	46	8	16	39	29	41	23	35	18	11	33	0.0771078038313406
sp|P77779|YBFO_ECOLI	511145.b3593	24	6	35	24	7	33	12	19	18	46	8	16	39	29	41	23	35	18	11	33	0.173203498854818
sp|P52147|ARSC2_ECOLX	511145.b3503	6	2	11	11	3	7	3	12	9	18	4	6	10	3	8	7	9	9	0	3	21.2508691607717
sp|P63204|GADE_ECOLI	511145.b3512	5	1	6	9	10	4	7	22	23	21	6	12	4	8	4	13	8	5	1	6	133.559185328545
sp|P62601|TREF_ECOLI	511145.b3519	41	3	43	46	20	35	12	26	20	58	15	21	34	19	41	30	16	23	17	29	0.544211285516321
sp|P37640|YHJB_ECOLI	511145.b3520	16	2	10	13	7	10	3	14	11	21	10	7	6	13	11	14	11	14	4	3	0.524335284553379
sp|P37657|BCSE_ECOLI	511145.b3536	38	9	28	29	20	24	13	31	15	64	16	35	28	31	36	37	19	31	14	5	3.26492857298467
sp|P37665|YIAD_ECOLI	511145.b3552	29	1	9	6	1	30	1	11	12	18	6	11	7	6	12	20	16	17	0	6	2.94510421604801
sp|P09099|XYLB_ECOLI	511145.b3564	60	6	26	25	10	42	12	15	14	58	18	10	28	33	25	27	19	33	12	11	0.401687415612303
sp|P00944|XYLA_ECOLI	511145.b3565	44	4	24	33	25	38	19	13	24	42	12	20	14	25	19	16	19	23	8	18	0.213771772780231
sp|P25718|AMY1_ECOLI	511145.b3571	62	5	55	25	31	59	19	22	32	60	16	24	32	42	27	39	46	30	25	25	0.180345608139911
sp|P37672|DLGD_ECOLI	511145.b3575	32	3	22	20	9	29	4	29	13	23	15	15	13	13	21	20	18	19	7	7	0.850286502626288
sp|P37676|YIAO_ECOLI	511145.b3579	34	0	22	16	18	23	6	13	25	34	9	15	13	16	12	22	17	24	3	6	0.359298161484498
sp|P37677|LYXK_ECOLI	511145.b3580	43	11	21	34	15	51	19	23	12	55	15	13	20	22	28	26	30	30	13	17	0.59236089946817
sp|P37682|YIAU_ECOLI	511145.b3585	25	5	24	21	11	11	8	24	18	32	6	13	13	18	19	20	15	21	4	16	1.06827149596144
sp|P37683|YIAV_ECOLI	511145.b3586	44	0	20	15	13	19	8	24	22	37	8	11	18	25	18	23	21	34	3	15	2.76529873132522
sp|P0ADK6|YIBA_ECOLI	511145.b3594	22	8	26	14	9	9	1	27	27	27	4	22	5	9	18	17	11	14	1	9	6.60691335011045
sp|P0ACL7|LLDR_ECOLI	511145.b3604	31	1	18	18	10	11	11	13	10	25	10	6	9	13	23	17	11	15	3	3	0.671575825041048
sp|P0AGJ7|TRML_ECOLI	511145.b3606	15	1	9	9	6	10	5	9	3	16	5	7	12	4	13	7	8	9	2	7	4.84917730329701
sp|P37692|RFAF_ECOLI	511145.b3620	36	5	14	23	8	24	10	19	14	41	12	10	24	17	23	18	10	19	7	14	2.11518462843932
sp|P27243|RFAL_ECOLI	511145.b3622	32	4	6	12	27	19	7	56	20	64	8	29	9	4	14	41	23	20	2	22	0.259393193896546
sp|P27240|RFAY_ECOLI	511145.b3625	7	1	19	11	11	12	5	23	25	24	7	16	4	7	19	10	7	12	0	12	0.832141167303755
sp|P27128|RFAI_ECOLI	511145.b3627	27	4	23	13	24	14	10	30	27	30	6	22	12	14	10	17	16	13	8	19	0.378781772315479
sp|P25742|RFAQ_ECOLI	511145.b3632	29	6	25	14	10	19	11	27	22	35	8	14	18	13	16	14	23	21	7	12	0.159437468296359
sp|P25531|YICR_ECOLI	511145.b3638	14	2	6	21	11	15	8	17	11	28	8	7	6	7	18	15	10	12	1	5	0.302056023063547
sp|P0A7E3|PYRE_ECOLI	511145.b3642	23	2	11	19	12	19	4	15	12	23	4	6	6	7	12	9	9	12	0	8	5.08727210968417
sp|P23840|DIND_ECOLI	511145.b3645	25	2	13	24	10	18	10	15	24	25	4	14	7	23	15	9	15	13	1	7	2.93315458989724
sp|P31434|XYLS_ECOLI	511145.b3656	48	13	47	47	44	65	20	23	33	65	19	41	38	34	41	37	42	58	25	32	0.38201031303152
sp|P31435|YICJ_ECOLI	511145.b3657	40	10	16	10	29	38	3	36	16	51	24	14	16	16	16	22	36	38	12	17	0.345891889988663
sp|P31441|ADEC_ECOLI	511145.b3665	65	11	31	37	19	48	22	38	12	62	13	25	28	30	30	35	26	39	4	13	0.46172341653058
sp|P31447|YIDJ_ECOLI	511145.b3678	33	8	44	30	23	31	17	25	21	35	16	24	34	16	31	22	25	26	12	24	3.66399409410987
sp|P31449|YIDL_ECOLI	511145.b3680	21	5	14	16	10	14	10	23	20	30	7	16	14	15	9	20	16	15	8	14	1.11790494541215
sp|P31453|YIDP_ECOLI	511145.b3684	14	1	5	20	9	12	6	15	12	33	7	7	9	10	20	20	10	17	1	10	0.653368384175063
sp|P31455|YIDR_ECOLI	511145.b3689	29	3	21	26	15	37	23	16	10	27	7	19	32	18	22	22	28	37	13	10	14.2059023574101
sp|P0ADM6|YIDX_ECOLI	511145.b3696	19	3	12	7	12	17	6	10	17	21	5	12	7	7	5	15	13	15	1	14	0.664099510643452
sp|P31466|PURP_ECOLI	511145.b3714	41	3	10	8	29	49	8	39	8	52	21	12	14	8	12	35	31	52	5	8	1.77084884244152
sp|P31469|CBRC_ECOLI	511145.b3717	10	13	16	21	14	17	6	7	10	14	2	6	8	10	6	7	6	8	5	9	1.09737310269669
sp|P31471|YIEL_ECOLI	511145.b3719	37	0	25	15	15	30	6	25	19	27	12	20	26	17	17	19	24	34	6	15	1.11154697917052
sp|P0A9J6|RBSK_ECOLI	511145.b3752	49	1	13	23	8	27	6	24	9	26	3	17	14	14	15	15	17	25	2	1	5.7797675761022
sp|P0ACQ0|RBSR_ECOLI	511145.b3753	28	4	21	19	9	22	7	19	10	38	13	11	17	19	21	16	26	19	1	10	1.38238564840303
sp|P31474|HSRA_ECOLI	511145.b3754	48	3	9	8	25	37	6	42	11	67	26	15	22	14	24	33	37	33	7	8	0.852544422930848
sp|P05827|ILVY_ECOLI	511145.b3773	26	4	12	24	11	15	10	14	11	34	9	8	21	13	22	17	15	25	3	3	0.979846705811998
sp|P25552|GPPA_ECOLI	511145.b3779	52	8	20	35	14	32	13	29	12	68	11	16	15	36	35	25	26	33	7	7	28.7797889040505
sp|P25550|ASLB_ECOLI	511145.b3800	36	14	23	21	20	29	21	14	18	39	10	14	22	24	21	15	15	31	6	18	0.15817288937831
sp|P09126|HEM4_ECOLI	511145.b3804	26	4	11	17	6	15	7	11	5	38	4	4	10	21	19	12	10	14	7	5	0.261900091875766
sp|P27842|YIGF_ECOLI	511145.b3817	11	1	2	5	11	10	1	9	11	15	3	7	2	3	3	6	4	9	6	7	1.69994083200082
sp|P27843|YIGG_ECOLI	511145.b3818	6	3	4	2	15	7	1	21	3	11	6	6	2	2	6	12	7	6	0	6	12.2088262682201
sp|P0AG71|RMUC_ECOLI	511145.b3832	45	1	28	45	11	17	9	24	16	51	13	26	11	44	42	29	17	27	4	15	7.84352651319353
sp|P21151|FADA_ECOLI	511145.b3845	57	7	18	20	11	37	12	20	11	36	21	13	16	13	23	23	16	28	2	3	9.37532579457025
sp|P0ACM9|YIHL_ECOLI	511145.b3872	16	1	8	24	10	17	4	18	17	21	4	9	13	10	14	13	13	11	6	7	2.72015918358778
sp|P32134|YIHM_ECOLI	511145.b3873	28	2	26	27	10	14	15	23	16	40	8	19	13	11	17	17	12	17	1	10	0.246698619314594
sp|P32136|YIHO_ECOLI	511145.b3876	46	13	12	12	37	37	3	37	22	58	19	20	17	12	12	22	35	25	6	22	0.370144155160284
sp|P32141|YIHT_ECOLI	511145.b3881	36	5	23	14	9	19	3	17	16	26	13	10	15	15	18	15	4	26	3	5	0.932047636554857
sp|P0A8K8|YIHY_ECOLI	511145.b3886	31	2	11	9	16	12	2	24	10	44	7	9	12	8	14	18	15	23	11	12	0.375267070791085
sp|P0ADQ5|YIIE_ECOLI	511145.b3889	4	1	2	8	2	5	2	2	8	6	1	2	1	5	8	3	1	7	1	1	1.28549801752884
sp|P0AFU6|YIIF_ECOLI	511145.b3890	3	1	6	8	0	4	0	4	2	10	1	3	2	7	7	3	2	5	2	2	0.718397748208689
sp|P32151|YIIG_ECOLI	511145.b3896	43	3	23	32	10	14	3	18	31	25	9	17	17	18	12	21	14	21	3	17	0.505874966767387
sp|P32152|FRVR_ECOLI	511145.b3897	56	10	26	40	23	27	21	54	13	80	5	31	22	40	41	27	24	23	7	12	0.293363522936929
sp|P09378|RHAR_ECOLI	511145.b3906	20	6	19	13	14	13	13	11	8	33	7	11	10	22	19	22	12	16	4	9	0.383594398646113
sp|P0ACN7|CYTR_ECOLI	511145.b3934	31	8	20	20	11	22	7	24	15	35	14	11	21	22	21	14	17	20	0	8	4.25381582900596
sp|P32167|YIIX_ECOLI	511145.b3937	13	1	7	11	8	11	3	8	18	18	3	4	11	18	9	16	9	19	6	9	1.07406725059803
sp|P22634|MURI_ECOLI	511145.b3967	36	5	12	23	10	17	6	11	10	37	6	6	19	7	16	11	17	27	2	7	17.5869984010567
sp|P30138|THIF_ECOLI	511145.b3992	24	7	20	9	4	23	1	11	5	35	5	9	12	19	16	12	15	18	3	3	36.7231892895327
sp|P32681|YJAH_ECOLI	511145.b4001	16	3	17	11	9	13	4	10	5	22	4	11	9	16	22	23	11	14	7	4	0.355131728039564
sp|P09162|YJAA_ECOLI	511145.b4011	12	0	5	8	5	4	5	7	6	15	6	4	2	9	9	11	3	13	1	2	0.63311922501315
sp|P0AF43|YJBB_ECOLI	511145.b4020	60	5	23	29	21	33	11	33	17	93	18	15	15	17	36	38	25	42	3	9	1.47527599643623
sp|P32688|YJBG_ECOLI	511145.b4028	30	0	13	8	4	18	2	13	8	26	2	8	17	17	13	20	15	19	6	6	0.710457882462786
sp|P32689|YJBH_ECOLI	511145.b4029	46	3	46	29	30	66	11	18	31	66	12	37	31	40	38	43	47	46	13	45	0.21007258789098
sp|P0AGF4|XYLE_ECOLI	511145.b4031	48	7	9	18	32	47	5	39	16	56	18	18	18	16	14	32	28	39	12	19	2.53467918955516
sp|P68183|MALG_ECOLI	511145.b4032	37	1	7	7	19	22	4	23	8	46	9	7	16	11	9	16	14	24	8	8	1.41760783112065
sp|P26602|UBIC_ECOLI	511145.b4039	8	2	6	14	5	11	1	6	7	32	3	1	13	6	14	11	11	6	4	4	7.15470932247236
sp|P32693|YJBL_ECOLI	511145.b4047	6	1	7	1	4	5	3	12	10	7	2	8	1	2	5	3	3	0	1	3	1.81243805912456
sp|P32694|YJBM_ECOLI	511145.b4048	15	4	25	17	14	9	4	15	18	23	7	15	7	7	5	21	10	9	1	9	0.405594118660195
sp|P32696|PSPG_ECOLI	511145.b4050	9	0	1	1	4	5	0	8	5	15	6	0	3	1	3	1	2	10	3	3	1.68125905890205
sp|P0A6B4|ALR1_ECOLI	511145.b4053	40	5	17	24	10	32	10	15	12	34	10	8	21	13	27	16	19	33	5	8	35.8442173605461
sp|P0ACS2|SOXR_ECOLI	511145.b4063	11	4	7	13	2	15	3	11	9	19	1	4	6	5	16	10	6	7	2	3	0.422778748123238
sp|P32704|YJCF_ECOLI	511145.b4066	25	10	32	15	27	12	14	36	31	36	18	51	5	11	14	29	27	21	1	15	0.960694127990107
sp|P0ABL1|NRFB_ECOLI	511145.b4071	13	10	11	7	3	9	11	4	10	15	6	11	15	13	7	14	11	14	2	2	1.99642060784017
sp|P32709|NRFD_ECOLI	511145.b4073	30	1	5	6	22	28	7	18	7	60	11	4	14	9	12	18	15	32	12	7	0.590464615555841
sp|P32710|NRFE_ECOLI	511145.b4074	57	8	13	16	28	49	12	26	7	103	14	7	24	17	32	37	20	40	25	17	0.455262530997457
sp|P0AF56|YJCO_ECOLI	511145.b4078	33	3	16	17	10	17	3	10	18	23	6	10	5	9	4	17	8	6	5	9	1.05491768693499
sp|P07658|FDHF_ECOLI	511145.b4079	76	15	39	48	20	54	15	44	39	44	18	35	31	27	38	32	45	50	13	31	0.140493396847331
sp|P32715|MDTO_ECOLI	511145.b4081	76	16	24	36	30	31	9	44	12	92	19	19	35	38	36	37	45	48	16	20	0.36676928142223
sp|P32719|ALSE_ECOLI	511145.b4085	23	3	16	17	12	11	9	19	15	20	11	6	12	9	8	8	12	12	2	6	1.10912879541746
sp|P32720|ALSC_ECOLI	511145.b4086	33	2	7	6	28	41	2	39	9	35	8	14	7	5	8	21	19	31	3	8	2.31171963609316
sp|P39265|ALSB_ECOLI	511145.b4088	43	1	19	16	11	27	0	17	29	25	10	17	10	10	6	17	15	29	3	6	11.6968380119563
sp|P0ACS7|RPIR_ECOLI	511145.b4089	34	5	14	17	13	17	6	21	14	29	9	13	12	15	14	24	9	22	1	7	3.28484680118741
sp|P37351|RPIB_ECOLI	511145.b4090	17	3	6	10	4	17	6	12	6	9	2	4	2	7	9	8	5	16	2	4	402.716496079262
sp|P16692|PHNP_ECOLI	511145.b4092	18	7	17	8	13	21	12	7	5	30	6	8	20	13	13	13	14	18	5	4	5.36768184333444
sp|P16678|PHNK_ECOLI	511145.b4097	15	0	15	13	4	23	9	9	6	38	6	9	11	14	19	15	14	24	3	5	57.5346823427227
sp|P16682|PHND_ECOLI	511145.b4105	34	0	20	17	16	18	2	16	30	34	8	27	15	16	9	25	17	21	6	7	7.99781963162136
sp|P16677|PHNC_ECOLI	511145.b4106	22	2	12	12	10	19	12	16	8	28	5	10	4	20	23	17	14	21	2	5	0.72200620027804
sp|P30843|BASR_ECOLI	511145.b4113	17	1	14	17	3	16	7	13	9	36	6	11	6	6	16	7	13	14	2	8	69.5093306017339
sp|P30845|EPTA_ECOLI	511145.b4114	39	13	26	23	20	26	13	34	22	75	10	35	24	28	23	35	30	38	7	26	2.53833722084239
sp|P28629|ADIA_ECOLI	511145.b4117	62	10	49	47	32	56	25	34	29	59	28	34	39	29	33	46	46	52	14	31	6.45736085398176
sp|P0ACH8|MELR_ECOLI	511145.b4118	15	3	13	14	15	13	12	19	12	27	14	17	12	23	17	25	20	16	5	10	1.23675020643533
sp|P0ABN9|DCUB_ECOLI	511145.b4123	48	5	15	12	23	38	6	50	16	53	16	10	22	10	12	27	19	43	6	15	0.638227297165961
sp|P37147|FXSA_ECOLI	511145.b4140	8	0	9	5	12	15	4	11	7	25	7	4	7	7	8	7	6	12	1	3	3.48329652188284
sp|P39288|QUEG_ECOLI	511145.b4166	29	10	16	32	10	25	10	24	19	50	8	12	24	16	28	16	14	18	9	9	0.234178360590036
sp|P33222|YJFC_ECOLI	511145.b4186	26	7	36	28	17	23	6	26	11	36	8	14	21	18	29	19	13	18	12	19	0.222567084870393
sp|P0A9W0|ULAR_ECOLI	511145.b4191	20	2	9	16	4	20	5	17	15	27	11	12	8	18	12	17	13	18	2	5	11.5526602466367
sp|P39300|ULAG_ECOLI	511145.b4192	23	7	29	16	18	29	13	20	24	24	11	14	21	14	12	15	17	25	13	9	12.4079418984517
sp|P39304|ULAD_ECOLI	511145.b4196	30	4	16	13	6	17	3	18	10	17	5	4	5	9	12	8	11	18	6	4	0.976688788465535
sp|P39305|ULAE_ECOLI	511145.b4197	30	4	17	23	10	19	4	13	13	25	12	9	11	13	19	15	8	23	6	10	0.75896192334632
sp|P39308|YJFZ_ECOLI	511145.b4204	21	4	16	11	8	17	8	14	10	29	4	16	13	9	14	19	20	10	5	16	0.649415965162341
sp|P39314|YTFF_ECOLI	511145.b4210	34	7	6	7	9	23	2	23	5	56	13	8	22	9	15	16	15	28	12	11	0.830595326451422
sp|P0ACN2|YTFH_ECOLI	511145.b4212	11	1	4	12	3	7	3	4	5	18	2	3	6	8	9	10	3	13	2	2	1.56838125423463
sp|P39187|YTFJ_ECOLI	511145.b4216	15	1	12	9	4	11	3	9	14	22	5	5	7	12	8	13	12	15	4	3	3.55307878177739
sp|P0ADE2|YTFK_ECOLI	511145.b4217	3	0	3	3	4	3	1	5	9	7	4	2	2	4	5	2	1	7	0	3	3.13607011609583
sp|P0AE48|YTFP_ECOLI	511145.b4222	7	0	8	4	2	13	4	5	3	12	3	5	4	6	8	6	5	6	3	9	39.7828110155808
sp|P39325|YTFQ_ECOLI	511145.b4227	36	2	19	23	8	25	1	23	34	22	12	14	12	9	8	19	16	25	4	6	14.6840445000304
sp|P39328|YTFT_ECOLI	511145.b4230	39	2	10	3	13	35	1	34	7	53	12	11	15	11	14	17	21	36	6	1	0.574667237604275
sp|P36673|TRER_ECOLI	511145.b4241	31	4	13	17	8	22	9	17	13	34	10	9	13	20	19	22	19	25	1	9	2.17530900503967
sp|P0ABB8|ATMA_ECOLI	511145.b4242	83	10	45	51	36	52	20	61	35	108	29	30	43	40	43	51	57	73	17	14	15.6161761661496
sp|P15029|FECD_ECOLI	511145.b4288	40	4	9	3	9	24	9	18	5	67	14	4	20	4	16	17	14	28	9	4	0.401791748268522
sp|P39358|YJHG_ECOLI	511145.b4297	69	9	41	33	12	66	22	43	27	64	20	22	34	22	32	40	39	40	7	13	1.12200712798409
sp|P39361|SGCR_ECOLI	511145.b4300	22	9	17	15	13	15	8	22	12	22	8	5	7	13	17	18	13	15	1	8	0.328659630422225
sp|P39365|SGCC_ECOLI	511145.b4304	38	3	12	12	23	48	5	53	15	51	21	7	19	9	14	23	20	48	4	12	5.7039865422448
sp|P39367|YJHP_ECOLI	511145.b4306	30	5	15	21	10	24	5	14	7	21	7	5	9	5	17	11	14	14	7	7	1.94083804285695
sp|P39264|FIMI_ECOLI	511145.b4315	17	2	6	7	9	19	4	10	7	14	5	11	9	6	11	11	10	15	3	3	0.834471529925987
sp|P39375|IRAD_ECOLI	511145.b4326	8	3	6	7	3	4	6	4	4	21	4	6	7	6	6	16	5	7	4	3	2.58341373053834
sp|P39382|YJIK_ECOLI	511145.b4333	18	3	13	18	16	14	7	28	17	22	4	18	8	13	10	30	19	18	2	8	0.335999459550063
sp|P39384|YJIM_ECOLI	511145.b4335	35	11	24	31	13	24	6	20	20	33	12	10	16	17	21	20	21	31	3	15	0.236411338349227
sp|P39389|YJIR_ECOLI	511145.b4340	34	12	18	28	9	26	13	33	16	47	18	9	30	26	35	34	21	36	7	18	0.959381436762271
sp|P39390|YJIS_ECOLI	511145.b4341	3	0	3	5	2	2	1	2	2	5	3	1	1	6	10	1	1	4	2	0	1.59282591260314
sp|P15005|MCRB_ECOLI	511145.b4346	21	6	25	33	30	28	4	35	31	34	10	24	23	27	20	32	22	20	6	28	3.47128484012172
sp|P0ADC8|YJIX_ECOLI	511145.b4353	4	2	4	4	3	9	2	2	6	3	5	4	3	3	4	1	1	1	0	6	2.23610438341516
sp|P39398|YJJL_ECOLI	511145.b4356	48	9	12	11	29	40	5	38	10	49	24	17	21	10	24	31	26	28	10	11	0.291196344376144
sp|P39399|YJJM_ECOLI	511145.b4357	20	3	19	17	16	9	16	19	8	34	11	17	8	20	25	27	12	13	3	7	0.888480604109054
sp|P39401|OPGB_ECOLI	511145.b4359	53	6	50	37	46	56	16	40	46	77	10	39	37	28	33	54	44	50	16	25	1.51384744812399
sp|P0ADD5|YJJP_ECOLI	511145.b4364	25	8	7	7	10	18	9	17	6	36	8	9	7	13	13	16	20	19	5	3	0.510275997677963
sp|P0A944|RIMI_ECOLI	511145.b4373	20	0	7	12	6	7	3	10	3	16	4	8	5	7	9	7	11	5	2	6	0.506771117857992
sp|P0A8Y1|YJJG_ECOLI	511145.b4374	20	3	14	16	13	16	5	13	8	25	4	12	8	11	10	11	13	12	6	5	6.80524310586562
sp|P37342|YJJI_ECOLI	511145.b4380	46	9	27	36	19	31	15	30	18	56	10	20	32	25	33	29	26	27	4	23	3.44595281740025
sp|P39410|YJJJ_ECOLI	511145.b4385	45	4	23	28	17	32	8	24	13	45	8	10	23	30	33	26	22	27	13	12	1.83191907255981
sp|P08401|CREC_ECOLI	511145.b4399	54	1	19	29	14	32	8	23	16	61	9	20	21	19	37	26	25	42	6	12	2.4569257088584
sp|P52074|GLCF_ECOLI	511145.b4467	42	17	17	32	6	26	11	15	20	52	7	15	22	20	33	11	24	27	3	7	2.65171966248582
sp|P46849|RTCA_ECOLI	511145.b4475	36	3	8	24	13	36	8	17	7	37	5	8	17	14	24	21	22	33	1	4	0.444539554112762
sp|P27840|YIGE_ECOLI	511145.b4482	25	2	9	9	11	24	5	16	14	26	10	16	10	15	8	11	11	18	3	11	0.768114117112219
sp|P27859|TATD_ECOLI	511145.b4483	31	7	15	20	11	15	9	14	6	28	5	8	14	12	17	11	15	13	6	3	53.0409876204998
sp|Q47272|YLCG_ECOLI	511145.b4509	3	0	1	2	3	4	1	1	2	7	3	2	1	0	6	1	3	2	1	3	2.43927715053176
sp|P0AAS9|YBDD_ECOLI	511145.b4512	6	2	5	4	3	7	2	1	4	3	5	2	3	3	5	1	2	2	0	5	1.01864372782873
sp|P0ADW8|YHEV_ECOLI	511145.b4551	8	4	6	5	2	3	3	6	5	0	4	2	2	4	6	1	0	4	1	0	27.3486085023205
sp|P58036|YJBS_ECOLI	511145.b4621	3	0	5	3	5	0	1	5	8	11	1	5	1	3	0	4	4	4	0	4	1.04255866142265
sp|P22186|MRAZ_ECOLI	511145.b0081	9	3	8	13	3	9	4	6	5	25	5	4	6	11	11	8	7	9	3	3	11.2871985739471
sp|P0AA95|YACC_ECOLI	511145.b0122	13	3	9	4	8	6	0	3	7	14	4	6	2	5	5	9	4	7	1	5	159.775313530455
sp|P24251|CRL_ECOLI	511145.b0240	7	3	8	14	10	6	3	2	12	15	2	3	8	2	9	5	8	9	4	3	75.4498811222393
sp|P0A7N1|RL31B_ECOLI	511145.b0296	3	0	5	5	6	6	3	5	7	2	1	2	4	1	6	7	10	9	0	5	691.052571588744
sp|P31060|MODF_ECOLI	511145.b0760	33	4	31	28	16	36	13	25	15	73	4	16	22	36	30	35	27	29	7	10	2.2088055547562
sp|P30748|MOAD_ECOLI	511145.b0784	12	0	7	5	6	5	2	1	2	9	2	1	4	4	3	2	6	9	1	0	67.9473937083645
sp|P02931|OMPF_ECOLI	511145.b0929	34	0	27	14	19	49	1	14	19	23	5	32	5	13	12	16	22	26	2	29	197.515646743215
sp|P76004|YCGM_ECOLI	511145.b1180	19	3	12	12	8	19	8	9	13	22	5	5	13	11	6	12	16	19	2	5	8.47726599952874
sp|P0ACV8|YMJA_ECOLI	511145.b1295	11	1	4	14	3	2	3	6	1	7	3	6	4	3	3	1	3	2	1	3	56.9126901765499
sp|P31992|PPTA_ECOLI	511145.b1461	10	1	6	5	1	1	2	11	5	5	3	2	5	7	2	6	1	1	2	1	56.6335730873526
sp|P76217|ASTD_ECOLI	511145.b1746	64	5	20	30	16	47	9	23	10	54	9	19	30	24	32	26	26	29	13	6	10.9836426169576
sp|P76223|YNJB_ECOLI	511145.b1754	48	1	23	18	15	26	9	10	15	44	6	15	32	20	20	18	25	21	14	8	0.388899492932922
sp|P76541|EUTL_ECOLI	511145.b2439	42	2	13	9	5	14	4	12	4	19	6	7	15	6	9	15	13	15	1	8	35.1317472653844
sp|P15373|PRLF_ECOLI	511145.b3129	8	1	10	7	4	8	3	8	6	8	4	6	7	8	6	3	7	6	0	1	17.8688767547998
sp|P0A6D0|ARGR_ECOLI	511145.b3237	16	1	9	12	7	10	1	9	11	19	4	6	5	7	5	10	10	11	0	3	28.3435546358833
sp|P15770|AROE_ECOLI	511145.b3281	30	3	13	17	14	25	8	18	8	35	5	11	13	10	13	17	12	13	2	5	15.3118642035128
sp|P45756|GSPA_ECOLI	511145.b3323	37	8	27	29	7	29	12	28	27	64	9	9	16	26	34	32	31	38	19	7	1.00639956373134
sp|P37643|YHJE_ECOLI	511145.b3523	53	0	6	12	34	43	7	28	10	66	14	9	23	10	15	22	34	34	6	14	1.74025966798988
sp|P0C058|IBPB_ECOLI	511145.b3686	11	0	6	13	7	8	3	9	6	17	4	10	9	9	8	10	5	3	2	2	180.906889893284
sp|P0A7Y8|RNPA_ECOLI	511145.b3704	10	1	3	6	6	6	4	4	7	16	2	4	6	6	18	5	6	8	1	0	62.6388715498717
sp|P32154|PTFLB_ECOLI	511145.b3899	64	3	12	17	29	48	7	37	21	59	17	10	24	13	12	31	21	39	5	14	1.68987374103465
sp|P0AG78|SUBI_ECOLI	511145.b3917	34	0	19	23	11	24	6	18	28	24	2	20	12	12	13	18	17	26	8	14	48.3617420950283
sp|P11446|ARGC_ECOLI	511145.b3958	40	7	15	15	14	26	12	18	12	38	3	14	18	19	8	16	17	28	2	12	32.8884046139914
sp|Q47223|FIMA1_ECOLX	511145.b4314	32	2	9	3	7	15	2	6	7	15	1	10	4	10	3	12	27	17	0	2	74.8464969649634
sp|P31697|FIMC_ECOLI	511145.b4316	23	1	9	13	6	13	0	13	15	26	11	18	14	9	13	13	19	15	2	8	2.37696083837996
sp|P0AC88|GM4D_ECOLI	511145.b2053	30	3	18	31	13	27	12	18	20	33	11	10	16	14	20	22	22	29	4	20	108.28225879969
sp|P33927|CCMF_ECOLI	511145.b2196	70	4	17	20	39	55	8	31	13	98	24	19	27	7	38	42	33	59	25	18	13.3858269195941
sp|P18956|GGT_ECOLI	511145.b3447	65	1	38	28	18	56	8	28	39	44	17	27	35	20	16	38	33	44	4	21	15.5169980875785
sp|P37627|YHIJ_ECOLI	511145.b3488	26	10	35	25	23	34	14	51	26	39	18	50	17	21	27	33	39	28	5	19	18.3169090011567
sp|P10442|RNH2_ECOLI	511145.b0183	28	1	8	15	5	14	9	11	11	21	6	3	13	4	12	9	6	16	1	5	79.6421137324112
sp|P75746|YBGL_ECOLI	511145.b0713	43	5	10	16	6	23	7	13	7	22	6	6	7	15	14	11	10	16	1	6	19.3173332863765
sp|P39832|ZNUB_ECOLI	511145.b1859	33	2	9	4	12	21	2	18	6	47	13	3	10	5	9	15	13	30	5	4	17.530120753076
sp|P76440|PRET_ECOLI	511145.b2146	46	13	20	30	15	35	7	26	19	34	5	13	18	24	20	19	28	31	1	8	19.5409413382247
sp|P0ABP6|DEDA_ECOLI	511145.b2317	21	1	8	7	17	16	8	22	8	29	7	7	7	2	9	7	9	22	2	10	13.5686570960714
sp|P16676|CYSA_ECOLI	511145.b2422	32	0	19	24	15	27	14	15	11	42	7	8	19	24	31	16	18	31	5	7	3.8031410537789
sp|P33644|YFIH_ECOLI	511145.b2593	30	8	12	14	10	22	5	9	10	19	4	10	14	7	14	13	12	18	5	7	18.3875030484505
sp|P52598|YGBI_ECOLI	511145.b2735	30	5	13	13	3	14	6	19	10	25	8	6	7	14	14	22	17	24	2	3	70.0187128616194
sp|P45527|YHBU_ECOLI	511145.b3158	40	6	13	23	10	19	12	14	11	33	7	13	16	18	23	18	15	22	5	13	9.34446211794594
sp|P0A9N0|PTSO_ECOLI	511145.b3206	12	0	5	12	4	6	1	4	4	10	5	4	2	4	3	3	5	6	0	0	91.7410633775598
sp|P34749|HOFQ_ECOLI	511145.b3391	38	0	18	28	6	30	8	22	23	54	6	14	15	34	18	29	23	38	6	2	20.5020491927847
sp|P04982|RBSD_ECOLI	511145.b3748	9	3	4	10	3	8	7	12	6	12	4	5	5	11	4	9	14	11	0	2	1207.82979361181
sp|P32160|YIIQ_ECOLI	511145.b3920	24	2	6	13	7	9	1	8	16	25	4	9	11	10	7	14	21	5	1	6	56.9765969451143
sp|P69816|PTFB2_ECOLI	511145.b3950	19	1	5	10	2	6	2	10	9	5	4	2	1	2	3	6	8	9	1	1	152.13614367434
sp|P30139|THIG_ECOLI	511145.b3991	42	3	11	15	8	19	6	13	8	31	7	6	14	10	11	13	15	20	2	2	12.747562780711
sp|P30137|THIE_ECOLI	511145.b3993	31	0	15	10	4	15	5	14	3	22	3	3	11	12	17	8	9	19	3	7	39.395007850507
sp|P0ADH5|FIMB_ECOLI	511145.b4312	16	5	6	7	8	13	13	15	12	22	3	12	5	5	18	15	10	4	4	7	29.1416937295572
sp|O32583|THIS_ECOLI	511145.b4407	9	1	4	3	2	5	2	6	0	7	2	2	1	14	2	0	1	4	1	0	19.1168540873244
sp|P0A8R9|HDFR_ECOLI	511145.b4480	25	2	11	18	9	14	8	11	11	43	5	12	7	19	18	20	20	11	7	8	220.741606198299
sp|P62672|APAG_ECOLI	511145.b0050	6	1	3	10	3	12	2	12	0	8	3	6	9	8	7	6	8	13	1	7	0.813060857311895
sp|P08337|MUTT_ECOLI	511145.b0099	9	0	4	18	7	10	3	9	8	11	4	6	9	5	7	2	4	7	5	1	3.83526755619384
sp|P27305|GLUQ_ECOLI	511145.b0144	30	4	18	15	12	21	15	20	7	32	2	7	18	23	22	15	11	18	7	11	2.24087504576255
sp|P37025|LIGT_ECOLI	511145.b0147	20	1	5	9	10	10	5	8	3	21	3	4	14	9	18	11	11	6	5	3	1.54382409126566
sp|P52096|YAER_ECOLI	511145.b0187	11	3	10	9	9	6	5	7	5	13	1	3	8	5	7	7	5	8	1	6	30.5036636760007
sp|Q47679|YAFV_ECOLI	511145.b0219	31	4	16	13	9	17	8	11	5	26	7	12	11	12	20	11	9	17	9	8	22.4196573715318
sp|Q47157|YAFO_ECOLI	511145.b0233	13	1	10	8	10	4	5	8	8	15	4	6	7	6	10	3	5	4	2	3	2.32019805623443
sp|P77580|ACDH_ECOLI	511145.b0351	47	2	17	19	5	25	6	24	13	21	14	12	16	11	15	16	15	30	1	7	18.5001091167192
sp|P0AEA5|CYOE_ECOLI	511145.b0428	32	3	10	2	16	27	4	25	13	34	12	7	10	4	9	21	10	33	7	17	6.72857436306579
sp|P0ABJ6|CYOD_ECOLI	511145.b0429	8	1	2	1	5	7	6	11	2	10	11	5	2	1	0	9	9	13	4	2	113.122545230628
sp|P0ABJ3|CYOC_ECOLI	511145.b0430	18	3	6	5	17	20	11	15	4	24	11	5	3	2	5	11	17	15	6	6	46.3722319204699
sp|P46890|YBAE_ECOLI	511145.b0445	41	8	21	34	22	31	27	21	14	84	10	14	40	40	38	27	39	23	17	15	3.31867645051883
sp|P0AFP2|YBAZ_ECOLI	511145.b0454	10	1	5	8	2	12	3	4	5	12	4	2	8	9	11	8	5	12	3	5	3.98697281371885
sp|P0AAQ6|YBAA_ECOLI	511145.b0456	13	1	10	13	8	7	0	5	11	2	8	2	6	1	6	6	1	11	2	4	1.0490468134594
sp|P77791|MAA_ECOLI	511145.b0459	15	4	11	9	6	16	5	15	6	13	4	13	9	4	12	6	10	18	1	6	8.10879474524082
sp|P0AAR0|TOMB_ECOLI	511145.b0461	7	4	9	10	6	3	4	8	8	15	3	12	3	5	4	8	5	2	2	6	0.278622074273444
sp|P0AEP7|GCL_ECOLI	511145.b0507	74	12	31	37	22	44	16	39	23	43	23	19	31	26	32	20	25	56	4	16	1.17100594205628
sp|P43341|LPXH_ECOLI	511145.b0524	30	3	14	13	13	14	12	12	12	27	8	7	10	7	15	9	9	17	4	4	5.3751254969345
sp|P24218|INTD_ECOLI	511145.b0537	34	4	21	33	9	15	13	26	43	31	9	11	14	11	33	25	13	22	15	5	1.75502160663754
sp|P52086|COBC_ECOLI	511145.b0638	18	3	9	14	9	12	11	13	1	23	6	10	6	15	15	11	7	11	6	3	2.05248289590005
sp|P50465|END8_ECOLI	511145.b0714	19	4	13	16	12	17	11	9	12	35	2	9	16	15	18	10	18	16	4	7	0.877510803317834
sp|P0AAX6|MCBA_ECOLI	511145.b0806	12	1	4	3	1	9	0	4	6	10	3	4	2	4	2	8	7	3	0	3	1.62612171462191
sp|P43340|YCAK_ECOLI	511145.b0901	11	2	16	13	7	9	8	7	9	20	8	9	8	7	10	11	6	17	7	11	0.714898631855642
sp|P0AB10|YMBA_ECOLI	511145.b0952	14	1	7	8	2	15	1	7	8	21	2	12	7	17	6	13	11	21	7	7	0.737703997365955
sp|P0AFQ5|RUTC_ECOLI	511145.b1010	17	2	8	5	8	8	3	12	7	7	2	5	9	3	3	5	9	11	1	3	0.216155203529068
sp|P75898|RUTA_ECOLI	511145.b1012	43	4	25	20	22	30	6	16	14	27	17	11	17	17	20	21	29	24	7	12	0.092212999670721
sp|P28631|HOLB_ECOLI	511145.b1099	43	7	14	18	4	21	15	7	8	56	6	8	20	17	21	14	17	19	8	11	11.5167095825628
sp|P76017|YCGV_ECOLI	511145.b1202	79	0	58	21	24	125	16	59	27	72	22	88	27	35	27	94	83	54	7	37	0.338114332125946
sp|P0A8L7|YCIU_ECOLI	511145.b1248	9	2	16	14	8	4	3	6	2	15	2	6	3	3	5	1	2	5	2	1	17.3291031747192
sp|P0AAH8|SAPF_ECOLI	511145.b1290	16	0	13	17	8	17	9	20	11	35	13	5	12	16	23	18	15	12	2	6	7.55254213432518
sp|P76061|YDAG_ECOLI	511145.b1355	4	2	3	2	0	1	1	2	1	3	3	3	0	4	2	2	1	5	2	3	0.39958966524001
sp|P77170|PINQ_ECOLI	511145.b1374	16	4	7	15	7	14	3	18	12	17	5	4	6	12	19	13	14	9	0	1	5.57442456074076
sp|P76080|PAAD_ECOLI	511145.b1391	13	8	7	10	5	10	6	11	2	12	5	2	16	6	10	8	16	10	4	4	0.482878826233137
sp|P76084|PAAI_ECOLI	511145.b1396	21	4	7	4	6	14	6	8	5	8	5	5	1	11	4	7	12	8	1	3	0.168561397247817
sp|P77626|YDCN_ECOLI	511145.b1434	12	3	6	11	8	12	7	10	4	15	4	5	10	13	8	17	13	13	3	4	4.39746939289698
sp|P19317|NARW_ECOLI	511145.b1466	21	4	21	20	6	11	3	6	9	38	4	6	10	14	13	13	7	13	4	8	2.90123910792195
sp|P76160|YDFR_ECOLI	511145.b1555	9	0	6	13	6	3	4	2	8	8	2	4	2	5	7	4	3	12	0	5	89.3454728422522
sp|P76176|YDGD_ECOLI	511145.b1598	32	4	24	7	8	22	7	10	13	28	3	8	18	10	13	17	21	18	7	3	1.25231202779066
sp|P77223|RNFB_ECOLI	511145.b1628	22	14	10	13	2	13	4	17	5	13	5	8	15	7	7	7	8	16	3	3	3.9453282332251
sp|P0AB83|END3_ECOLI	511145.b1633	19	7	6	18	6	10	6	14	16	22	2	13	11	4	11	6	15	18	2	5	6.05234569881577
sp|P64474|YDHL_ECOLI	511145.b1648	3	5	4	8	6	4	0	1	4	6	3	3	5	6	11	7	0	2	1	0	18.3365054076567
sp|P67430|NEMR_ECOLI	511145.b1649	20	6	5	16	7	15	9	6	8	27	5	8	4	13	11	11	11	8	1	8	6.3190693215189
sp|P77564|YDHW_ECOLI	511145.b1672	28	4	10	22	8	7	4	9	7	16	9	4	11	16	9	12	7	16	2	14	0.42933579416626
sp|P37794|CHBG_ECOLI	511145.b1733	22	3	15	15	13	19	9	16	5	29	7	6	10	13	17	15	13	14	2	6	1.75700468190004
sp|P24238|YEBB_ECOLI	511145.b1862	13	4	4	16	12	13	6	17	10	17	1	9	10	7	11	15	12	12	5	6	0.552286460393451
sp|P0A8S9|FLHD_ECOLI	511145.b1892	9	1	7	6	3	2	5	7	5	19	5	5	2	10	7	6	10	5	0	2	8.1742362288752
sp|P36562|COBT_ECOLI	511145.b1991	49	6	15	18	3	38	6	27	12	41	14	18	20	10	12	18	17	29	1	5	6.65619211601266
sp|P04395|3MG2_ECOLI	511145.b2068	40	4	13	13	9	20	4	12	8	33	8	6	20	14	20	9	13	15	9	12	1.9850583369938
sp|P76396|YEGL_ECOLI	511145.b2073	20	2	10	15	15	15	1	11	7	21	5	7	16	9	14	17	13	14	4	3	0.19037522512688
sp|P0A9I5|NAPD_ECOLI	511145.b2207	6	2	3	11	1	4	2	5	1	6	1	3	3	8	2	9	5	13	1	1	1.03615682425315
sp|P0AB85|APBE_ECOLI	511145.b2214	30	1	22	21	9	27	7	18	21	32	11	10	17	21	14	25	23	27	6	9	1.12539521103753
sp|P52006|NUDI_ECOLI	511145.b2251	8	3	10	15	4	10	1	11	7	15	3	4	5	5	12	3	8	8	3	6	2.95676521524382
sp|P77399|FADJ_ECOLI	511145.b2341	75	9	30	44	24	69	13	52	40	68	16	20	38	35	44	32	37	53	2	13	2.18039125027505
sp|P76524|YPDF_ECOLI	511145.b2385	37	3	17	26	9	31	10	22	9	37	6	7	12	25	22	20	23	29	5	11	0.0614753331137827
sp|P65643|EUTT_ECOLI	511145.b2459	23	4	17	19	6	10	11	13	9	38	5	4	15	18	21	17	15	16	4	2	0.701017105023767
sp|P69931|HDA_ECOLI	511145.b2496	17	3	18	15	8	14	4	11	8	42	5	6	12	11	19	12	9	8	5	6	12.0977506342503
sp|P0AFU4|GLRR_ECOLI	511145.b2554	47	2	25	32	16	26	10	22	18	58	11	18	21	21	33	25	20	31	2	6	9.19849460156272
sp|P68398|TADA_ECOLI	511145.b2559	19	3	8	12	4	13	9	9	5	13	9	5	5	5	15	7	7	13	3	3	10.0432846630315
sp|P52126|YFJK_ECOLI	511145.b2627	41	5	55	42	42	40	25	49	39	79	13	29	24	27	44	49	40	57	5	24	0.610787180614702
sp|P77295|YGAV_ECOLI	511145.b2667	15	2	3	5	0	5	2	7	4	14	4	3	3	6	6	10	6	2	0	2	19.9933647887817
sp|P0AC65|NRDH_ECOLI	511145.b2673	11	2	5	4	4	4	3	5	1	4	4	4	5	3	9	3	3	5	1	1	71.9856320010017
sp|P0AEV9|HYCI_ECOLI	511145.b2717	12	2	14	13	4	16	1	14	4	14	9	7	10	5	5	2	7	11	2	4	11.215282142719
sp|P0AEV4|HYCA_ECOLI	511145.b2725	12	3	10	11	4	7	7	13	8	13	3	6	3	10	8	9	6	10	2	8	2.61171011970944
sp|P0A700|HYPA_ECOLI	511145.b2726	9	10	5	12	3	7	4	7	4	12	2	0	1	11	8	4	6	8	2	1	1.83930230525629
sp|P0AAM3|HYPC_ECOLI	511145.b2728	6	3	9	6	2	10	1	5	2	7	3	4	3	6	4	2	3	12	1	1	2.2299681318188
sp|P24193|HYPE_ECOLI	511145.b2730	47	7	17	20	9	36	7	19	10	44	6	13	14	12	15	11	16	28	2	3	0.30440205267657
sp|P76633|YGCW_ECOLI	511145.b2774	31	5	14	11	13	25	3	20	14	20	8	16	9	10	6	15	13	16	3	9	0.367860461052196
sp|P04993|EX5A_ECOLI	511145.b2819	74	9	33	41	16	42	18	28	19	78	12	16	25	30	51	34	33	33	6	10	4.72071066056261
sp|P06722|MUTH_ECOLI	511145.b2831	19	1	6	22	5	18	4	11	10	34	3	5	15	11	17	12	13	14	6	3	1.12142906051253
sp|Q46939|YQEF_ECOLI	511145.b2844	57	6	21	20	6	41	7	23	10	38	9	16	12	18	24	25	16	36	3	5	9.53165124553148
sp|Q46821|UACT_ECOLI	511145.b2888	31	5	16	8	26	50	10	49	13	62	26	14	22	10	18	38	24	47	5	8	1.49028105919691
sp|P25534|UBIH_ECOLI	511145.b2907	53	8	15	21	10	35	18	13	4	43	9	7	13	20	30	20	28	33	7	5	12.6024432883128
sp|P0AC28|YGFA_ECOLI	511145.b2912	10	1	9	11	6	10	6	5	6	23	7	4	15	14	12	5	9	17	5	7	3.1937427090282
sp|P42589|YGJH_ECOLI	511145.b3074	7	3	5	12	1	6	1	2	7	11	7	2	3	4	6	5	8	16	0	4	0.955842276159398
sp|P42604|UXAA_ECOLI	511145.b3091	45	9	33	29	20	47	16	27	21	45	11	29	17	24	23	17	31	36	2	13	2.30730806702818
sp|P11868|TDCD_ECOLI	511145.b3115	39	5	17	29	13	37	17	28	9	40	11	22	11	9	22	38	14	30	3	8	0.22012135405313
sp|P23524|GLXK1_ECOLI	511145.b3124	49	5	23	23	8	50	9	33	17	28	8	16	12	8	12	23	19	31	2	5	2.44017410956881
sp|P45475|YHBV_ECOLI	511145.b3159	26	10	11	22	8	21	2	7	12	38	9	17	10	14	15	19	11	22	6	12	0.551294922762201
sp|P64616|YHCO_ECOLI	511145.b3239	3	0	10	11	9	4	3	4	3	13	2	3	2	2	7	3	3	5	1	2	14.7550714849691
sp|P45530|TUSB_ECOLI	511145.b3343	8	0	8	4	2	5	3	6	2	18	2	4	3	3	6	5	6	5	2	3	4.05836352314072
sp|P45531|TUSC_ECOLI	511145.b3344	18	2	10	6	8	7	1	5	3	17	1	1	6	4	8	3	7	8	1	3	5.68646831302514
sp|P64636|YRFG_ECOLI	511145.b3399	20	3	18	13	6	12	10	10	8	30	7	8	9	12	10	7	15	9	6	9	16.0787742221254
sp|P33593|NIKD_ECOLI	511145.b3479	34	4	12	12	4	20	7	14	8	33	13	5	13	12	12	13	16	20	0	2	3.14813197800945
sp|P0A6Z6|NIKR_ECOLI	511145.b3481	10	2	14	7	2	7	12	7	3	15	2	3	1	10	10	8	7	10	0	3	21.7702002233443
sp|P37659|BCSG_ECOLI	511145.b3538	45	3	28	16	35	42	13	23	20	63	14	30	36	24	18	40	35	40	18	16	0.319275117139695
sp|P37678|SGBH_ECOLI	511145.b3581	38	4	17	10	5	22	5	17	8	22	4	4	6	13	13	7	8	10	6	1	7.09346021122517
sp|P0ADM0|YIDH_ECOLI	511145.b3676	13	1	4	5	5	9	0	7	3	24	5	3	4	1	8	5	4	7	2	5	0.669287900835954
sp|P11989|BGLG_ECOLI	511145.b3723	16	3	11	22	10	13	7	26	14	33	10	13	7	25	17	19	6	16	3	7	1.32171966195003
sp|P0AGH8|PSTC_ECOLI	511145.b3727	38	1	5	13	20	31	1	40	11	39	14	9	18	4	6	17	14	23	7	8	173.962302722817
sp|P15043|RECQ_ECOLI	511145.b3822	53	11	35	36	21	44	13	32	25	65	21	25	27	43	45	26	23	42	4	18	1.92060839099067
sp|P27862|YIGZ_ECOLI	511145.b3848	26	3	9	14	6	21	5	9	9	22	4	2	8	11	8	10	12	17	2	6	5.84908048449389
sp|P32125|MOBB_ECOLI	511145.b3856	18	1	15	12	5	12	6	11	12	22	6	3	7	6	8	6	9	12	3	1	2.78126305458757
sp|P32138|YIHQ_ECOLI	511145.b3878	52	11	48	40	34	54	20	28	32	66	18	31	28	29	26	37	39	29	26	30	0.29448667636782
sp|P32718|ALSK_ECOLI	511145.b4084	35	9	14	15	13	25	10	12	8	33	11	15	18	15	19	11	16	21	4	5	2.1893150889563
sp|P16688|PHNJ_ECOLI	511145.b4098	19	4	21	18	13	18	5	19	10	14	11	9	20	14	19	10	22	21	2	12	18.3573276978754
sp|P30844|BASS_ECOLI	511145.b4112	29	2	19	25	11	17	12	24	8	54	10	12	10	23	29	25	19	25	3	6	0.734729384473143
sp|P0AD01|DCUR_ECOLI	511145.b4124	17	7	17	13	6	9	8	20	12	26	4	9	8	15	13	15	11	13	3	13	0.60781256772189
sp|P0AF59|YJDI_ECOLI	511145.b4126	4	4	6	2	2	7	2	4	7	5	2	4	3	2	4	2	4	7	1	4	7.99080176716894
sp|P39274|YJDJ_ECOLI	511145.b4127	4	1	6	10	4	6	3	10	11	4	2	3	3	4	6	2	3	6	0	2	98.6936896256274
sp|P0A9N8|NRDG_ECOLI	511145.b4237	4	5	12	4	3	12	5	10	8	13	3	10	9	10	8	8	6	15	4	5	1.92457454151567
sp|P28905|HOLC_ECOLI	511145.b4259	19	2	9	12	7	7	1	5	7	13	1	5	6	4	13	9	8	10	4	5	31.116433931907
sp|P0A9P9|IDNO_ECOLI	511145.b4266	31	3	11	17	11	21	8	20	13	20	7	12	8	11	10	9	14	22	3	3	3.12036892434383
sp|P39359|YJHH_ECOLI	511145.b4298	28	3	18	14	10	23	5	19	14	33	7	11	17	11	11	16	21	26	2	12	7.89858876749082
sp|P39371|NANM_ECOLI	511145.b4310	37	0	22	12	19	44	8	16	30	24	6	29	13	9	4	25	24	22	10	14	1.65884245644379
sp|P30130|FIMD_ECOLI	511145.b4317	72	6	50	24	27	84	17	34	24	84	16	68	32	53	47	67	63	50	13	47	0.383725063145634
sp|P0A8J2|DNAT_ECOLI	511145.b4362	26	0	11	10	7	12	4	5	6	17	3	4	14	11	9	8	6	18	4	4	15.2855441175004
sp|P28632|HOLD_ECOLI	511145.b4372	15	2	9	5	2	6	3	6	1	19	3	4	11	11	10	8	9	8	4	1	10.0948446198752
sp|P0AGC7|SMP_ECOLI	511145.b4387	18	1	11	15	5	12	3	9	10	34	4	7	8	16	18	10	15	13	2	3	6.30320471942828
sp|P00722|BGAL_ECOLI	511145.b0344	77	16	64	62	38	71	34	39	20	96	24	47	62	58	66	60	56	64	39	31	0.397934799837384
sp|P04128|FIMA1_ECOLI	511145.b4314	36	2	8	3	7	16	2	6	5	15	1	11	2	10	3	14	22	17	0	2	74.8464969649634
sp|P0A790|PAND_ECOLI	511145.b0131	18	2	8	8	4	8	4	12	5	5	4	6	3	3	8	6	7	10	2	3	240.80006498009
sp|P0A9R2|ESSD_ECOLI	511145.b0554	7	0	3	2	3	8	0	2	7	10	2	1	1	2	2	5	6	4	2	4	7.33640555610712
sp|P0AAJ1|YNFG_ECOLI	511145.b1589	16	16	12	14	8	17	7	8	11	9	4	8	14	6	10	9	11	13	2	10	4.95670110357753
sp|P0AB74|KBAY_ECOLI	511145.b3137	32	5	18	20	11	17	10	17	13	22	8	11	11	7	14	19	13	29	1	8	1.33877624493799
sp|P0AB96|ARSC_ECOLI	511145.b3503	7	2	9	13	3	8	3	12	8	16	4	6	10	2	10	6	10	9	0	3	21.2508691607717
sp|P0AD05|YECA_ECOLI	511145.b1908	21	5	13	28	9	12	6	7	11	24	7	6	14	8	8	11	9	11	7	4	134.601744979363
sp|P0ADI0|PINR_ECOLI	511145.b1374	15	4	7	15	7	14	3	18	12	17	5	4	6	11	20	13	14	10	0	1	5.57442456074076
sp|P0ADS2|ZAPA_ECOLI	511145.b2910	11	1	7	9	3	2	0	7	4	11	3	7	3	14	10	4	7	4	0	2	150.959162662602
sp|P0AFZ5|SULA_ECOLI	511145.b0958	14	1	4	10	2	9	6	6	4	21	7	5	6	13	9	21	11	11	4	5	3.11313503875078
sp|P0C7L2|PAAJ_ECOLI	511145.b1397	59	6	20	24	10	41	7	24	8	43	14	15	18	15	32	20	17	25	1	2	0.190636949458386
sp|P0C8J6|GATY_ECOLI	511145.b2096	37	4	16	15	9	17	13	15	12	24	7	14	10	15	11	16	16	25	1	7	1810.0442861714
sp|P0C8J8|GATZ_ECOLI	511145.b2095	46	8	19	34	15	23	14	33	14	32	10	12	18	21	25	23	21	30	5	17	2190.98163133768
sp|P0C8K0|KBAZ_ECOLI	511145.b3132	52	7	27	27	13	23	17	24	12	45	7	13	25	25	21	21	20	26	4	17	34.039851317901
sp|P0CB39|EPTC_ECOLI	511145.b3955	38	1	27	27	28	25	12	28	30	65	12	38	35	29	23	33	43	32	13	38	5.85657340900721
sp|P16916|RHSA_ECOLI	511145.b3593	91	12	101	81	23	118	46	52	35	128	14	39	79	66	131	80	114	64	31	72	0.173203498854818
sp|P16917|RHSB_ECOLI	511145.b3482	91	15	98	87	25	131	50	54	39	127	16	43	76	60	127	90	113	63	28	78	0.0771078038313406
sp|P21361|YCIG_ECOLI	511145.b1259	6	0	3	4	2	14	2	0	7	0	1	4	1	4	4	7	0	0	0	0	4.60962653321539
sp|P24175|MANB_ECOLI	511145.b2048	40	5	34	31	21	42	10	26	24	44	12	22	21	7	30	15	24	32	4	12	0.572909176548708
sp|P28912|YHHI_ECOLI	511145.b3484	27	8	28	29	15	21	16	37	33	30	10	14	8	8	21	24	16	19	6	8	3.83539759718801
sp|P28917|YDCC_ECOLI	511145.b1460	28	8	28	27	15	22	16	36	33	30	12	15	8	8	21	24	15	18	6	8	3.83539759718801
sp|P37744|RMLA1_ECOLI	511145.b2039	20	2	17	18	10	26	3	22	18	30	10	13	15	14	12	15	13	17	2	16	280.186173178184
sp|P37759|RMLB1_ECOLI	511145.b2041	32	3	24	26	9	23	13	24	19	24	3	19	16	9	18	23	22	27	7	20	342.880080541508
sp|P37760|RMLD_ECOLI	511145.b2040	43	3	13	20	12	19	7	13	14	29	4	18	15	8	12	9	23	21	6	10	165.987748640486
sp|P42907|AGAS_ECOLI	511145.b3136	47	5	18	19	18	23	11	23	6	38	10	18	24	13	19	28	27	22	5	10	0.234425975580407
sp|P52132|YFJQ_ECOLI	511145.b2633	15	3	12	21	10	20	7	12	9	28	6	7	13	18	31	17	16	19	3	6	1.5390536316809
sp|P52143|YPJA_ECOLI	511145.b2647	122	3	78	65	25	213	27	89	61	93	20	139	34	54	43	129	167	114	8	42	0.669152766870284
sp|P69908|DCEA_ECOLI	511145.b3517	41	10	36	28	24	36	9	27	24	41	15	16	25	20	26	18	19	24	11	16	1681.22322350249
sp|P71301|MATA_ECOLI	511145.b0294	11	2	13	12	5	6	3	18	18	15	5	11	2	6	16	16	6	13	4	14	3.46837180319258
sp|P75719|RZPD_ECOLI	511145.b0556	25	3	12	8	1	3	2	11	9	12	4	7	1	8	16	7	9	9	1	5	1.45070840742851
sp|P76073|YNAE_ECOLI	511145.b1375	4	0	5	4	1	4	0	6	9	10	2	6	3	4	3	3	5	5	2	1	22.7163295424356
sp|P76155|TFAQ_ECOLI	511145.b1546	20	0	12	21	7	10	4	12	8	17	3	9	13	5	7	11	12	10	6	4	1.71295137661354
sp|P77163|TFAR_ECOLI	511145.b1373	20	0	11	21	7	10	4	12	8	17	3	10	13	5	7	11	12	10	6	4	1.71295137661354
