string_id	fasta_id
4932.Q0045	sp|P00401|COX1_YEAST
4932.Q0085	sp|P00854|ATP6_YEAST
4932.Q0105	sp|P03879|MBI4_YEAST
4932.Q0110	sp|Q9ZZW7|MBI3_YEAST
4932.Q0115	sp|Q9ZZW7|MBI3_YEAST
4932.Q0120	sp|Q9ZZW7|MBI3_YEAST
4932.Q0130	sp|P61829|ATP9_YEAST
4932.Q0140	sp|P02381|RMAR_YEAST
4932.Q0250	sp|P00410|COX2_YEAST
4932.R0020C	sp|P03871|REP1_YEAST
4932.R0030W	sp|Q06891|RAF_YEAST
4932.R0040C	sp|P03872|REP2_YEAST
4932.YAL001C	sp|P34111|TFC3_YEAST
4932.YAL002W	sp|P39702|VPS8_YEAST
4932.YAL003W	sp|P32471|EF1B_YEAST
4932.YAL005C	sp|P10592|HSP72_YEAST
4932.YLL024C	sp|P10592|HSP72_YEAST
4932.YAL007C	sp|P39704|ERP2_YEAST
4932.YAL008W	sp|P18411|FUN14_YEAST
4932.YAL010C	sp|P18409|MDM10_YEAST
4932.YAL011W	sp|P31376|SWC3_YEAST
4932.YAL012W	sp|P31373|CYS3_YEAST
4932.YAL013W	sp|P31385|DEP1_YEAST
4932.YAL015C	sp|P31378|NTG1_YEAST
4932.YAL016W	sp|P31383|2AAA_YEAST
4932.YAL017W	sp|P31374|PSK1_YEAST
4932.YAL019W	sp|P31380|FUN30_YEAST
4932.YAL020C	sp|P31386|ATS1_YEAST
4932.YAL021C	sp|P31384|CCR4_YEAST
4932.YAL022C	sp|P31381|FUN26_YEAST
4932.YAL023C	sp|P31382|PMT2_YEAST
4932.YAL024C	sp|P07866|LTE1_YEAST
4932.YAL025C	sp|P10962|MAK16_YEAST
4932.YAL026C	sp|P39524|ATC3_YEAST
4932.YAL027W	sp|P39735|SAW1_YEAST
4932.YAL029C	sp|P32492|MYO4_YEAST
4932.YAL030W	sp|P31109|SNC1_YEAST
4932.YAL033W	sp|P28005|POP5_YEAST
4932.YAL034W-A	sp|P39731|MTW1_YEAST
4932.YAL035W	sp|P39730|IF2P_YEAST
4932.YAL036C	sp|P39729|RBG1_YEAST
4932.YAL038W	sp|P00549|KPYK1_YEAST
4932.YAL039C	sp|P06182|CCHL_YEAST
4932.YAL041W	sp|P11433|CDC24_YEAST
4932.YAL042W	sp|P39727|ERV46_YEAST
4932.YAL043C	sp|Q01329|PTA1_YEAST
4932.YAL044C	sp|P39726|GCSH_YEAST
4932.YAL044W-A	sp|Q3E793|YA044_YEAST
4932.YAL046C	sp|P39724|AIM1_YEAST
4932.YAL047C	sp|P39723|SPC72_YEAST
4932.YAL048C	sp|P39722|GEM1_YEAST
4932.YAL049C	sp|P39721|AIM2_YEAST
4932.YAL051W	sp|P39720|OAF1_YEAST
4932.YAL053W	sp|P39719|FLC2_YEAST
4932.YAL054C	sp|Q01574|ACS1_YEAST
4932.YAL055W	sp|P39718|PEX22_YEAST
4932.YAL058W	sp|P27825|CALX_YEAST
4932.YAL059W	sp|P39715|ECM1_YEAST
4932.YAL060W	sp|P39714|BDH1_YEAST
4932.YAL061W	sp|P39713|BDH2_YEAST
4932.YAL062W	sp|P39708|DHE5_YEAST
4932.YAR002C-A	sp|Q05359|ERP1_YEAST
4932.YAR002W	sp|P39705|NUP60_YEAST
4932.YAR007C	sp|P22336|RFA1_YEAST
4932.YAR014C	sp|P27637|BUD14_YEAST
4932.YAR015W	sp|P27616|PUR7_YEAST
4932.YAR018C	sp|P22209|KIN3_YEAST
4932.YAR019C	sp|P27636|CDC15_YEAST
4932.YAR027W	sp|P39547|UIP3_YEAST
4932.YAR028W	sp|P39548|YAJ8_YEAST
4932.YAR031W	sp|P39551|PRM9_YEAST
4932.YAR035W	sp|P80235|CACM_YEAST
4932.YAR042W	sp|P35845|OSH1_YEAST
4932.YAR071W	sp|P38693|PPAC_YEAST
4932.YHR215W	sp|P38693|PPAC_YEAST
4932.YAR073W	sp|P50095|IMDH3_YEAST
4932.YHR216W	sp|P50095|IMDH3_YEAST
4932.YLR432W	sp|P50095|IMDH3_YEAST
4932.YAR075W	sp|P50094|IMDH4_YEAST
4932.YML056C	sp|P50094|IMDH4_YEAST
4932.YBL001C	sp|P35195|ECM15_YEAST
4932.YBL002W	sp|P02294|H2B2_YEAST
4932.YDR224C	sp|P02294|H2B2_YEAST
4932.YBL003C	sp|P04912|H2A2_YEAST
4932.YDR225W	sp|P04912|H2A2_YEAST
4932.YBL004W	sp|P35194|UTP20_YEAST
4932.YBL005W-A	sp|Q12266|YB11A_YEAST
4932.YDR170W-A	sp|Q12266|YB11A_YEAST
4932.YMR046C	sp|Q12266|YB11A_YEAST
4932.YBL005W-B	sp|Q12490|YB11B_YEAST
4932.YGR027W-B	sp|Q12490|YB11B_YEAST
4932.YMR045C	sp|Q12490|YB11B_YEAST
4932.YNL284C-B	sp|Q12490|YB11B_YEAST
4932.YBL006C	sp|P38210|LDB7_YEAST
4932.YBL007C	sp|P32790|SLA1_YEAST
4932.YBL008W	sp|P32479|HIR1_YEAST
4932.YBL011W	sp|P32784|GPT1_YEAST
4932.YBL014C	sp|P32786|RRN6_YEAST
4932.YBL015W	sp|P32316|ACH1_YEAST
4932.YBL016W	sp|P16892|FUS3_YEAST
4932.YBL017C	sp|P32319|VPS10_YEAST
4932.YBL019W	sp|P38207|APN2_YEAST
4932.YBL022C	sp|P36775|LONM_YEAST
4932.YBL023C	sp|P29469|MCM2_YEAST
4932.YBL024W	sp|P38205|NCL1_YEAST
4932.YBL025W	sp|P38204|RRN10_YEAST
4932.YBL026W	sp|P38203|LSM2_YEAST
4932.YBL029C-A	sp|Q3E756|YB029_YEAST
4932.YBL030C	sp|P18239|ADT2_YEAST
4932.YBL032W	sp|P38199|HEK2_YEAST
4932.YBL033C	sp|P38066|RIB1_YEAST
4932.YBL034C	sp|P38198|STU1_YEAST
4932.YBL035C	sp|P38121|DPOA2_YEAST
4932.YBL036C	sp|P38197|YBD6_YEAST
4932.YBL037W	sp|P38065|AP2A_YEAST
4932.YBL039C	sp|P28274|URA7_YEAST
4932.YBL039W-B	sp|P0C268|YB39B_YEAST
4932.YBL040C	sp|P18414|ERD2_YEAST
4932.YBL041W	sp|P23724|PSB6_YEAST
4932.YBL042C	sp|P38196|FUI1_YEAST
4932.YBL045C	sp|P07256|QCR1_YEAST
4932.YBL046W	sp|P38193|PP4R2_YEAST
4932.YBL047C	sp|P34216|EDE1_YEAST
4932.YBL050W	sp|P32602|SEC17_YEAST
4932.YBL051C	sp|P34217|PIN4_YEAST
4932.YBL054W	sp|P34219|TOD6_YEAST
4932.YBL055C	sp|P34220|YBF5_YEAST
4932.YBL056W	sp|P34221|PP2C3_YEAST
4932.YBL057C	sp|P34222|PTH2_YEAST
4932.YBL058W	sp|P34223|UBX1_YEAST
4932.YBL059C-A	sp|Q3E7A4|COXM2_YEAST
4932.YBL059W	sp|P34224|YBF9_YEAST
4932.YBL061C	sp|P34226|SKT5_YEAST
4932.YBL064C	sp|P34227|PRX1_YEAST
4932.YBL066C	sp|P34228|SEF1_YEAST
4932.YBL067C	sp|P38187|UBP13_YEAST
4932.YBL068W	sp|P38063|KPR4_YEAST
4932.YBL069W	sp|P35183|AST1_YEAST
4932.YBL075C	sp|P09435|HSP73_YEAST
4932.YBL076C	sp|P09436|SYIC_YEAST
4932.YBL078C	sp|P38182|ATG8_YEAST
4932.YBL079W	sp|P38181|NU170_YEAST
4932.YBL082C	sp|P38179|ALG3_YEAST
4932.YBL084C	sp|P38042|CDC27_YEAST
4932.YBL085W	sp|P38041|BOB1_YEAST
4932.YBL086C	sp|P38177|YBI6_YEAST
4932.YBL090W	sp|P38175|RT21_YEAST
4932.YBL091C	sp|P38174|MAP2_YEAST
4932.YBL092W	sp|P38061|RL32_YEAST
4932.YBL093C	sp|P25046|MED19_YEAST
4932.YBL095W	sp|P38172|YBJ5_YEAST
4932.YBL097W	sp|P38170|CND2_YEAST
4932.YBL098W	sp|P38169|KMO_YEAST
4932.YBL099W	sp|P07251|ATPA_YEAST
4932.YBL100W-A	sp|Q99195|YF21A_YEAST
4932.YBL100W-B	sp|Q12503|YG22B_YEAST
4932.YCL019W	sp|Q12503|YG22B_YEAST
4932.YDR034C-D	sp|Q12503|YG22B_YEAST
4932.YDR210W-B	sp|Q12503|YG22B_YEAST
4932.YDR261W-B	sp|Q12503|YG22B_YEAST
4932.YGR161W-B	sp|Q12503|YG22B_YEAST
4932.YLR410W-B	sp|Q12503|YG22B_YEAST
4932.YOR192C-B	sp|Q12503|YG22B_YEAST
4932.YOR343W-B	sp|Q12503|YG22B_YEAST
4932.YBL101C	sp|P38167|ECM21_YEAST
4932.YBL102W	sp|P38166|SFT2_YEAST
4932.YBL103C	sp|P38165|RTG3_YEAST
4932.YBL104C	sp|P38164|SEA4_YEAST
4932.YBL105C	sp|P24583|KPC1_YEAST
4932.YBL111C	sp|Q3E7Y5|YB111_YEAST
4932.YBL113C	sp|Q7M4S9|YB113_YEAST
4932.YBR001C	sp|P35172|TREB_YEAST
4932.YBR002C	sp|P35196|RER2_YEAST
4932.YBR003W	sp|P18900|COQ1_YEAST
4932.YBR005W	sp|P38212|RCR1_YEAST
4932.YBR006W	sp|P38067|UGA2_YEAST
4932.YBR011C	sp|P00817|IPYR_YEAST
4932.YBR012W-A	sp|Q99209|YP13A_YEAST
4932.YDR098C-A	sp|Q99209|YP13A_YEAST
4932.YPR158W-A	sp|Q99209|YP13A_YEAST
4932.YBR012W-B	sp|Q12193|YB12B_YEAST
4932.YBR014C	sp|P38068|GLRX7_YEAST
4932.YBR015C	sp|P38069|MNN2_YEAST
4932.YBR016W	sp|P38216|YBM6_YEAST
4932.YBR017C	sp|P38217|IMB2_YEAST
4932.YBR018C	sp|P08431|GAL7_YEAST
4932.YBR019C	sp|P04397|GAL10_YEAST
4932.YBR020W	sp|P04385|GAL1_YEAST
4932.YBR022W	sp|P38218|POA1_YEAST
4932.YBR023C	sp|P29465|CHS3_YEAST
4932.YBR024W	sp|P38072|SCO2_YEAST
4932.YBR025C	sp|P38219|OLA1_YEAST
4932.YBR026C	sp|P38071|ETR1_YEAST
4932.YBR029C	sp|P38221|CDS1_YEAST
4932.YBR030W	sp|P38222|RKM3_YEAST
4932.YBR031W	sp|P49626|RL4B_YEAST
4932.YDR012W	sp|P49626|RL4B_YEAST
4932.YBR034C	sp|P38074|HMT1_YEAST
4932.YBR035C	sp|P38075|PDX3_YEAST
4932.YBR036C	sp|P35206|CSG2_YEAST
4932.YBR037C	sp|P23833|SCO1_YEAST
4932.YBR038W	sp|P14180|CHS2_YEAST
4932.YBR039W	sp|P38077|ATPG_YEAST
4932.YBR040W	sp|P38224|FIG1_YEAST
4932.YBR041W	sp|P38225|FAT1_YEAST
4932.YBR042C	sp|P38226|CST26_YEAST
4932.YBR044C	sp|P38228|TCM62_YEAST
4932.YBR046C	sp|P38230|QOR_YEAST
4932.YBR049C	sp|P21538|REB1_YEAST
4932.YBR052C	sp|P38234|RFS1_YEAST
4932.YBR053C	sp|P38235|YBQ3_YEAST
4932.YBR054W	sp|P38079|YRO2_YEAST
4932.YBR055C	sp|P19735|PRP6_YEAST
4932.YBR056W	sp|P38081|YBQ6_YEAST
4932.YBR057C	sp|P38236|MUM2_YEAST
4932.YBR058C	sp|P38237|UBP14_YEAST
4932.YBR058C-A	sp|Q3E790|TSC3_YEAST
4932.YBR059C	sp|P38080|AKL1_YEAST
4932.YBR060C	sp|P32833|ORC2_YEAST
4932.YBR061C	sp|P38238|TRM7_YEAST
4932.YBR065C	sp|P38241|SLT11_YEAST
4932.YBR068C	sp|P38084|BAP2_YEAST
4932.YBR069C	sp|P38085|TAT1_YEAST
4932.YBR070C	sp|P38242|ALG14_YEAST
4932.YBR072W	sp|P15992|HSP26_YEAST
4932.YBR073W	sp|P38086|RDH54_YEAST
4932.YBR074W	sp|P38244|M28P1_YEAST
4932.YBR077C	sp|P38247|SLM4_YEAST
4932.YBR078W	sp|P38248|ECM33_YEAST
4932.YBR079C	sp|P38249|EIF3A_YEAST
4932.YBR080C	sp|P18759|SEC18_YEAST
4932.YBR081C	sp|P35177|SPT7_YEAST
4932.YBR082C	sp|P15732|UBC5_YEAST
4932.YDR059C	sp|P15732|UBC5_YEAST
4932.YBR083W	sp|P18412|TEC1_YEAST
4932.YBR084C-A	sp|P05735|RL19A_YEAST
4932.YBR084W	sp|P09440|C1TM_YEAST
4932.YBR085C-A	sp|O43137|YB085_YEAST
4932.YBR085W	sp|P18238|ADT3_YEAST
4932.YBR086C	sp|P38250|IST2_YEAST
4932.YBR087W	sp|P38251|RFC5_YEAST
4932.YBR088C	sp|P15873|PCNA_YEAST
4932.YBR089C-A	sp|P11633|NHP6B_YEAST
4932.YBR091C	sp|P32830|TIM12_YEAST
4932.YBR092C	sp|P24031|PPA3_YEAST
4932.YBR093C	sp|P00635|PPA5_YEAST
4932.YBR094W	sp|P38254|TTL_YEAST
4932.YBR095C	sp|P38255|RXT2_YEAST
4932.YBR096W	sp|P38256|YBU6_YEAST
4932.YBR098W	sp|P38257|MMS4_YEAST
4932.YBR101C	sp|P38260|FES1_YEAST
4932.YBR102C	sp|P38261|EXO84_YEAST
4932.YBR103W	sp|P38262|SIF2_YEAST
4932.YBR104W	sp|P38087|YMC2_YEAST
4932.YBR106W	sp|P38264|PHO88_YEAST
4932.YBR107C	sp|P38265|IML3_YEAST
4932.YBR108W	sp|P38266|AIM3_YEAST
4932.YBR109C	sp|P06787|CALM_YEAST
4932.YBR110W	sp|P16661|ALG1_YEAST
4932.YBR111C	sp|Q01976|ADPP_YEAST
4932.YBR111W-A	sp|Q6WNK7|SUS1_YEAST
4932.YBR112C	sp|P14922|CYC8_YEAST
4932.YBR114W	sp|P31244|RAD16_YEAST
4932.YBR115C	sp|P07702|LYS2_YEAST
4932.YBR117C	sp|P33315|TKT2_YEAST
4932.YBR120C	sp|P07253|CBP6_YEAST
4932.YBR121C	sp|P38088|SYG_YEAST
4932.YBR122C	sp|P36531|RM36_YEAST
4932.YBR123C	sp|P32367|TFC1_YEAST
4932.YBR125C	sp|P38089|PP2C4_YEAST
4932.YBR126C	sp|Q00764|TPS1_YEAST
4932.YBR126W-A	sp|Q8TGU7|YB126_YEAST
4932.YBR127C	sp|P16140|VATB_YEAST
4932.YBR129C	sp|P38271|OPY1_YEAST
4932.YBR130C	sp|P38272|SHE3_YEAST
4932.YBR133C	sp|P38274|HSL7_YEAST
4932.YBR135W	sp|P20486|CKS1_YEAST
4932.YBR136W	sp|P38111|ATR_YEAST
4932.YBR137W	sp|P38276|YBY7_YEAST
4932.YBR139W	sp|P38109|YBY9_YEAST
4932.YBR140C	sp|P18963|IRA1_YEAST
4932.YBR142W	sp|P38112|MAK5_YEAST
4932.YBR143C	sp|P12385|ERF1_YEAST
4932.YBR145W	sp|P38113|ADH5_YEAST
4932.YBR146W	sp|P38120|RT09_YEAST
4932.YBR149W	sp|P38115|ARA1_YEAST
4932.YBR150C	sp|P38114|TBS1_YEAST
4932.YBR151W	sp|P38281|APD1_YEAST
4932.YBR152W	sp|P38282|SP381_YEAST
4932.YBR153W	sp|P33312|RIB7_YEAST
4932.YBR154C	sp|P20434|RPAB1_YEAST
4932.YBR155W	sp|P33313|CNS1_YEAST
4932.YBR159W	sp|P38286|MKAR_YEAST
4932.YBR160W	sp|P00546|CDK1_YEAST
4932.YBR162C	sp|P38288|TOS1_YEAST
4932.YBR164C	sp|P38116|ARL1_YEAST
4932.YBR166C	sp|P20049|TYR1_YEAST
4932.YBR169C	sp|P32590|HSP79_YEAST
4932.YBR170C	sp|P33755|NPL4_YEAST
4932.YBR171W	sp|P33754|SEC66_YEAST
4932.YBR172C	sp|P32909|SMY2_YEAST
4932.YBR173C	sp|P38293|UMP1_YEAST
4932.YBR175W	sp|P38123|SWD3_YEAST
4932.YBR176W	sp|P38122|PANB_YEAST
4932.YBR177C	sp|P38295|MCFS2_YEAST
4932.YBR179C	sp|P38297|FZO1_YEAST
4932.YBR183W	sp|P38298|YPC1_YEAST
4932.YBR185C	sp|P38300|MBA1_YEAST
4932.YBR187W	sp|P38301|GDT1_YEAST
4932.YBR189W	sp|P05755|RS9B_YEAST
4932.YPL081W	sp|P05755|RS9B_YEAST
4932.YBR191W	sp|Q12672|RL21B_YEAST
4932.YPL079W	sp|Q12672|RL21B_YEAST
4932.YBR192W	sp|P38127|RIM2_YEAST
4932.YBR193C	sp|P38304|MED8_YEAST
4932.YBR194W	sp|P38305|AIM4_YEAST
4932.YBR195C	sp|P13712|MSI1_YEAST
4932.YBR196C	sp|P12709|G6PI_YEAST
4932.YBR198C	sp|P38129|TAF5_YEAST
4932.YBR199W	sp|P38131|KTR4_YEAST
4932.YBR200W	sp|P29366|BEM1_YEAST
4932.YBR202W	sp|P38132|MCM7_YEAST
4932.YBR204C	sp|P38139|LDH1_YEAST
4932.YBR205W	sp|P38130|KTR3_YEAST
4932.YBR207W	sp|P38310|FTH1_YEAST
4932.YBR208C	sp|P32528|DUR1_YEAST
4932.YBR210W	sp|P38312|ERV15_YEAST
4932.YBR211C	sp|P38313|AME1_YEAST
4932.YBR212W	sp|P32831|NGR1_YEAST
4932.YBR213W	sp|P15807|MET8_YEAST
4932.YBR214W	sp|P38314|SDS24_YEAST
4932.YBR215W	sp|Q01448|HPC2_YEAST
4932.YBR216C	sp|P38315|YBP1_YEAST
4932.YBR218C	sp|P32327|PYC2_YEAST
4932.YGL062W	sp|P32327|PYC2_YEAST
4932.YBR221C	sp|P32473|ODPB_YEAST
4932.YBR222C	sp|P38137|FAT2_YEAST
4932.YBR227C	sp|P38323|MCX1_YEAST
4932.YBR229C	sp|P38138|GLU2A_YEAST
4932.YBR230C	sp|P38325|OM14_YEAST
4932.YBR231C	sp|P38326|SWC5_YEAST
4932.YBR233W	sp|P38151|PBP2_YEAST
4932.YBR233W-A	sp|P69850|DAD3_YEAST
4932.YBR234C	sp|P38328|ARPC1_YEAST
4932.YBR236C	sp|P32783|MCES_YEAST
4932.YBR239C	sp|P38140|ERT1_YEAST
4932.YBR241C	sp|P38142|YB91_YEAST
4932.YBR242W	sp|P38331|YB92_YEAST
4932.YBR244W	sp|P38143|GPX2_YEAST
4932.YBR245C	sp|P38144|ISW1_YEAST
4932.YBR246W	sp|P38332|WDR85_YEAST
4932.YBR247C	sp|P38333|ENP1_YEAST
4932.YBR248C	sp|P33734|HIS5_YEAST
4932.YBR249C	sp|P32449|AROG_YEAST
4932.YBR251W	sp|P33759|RT05_YEAST
4932.YBR252W	sp|P33317|DUT_YEAST
4932.YBR253W	sp|P32570|MED22_YEAST
4932.YBR255C-A	sp|Q3E776|YB255_YEAST
4932.YBR256C	sp|P38145|RISA_YEAST
4932.YBR258C	sp|P38337|SHG1_YEAST
4932.YBR260C	sp|P38339|RGD1_YEAST
4932.YBR261C	sp|P38340|NTM1_YEAST
4932.YBR262C	sp|P38341|AIM5_YEAST
4932.YBR263W	sp|P37292|GLYM_YEAST
4932.YBR264C	sp|P38146|YPT10_YEAST
4932.YBR265W	sp|P38342|TSC10_YEAST
4932.YBR267W	sp|P38344|REI1_YEAST
4932.YBR268W	sp|P36532|RM37_YEAST
4932.YBR269C	sp|P38345|FMP21_YEAST
4932.YBR272C	sp|P38348|HSM3_YEAST
4932.YBR273C	sp|P38349|UBX7_YEAST
4932.YBR274W	sp|P38147|CHK1_YEAST
4932.YBR275C	sp|P29539|RIF1_YEAST
4932.YBR276C	sp|P38148|PPS1_YEAST
4932.YBR278W	sp|P27344|DPB3_YEAST
4932.YBR279W	sp|P38351|PAF1_YEAST
4932.YBR281C	sp|P38149|DUG2_YEAST
4932.YBR282W	sp|P36526|RM27_YEAST
4932.YBR283C	sp|P38353|SSH1_YEAST
4932.YBR286W	sp|P37302|APE3_YEAST
4932.YBR287W	sp|P38355|YB8B_YEAST
4932.YBR288C	sp|P38153|AP3M_YEAST
4932.YBR289W	sp|P18480|SNF5_YEAST
4932.YBR291C	sp|P38152|TXTP_YEAST
4932.YCL001W	sp|P25560|RER1_YEAST
4932.YCL005W-A	sp|Q3E7B6|VA0E_YEAST
4932.YCL009C	sp|P25605|ILV6_YEAST
4932.YCL010C	sp|P25554|SGF29_YEAST
4932.YCL011C	sp|P25555|GBP2_YEAST
4932.YCL012C	sp|Q8J0M4|YCB2_YEAST
4932.YCL014W	sp|P25558|BUD3_YEAST
4932.YCL016C	sp|P25559|DCC1_YEAST
4932.YCL017C	sp|P25374|NFS1_YEAST
4932.YCL018W	sp|P04173|LEU3_YEAST
4932.YCL020W	sp|Q99303|YD23A_YEAST
4932.YDR210W-A	sp|Q99303|YD23A_YEAST
4932.YDR261W-A	sp|Q99303|YD23A_YEAST
4932.YGR161W-A	sp|Q99303|YD23A_YEAST
4932.YLR410W-A	sp|Q99303|YD23A_YEAST
4932.YCL024W	sp|P25389|KCC4_YEAST
4932.YCL025C	sp|P25376|AGP1_YEAST
4932.YCL026C-B	sp|Q96VH4|HBN1_YEAST
4932.YCL027W	sp|P11710|FUS1_YEAST
4932.YCL029C	sp|P11709|BIK1_YEAST
4932.YCL030C	sp|P00815|HIS2_YEAST
4932.YCL031C	sp|P25368|RRP7_YEAST
4932.YCL032W	sp|P25344|STE50_YEAST
4932.YCL033C	sp|P25566|MXR2_YEAST
4932.YCL034W	sp|P25369|LSB5_YEAST
4932.YCL035C	sp|P25373|GLRX1_YEAST
4932.YCL037C	sp|P25567|SRO9_YEAST
4932.YCL039W	sp|P25569|GID7_YEAST
4932.YCL040W	sp|P17709|HXKG_YEAST
4932.YCL043C	sp|P17967|PDI_YEAST
4932.YCL044C	sp|P25573|MGR1_YEAST
4932.YCL045C	sp|P25574|EMC1_YEAST
4932.YCL049C	sp|P25577|YCE9_YEAST
4932.YCL050C	sp|P16550|APA1_YEAST
4932.YCL054W	sp|P25582|SPB1_YEAST
4932.YCL055W	sp|P25583|KAR4_YEAST
4932.YCL057C-A	sp|Q96VH5|MOS1_YEAST
4932.YCL057W	sp|P25375|PRTD_YEAST
4932.YCL059C	sp|P25586|KRR1_YEAST
4932.YCL061C	sp|P25588|MRC1_YEAST
4932.YCL064C	sp|P25379|STDH_YEAST
4932.YCR002C	sp|P25342|CDC10_YEAST
4932.YCR003W	sp|P25348|RM32_YEAST
4932.YCR004C	sp|P25349|YCP4_YEAST
4932.YCR005C	sp|P08679|CISY2_YEAST
4932.YCR009C	sp|P25343|RV161_YEAST
4932.YCR010C	sp|P25613|ADY2_YEAST
4932.YCR011C	sp|P25371|ADP1_YEAST
4932.YCR012W	sp|P00560|PGK_YEAST
4932.YCR014C	sp|P25615|DPO4_YEAST
4932.YCR015C	sp|P25616|YCQ5_YEAST
4932.YCR016W	sp|P25617|YCQ6_YEAST
4932.YCR017C	sp|P25618|CWH43_YEAST
4932.YCR020W-B	sp|Q9URQ5|HTL1_YEAST
4932.YCR021C	sp|P25619|HSP30_YEAST
4932.YCR023C	sp|P25351|YCR3_YEAST
4932.YCR024C	sp|P25345|SYNM_YEAST
4932.YCR026C	sp|P25353|NPP1_YEAST
4932.YCR027C	sp|P25378|RHEB_YEAST
4932.YCR028C-A	sp|P32445|RIM1_YEAST
4932.YCR030C	sp|P25623|SYP1_YEAST
4932.YCR031C	sp|P39516|RS14B_YEAST
4932.YJL191W	sp|P39516|RS14B_YEAST
4932.YCR033W	sp|P25357|SNT1_YEAST
4932.YCR034W	sp|P25358|ELO2_YEAST
4932.YCR035C	sp|P25359|RRP43_YEAST
4932.YCR036W	sp|P25332|RBSK_YEAST
4932.YCR037C	sp|P25360|PHO87_YEAST
4932.YCR042C	sp|P23255|TAF2_YEAST
4932.YCR044C	sp|P25625|PER1_YEAST
4932.YCR046C	sp|P25626|IMG1_YEAST
4932.YCR047C	sp|P25627|BUD23_YEAST
4932.YCR051W	sp|P25631|YCU1_YEAST
4932.YCR052W	sp|P25632|RSC6_YEAST
4932.YCR053W	sp|P16120|THRC_YEAST
4932.YCR054C	sp|P25355|CTR86_YEAST
4932.YCR057C	sp|P25635|PWP2_YEAST
4932.YCR059C	sp|P25637|YIH1_YEAST
4932.YCR060W	sp|P25638|TAH1_YEAST
4932.YCR061W	sp|P25639|YCV1_YEAST
4932.YCR066W	sp|P10862|RAD18_YEAST
4932.YCR067C	sp|P25365|SED4_YEAST
4932.YCR071C	sp|P25642|IMG2_YEAST
4932.YCR072C	sp|P25382|NLE1_YEAST
4932.YCR073W-A	sp|P37262|SOL2_YEAST
4932.YCR075W-A	sp|Q3E830|YC075_YEAST
4932.YCR077C	sp|P25644|PAT1_YEAST
4932.YCR081W	sp|P25648|SRB8_YEAST
4932.YCR083W	sp|P25372|TRX3_YEAST
4932.YCR084C	sp|P16649|TUP1_YEAST
4932.YCR086W	sp|P25651|CSM1_YEAST
4932.YCR087C-A	sp|P37263|YC16_YEAST
4932.YCR088W	sp|P15891|ABP1_YEAST
4932.YCR090C	sp|P25654|YCY0_YEAST
4932.YCR092C	sp|P25336|MSH3_YEAST
4932.YCR093W	sp|P25655|NOT1_YEAST
4932.YCR094W	sp|P25656|CDC50_YEAST
4932.YCR095C	sp|P25366|OCA4_YEAST
4932.YCR102C	sp|P54007|YL460_YEAST
4932.YLR460C	sp|P54007|YL460_YEAST
4932.YDL001W	sp|Q03441|RMD1_YEAST
4932.YDL002C	sp|Q03435|NHP10_YEAST
4932.YDL003W	sp|Q12158|SCC1_YEAST
4932.YDL004W	sp|Q12165|ATPD_YEAST
4932.YDL005C	sp|Q12124|MED2_YEAST
4932.YDL006W	sp|P35182|PP2C1_YEAST
4932.YDL007W	sp|P40327|PRS4_YEAST
4932.YDL010W	sp|Q12438|GLRX6_YEAST
4932.YBR014C	sp|Q12438|GLRX6_YEAST
4932.YDL012C	sp|Q12489|YD012_YEAST
4932.YDL013W	sp|P32828|SLX5_YEAST
4932.YDL014W	sp|P15646|FBRL_YEAST
4932.YDL015C	sp|Q99190|TSC13_YEAST
4932.YDL017W	sp|P06243|CDC7_YEAST
4932.YDL018C	sp|Q12403|ERP3_YEAST
4932.YDL019C	sp|Q12451|OSH2_YEAST
4932.YDL021W	sp|Q12008|PMG2_YEAST
4932.YDL022W	sp|Q00055|GPD1_YEAST
4932.YDL025C	sp|Q12100|RTK1_YEAST
4932.YDL027C	sp|Q07349|YD027_YEAST
4932.YDL028C	sp|P54199|MPS1_YEAST
4932.YDL029W	sp|P32381|ARP2_YEAST
4932.YDL031W	sp|Q12389|DBP10_YEAST
4932.YDL033C	sp|Q12093|MTU1_YEAST
4932.YDL040C	sp|P12945|NAT1_YEAST
4932.YDL042C	sp|P06700|SIR2_YEAST
4932.YDL043C	sp|Q07350|PRP11_YEAST
4932.YDL044C	sp|P10849|MTF2_YEAST
4932.YDL045C	sp|P38913|FAD1_YEAST
4932.YDL045W-A	sp|O75012|MRP10_YEAST
4932.YDL046W	sp|Q12408|NPC2_YEAST
4932.YDL047W	sp|P20604|PP11_YEAST
4932.YDL048C	sp|Q07351|STP4_YEAST
4932.YDL051W	sp|P33399|LHP1_YEAST
4932.YDL052C	sp|P33333|PLSC_YEAST
4932.YDL053C	sp|Q07362|PBP4_YEAST
4932.YDL055C	sp|P41940|MPG1_YEAST
4932.YDL056W	sp|P39678|MBP1_YEAST
4932.YDL057W	sp|Q07379|YD057_YEAST
4932.YDL058W	sp|P25386|USO1_YEAST
4932.YDL059C	sp|Q12223|RAD59_YEAST
4932.YDL060W	sp|Q07381|TSR1_YEAST
4932.YDL061C	sp|P41058|RS29B_YEAST
4932.YLR388W	sp|P41058|RS29B_YEAST
4932.YDL063C	sp|Q07395|SYO1_YEAST
4932.YDL064W	sp|P50623|UBC9_YEAST
4932.YDL065C	sp|Q07418|PEX19_YEAST
4932.YDL066W	sp|P21954|IDHP_YEAST
4932.YDL067C	sp|P07255|COX9_YEAST
4932.YDL070W	sp|Q07442|BDF2_YEAST
4932.YDL072C	sp|Q07451|YET3_YEAST
4932.YDL073W	sp|Q07454|YD073_YEAST
4932.YDL074C	sp|Q07457|BRE1_YEAST
4932.YDL075W	sp|P0C2H9|RL31B_YEAST
4932.YLR406C	sp|P0C2H9|RL31B_YEAST
4932.YDL077C	sp|Q07468|VAM6_YEAST
4932.YDL078C	sp|P32419|MDHP_YEAST
4932.YDL080C	sp|Q07471|THI3_YEAST
4932.YDL081C	sp|P05318|RLA1_YEAST
4932.YDL082W	sp|Q12690|RL13A_YEAST
4932.YMR142C	sp|Q12690|RL13A_YEAST
4932.YDL084W	sp|Q07478|SUB2_YEAST
4932.YDL085C-A	sp|Q3E7B7|YD85C_YEAST
4932.YDL086W	sp|Q07505|DLHH_YEAST
4932.YDL088C	sp|Q05166|NUP59_YEAST
4932.YDL089W	sp|Q12066|NUR1_YEAST
4932.YDL092W	sp|P38985|SRP14_YEAST
4932.YDL095W	sp|P33775|PMT1_YEAST
4932.YDL097C	sp|Q12377|RPN6_YEAST
4932.YDL099W	sp|Q12191|BUG1_YEAST
4932.YDL100C	sp|Q12154|GET3_YEAST
4932.YDL101C	sp|P39009|DUN1_YEAST
4932.YDL102W	sp|P15436|DPOD_YEAST
4932.YDL103C	sp|P43123|UAP1_YEAST
4932.YDL106C	sp|P07269|PHO2_YEAST
4932.YDL108W	sp|P06242|KIN28_YEAST
4932.YDL110C	sp|Q12513|TMA17_YEAST
4932.YDL111C	sp|Q12277|RRP42_YEAST
4932.YDL112W	sp|Q07527|TRM3_YEAST
4932.YDL113C	sp|Q07528|ATG20_YEAST
4932.YDL115C	sp|Q07532|IWR1_YEAST
4932.YDL116W	sp|P52891|NUP84_YEAST
4932.YDL117W	sp|Q07533|CYK3_YEAST
4932.YDL119C	sp|Q07534|S2538_YEAST
4932.YDL120W	sp|Q07540|FRDA_YEAST
4932.YDL121C	sp|Q07541|YD121_YEAST
4932.YDL122W	sp|P25037|UBP1_YEAST
4932.YDL124W	sp|Q07551|KAR_YEAST
4932.YDL125C	sp|Q04344|HNT1_YEAST
4932.YDL126C	sp|P25694|CDC48_YEAST
4932.YDL128W	sp|Q99385|VCX1_YEAST
4932.YDL130W	sp|P10622|RLA3_YEAST
4932.YDL130W-A	sp|P01098|STF1_YEAST
4932.YDL131W	sp|Q12122|HOSM_YEAST
4932.YDL182W	sp|Q12122|HOSM_YEAST
4932.YDL132W	sp|Q12018|CDC53_YEAST
4932.YDL134C	sp|P23594|PP2A1_YEAST
4932.YDL135C	sp|Q12434|GDIR_YEAST
4932.YDL137W	sp|P19146|ARF2_YEAST
4932.YDL192W	sp|P19146|ARF2_YEAST
4932.YDL139C	sp|Q12334|SCM3_YEAST
4932.YDL140C	sp|P04050|RPB1_YEAST
4932.YDL141W	sp|P48445|BPL1_YEAST
4932.YDL143W	sp|P39078|TCPD_YEAST
4932.YDL144C	sp|Q07589|YD144_YEAST
4932.YDL145C	sp|P53622|COPA_YEAST
4932.YDL147W	sp|Q12250|RPN5_YEAST
4932.YDL148C	sp|Q99207|NOP14_YEAST
4932.YDL150W	sp|P25441|RPC4_YEAST
4932.YDL153C	sp|Q12136|SAS10_YEAST
4932.YDL155W	sp|P24870|CG23_YEAST
4932.YDL156W	sp|Q12510|YD156_YEAST
4932.YDL157C	sp|Q12082|YD157_YEAST
4932.YDL159W	sp|P06784|STE7_YEAST
4932.YDL160C	sp|P39517|DHH1_YEAST
4932.YDL160C-A	sp|Q3E829|YD160_YEAST
4932.YDL161W	sp|Q12518|ENT1_YEAST
4932.YDL164C	sp|P04819|DNLI1_YEAST
4932.YDL165W	sp|P06100|NOT2_YEAST
4932.YDL166C	sp|Q12055|KAD6_YEAST
4932.YDL167C	sp|P32770|NRP1_YEAST
4932.YDL168W	sp|P32771|FADH_YEAST
4932.YDL170W	sp|P26370|UGA3_YEAST
4932.YDL171C	sp|Q12680|GLT1_YEAST
4932.YDL173W	sp|Q12515|PAR32_YEAST
4932.YDL174C	sp|P32891|DLD1_YEAST
4932.YDL175C	sp|Q12476|AIR2_YEAST
4932.YDL178W	sp|P46681|DLD2_YEAST
4932.YDL181W	sp|P01097|ATIF_YEAST
4932.YDL185W	sp|P17255|VATA_YEAST
4932.YDL188C	sp|P23595|PP2A2_YEAST
4932.YDL189W	sp|Q05672|RBS1_YEAST
4932.YDL190C	sp|P54860|UFD2_YEAST
4932.YDL191W	sp|P39741|RL35B_YEAST
4932.YDL193W	sp|Q12063|UPPS_YEAST
4932.YDL195W	sp|P38968|SEC31_YEAST
4932.YDL198C	sp|P38988|GGC1_YEAST
4932.YDL200C	sp|P26188|MGMT_YEAST
4932.YDL201W	sp|Q12009|TRMB_YEAST
4932.YDL202W	sp|P36521|RM11_YEAST
4932.YDL204W	sp|Q12443|RTN2_YEAST
4932.YDL205C	sp|P28789|HEM3_YEAST
4932.YDL207W	sp|Q12315|GLE1_YEAST
4932.YDL208W	sp|P32495|NHP2_YEAST
4932.YDL209C	sp|Q12046|CWC2_YEAST
4932.YDL212W	sp|Q02774|SHR3_YEAST
4932.YDL213C	sp|Q07623|NOP6_YEAST
4932.YDL215C	sp|P33327|DHE2_YEAST
4932.YDL218W	sp|Q07629|YD218_YEAST
4932.YDL219W	sp|Q07648|DTD_YEAST
4932.YDL220C	sp|P32797|CDC13_YEAST
4932.YDL222C	sp|Q07651|FMP45_YEAST
4932.YDL223C	sp|Q07653|HBT1_YEAST
4932.YDL224C	sp|Q07655|WHI4_YEAST
4932.YDL225W	sp|Q07657|SHS1_YEAST
4932.YDL226C	sp|P35197|GCS1_YEAST
4932.YDL229W	sp|P40150|HSP76_YEAST
4932.YNL209W	sp|P40150|HSP76_YEAST
4932.YDL230W	sp|P25044|PTP1_YEAST
4932.YDL234C	sp|P48365|GYP7_YEAST
4932.YDL235C	sp|Q07688|YPD1_YEAST
4932.YDL236W	sp|P19881|PNPP_YEAST
4932.YDL237W	sp|Q07716|AIM6_YEAST
4932.YDL240W	sp|P35688|LRG1_YEAST
4932.YDL245C	sp|P54854|HXT15_YEAST
4932.YEL069C	sp|P54854|HXT15_YEAST
4932.YJR158W	sp|P54854|HXT15_YEAST
4932.YDR001C	sp|P32356|TREA_YEAST
4932.YDR002W	sp|P41920|YRB1_YEAST
4932.YDR005C	sp|P41910|MAF1_YEAST
4932.YDR009W	sp|P13045|GAL3_YEAST
4932.YDR011W	sp|P32568|SNQ2_YEAST
4932.YDR013W	sp|Q12488|PSF1_YEAST
4932.YDR016C	sp|Q12248|DAD1_YEAST
4932.YDR017C	sp|Q12494|KCS1_YEAST
4932.YDR019C	sp|P48015|GCST_YEAST
4932.YDR021W	sp|Q12099|FAL1_YEAST
4932.YDR023W	sp|P07284|SYSC_YEAST
4932.YDR025W	sp|P26781|RS11B_YEAST
4932.YDR026C	sp|Q12457|YD026_YEAST
4932.YDR027C	sp|Q12071|VPS54_YEAST
4932.YDR028C	sp|Q00816|REG1_YEAST
4932.YDR031W	sp|Q04341|MIC14_YEAST
4932.YDR032C	sp|Q12335|PST2_YEAST
4932.YDR033W	sp|Q12117|MRH1_YEAST
4932.YDR034C	sp|P40971|LYS14_YEAST
4932.YDR034C-C	sp|Q12439|YO21A_YEAST
4932.YOR192C-A	sp|Q12439|YO21A_YEAST
4932.YDR035W	sp|P14843|AROF_YEAST
4932.YDR036C	sp|P28817|HIBCH_YEAST
4932.YDR037W	sp|P15180|SYKC_YEAST
4932.YDR038C	sp|Q12691|ATN5_YEAST
4932.YDR039C	sp|Q12691|ATN5_YEAST
4932.YDR040C	sp|Q12691|ATN5_YEAST
4932.YDR041W	sp|Q03201|RT10_YEAST
4932.YDR044W	sp|P11353|HEM6_YEAST
4932.YDR045C	sp|Q04307|RPC10_YEAST
4932.YDR046C	sp|P41815|BAP3_YEAST
4932.YDR047W	sp|P32347|DCUP_YEAST
4932.YDR049W	sp|Q04311|VMS1_YEAST
4932.YDR050C	sp|P00942|TPIS_YEAST
4932.YDR051C	sp|Q99288|DET1_YEAST
4932.YDR054C	sp|P14682|UBC3_YEAST
4932.YDR055W	sp|Q12355|PST1_YEAST
4932.YDR056C	sp|Q12025|YD056_YEAST
4932.YDR060W	sp|Q12176|MAK21_YEAST
4932.YDR061W	sp|Q12298|YD061_YEAST
4932.YDR062W	sp|P40970|LCB2_YEAST
4932.YDR063W	sp|Q12156|AIM7_YEAST
4932.YDR064W	sp|P05756|RS13_YEAST
4932.YDR067C	sp|Q12454|OCA6_YEAST
4932.YDR068W	sp|P54858|DOS2_YEAST
4932.YDR070C	sp|Q12497|FMP16_YEAST
4932.YDR071C	sp|Q12447|PAA1_YEAST
4932.YDR073W	sp|P38956|SNF11_YEAST
4932.YDR074W	sp|P31688|TPS2_YEAST
4932.YDR079C-A	sp|Q3E7C1|TFB5_YEAST
4932.YDR079W	sp|P38958|PT100_YEAST
4932.YDR080W	sp|P38959|VPS41_YEAST
4932.YDR081C	sp|P32896|PDC2_YEAST
4932.YDR083W	sp|P38961|RRP8_YEAST
4932.YDR084C	sp|P38962|TVP23_YEAST
4932.YDR086C	sp|P35179|SC61G_YEAST
4932.YDR087C	sp|P35178|RRP1_YEAST
4932.YDR088C	sp|Q02775|SLU7_YEAST
4932.YDR089W	sp|P38966|YD089_YEAST
4932.YDR091C	sp|Q03195|RLI1_YEAST
4932.YDR092W	sp|P52490|UBC13_YEAST
4932.YDR093W	sp|Q12675|ATC4_YEAST
4932.YDR096W	sp|Q03833|GIS1_YEAST
4932.YDR097C	sp|Q03834|MSH6_YEAST
4932.YDR098C	sp|Q03835|GLRX3_YEAST
4932.YDR098C-B	sp|Q99231|YD12B_YEAST
4932.YDR210C-D	sp|Q99231|YD12B_YEAST
4932.YOL103W-B	sp|Q99231|YD12B_YEAST
4932.YDR099W	sp|P34730|BMH2_YEAST
4932.YER177W	sp|P34730|BMH2_YEAST
4932.YDR100W	sp|Q03860|TVP15_YEAST
4932.YDR101C	sp|Q03862|ARX1_YEAST
4932.YDR104C	sp|Q03868|SPO71_YEAST
4932.YDR107C	sp|Q04562|TMN2_YEAST
4932.YDR108W	sp|P46944|TRS85_YEAST
4932.YDR110W	sp|O13329|FOB1_YEAST
4932.YDR116C	sp|Q04599|RM01_YEAST
4932.YDR117C	sp|Q04600|TMA64_YEAST
4932.YDR119W	sp|Q04602|VBA4_YEAST
4932.YDR120C	sp|P15565|TRM1_YEAST
4932.YDR121W	sp|Q04603|DPB4_YEAST
4932.YDR122W	sp|P13185|KIN1_YEAST
4932.YDR123C	sp|P26798|INO2_YEAST
4932.YDR127W	sp|P08566|ARO1_YEAST
4932.YDR129C	sp|P32599|FIMB_YEAST
4932.YDR130C	sp|Q03898|FIN1_YEAST
4932.YDR131C	sp|Q03899|YD131_YEAST
4932.YDR132C	sp|Q03900|YD132_YEAST
4932.YDR133C	sp|Q03904|YDR33_YEAST
4932.YDR135C	sp|P39109|YCFI_YEAST
4932.YDR137W	sp|P16664|RGP1_YEAST
4932.YDR138W	sp|P17629|HPR1_YEAST
4932.YDR139C	sp|Q03919|RUB1_YEAST
4932.YDR140W	sp|Q03920|MTQ2_YEAST
4932.YDR141C	sp|Q03921|DOP1_YEAST
4932.YDR142C	sp|P39108|PEX7_YEAST
4932.YDR143C	sp|P22470|SAN1_YEAST
4932.YDR144C	sp|P53379|MKC7_YEAST
4932.YDR145W	sp|Q03761|TAF12_YEAST
4932.YDR146C	sp|P08153|SWI5_YEAST
4932.YDR148C	sp|P19262|ODO2_YEAST
4932.YDR150W	sp|Q00402|NUM1_YEAST
4932.YDR152W	sp|Q03768|GIR2_YEAST
4932.YDR153C	sp|Q03769|ENT5_YEAST
4932.YDR155C	sp|P14832|CYPH_YEAST
4932.YDR156W	sp|P50106|RPA14_YEAST
4932.YDR158W	sp|P13663|DHAS_YEAST
4932.YDR161W	sp|Q03771|YD161_YEAST
4932.YDR162C	sp|Q12163|NBP2_YEAST
4932.YDR163W	sp|Q03772|CWC15_YEAST
4932.YDR164C	sp|P30619|SEC1_YEAST
4932.YDR165W	sp|Q03774|TRM82_YEAST
4932.YDR166C	sp|P89102|SEC5_YEAST
4932.YDR167W	sp|Q12030|TAF10_YEAST
4932.YDR168W	sp|P06101|CDC37_YEAST
4932.YDR169C	sp|Q12427|STB3_YEAST
4932.YDR170C	sp|P11075|SEC7_YEAST
4932.YDR171W	sp|Q12329|HSP42_YEAST
4932.YDR172W	sp|P05453|ERF3_YEAST
4932.YDR173C	sp|P07250|IPMK_YEAST
4932.YDR174W	sp|Q03973|HMO1_YEAST
4932.YDR175C	sp|Q03976|RT24_YEAST
4932.YDR176W	sp|P32494|NGG1_YEAST
4932.YDR177W	sp|P21734|UBC1_YEAST
4932.YDR178W	sp|P37298|DHSD_YEAST
4932.YDR180W	sp|Q04002|SCC2_YEAST
4932.YDR181C	sp|Q04003|SAS4_YEAST
4932.YDR182W	sp|P40986|CDC1_YEAST
4932.YDR186C	sp|Q04007|YDR86_YEAST
4932.YDR188W	sp|P39079|TCPZ_YEAST
4932.YDR189W	sp|P22213|SLY1_YEAST
4932.YDR190C	sp|Q03940|RUVB1_YEAST
4932.YDR192C	sp|P49686|NUP42_YEAST
4932.YDR194C	sp|P15424|MS116_YEAST
4932.YDR195W	sp|P42073|REF2_YEAST
4932.YDR196C	sp|Q03941|CAB5_YEAST
4932.YDR200C	sp|Q03944|VPS64_YEAST
4932.YDR201W	sp|Q03954|SPC19_YEAST
4932.YDR204W	sp|O13525|COQ4_YEAST
4932.YDR205W	sp|Q03455|MSC2_YEAST
4932.YDR206W	sp|Q03466|EBS1_YEAST
4932.YDR207C	sp|P39001|UME6_YEAST
4932.YDR208W	sp|P38994|MSS4_YEAST
4932.YDR210C-C	sp|Q12441|YD12A_YEAST
4932.YML045W-A	sp|Q12441|YD12A_YEAST
4932.YDR211W	sp|P32501|EI2BE_YEAST
4932.YDR212W	sp|P12612|TCPA_YEAST
4932.YDR213W	sp|Q12151|UPC2_YEAST
4932.YDR214W	sp|Q12449|AHA1_YEAST
4932.YDR216W	sp|P07248|ADR1_YEAST
4932.YDR219C	sp|Q04922|MFB1_YEAST
4932.YDR221W	sp|Q04924|GLU2B_YEAST
4932.YDR226W	sp|P07170|KAD2_YEAST
4932.YDR227W	sp|P11978|SIR4_YEAST
4932.YDR228C	sp|P39081|PCF11_YEAST
4932.YDR229W	sp|Q04934|IVY1_YEAST
4932.YDR231C	sp|Q04935|COX20_YEAST
4932.YDR232W	sp|P09950|HEM1_YEAST
4932.YDR233C	sp|Q04947|RTN1_YEAST
4932.YDR234W	sp|P49367|LYS4_YEAST
4932.YDR235W	sp|Q03776|PRP42_YEAST
4932.YDR236C	sp|Q03778|RIFK_YEAST
4932.YDR237W	sp|P36519|RM07_YEAST
4932.YDR238C	sp|P41810|COPB_YEAST
4932.YDR239C	sp|Q03780|YD239_YEAST
4932.YDR244W	sp|P35056|PEX5_YEAST
4932.YDR245W	sp|P50108|MNN10_YEAST
4932.YDR246W	sp|Q03784|TRS23_YEAST
4932.YDR247W	sp|Q03785|VHS1_YEAST
4932.YDR248C	sp|Q03786|GNTK_YEAST
4932.YDR251W	sp|P37304|PAM1_YEAST
4932.YDR254W	sp|P38907|CHL4_YEAST
4932.YDR256C	sp|P15202|CATA_YEAST
4932.YDR257C	sp|Q12504|RKM4_YEAST
4932.YDR258C	sp|P33416|HSP78_YEAST
4932.YDR259C	sp|Q03935|YAP6_YEAST
4932.YDR260C	sp|Q12379|SWM1_YEAST
4932.YDR261C	sp|P52911|EXG2_YEAST
4932.YDR261C-C	sp|P08405|TY1A_YEASX
4932.YER138C	sp|P08405|TY1A_YEASX
4932.YDR261C-D	sp|Q07793|YD13B_YEAST
4932.YDR262W	sp|Q12331|YFAS1_YEAST
4932.YDR264C	sp|P39010|AKR1_YEAST
4932.YDR265W	sp|Q05568|PEX10_YEAST
4932.YDR266C	sp|Q05580|YD266_YEAST
4932.YDR267C	sp|Q05583|CIAO1_YEAST
4932.YDR268W	sp|P04803|SYWM_YEAST
4932.YDR270W	sp|P38995|ATU2_YEAST
4932.YDR272W	sp|Q05584|GLO2_YEAST
4932.YDR279W	sp|Q05635|RNH2B_YEAST
4932.YDR280W	sp|Q05636|RRP45_YEAST
4932.YDR283C	sp|P15442|GCN2_YEAST
4932.YDR284C	sp|Q05521|DPP1_YEAST
4932.YDR287W	sp|Q05533|INM2_YEAST
4932.YDR289C	sp|Q05543|RT103_YEAST
4932.YDR292C	sp|P32916|SRPR_YEAST
4932.YDR293C	sp|P24276|SSD1_YEAST
4932.YDR294C	sp|Q05567|SGPL_YEAST
4932.YDR295C	sp|Q06629|HDA2_YEAST
4932.YDR296W	sp|Q06630|MHR1_YEAST
4932.YDR297W	sp|P38992|SUR2_YEAST
4932.YDR298C	sp|P09457|ATPO_YEAST
4932.YDR299W	sp|Q06631|BFR2_YEAST
4932.YDR300C	sp|P32264|PROB_YEAST
4932.YDR301W	sp|Q06632|CFT1_YEAST
4932.YDR302W	sp|Q06636|GPI11_YEAST
4932.YDR303C	sp|Q06639|RSC3_YEAST
4932.YDR304C	sp|P35176|CYPD_YEAST
4932.YDR305C	sp|P49775|HNT2_YEAST
4932.YDR307W	sp|Q06644|PMT7_YEAST
4932.YDR308C	sp|P47822|MED21_YEAST
4932.YDR310C	sp|P46676|SUM1_YEAST
4932.YDR311W	sp|P32776|TFB1_YEAST
4932.YDR312W	sp|Q12153|SSF2_YEAST
4932.YHR066W	sp|Q12153|SSF2_YEAST
4932.YDR316W	sp|Q06668|OMS1_YEAST
4932.YDR316W-B	sp|Q07163|TY1AB_YEASX
4932.YDR365W-B	sp|Q07163|TY1AB_YEASX
4932.YDR318W	sp|Q06675|MCM21_YEAST
4932.YDR320C	sp|Q06677|SWA2_YEAST
4932.YDR320C-A	sp|P69851|DAD4_YEAST
4932.YDR321W	sp|P38986|ASPG1_YEAST
4932.YDR322C-A	sp|P81449|ATPJ_YEAST
4932.YDR322W	sp|Q06678|RM35_YEAST
4932.YDR324C	sp|Q06679|UTP4_YEAST
4932.YDR325W	sp|Q06680|CND3_YEAST
4932.YDR326C	sp|Q06681|YSP2_YEAST
4932.YDR328C	sp|P52286|SKP1_YEAST
4932.YDR329C	sp|P28795|PEX3_YEAST
4932.YDR330W	sp|Q06682|UBX5_YEAST
4932.YDR331W	sp|P49018|GPI8_YEAST
4932.YDR333C	sp|Q05468|YD333_YEAST
4932.YDR334W	sp|Q05471|SWR1_YEAST
4932.YDR335W	sp|P52918|MSN5_YEAST
4932.YDR337W	sp|P21771|RT28_YEAST
4932.YDR339C	sp|Q05498|FCF1_YEAST
4932.YDR341C	sp|Q05506|SYRC_YEAST
4932.YDR342C	sp|P39004|HXT7_YEAST
4932.YDR343C	sp|P39004|HXT7_YEAST
4932.YDR345C	sp|P32466|HXT3_YEAST
4932.YDR346C	sp|Q05515|SVF1_YEAST
4932.YDR347W	sp|P10662|RT01_YEAST
4932.YDR348C	sp|Q05518|PAL1_YEAST
4932.YDR349C	sp|Q06325|YPS7_YEAST
4932.YDR351W	sp|P42223|SBE2_YEAST
4932.YDR352W	sp|Q06328|YD352_YEAST
4932.YDR353W	sp|P29509|TRXB1_YEAST
4932.YDR354W	sp|P07285|TRPD_YEAST
4932.YDR356W	sp|P32380|SP110_YEAST
4932.YDR358W	sp|Q06336|GGA1_YEAST
4932.YDR359C	sp|Q06337|EAF1_YEAST
4932.YDR361C	sp|Q06338|BCP1_YEAST
4932.YDR362C	sp|Q06339|TFC6_YEAST
4932.YDR363W	sp|Q06340|ESC2_YEAST
4932.YDR363W-A	sp|O94742|SEM1_YEAST
4932.YDR365C	sp|Q06344|ESF1_YEAST
4932.YDR368W	sp|Q12458|YPR1_YEAST
4932.YDR369C	sp|P33301|XRS2_YEAST
4932.YDR372C	sp|Q06385|VPS74_YEAST
4932.YDR373W	sp|Q06389|NCS1_YEAST
4932.YDR374W-A	sp|Q2V2P8|YD74A_YEAST
4932.YDR375C	sp|P32839|BCS1_YEAST
4932.YDR376W	sp|P48360|ADRO_YEAST
4932.YDR377W	sp|Q06405|ATPK_YEAST
4932.YDR378C	sp|Q06406|LSM6_YEAST
4932.YDR379W	sp|Q06407|RGA2_YEAST
4932.YDR380W	sp|Q06408|ARO10_YEAST
4932.YDR381C-A	sp|Q3E6R5|YD381_YEAST
4932.YDR381W	sp|Q12159|YRA1_YEAST
4932.YDR382W	sp|P02400|RLA4_YEAST
4932.YDR383C	sp|Q12493|NKP1_YEAST
4932.YDR384C	sp|Q12359|ATO3_YEAST
4932.YDR386W	sp|Q04149|MUS81_YEAST
4932.YDR388W	sp|P39743|RV167_YEAST
4932.YDR389W	sp|P17121|SAC7_YEAST
4932.YDR390C	sp|P52488|UBA2_YEAST
4932.YDR391C	sp|Q04170|YD391_YEAST
4932.YDR392W	sp|P06844|SPT3_YEAST
4932.YDR393W	sp|Q04172|SHE9_YEAST
4932.YDR394W	sp|P33298|PRS6B_YEAST
4932.YDR395W	sp|Q04175|SXM1_YEAST
4932.YDR397C	sp|Q92317|NCB2_YEAST
4932.YDR398W	sp|Q04177|UTP5_YEAST
4932.YDR399W	sp|Q04178|HPRT_YEAST
4932.YDR400W	sp|Q04179|URH1_YEAST
4932.YDR404C	sp|P34087|RPB7_YEAST
4932.YDR405W	sp|P32387|RM41_YEAST
4932.YDR406W	sp|Q04182|PDR15_YEAST
4932.YDR407C	sp|Q04183|TR120_YEAST
4932.YDR408C	sp|P04161|PUR3_YEAST
4932.YDR411C	sp|Q12743|DFM1_YEAST
4932.YDR412W	sp|Q04031|RRP17_YEAST
4932.YDR415C	sp|Q04033|YD415_YEAST
4932.YDR416W	sp|Q04048|SYF1_YEAST
4932.YDR421W	sp|Q04052|ARO80_YEAST
4932.YDR422C	sp|P32578|SIP1_YEAST
4932.YDR423C	sp|P24813|YAP2_YEAST
4932.YDR424C	sp|Q02647|DYL1_YEAST
4932.YDR425W	sp|Q04053|SNX41_YEAST
4932.YDR427W	sp|Q04062|RPN9_YEAST
4932.YDR428C	sp|Q04066|KFA_YEAST
4932.YDR429C	sp|Q04067|EIF3G_YEAST
4932.YDR430C	sp|P32898|CYM1_YEAST
4932.YDR432W	sp|Q01560|NOP3_YEAST
4932.YDR434W	sp|Q04080|GPI17_YEAST
4932.YDR435C	sp|Q04081|LCMT1_YEAST
4932.YDR436W	sp|P33329|PPZ2_YEAST
4932.YDR439W	sp|Q04087|LRS4_YEAST
4932.YDR441C	sp|P36973|APT2_YEAST
4932.YDR443C	sp|P38931|SSN2_YEAST
4932.YDR447C	sp|P14127|RS17B_YEAST
4932.YDR448W	sp|Q02336|ADA2_YEAST
4932.YDR449C	sp|Q02354|UTP6_YEAST
4932.YDR452W	sp|Q04119|PPN1_YEAST
4932.YDR453C	sp|Q04120|TSA2_YEAST
4932.YDR454C	sp|P15454|KGUA_YEAST
4932.YDR456W	sp|Q04121|NHX1_YEAST
4932.YDR457W	sp|Q03280|TOM1_YEAST
4932.YDR458C	sp|Q03281|HEH2_YEAST
4932.YDR460W	sp|Q03290|TFB3_YEAST
4932.YDR462W	sp|P36527|RM28_YEAST
4932.YDR463W	sp|Q00947|STP1_YEAST
4932.YDR464W	sp|P38904|SPP41_YEAST
4932.YDR465C	sp|Q03305|RMT2_YEAST
4932.YDR468C	sp|Q03322|TLG1_YEAST
4932.YDR469W	sp|Q03323|SDC1_YEAST
4932.YDR470C	sp|Q03327|UGO1_YEAST
4932.YDR471W	sp|P0C2H7|RL27B_YEAST
4932.YHR010W	sp|P0C2H7|RL27B_YEAST
4932.YDR472W	sp|Q03337|TRS31_YEAST
4932.YDR473C	sp|Q03338|PRP3_YEAST
4932.YDR475C	sp|Q03361|JIP4_YEAST
4932.YDR476C	sp|Q03362|YD476_YEAST
4932.YDR477W	sp|P06782|SNF1_YEAST
4932.YDR480W	sp|Q03373|DIG2_YEAST
4932.YDR481C	sp|P11491|PPB_YEAST
4932.YDR483W	sp|P27809|KRE2_YEAST
4932.YDR484W	sp|P39904|VPS52_YEAST
4932.YDR485C	sp|Q03388|VPS72_YEAST
4932.YDR486C	sp|Q03390|VPS60_YEAST
4932.YDR487C	sp|Q99258|RIB3_YEAST
4932.YDR489W	sp|Q03406|SLD5_YEAST
4932.YDR490C	sp|Q03407|PKH1_YEAST
4932.YDR493W	sp|Q03429|MZM1_YEAST
4932.YDR494W	sp|Q03430|RSM28_YEAST
4932.YDR495C	sp|P23643|VPS3_YEAST
4932.YDR496C	sp|Q04373|PUF6_YEAST
4932.YDR497C	sp|P30605|ITR1_YEAST
4932.YDR498C	sp|P28791|SEC20_YEAST
4932.YDR499W	sp|Q04377|LCD1_YEAST
4932.YDR500C	sp|P51402|RL37B_YEAST
4932.YLR185W	sp|P51402|RL37B_YEAST
4932.YDR502C	sp|P19358|METK2_YEAST
4932.YLR180W	sp|P19358|METK2_YEAST
4932.YDR505C	sp|P50896|PSP1_YEAST
4932.YDR507C	sp|Q12263|GIN4_YEAST
4932.YDR508C	sp|P48813|GNP1_YEAST
4932.YDR510W	sp|Q12306|SMT3_YEAST
4932.YDR511W	sp|Q04401|ACN9_YEAST
4932.YDR512C	sp|Q04406|EMI1_YEAST
4932.YDR513W	sp|P17695|GLRX2_YEAST
4932.YDR515W	sp|Q12034|SLF1_YEAST
4932.YDR516C	sp|Q04409|EMI2_YEAST
4932.YDR517W	sp|Q04410|GRH1_YEAST
4932.YDR518W	sp|P32474|EUG1_YEAST
4932.YDR519W	sp|P32472|FKBP2_YEAST
4932.YDR523C	sp|P08458|SPS1_YEAST
4932.YDR525W-A	sp|P56508|SNA2_YEAST
4932.YDR527W	sp|Q04418|RBA50_YEAST
4932.YDR529C	sp|P00128|QCR7_YEAST
4932.YDR530C	sp|P22108|APA2_YEAST
4932.YDR531W	sp|Q04430|PANK_YEAST
4932.YDR532C	sp|Q04431|KRE28_YEAST
4932.YDR533C	sp|Q04432|HSP31_YEAST
4932.YDR539W	sp|Q03034|FDC1_YEAST
4932.YDR541C	sp|Q03049|YD541_YEAST
4932.YEL001C	sp|P40006|IRC22_YEAST
4932.YEL002C	sp|P33767|OSTB_YEAST
4932.YEL003W	sp|P40005|PFD2_YEAST
4932.YEL007W	sp|P40002|MIT1_YEAST
4932.YEL009C	sp|P03069|GCN4_YEAST
4932.YEL011W	sp|P32775|GLGB_YEAST
4932.YEL012W	sp|P28263|UBC8_YEAST
4932.YEL013W	sp|P39968|VAC8_YEAST
4932.YEL015W	sp|P39998|EDC3_YEAST
4932.YEL017W	sp|P39996|GTT3_YEAST
4932.YEL018W	sp|P39995|EAF5_YEAST
4932.YEL019C	sp|P38632|NSE2_YEAST
4932.YEL020C	sp|P39994|YEC0_YEAST
4932.YEL020W-A	sp|O74700|TIM9_YEAST
4932.YEL021W	sp|P03962|PYRF_YEAST
4932.YEL022W	sp|P39993|GEA2_YEAST
4932.YEL024W	sp|P08067|UCRI_YEAST
4932.YEL026W	sp|P39990|SNU13_YEAST
4932.YEL027W	sp|P25515|VATL1_YEAST
4932.YEL029C	sp|P39988|BUD16_YEAST
4932.YEL030W	sp|P39987|HSP7E_YEAST
4932.YEL031W	sp|P39986|ATC6_YEAST
4932.YEL032W	sp|P24279|MCM3_YEAST
4932.YEL034W	sp|P23301|IF5A1_YEAST
4932.YJR047C	sp|P23301|IF5A1_YEAST
4932.YEL036C	sp|P32629|ANP1_YEAST
4932.YEL037C	sp|P32628|RAD23_YEAST
4932.YEL038W	sp|P32626|ENOPH_YEAST
4932.YEL039C	sp|P00045|CYC7_YEAST
4932.YEL040W	sp|P32623|CRH2_YEAST
4932.YEL042W	sp|P32621|GDA1_YEAST
4932.YEL043W	sp|P32618|YEF3_YEAST
4932.YEL044W	sp|P32617|IES6_YEAST
4932.YEL046C	sp|P37303|GLY1_YEAST
4932.YEL047C	sp|P32614|FRDS_YEAST
4932.YEL050C	sp|P32611|RML2_YEAST
4932.YEL051W	sp|P32610|VATD_YEAST
4932.YEL052W	sp|P32317|AFG1_YEAST
4932.YEL053C	sp|Q02197|NAA35_YEAST
4932.YEL054C	sp|P17079|RL12B_YEAST
4932.YEL055C	sp|P39985|DPO5_YEAST
4932.YEL056W	sp|P39984|HAT2_YEAST
4932.YEL058W	sp|P38628|AGM1_YEAST
4932.YEL060C	sp|P09232|PRTB_YEAST
4932.YEL062W	sp|P39923|NPR2_YEAST
4932.YEL066W	sp|P39979|HPA3_YEAST
4932.YEL071W	sp|P39976|DLD3_YEAST
4932.YEL075C	sp|P40104|YE19_YEAST
4932.YER189W	sp|P40104|YE19_YEAST
4932.YEL076C	sp|P39971|YEI6_YEAST
4932.YEL077C	sp|Q3E7X8|YE077_YEAST
4932.YIL177C	sp|Q3E7X8|YE077_YEAST
4932.YJL225C	sp|Q3E7X8|YE077_YEAST
4932.YER001W	sp|P39106|MNN1_YEAST
4932.YER002W	sp|P40007|NOP16_YEAST
4932.YER003C	sp|P29952|MPI_YEAST
4932.YER004W	sp|P40008|FMP52_YEAST
4932.YER006W	sp|P40010|NUG1_YEAST
4932.YER007C-A	sp|P89886|TMA20_YEAST
4932.YER007W	sp|P39937|PAC2_YEAST
4932.YER008C	sp|P33332|SEC3_YEAST
4932.YER009W	sp|P33331|NTF2_YEAST
4932.YER010C	sp|P40011|YEK0_YEAST
4932.YER011W	sp|P10863|TIR1_YEAST
4932.YER012W	sp|P22141|PSB4_YEAST
4932.YER014W	sp|P40012|PPOX_YEAST
4932.YER015W	sp|P39518|LCF2_YEAST
4932.YER016W	sp|P40013|BIM1_YEAST
4932.YER017C	sp|P39925|AFG3_YEAST
4932.YER018C	sp|P40014|SPC25_YEAST
4932.YER019C-A	sp|P52871|SC6B2_YEAST
4932.YER019W	sp|P40015|ISC1_YEAST
4932.YER020W	sp|P10823|GPA2_YEAST
4932.YER021W	sp|P40016|RPN3_YEAST
4932.YER022W	sp|P32569|MED17_YEAST
4932.YER023W	sp|P32263|P5CR_YEAST
4932.YER024W	sp|P40017|YAT2_YEAST
4932.YER025W	sp|P32481|IF2G_YEAST
4932.YER026C	sp|P08456|PSS_YEAST
4932.YER027C	sp|Q04739|GAL83_YEAST
4932.YER029C	sp|P40018|RSMB_YEAST
4932.YER030W	sp|P40019|CHZ1_YEAST
4932.YER031C	sp|P38555|YPT31_YEAST
4932.YER033C	sp|P40021|ZRG8_YEAST
4932.YER034W	sp|P40022|YEM4_YEAST
4932.YER036C	sp|P40024|ARB1_YEAST
4932.YER039C	sp|C8Z742|GMT2_YEAS8
4932.YER040W	sp|P18494|GLN3_YEAST
4932.YER042W	sp|P40029|MSRA_YEAST
4932.YER043C	sp|P39954|SAHH_YEAST
4932.YER044C	sp|P40030|ERG28_YEAST
4932.YER045C	sp|P39970|ACA1_YEAST
4932.YER047C	sp|P39955|SAP1_YEAST
4932.YER048C	sp|P39101|CAJ1_YEAST
4932.YER048W-A	sp|Q6Q560|ISD11_YEAST
4932.YER049W	sp|P40032|TPA1_YEAST
4932.YER050C	sp|P40033|RSM18_YEAST
4932.YER052C	sp|P10869|AK_YEAST
4932.YER053C	sp|P40035|PIC2_YEAST
4932.YER055C	sp|P00498|HIS1_YEAST
4932.YER056C	sp|P17064|FCY2_YEAST
4932.YER056C-A	sp|P87262|RL34A_YEAST
4932.YIL052C	sp|P87262|RL34A_YEAST
4932.YER057C	sp|P40037|HMF1_YEAST
4932.YER059W	sp|P40038|PCL6_YEAST
4932.YER061C	sp|P39525|CEM1_YEAST
4932.YER062C	sp|P41277|GPP1_YEAST
4932.YIL053W	sp|P41277|GPP1_YEAST
4932.YER063W	sp|P40040|THO1_YEAST
4932.YER064C	sp|P40041|VHR2_YEAST
4932.YER065C	sp|P28240|ACEA_YEAST
4932.YER067W	sp|P40043|RGI1_YEAST
4932.YER068W	sp|P34909|NOT4_YEAST
4932.YER069W	sp|Q01217|ARG56_YEAST
4932.YER070W	sp|P21524|RIR1_YEAST
4932.YER072W	sp|P40046|VTC1_YEAST
4932.YER073W	sp|P40047|ALDH5_YEAST
4932.YER074W-A	sp|Q3E834|YOS1_YEAST
4932.YER075C	sp|P40048|PTP3_YEAST
4932.YER077C	sp|P40050|YEQ7_YEAST
4932.YER078C	sp|P40051|ICP55_YEAST
4932.YER079W	sp|P40052|YEQ9_YEAST
4932.YER080W	sp|P40053|AIM9_YEAST
4932.YER081W	sp|P40510|SER33_YEAST
4932.YIL074C	sp|P40510|SER33_YEAST
4932.YER082C	sp|P40055|UTP7_YEAST
4932.YER083C	sp|P40056|GET2_YEAST
4932.YER086W	sp|P00927|THDH_YEAST
4932.YER087C-B	sp|P52870|SC6B1_YEAST
4932.YER087W	sp|P39965|SYPM_YEAST
4932.YER088C	sp|P40059|DOT6_YEAST
4932.YER089C	sp|P39966|PP2C2_YEAST
4932.YER090W	sp|P00899|TRPE_YEAST
4932.YER091C	sp|P05694|METE_YEAST
4932.YER092W	sp|P40060|IES5_YEAST
4932.YER093C	sp|P40061|TSC11_YEAST
4932.YER094C	sp|P25451|PSB3_YEAST
4932.YER095W	sp|P25454|RAD51_YEAST
4932.YER099C	sp|P38620|KPR2_YEAST
4932.YER100W	sp|P33296|UBC6_YEAST
4932.YER102W	sp|P05754|RS8B_YEAST
4932.YER103W	sp|P22202|HSP74_YEAST
4932.YER105C	sp|P40064|NU157_YEAST
4932.YER107C	sp|P40066|GLE2_YEAST
4932.YER110C	sp|P40069|IMB4_YEAST
4932.YER111C	sp|P25302|SWI4_YEAST
4932.YER112W	sp|P40070|LSM4_YEAST
4932.YER113C	sp|P40071|TMN3_YEAST
4932.YER114C	sp|P39969|BOI2_YEAST
4932.YER117W	sp|P04451|RL23A_YEAST
4932.YER118C	sp|P40073|SHO1_YEAST
4932.YER120W	sp|P40075|SCS2_YEAST
4932.YER122C	sp|P38682|GLO3_YEAST
4932.YER123W	sp|P39962|KC13_YEAST
4932.YER125W	sp|P39940|RSP5_YEAST
4932.YER126C	sp|P40078|NSA2_YEAST
4932.YER127W	sp|P40079|LCP5_YEAST
4932.YER129W	sp|P38990|SAK1_YEAST
4932.YER131W	sp|P39939|RS26B_YEAST
4932.YGL189C	sp|P39939|RS26B_YEAST
4932.YER132C	sp|P32634|PMD1_YEAST
4932.YER133W	sp|P32598|PP12_YEAST
4932.YER134C	sp|P40081|MGDP1_YEAST
4932.YER136W	sp|P39958|GDI1_YEAST
4932.YER139C	sp|P40084|RTR1_YEAST
4932.YER141W	sp|P40086|COX15_YEAST
4932.YER142C	sp|P22134|MAG_YEAST
4932.YER143W	sp|P40087|DDI1_YEAST
4932.YER145C	sp|P40088|FTR1_YEAST
4932.YER146W	sp|P40089|LSM5_YEAST
4932.YER147C	sp|P40090|SCC4_YEAST
4932.YER148W	sp|P13393|TBP_YEAST
4932.YER151C	sp|Q01477|UBP3_YEAST
4932.YER152C	sp|P10356|YEY2_YEAST
4932.YER154W	sp|P39952|OXA1_YEAST
4932.YER155C	sp|P39960|BEM2_YEAST
4932.YER156C	sp|P40093|YEY6_YEAST
4932.YER157W	sp|P40094|COG3_YEAST
4932.YER159C	sp|P40096|NCB1_YEAST
4932.YER160C	sp|Q12316|YG13B_YEAST
4932.YPR158W-B	sp|Q12316|YG13B_YEAST
4932.YGR161C-D	sp|Q12316|YG13B_YEAST
4932.YER161C	sp|P06843|SPT2_YEAST
4932.YER162C	sp|P14736|RAD4_YEAST
4932.YER163C	sp|P32656|CHAC_YEAST
4932.YER164W	sp|P32657|CHD1_YEAST
4932.YER165W	sp|P04147|PABP_YEAST
4932.YER166W	sp|P32660|ATC5_YEAST
4932.YER167W	sp|P33306|BCK2_YEAST
4932.YER168C	sp|P21269|CCA1_YEAST
4932.YER169W	sp|P39956|RPH1_YEAST
4932.YER171W	sp|P06839|RAD3_YEAST
4932.YER172C	sp|P32639|BRR2_YEAST
4932.YER174C	sp|P32642|GLRX4_YEAST
4932.YER175C	sp|P32643|TMT1_YEAST
4932.YER176W	sp|P32644|ECM32_YEAST
4932.YER178W	sp|P16387|ODPA_YEAST
4932.YER179W	sp|P25453|DMC1_YEAST
4932.YER182W	sp|P40098|FMP10_YEAST
4932.YER183C	sp|P40099|FTHC_YEAST
4932.YER190W	sp|P40105|YRF12_YEAST
4932.YFL001W	sp|P31115|PUS3_YEAST
4932.YFL002C	sp|P25808|SPB4_YEAST
4932.YFL004W	sp|P43585|VTC2_YEAST
4932.YFL005W	sp|P07560|SEC4_YEAST
4932.YFL007W	sp|P43583|BLM10_YEAST
4932.YFL008W	sp|P32908|SMC1_YEAST
4932.YFL009W	sp|P07834|CDC4_YEAST
4932.YFL010C	sp|P43582|WWM1_YEAST
4932.YFL011W	sp|P43581|HXT10_YEAST
4932.YFL013C	sp|P43579|IES1_YEAST
4932.YFL014W	sp|P22943|HSP12_YEAST
4932.YFL016C	sp|P35191|MDJ1_YEAST
4932.YFL017C	sp|P43577|GNA1_YEAST
4932.YFL018C	sp|P09624|DLDH_YEAST
4932.YFL021W	sp|P43574|GAT1_YEAST
4932.YFL022C	sp|P15625|SYFA_YEAST
4932.YFL023W	sp|P43573|BUD27_YEAST
4932.YFL024C	sp|P43572|EPL1_YEAST
4932.YFL028C	sp|P43569|CAF16_YEAST
4932.YFL029C	sp|P43568|CAK1_YEAST
4932.YFL030W	sp|P43567|AGX1_YEAST
4932.YFL031W	sp|P41546|HAC1_YEAST
4932.YFL033C	sp|P43565|RIM15_YEAST
4932.YFL034C-A	sp|P56628|RL22B_YEAST
4932.YFL034C-B	sp|P43563|MOB2_YEAST
4932.YFL034W	sp|P43564|YFD4_YEAST
4932.YFL036W	sp|P13433|RPOM_YEAST
4932.YFL037W	sp|P02557|TBB_YEAST
4932.YFL038C	sp|P01123|YPT1_YEAST
4932.YFL039C	sp|P60010|ACT_YEAST
4932.YFL041W	sp|P43561|FET5_YEAST
4932.YFL042C	sp|P43560|YFE2_YEAST
4932.YFL044C	sp|P43558|OTU1_YEAST
4932.YFL045C	sp|P07283|PMM_YEAST
4932.YFL047W	sp|P43556|RGD2_YEAST
4932.YFL048C	sp|P43555|EMP47_YEAST
4932.YFL049W	sp|P43554|SWP82_YEAST
4932.YFL059W	sp|P53824|SNZ2_YEAST
4932.YNL333W	sp|P53824|SNZ2_YEAST
4932.YFL064C	sp|P43540|YFG4_YEAST
4932.YFL065C	sp|P43539|YFG5_YEAST
4932.YFR001W	sp|P43586|LOC1_YEAST
4932.YFR002W	sp|P34077|NIC96_YEAST
4932.YFR004W	sp|P43588|RPN11_YEAST
4932.YFR005C	sp|P43589|SAD1_YEAST
4932.YFR006W	sp|P43590|YFH6_YEAST
4932.YFR009W	sp|P43535|GCN20_YEAST
4932.YFR010W	sp|P43593|UBP6_YEAST
4932.YFR010W-A	sp|P0C5N0|YF010_YEAST
4932.YFR011C	sp|P43594|AIM13_YEAST
4932.YFR013W	sp|P43596|IOC3_YEAST
4932.YFR014C	sp|P27466|KCC1_YEAST
4932.YFR015C	sp|P23337|GYS1_YEAST
4932.YFR016C	sp|P43597|YFI6_YEAST
4932.YFR017C	sp|P43598|IGD1_YEAST
4932.YFR018C	sp|P43599|YFI8_YEAST
4932.YFR019W	sp|P34756|FAB1_YEAST
4932.YFR021W	sp|P43601|ATG18_YEAST
4932.YFR024C-A	sp|P43603|LSB3_YEAST
4932.YFR025C	sp|P38635|HIS9_YEAST
4932.YFR028C	sp|Q00684|CDC14_YEAST
4932.YFR030W	sp|P39692|MET10_YEAST
4932.YFR031C	sp|P38989|SMC2_YEAST
4932.YFR032C-A	sp|P05747|RL29_YEAST
4932.YFR033C	sp|P00127|QCR6_YEAST
4932.YFR034C	sp|P07270|PHO4_YEAST
4932.YFR037C	sp|P43609|RSC8_YEAST
4932.YFR038W	sp|P43610|IRC5_YEAST
4932.YFR039C	sp|P43611|YFK9_YEAST
4932.YFR040W	sp|P43612|SA155_YEAST
4932.YFR041C	sp|P43613|ERJ5_YEAST
4932.YFR042W	sp|P43614|KEG1_YEAST
4932.YFR043C	sp|P43615|IRC6_YEAST
4932.YFR044C	sp|P43616|DUG1_YEAST
4932.YFR045W	sp|P43617|YFL5_YEAST
4932.YFR046C	sp|P43618|CNN1_YEAST
4932.YFR047C	sp|P43619|NADC_YEAST
4932.YFR048W	sp|P43620|RMD8_YEAST
4932.YFR049W	sp|P19955|RT31_YEAST
4932.YFR050C	sp|P30657|PSB7_YEAST
4932.YFR051C	sp|P43621|COPD_YEAST
4932.YFR052W	sp|P32496|RPN12_YEAST
4932.YFR053C	sp|P04806|HXKA_YEAST
4932.YGL001C	sp|P53199|ERG26_YEAST
4932.YGL004C	sp|P53196|RPN14_YEAST
4932.YGL005C	sp|P53195|COG7_YEAST
4932.YGL006W	sp|P38929|ATC2_YEAST
4932.YGL008C	sp|P19657|PMA2_YEAST
4932.YPL036W	sp|P19657|PMA2_YEAST
4932.YGL009C	sp|P07264|LEUC_YEAST
4932.YGL011C	sp|P21243|PSA1_YEAST
4932.YGL012W	sp|P25340|ERG4_YEAST
4932.YGL013C	sp|P12383|PDR1_YEAST
4932.YGL014W	sp|P25339|PUF4_YEAST
4932.YGL016W	sp|P32767|KA122_YEAST
4932.YGL017W	sp|P16639|ATE1_YEAST
4932.YGL018C	sp|P53193|JAC1_YEAST
4932.YGL019W	sp|P43639|CSK2B_YEAST
4932.YGL020C	sp|P53192|GET1_YEAST
4932.YGL021W	sp|P43633|ALK1_YEAST
4932.YGL022W	sp|P39007|STT3_YEAST
4932.YGL023C	sp|P53191|PIB2_YEAST
4932.YGL025C	sp|P40356|MED3_YEAST
4932.YGL026C	sp|P00931|TRP_YEAST
4932.YGL027C	sp|P53008|CWH41_YEAST
4932.YGL028C	sp|P53189|SCW11_YEAST
4932.YGL030W	sp|P14120|RL30_YEAST
4932.YGL031C	sp|P24000|RL24B_YEAST
4932.YGR148C	sp|P24000|RL24B_YEAST
4932.YGL035C	sp|P27705|MIG1_YEAST
4932.YGL036W	sp|P53185|YG036_YEAST
4932.YGL037C	sp|P53184|PNC1_YEAST
4932.YGL038C	sp|P31755|OCH1_YEAST
4932.YGL039W	sp|P53183|YGD9_YEAST
4932.YGL040C	sp|P05373|HEM2_YEAST
4932.YGL041W-A	sp|P0C5N3|YG41A_YEAST
4932.YGL043W	sp|P07273|TFS2_YEAST
4932.YGL044C	sp|P25299|RNA15_YEAST
4932.YGL045W	sp|P53179|PALF_YEAST
4932.YGL048C	sp|Q01939|PRS8_YEAST
4932.YGL049C	sp|P39936|IF4F2_YEAST
4932.YGL050W	sp|P53177|TYW3_YEAST
4932.YGL053W	sp|P53174|PRM8_YEAST
4932.YGL054C	sp|P53173|ERV14_YEAST
4932.YGL055W	sp|P21147|ACO1_YEAST
4932.YGL056C	sp|P53172|SDS23_YEAST
4932.YGL057C	sp|P53171|GEP7_YEAST
4932.YGL058W	sp|P06104|UBC2_YEAST
4932.YGL060W	sp|P53169|YBP2_YEAST
4932.YGL061C	sp|P53168|DUO1_YEAST
4932.YGL063W	sp|P53167|PUS2_YEAST
4932.YGL064C	sp|P53166|MRH4_YEAST
4932.YGL065C	sp|P43636|ALG2_YEAST
4932.YGL066W	sp|P53165|SGF73_YEAST
4932.YGL067W	sp|P53164|NPY1_YEAST
4932.YGL068W	sp|P53163|MNP1_YEAST
4932.YGL070C	sp|P27999|RPB9_YEAST
4932.YGL071W	sp|P22149|AFT1_YEAST
4932.YGL073W	sp|P10961|HSF_YEAST
4932.YGL076C	sp|Q12213|RL7B_YEAST
4932.YPL198W	sp|Q12213|RL7B_YEAST
4932.YGL078C	sp|P20447|DBP3_YEAST
4932.YGL080W	sp|P53157|MPC1_YEAST
4932.YGL082W	sp|P53155|YGI2_YEAST
4932.YGL083W	sp|P53009|SCY1_YEAST
4932.YGL084C	sp|P53154|GUP1_YEAST
4932.YGL086W	sp|P40957|MAD1_YEAST
4932.YGL087C	sp|P53152|MMS2_YEAST
4932.YGL090W	sp|P53150|LIF1_YEAST
4932.YGL091C	sp|P52920|NBP35_YEAST
4932.YGL092W	sp|P49687|NU145_YEAST
4932.YGL093W	sp|P53148|SP105_YEAST
4932.YGL094C	sp|P53010|PAN2_YEAST
4932.YGL095C	sp|P38932|VPS45_YEAST
4932.YGL097W	sp|P21827|RCC1_YEAST
4932.YGL098W	sp|P53146|USE1_YEAST
4932.YGL099W	sp|P53145|LSG1_YEAST
4932.YGL100W	sp|P53011|SEH1_YEAST
4932.YGL101W	sp|P53144|YGK1_YEAST
4932.YGL103W	sp|P02406|RL28_YEAST
4932.YGL105W	sp|P46672|G4P1_YEAST
4932.YGL106W	sp|P53141|MLC1_YEAST
4932.YGL107C	sp|P53140|RMD9_YEAST
4932.YGL110C	sp|P53137|CUE3_YEAST
4932.YGL111W	sp|P53136|NSA1_YEAST
4932.YGL112C	sp|P53040|TAF6_YEAST
4932.YGL114W	sp|P53134|YGL4_YEAST
4932.YGL115W	sp|P12904|AAKG_YEAST
4932.YGL117W	sp|P53133|YGL7_YEAST
4932.YGL119W	sp|P27697|COQ8_YEAST
4932.YGL120C	sp|P53131|PRP43_YEAST
4932.YGL121C	sp|P53130|GPG1_YEAST
4932.YGL122C	sp|P32505|NAB2_YEAST
4932.YGL123W	sp|P25443|RS2_YEAST
4932.YGL125W	sp|P53128|MTHR2_YEAST
4932.YGL126W	sp|P53012|SCS3_YEAST
4932.YGL127C	sp|P38633|MED31_YEAST
4932.YGL128C	sp|P52868|CWC23_YEAST
4932.YGL129C	sp|Q01163|RT23_YEAST
4932.YGL130W	sp|Q01159|MCE1_YEAST
4932.YGL131C	sp|P53127|SNT2_YEAST
4932.YGL133W	sp|P53125|ITC1_YEAST
4932.YGL137W	sp|P41811|COPB2_YEAST
4932.YGL139W	sp|P53121|FLC3_YEAST
4932.YGL140C	sp|P53120|YGO0_YEAST
4932.YGL141W	sp|P53119|HUL5_YEAST
4932.YGL144C	sp|P53118|ROG1_YEAST
4932.YGL145W	sp|P33891|TIP20_YEAST
4932.YGL147C	sp|P51401|RL9B_YEAST
4932.YNL067W	sp|P51401|RL9B_YEAST
4932.YGL148W	sp|P28777|AROC_YEAST
4932.YGL150C	sp|P53115|INO80_YEAST
4932.YGL151W	sp|P53114|MED5_YEAST
4932.YGL153W	sp|P53112|PEX14_YEAST
4932.YGL155W	sp|P18898|PGTB1_YEAST
4932.YGL156W	sp|P22855|MAN1_YEAST
4932.YGL157W	sp|P53111|ARI1_YEAST
4932.YGL159W	sp|P53110|YGP9_YEAST
4932.YGL161C	sp|P53108|YIP5_YEAST
4932.YGL164C	sp|P53107|YRB30_YEAST
4932.YGL166W	sp|P15315|CUP2_YEAST
4932.YGL167C	sp|P13586|ATC1_YEAST
4932.YGL169W	sp|P32579|SUA5_YEAST
4932.YGL171W	sp|P45818|ROK1_YEAST
4932.YGL172W	sp|Q02199|NUP49_YEAST
4932.YGL173C	sp|P22147|XRN1_YEAST
4932.YGL174W	sp|P46947|CWC26_YEAST
4932.YGL180W	sp|P53104|ATG1_YEAST
4932.YGL181W	sp|P40956|GTS1_YEAST
4932.YGL184C	sp|P53101|STR3_YEAST
4932.YGL185C	sp|P53100|YGT5_YEAST
4932.YGL186C	sp|P53099|TPN1_YEAST
4932.YGL187C	sp|P04037|COX4_YEAST
4932.YGL190C	sp|Q00362|2ABA_YEAST
4932.YGL191W	sp|P32799|COX13_YEAST
4932.YGL195W	sp|P33892|GCN1_YEAST
4932.YGL196W	sp|P53095|DSD1_YEAST
4932.YGL197W	sp|P53094|MDS3_YEAST
4932.YGL198W	sp|P53093|YIP4_YEAST
4932.YGL200C	sp|P32803|EMP24_YEAST
4932.YGL201C	sp|P53091|MCM6_YEAST
4932.YGL202W	sp|P53090|ARO8_YEAST
4932.YGL203C	sp|P09620|KEX1_YEAST
4932.YGL205W	sp|P13711|ACOX_YEAST
4932.YGL206C	sp|P22137|CLH_YEAST
4932.YGL207W	sp|P32558|SPT16_YEAST
4932.YGL208W	sp|P34164|SIP2_YEAST
4932.YGL210W	sp|P51996|YPT32_YEAST
4932.YGL211W	sp|P53088|CTU1_YEAST
4932.YGL213C	sp|Q02793|SKI8_YEAST
4932.YGL220W	sp|P53082|FRA2_YEAST
4932.YGL221C	sp|P53081|NIF3_YEAST
4932.YGL223C	sp|P53079|COG1_YEAST
4932.YGL224C	sp|P53078|SDT1_YEAST
4932.YGL225W	sp|P40107|GMT1_YEAST
4932.YGL226C-A	sp|Q92316|OST5_YEAST
4932.YGL227W	sp|P53076|VID30_YEAST
4932.YGL228W	sp|P53075|SHE10_YEAST
4932.YGL229C	sp|P53036|SAP4_YEAST
4932.YGL231C	sp|P53073|EMC4_YEAST
4932.YGL232W	sp|P53072|TAN1_YEAST
4932.YGL233W	sp|P22224|SEC15_YEAST
4932.YGL234W	sp|P07244|PUR2_YEAST
4932.YGL236C	sp|P53070|MTO1_YEAST
4932.YGL237C	sp|P06774|HAP2_YEAST
4932.YGL238W	sp|P33307|CSE1_YEAST
4932.YGL240W	sp|P53068|APC10_YEAST
4932.YGL241W	sp|P53067|IMB5_YEAST
4932.YGL242C	sp|P53066|YGZ2_YEAST
4932.YGL244W	sp|P53064|RTF1_YEAST
4932.YGL245W	sp|P46655|SYEC_YEAST
4932.YGL246C	sp|P53063|DOM3Z_YEAST
4932.YGL248W	sp|P22434|PDE1_YEAST
4932.YGL252C	sp|P32608|RTG2_YEAST
4932.YGL253W	sp|P04807|HXKB_YEAST
4932.YGL255W	sp|P32804|ZRT1_YEAST
4932.YGL256W	sp|P10127|ADH4_YEAST
4932.YGL257C	sp|P53059|MNT2_YEAST
4932.YGR001C	sp|P53200|AML1_YEAST
4932.YGR002C	sp|P53201|SWC4_YEAST
4932.YGR003W	sp|P53202|CUL3_YEAST
4932.YGR005C	sp|P41896|T2FB_YEAST
4932.YGR006W	sp|P33411|PRP18_YEAST
4932.YGR007W	sp|P33412|ECT1_YEAST
4932.YGR008C	sp|P16965|STF2_YEAST
4932.YGR009C	sp|P40357|SEC9_YEAST
4932.YGR010W	sp|P53204|NMA2_YEAST
4932.YGR012W	sp|P53206|CYSK_YEAST
4932.YGR013W	sp|P53207|SNU71_YEAST
4932.YGR014W	sp|P32334|MSB2_YEAST
4932.YGR017W	sp|P53210|YG1B_YEAST
4932.YGR019W	sp|P17649|GABAT_YEAST
4932.YGR020C	sp|P39111|VATF_YEAST
4932.YGR023W	sp|P53214|MTL1_YEAST
4932.YGR024C	sp|P53215|THG1_YEAST
4932.YGR027C	sp|Q3E792|RS25A_YEAST
4932.YLR333C	sp|Q3E792|RS25A_YEAST
4932.YGR027W-A	sp|Q12470|YN12A_YEAST
4932.YJR028W	sp|Q12470|YN12A_YEAST
4932.YNL054W-A	sp|Q12470|YN12A_YEAST
4932.YPR137C-A	sp|Q12470|YN12A_YEAST
4932.YGR028W	sp|P28737|MSP1_YEAST
4932.YGR029W	sp|P27882|ERV1_YEAST
4932.YGR030C	sp|P53218|POP6_YEAST
4932.YGR031W	sp|P53219|IMO32_YEAST
4932.YGR032W	sp|P40989|FKS2_YEAST
4932.YGR033C	sp|P53220|TIM21_YEAST
4932.YGR034W	sp|P53221|RL26B_YEAST
4932.YLR344W	sp|P53221|RL26B_YEAST
4932.YGR037C	sp|P31787|ACBP_YEAST
4932.YGR038C-A	sp|Q12485|YG12A_YEAST
4932.YMR051C	sp|Q12485|YG12A_YEAST
4932.YGR038C-B	sp|Q99337|YN12B_YEAST
4932.YJR027W	sp|Q99337|YN12B_YEAST
4932.YML039W	sp|Q99337|YN12B_YEAST
4932.YPL257W-B	sp|Q99337|YN12B_YEAST
4932.YPR137C-B	sp|Q99337|YN12B_YEAST
4932.YGR038W	sp|P53224|ORM1_YEAST
4932.YGR040W	sp|P14681|KSS1_YEAST
4932.YGR043C	sp|P53228|TAL2_YEAST
4932.YGR044C	sp|P32338|RME1_YEAST
4932.YGR047C	sp|P33339|TFC4_YEAST
4932.YGR048W	sp|P53044|UFD1_YEAST
4932.YGR049W	sp|P32564|SCM4_YEAST
4932.YGR054W	sp|P53235|EIF2A_YEAST
4932.YGR055W	sp|P50276|MUP1_YEAST
4932.YGR056W	sp|P53236|RSC1_YEAST
4932.YGR060W	sp|P53045|MSMO_YEAST
4932.YGR061C	sp|P38972|PUR4_YEAST
4932.YGR063C	sp|P32914|SPT4_YEAST
4932.YGR067C	sp|P53243|YG2A_YEAST
4932.YGR068C	sp|P53244|ART5_YEAST
4932.YGR071C	sp|P53246|ENV11_YEAST
4932.YGR072W	sp|P48412|UPF3_YEAST
4932.YGR074W	sp|Q02260|SMD1_YEAST
4932.YGR076C	sp|P23369|RM25_YEAST
4932.YGR078C	sp|P48363|PFD3_YEAST
4932.YGR080W	sp|P53250|TWF1_YEAST
4932.YGR081C	sp|P53251|SLX9_YEAST
4932.YGR082W	sp|P35180|TOM20_YEAST
4932.YGR083C	sp|P12754|EI2BD_YEAST
4932.YGR084C	sp|P12686|RT13_YEAST
4932.YGR085C	sp|Q3E757|RL11B_YEAST
4932.YPR102C	sp|Q3E757|RL11B_YEAST
4932.YGR086C	sp|P53252|PIL1_YEAST
4932.YGR087C	sp|P26263|PDC6_YEAST
4932.YGR088W	sp|P06115|CATT_YEAST
4932.YGR089W	sp|P53253|NNF2_YEAST
4932.YGR090W	sp|P53254|UTP22_YEAST
4932.YGR092W	sp|P22204|DBF2_YEAST
4932.YGR093W	sp|P53255|DRN1_YEAST
4932.YGR094W	sp|P07806|SYV_YEAST
4932.YGR095C	sp|P53256|RRP46_YEAST
4932.YGR097W	sp|P48361|ASK10_YEAST
4932.YGR099W	sp|P53038|TEL2_YEAST
4932.YGR100W	sp|P53258|GYP2_YEAST
4932.YGR103W	sp|P53261|PESC_YEAST
4932.YGR104C	sp|P32585|MED18_YEAST
4932.YGR106C	sp|P53262|VOA1_YEAST
4932.YGR108W	sp|P24868|CG21_YEAST
4932.YGR109W-A	sp|Q99219|YI31A_YEAST
4932.YIL082W	sp|Q99219|YI31A_YEAST
4932.YGR109W-B	sp|Q99315|YG31B_YEAST
4932.YIL082W-A	sp|Q99315|YG31B_YEAST
4932.YGR111W	sp|P53265|YG2W_YEAST
4932.YGR112W	sp|P53266|SHY1_YEAST
4932.YGR113W	sp|P53267|DAM1_YEAST
4932.YGR116W	sp|P23615|SPT6_YEAST
4932.YGR117C	sp|P53270|YG32_YEAST
4932.YGR119C	sp|P48837|NUP57_YEAST
4932.YGR120C	sp|P53271|COG2_YEAST
4932.YGR121C	sp|P40260|MEP1_YEAST
4932.YGR123C	sp|P53043|PPT1_YEAST
4932.YGR124W	sp|P49090|ASNS2_YEAST
4932.YGR125W	sp|P53273|YG35_YEAST
4932.YGR127W	sp|P53275|YG37_YEAST
4932.YGR128C	sp|P53276|UTP8_YEAST
4932.YGR130C	sp|P53278|YG3A_YEAST
4932.YGR132C	sp|P40961|PHB1_YEAST
4932.YGR133W	sp|P29340|UBCX_YEAST
4932.YGR134W	sp|P53280|CF130_YEAST
4932.YGR135W	sp|P23638|PSA3_YEAST
4932.YGR136W	sp|P53281|LSB1_YEAST
4932.YGR138C	sp|P53283|TPO2_YEAST
4932.YGR140W	sp|P32504|CBF3A_YEAST
4932.YGR143W	sp|P33336|SKN1_YEAST
4932.YGR145W	sp|P48234|NOL10_YEAST
4932.YGR147C	sp|P37293|NAT2_YEAST
4932.YGR149W	sp|P48236|YG3L_YEAST
4932.YGR150C	sp|P48237|CCM1_YEAST
4932.YGR152C	sp|P13856|RSR1_YEAST
4932.YGR155W	sp|P32582|CBS_YEAST
4932.YGR156W	sp|P39927|PTI1_YEAST
4932.YGR157W	sp|P05374|CHO2_YEAST
4932.YGR158C	sp|P48240|MTR3_YEAST
4932.YGR159C	sp|P27476|NSR1_YEAST
4932.YGR161C-D	sp|Q92393|YO12B_YEAST
4932.YJR029W	sp|Q92393|YO12B_YEAST
4932.YML045W	sp|Q92393|YO12B_YEAST
4932.YMR050C	sp|Q92393|YO12B_YEAST
4932.YOR142W-B	sp|Q92393|YO12B_YEAST
4932.YGR162W	sp|P39935|IF4F1_YEAST
4932.YGR163W	sp|P53290|GTR2_YEAST
4932.YGR165W	sp|P53292|RT35_YEAST
4932.YGR166W	sp|P32893|TRS65_YEAST
4932.YGR167W	sp|P17891|CLC1_YEAST
4932.YGR169C	sp|P53294|PUS6_YEAST
4932.YGR169C-A	sp|Q3E772|YG169_YEAST
4932.YGR170W	sp|P53037|PSD2_YEAST
4932.YGR171C	sp|P22438|SYMM_YEAST
4932.YGR172C	sp|P53039|YIP1_YEAST
4932.YGR173W	sp|P53295|RBG2_YEAST
4932.YGR174C	sp|P37267|CBP4_YEAST
4932.YGR175C	sp|P32476|ERG1_YEAST
4932.YGR177C	sp|P53296|ATF2_YEAST
4932.YGR178C	sp|P53297|PBP1_YEAST
4932.YGR179C	sp|P53298|OKP1_YEAST
4932.YGR180C	sp|P49723|RIR4_YEAST
4932.YGR181W	sp|P53299|TIM13_YEAST
4932.YGR183C	sp|P22289|QCR9_YEAST
4932.YGR184C	sp|P19812|UBR1_YEAST
4932.YGR185C	sp|P36421|SYYC_YEAST
4932.YGR186W	sp|P41895|T2FA_YEAST
4932.YGR187C	sp|P48362|HGH1_YEAST
4932.YGR188C	sp|P41695|BUB1_YEAST
4932.YGR189C	sp|P53301|CRH1_YEAST
4932.YGR191W	sp|P06775|HIP1_YEAST
4932.YGR192C	sp|P00359|G3P3_YEAST
4932.YJR009C	sp|P00359|G3P3_YEAST
4932.YGR193C	sp|P16451|ODPX_YEAST
4932.YGR194C	sp|P42826|XKS1_YEAST
4932.YGR195W	sp|P46948|RRP41_YEAST
4932.YGR196C	sp|P46949|FYV8_YEAST
4932.YGR198W	sp|P46951|YPP1_YEAST
4932.YGR199W	sp|P42934|PMT6_YEAST
4932.YGR200C	sp|P42935|ELP2_YEAST
4932.YGR202C	sp|P13259|PCY1_YEAST
4932.YGR203W	sp|P42937|YCH1_YEAST
4932.YGR204W	sp|P07245|C1TC_YEAST
4932.YGR205W	sp|P42938|TDA10_YEAST
4932.YGR207C	sp|P42940|ETFB_YEAST
4932.YGR208W	sp|P42941|SERB_YEAST
4932.YGR209C	sp|P22803|TRX2_YEAST
4932.YGR210C	sp|P42942|YG4I_YEAST
4932.YGR211W	sp|P53303|ZPR1_YEAST
4932.YGR214W	sp|P46654|RSSA2_YEAST
4932.YLR048W	sp|P46654|RSSA2_YEAST
4932.YGR215W	sp|P53305|RT27_YEAST
4932.YGR218W	sp|P30822|XPO1_YEAST
4932.YGR222W	sp|P10834|PET54_YEAST
4932.YGR223C	sp|P50079|HSV2_YEAST
4932.YGR229C	sp|P32566|SMI1_YEAST
4932.YGR231C	sp|P50085|PHB2_YEAST
4932.YGR232W	sp|P50086|PSD10_YEAST
4932.YGR233C	sp|P17442|PHO81_YEAST
4932.YGR234W	sp|P39676|FHP_YEAST
4932.YGR235C	sp|P50087|MOS2_YEAST
4932.YGR237C	sp|P50089|YG51_YEAST
4932.YGR238C	sp|P50090|KEL2_YEAST
4932.YGR240C	sp|P16861|K6PF1_YEAST
4932.YGR241C	sp|P53309|AP18B_YEAST
4932.YGR244C	sp|P53312|SUCB_YEAST
4932.YGR245C	sp|P53313|SDA1_YEAST
4932.YGR246C	sp|P29056|TF3B_YEAST
4932.YGR248W	sp|P53315|SOL4_YEAST
4932.YGR249W	sp|P53050|MGA1_YEAST
4932.YGR250C	sp|P53316|YG5B_YEAST
4932.YGR251W	sp|P53317|NOP19_YEAST
4932.YGR252W	sp|Q03330|GCN5_YEAST
4932.YGR253C	sp|P32379|PSA5_YEAST
4932.YGR254W	sp|P00925|ENO2_YEAST
4932.YHR174W	sp|P00925|ENO2_YEAST
4932.YGR255C	sp|P53318|COQ6_YEAST
4932.YGR256W	sp|P53319|6PGD2_YEAST
4932.YGR258C	sp|P07276|RAD2_YEAST
4932.YGR260W	sp|P53322|TNA1_YEAST
4932.YGR261C	sp|P46682|AP3B_YEAST
4932.YGR262C	sp|P53323|BUD32_YEAST
4932.YGR263C	sp|P53324|SAY1_YEAST
4932.YGR264C	sp|P00958|SYMC_YEAST
4932.YGR266W	sp|P53326|YG5L_YEAST
4932.YGR267C	sp|P51601|GCH1_YEAST
4932.YGR268C	sp|P40325|HUA1_YEAST
4932.YGR270W	sp|P40340|TBP7_YEAST
4932.YGR271C-A	sp|Q3E705|EFG1P_YEAST
4932.YGR271W	sp|P53327|SLH1_YEAST
4932.YGR274C	sp|P46677|TAF1_YEAST
4932.YGR275W	sp|P53330|RT102_YEAST
4932.YGR276C	sp|P53331|REXO1_YEAST
4932.YGR277C	sp|P53332|COAD_YEAST
4932.YGR278W	sp|P53333|CWC22_YEAST
4932.YGR279C	sp|P53334|SCW4_YEAST
4932.YGR280C	sp|P53335|PXR1_YEAST
4932.YGR281W	sp|P53049|YOR1_YEAST
4932.YGR282C	sp|P15703|BGL2_YEAST
4932.YGR283C	sp|P53336|YG5X_YEAST
4932.YGR284C	sp|P53337|ERV29_YEAST
4932.YGR285C	sp|P32527|ZUO1_YEAST
4932.YGR286C	sp|P32451|BIOB_YEAST
4932.YHL001W	sp|P38754|RL14B_YEAST
4932.YKL006W	sp|P38754|RL14B_YEAST
4932.YHL002W	sp|P38753|HSE1_YEAST
4932.YHL003C	sp|P38703|LAG1_YEAST
4932.YHL004W	sp|P32902|RT04_YEAST
4932.YHL007C	sp|Q03497|STE20_YEAST
4932.YHL009C	sp|P38749|YAP3_YEAST
4932.YHL011C	sp|P38689|KPR3_YEAST
4932.YHL013C	sp|P38747|OTU2_YEAST
4932.YHL014C	sp|P38746|YLF2_YEAST
4932.YHL015W	sp|P38701|RS20_YEAST
4932.YHL017W	sp|P38745|YHB7_YEAST
4932.YHL018W	sp|P38744|PHS_YEAST
4932.YHL020C	sp|P21957|OPI1_YEAST
4932.YHL021C	sp|P23180|AIM17_YEAST
4932.YHL025W	sp|P18888|SNF6_YEAST
4932.YHL027W	sp|P33400|PACC_YEAST
4932.YHL029C	sp|P38738|OCA5_YEAST
4932.YHL030W	sp|P38737|ECM29_YEAST
4932.YHL031C	sp|P38736|GOSR1_YEAST
4932.YHL032C	sp|P32190|GLPK_YEAST
4932.YHL033C	sp|P29453|RL8B_YEAST
4932.YLL045C	sp|P29453|RL8B_YEAST
4932.YHL034C	sp|P10080|SSBP1_YEAST
4932.YHL035C	sp|P38735|VMR1_YEAST
4932.YHL038C	sp|P03874|CBP2_YEAST
4932.YHL039W	sp|P38732|EFM1_YEAST
4932.YHL049C	sp|Q08994|YP203_YEAST
4932.YPR203W	sp|Q08994|YP203_YEAST
4932.YHL050C	sp|P38721|YHF0_YEAST
4932.YHR001W	sp|P38755|OSH7_YEAST
4932.YHR001W-A	sp|P37299|QCR10_YEAST
4932.YHR003C	sp|P38756|YHG3_YEAST
4932.YHR004C	sp|P38757|NEM1_YEAST
4932.YHR005C	sp|P08539|GPA1_YEAST
4932.YHR005C-A	sp|P87108|TIM10_YEAST
4932.YHR006W	sp|P38704|STP2_YEAST
4932.YHR007C	sp|P10614|CP51_YEAST
4932.YHR008C	sp|P00447|SODM_YEAST
4932.YHR009C	sp|P38758|TDA3_YEAST
4932.YHR011W	sp|P38705|SYSM_YEAST
4932.YHR012W	sp|P38759|VPS29_YEAST
4932.YHR013C	sp|P07347|ARD1_YEAST
4932.YHR014W	sp|P23624|SPO13_YEAST
4932.YHR016C	sp|P32793|YSC84_YEAST
4932.YHR017W	sp|P32792|YHH7_YEAST
4932.YHR018C	sp|P04076|ARLY_YEAST
4932.YHR019C	sp|P38707|SYNC_YEAST
4932.YHR020W	sp|P38708|YHI0_YEAST
4932.YHR021C	sp|P38711|RS27B_YEAST
4932.YKL156W	sp|P38711|RS27B_YEAST
4932.YHR022C	sp|P38763|YHI2_YEAST
4932.YHR023W	sp|P08964|MYO1_YEAST
4932.YHR024C	sp|P11914|MPPA_YEAST
4932.YHR025W	sp|P17423|KHSE_YEAST
4932.YHR026W	sp|P23968|VATO_YEAST
4932.YHR027C	sp|P38764|RPN1_YEAST
4932.YHR028C	sp|P18962|DAP2_YEAST
4932.YHR029C	sp|P38765|YHI9_YEAST
4932.YHR030C	sp|Q00772|SLT2_YEAST
4932.YHR033W	sp|P38690|YHJ3_YEAST
4932.YHR034C	sp|P38768|PIH1_YEAST
4932.YHR037W	sp|P07275|PUT2_YEAST
4932.YHR038W	sp|P38771|RRF1_YEAST
4932.YHR039C	sp|P38694|MSC7_YEAST
4932.YHR039C-A	sp|P48836|VATG_YEAST
4932.YHR040W	sp|P38772|BCD1_YEAST
4932.YHR041C	sp|P34162|MED20_YEAST
4932.YHR042W	sp|P16603|NCPR_YEAST
4932.YHR043C	sp|P38774|DOG1_YEAST
4932.YHR044C	sp|P38774|DOG1_YEAST
4932.YHR045W	sp|P38775|YHK5_YEAST
4932.YHR046C	sp|P38710|INM1_YEAST
4932.YHR047C	sp|P37898|AAP1_YEAST
4932.YHR049W	sp|P38777|FSH1_YEAST
4932.YHR051W	sp|P00427|COX6_YEAST
4932.YHR052W	sp|P38779|CIC1_YEAST
4932.YHR055C	sp|P07215|MTCU1_YEAST
4932.YHR056C	sp|P38781|RSC30_YEAST
4932.YHR057C	sp|P23285|CYPB_YEAST
4932.YHR058C	sp|P38782|MED6_YEAST
4932.YHR059W	sp|P38783|FYV4_YEAST
4932.YHR060W	sp|P38784|VMA22_YEAST
4932.YHR062C	sp|P38786|RPP1_YEAST
4932.YHR063C	sp|P38787|PANE_YEAST
4932.YHR064C	sp|P38788|SSZ1_YEAST
4932.YHR065C	sp|P38712|RRP3_YEAST
4932.YHR068W	sp|P38791|DHYS_YEAST
4932.YHR069C	sp|P38792|RRP4_YEAST
4932.YHR070W	sp|P38793|TRM5_YEAST
4932.YHR072W	sp|P38604|ERG7_YEAST
4932.YHR072W-A	sp|Q6Q547|NOP10_YEAST
4932.YHR073W	sp|P38713|OSH3_YEAST
4932.YHR074W	sp|P38795|NADE_YEAST
4932.YHR075C	sp|P38796|PPME1_YEAST
4932.YHR076W	sp|P38797|PP2C7_YEAST
4932.YHR077C	sp|P38798|NMD2_YEAST
4932.YHR081W	sp|P38801|LRP1_YEAST
4932.YHR082C	sp|P38691|KSP1_YEAST
4932.YHR084W	sp|P13574|STE12_YEAST
4932.YHR085W	sp|P38803|IPI1_YEAST
4932.YHR086W	sp|Q00539|NAM8_YEAST
4932.YHR087W	sp|P38804|SDO1L_YEAST
4932.YHR088W	sp|P38805|RPF1_YEAST
4932.YHR089C	sp|P28007|GAR1_YEAST
4932.YHR090C	sp|P38806|YNG2_YEAST
4932.YHR091C	sp|P38714|SYRM_YEAST
4932.YHR092C	sp|P32467|HXT4_YEAST
4932.YHR094C	sp|P32465|HXT1_YEAST
4932.YHR096C	sp|P38695|HXT5_YEAST
4932.YHR097C	sp|P38809|YHP7_YEAST
4932.YHR098C	sp|P38810|SFB3_YEAST
4932.YHR099W	sp|P38811|TRA1_YEAST
4932.YHR101C	sp|P38813|BIG1_YEAST
4932.YHR102W	sp|P38692|KIC1_YEAST
4932.YHR103W	sp|P38814|SBE22_YEAST
4932.YHR104W	sp|P38715|GRE3_YEAST
4932.YHR106W	sp|P38816|TRXB2_YEAST
4932.YHR107C	sp|P32468|CDC12_YEAST
4932.YHR108W	sp|P38817|GGA2_YEAST
4932.YHR109W	sp|P38818|CTM1_YEAST
4932.YHR110W	sp|P38819|ERP5_YEAST
4932.YHR111W	sp|P38820|UBA4_YEAST
4932.YHR112C	sp|P38716|YHR2_YEAST
4932.YHR113W	sp|P38821|DNPEP_YEAST
4932.YHR114W	sp|P38822|BZZ1_YEAST
4932.YHR115C	sp|P38823|DMA1_YEAST
4932.YHR117W	sp|P38825|TOM71_YEAST
4932.YHR118C	sp|P38826|ORC6_YEAST
4932.YHR119W	sp|P38827|SET1_YEAST
4932.YHR120W	sp|P25846|MSH1_YEAST
4932.YHR121W	sp|P38828|LSM12_YEAST
4932.YHR122W	sp|P38829|YHS2_YEAST
4932.YHR123W	sp|P22140|EPT1_YEAST
4932.YHR127W	sp|P38833|YHS7_YEAST
4932.YHR128W	sp|P18562|UPP_YEAST
4932.YHR132C	sp|P38836|ECM14_YEAST
4932.YHR132W-A	sp|Q9P305|IGO2_YEAST
4932.YHR133C	sp|P38837|NSG1_YEAST
4932.YHR135C	sp|P23291|KC11_YEAST
4932.YHR137W	sp|P38840|ARO9_YEAST
4932.YHR138C	sp|P38841|YHT8_YEAST
4932.YHR139C	sp|P13130|SS100_YEAST
4932.YHR143W-A	sp|P40422|RPAB4_YEAST
4932.YHR146W	sp|P38845|CRP1_YEAST
4932.YHR147C	sp|P32904|RM06_YEAST
4932.YHR148W	sp|P32899|IMP3_YEAST
4932.YHR149C	sp|P32900|SKG6_YEAST
4932.YHR150W	sp|P38848|PEX28_YEAST
4932.YHR154W	sp|P38850|RT107_YEAST
4932.YHR158C	sp|P38853|KEL1_YEAST
4932.YHR159W	sp|P38854|TDA11_YEAST
4932.YHR161C	sp|P38856|AP18A_YEAST
4932.YHR163W	sp|P38858|SOL3_YEAST
4932.YHR165C	sp|P33334|PRP8_YEAST
4932.YHR166C	sp|P16522|CDC23_YEAST
4932.YHR167W	sp|O13539|THP2_YEAST
4932.YHR168W	sp|P38860|MTG2_YEAST
4932.YHR169W	sp|P38719|DBP8_YEAST
4932.YHR170W	sp|P38861|NMD3_YEAST
4932.YHR172W	sp|P38863|SPC97_YEAST
4932.YHR176W	sp|P38866|FMO1_YEAST
4932.YHR178W	sp|P38699|STB5_YEAST
4932.YHR179W	sp|Q03558|OYE2_YEAST
4932.YHR181W	sp|P38869|SVP26_YEAST
4932.YHR182W	sp|P38870|YHY2_YEAST
4932.YHR183W	sp|P38720|6PGD1_YEAST
4932.YHR186C	sp|P38873|KOG1_YEAST
4932.YHR187W	sp|P38874|ELP5_YEAST
4932.YHR188C	sp|P38875|GPI16_YEAST
4932.YHR190W	sp|P29704|FDFT_YEAST
4932.YHR192W	sp|P38878|YHZ2_YEAST
4932.YHR193C	sp|P38879|NACA_YEAST
4932.YHR195W	sp|P38881|NVJ1_YEAST
4932.YHR196W	sp|P38882|UTP9_YEAST
4932.YHR197W	sp|P38883|RIX1_YEAST
4932.YHR198C	sp|P38884|AIM18_YEAST
4932.YHR199C	sp|P38885|AIM46_YEAST
4932.YHR200W	sp|P38886|RPN10_YEAST
4932.YHR201C	sp|P38698|PPX1_YEAST
4932.YHR205W	sp|P11792|SCH9_YEAST
4932.YHR206W	sp|P38889|SKN7_YEAST
4932.YHR207C	sp|P38890|SET5_YEAST
4932.YHR208W	sp|P38891|BCA1_YEAST
4932.YHR214C-B	sp|Q12088|YL11B_YEAST
4932.YHR214C-C	sp|P0C2I4|YH11A_YEAST
4932.YHR218W-A	sp|Q3E7Y4|YB112_YEAST
4932.YPR204W	sp|Q3E7Y4|YB112_YEAST
4932.YBL112C	sp|Q3E7Y4|YB112_YEAST
4932.YHR219W	sp|P38900|YH19_YEAST
4932.YIL002C	sp|P40559|INP51_YEAST
4932.YIL002W-A	sp|Q3E7Z5|YI002_YEAST
4932.YIL004C	sp|P22804|BET1_YEAST
4932.YIL005W	sp|P40557|EPS1_YEAST
4932.YIL008W	sp|P40554|URM1_YEAST
4932.YIL009W	sp|P39002|LCF3_YEAST
4932.YIL010W	sp|P40553|DOT5_YEAST
4932.YIL014W	sp|P40549|MNT3_YEAST
4932.YIL015W	sp|P12630|BAR1_YEAST
4932.YIL016W	sp|P40548|SNL1_YEAST
4932.YIL017C	sp|P40547|VID28_YEAST
4932.YIL018W	sp|P05736|RL2B_YEAST
4932.YIL019W	sp|P40546|FAF1_YEAST
4932.YIL020C	sp|P40545|HIS4_YEAST
4932.YIL021W	sp|P16370|RPB3_YEAST
4932.YIL022W	sp|Q01852|TIM44_YEAST
4932.YIL026C	sp|P40541|SCC3_YEAST
4932.YIL027C	sp|P40540|EMC5_YEAST
4932.YIL030C	sp|P40318|DOA10_YEAST
4932.YIL031W	sp|P40537|ULP2_YEAST
4932.YIL033C	sp|P07278|KAPR_YEAST
4932.YIL034C	sp|P13517|CAPZB_YEAST
4932.YIL035C	sp|P15790|CSK21_YEAST
4932.YIL036W	sp|P40535|ACA2_YEAST
4932.YIL038C	sp|P06102|NOT3_YEAST
4932.YIL039W	sp|P40533|TED1_YEAST
4932.YIL040W	sp|P40532|APQ12_YEAST
4932.YIL041W	sp|P40531|GVP36_YEAST
4932.YIL043C	sp|P38626|NCB5R_YEAST
4932.YIL044C	sp|P40529|AGE2_YEAST
4932.YIL046W	sp|P39014|MET30_YEAST
4932.YIL047C	sp|P40528|SYG1_YEAST
4932.YIL048W	sp|P40527|ATC7_YEAST
4932.YIL051C	sp|P40185|MMF1_YEAST
4932.YIL056W	sp|P40522|VHR1_YEAST
4932.YIL057C	sp|P40188|RGI2_YEAST
4932.YIL061C	sp|Q00916|RU17_YEAST
4932.YIL062C	sp|P40518|ARPC5_YEAST
4932.YIL063C	sp|P40517|YRB2_YEAST
4932.YIL064W	sp|P40516|SEE1_YEAST
4932.YIL065C	sp|P40515|FIS1_YEAST
4932.YIL066C	sp|P21672|RIR3_YEAST
4932.YIL067C	sp|P40514|YIG7_YEAST
4932.YIL068C	sp|P32844|SEC6_YEAST
4932.YIL069C	sp|P26782|RS24B_YEAST
4932.YIL070C	sp|P40513|MAM33_YEAST
4932.YIL072W	sp|P20050|HOP1_YEAST
4932.YIL075C	sp|P32565|RPN2_YEAST
4932.YIL076W	sp|P40509|COPE_YEAST
4932.YIL078W	sp|P04801|SYTC_YEAST
4932.YIL079C	sp|P40507|AIR1_YEAST
4932.YIL083C	sp|P40506|PPCS_YEAST
4932.YIL084C	sp|P40505|SDS3_YEAST
4932.YIL085C	sp|P40504|KTR7_YEAST
4932.YIL087C	sp|P40502|AIM19_YEAST
4932.YIL088C	sp|P40501|AVT7_YEAST
4932.YIL090W	sp|P40499|ICE2_YEAST
4932.YIL091C	sp|P40498|UTP25_YEAST
4932.YIL093C	sp|P40496|RT25_YEAST
4932.YIL094C	sp|P40495|LYS12_YEAST
4932.YIL096C	sp|P40493|YIJ6_YEAST
4932.YIL097W	sp|P40492|FYV10_YEAST
4932.YIL098C	sp|P40491|FMC1_YEAST
4932.YIL103W	sp|P40487|DPH1_YEAST
4932.YIL104C	sp|P40486|SHQ1_YEAST
4932.YIL105C	sp|P40485|SLM1_YEAST
4932.YIL106W	sp|P40484|MOB1_YEAST
4932.YIL107C	sp|P40433|6P21_YEAST
4932.YIL108W	sp|P40483|YIK8_YEAST
4932.YIL109C	sp|P40482|SEC24_YEAST
4932.YIL110W	sp|P40481|HPM1_YEAST
4932.YIL111W	sp|P00425|COX5B_YEAST
4932.YIL112W	sp|P40480|HOS4_YEAST
4932.YIL115C	sp|P40477|NU159_YEAST
4932.YIL116W	sp|P07172|HIS8_YEAST
4932.YIL117C	sp|P40476|PRM5_YEAST
4932.YIL118W	sp|Q00245|RHO3_YEAST
4932.YIL119C	sp|P23250|RPI1_YEAST
4932.YIL121W	sp|P40474|QDR2_YEAST
4932.YIL123W	sp|P40472|SIM1_YEAST
4932.YIL124W	sp|P40471|AYR1_YEAST
4932.YIL125W	sp|P20967|ODO1_YEAST
4932.YIL126W	sp|P32597|STH1_YEAST
4932.YIL127C	sp|P40470|RRT14_YEAST
4932.YIL128W	sp|P40469|MET18_YEAST
4932.YIL129C	sp|P40468|TAO3_YEAST
4932.YIL130W	sp|P40467|ASG1_YEAST
4932.YIL131C	sp|P40466|FKH1_YEAST
4932.YIL133C	sp|P26785|RL16B_YEAST
4932.YNL069C	sp|P26785|RL16B_YEAST
4932.YIL135C	sp|P40463|VHS2_YEAST
4932.YIL136W	sp|P16547|OM45_YEAST
4932.YIL137C	sp|P40462|TM108_YEAST
4932.YIL138C	sp|P40414|TPM2_YEAST
4932.YIL140W	sp|P38928|AXL2_YEAST
4932.YIL142W	sp|P39076|TCPB_YEAST
4932.YIL143C	sp|Q00578|RAD25_YEAST
4932.YIL144W	sp|P40460|NDC80_YEAST
4932.YIL145C	sp|P40459|PANC_YEAST
4932.YIL149C	sp|P40457|MLP2_YEAST
4932.YIL151C	sp|P40456|YI151_YEAST
4932.YIL154C	sp|P32351|IMPX_YEAST
4932.YIL155C	sp|P32191|GPDM_YEAST
4932.YIL156W	sp|P40453|UBP7_YEAST
4932.YIL156W-B	sp|Q2V2P4|YI156_YEAST
4932.YIL157C	sp|P40452|COA1_YEAST
4932.YIL160C	sp|P27796|THIK_YEAST
4932.YIL161W	sp|P40449|YIQ1_YEAST
4932.YIL162W	sp|P10594|INV1_YEASX
4932.YIL169C	sp|P40442|YIQ9_YEAST
4932.YIL173W	sp|P40890|VTH2_YEAST
4932.YJL222W	sp|P40890|VTH2_YEAST
4932.YIR001C	sp|P40561|SGN1_YEAST
4932.YIR002C	sp|P40562|MPH1_YEAST
4932.YIR003W	sp|P40563|AIM21_YEAST
4932.YIR004W	sp|P40564|DJP1_YEAST
4932.YIR005W	sp|P40565|IST3_YEAST
4932.YIR006C	sp|P32521|PAN1_YEAST
4932.YIR007W	sp|P40566|YIS7_YEAST
4932.YIR008C	sp|P10363|PRI1_YEAST
4932.YIR009W	sp|P40567|MSL1_YEAST
4932.YIR010W	sp|P40568|DSN1_YEAST
4932.YIR012W	sp|P35184|SQT1_YEAST
4932.YIR022W	sp|P15367|SEC11_YEAST
4932.YIR023W	sp|P21657|DAL81_YEAST
4932.YIR026C	sp|Q02256|PVH1_YEAST
4932.YIR031C	sp|P21826|MASZ_YEAST
4932.YIR033W	sp|P40578|MGA2_YEAST
4932.YIR034C	sp|P38998|LYS1_YEAST
4932.YIR035C	sp|P40579|YIV5_YEAST
4932.YIR036C	sp|P40580|BZRD_YEAST
4932.YIR037W	sp|P40581|GPX3_YEAST
4932.YIR038C	sp|P40582|GST1_YEAST
4932.YJL001W	sp|P38624|PSB1_YEAST
4932.YJL002C	sp|P41543|OST1_YEAST
4932.YJL005W	sp|P08678|CYAA_YEAST
4932.YJL006C	sp|P46962|CTK2_YEAST
4932.YJL008C	sp|P47079|TCPQ_YEAST
4932.YJL010C	sp|P47077|NOP9_YEAST
4932.YJL011C	sp|P47076|RPC9_YEAST
4932.YJL012C	sp|P47075|VTC4_YEAST
4932.YJL014W	sp|P39077|TCPG_YEAST
4932.YJL019W	sp|P47069|MPS3_YEAST
4932.YJL020C	sp|P47068|BBC1_YEAST
4932.YJL024C	sp|P47064|AP3S_YEAST
4932.YJL025W	sp|P40992|RRN7_YEAST
4932.YJL026W	sp|P09938|RIR2_YEAST
4932.YJL029C	sp|P47061|VPS53_YEAST
4932.YJL031C	sp|Q00618|PGTA_YEAST
4932.YJL033W	sp|P20448|DBP4_YEAST
4932.YJL034W	sp|P16474|GRP78_YEAST
4932.YJL035C	sp|P47058|TAD2_YEAST
4932.YJL036W	sp|P47057|SNX4_YEAST
4932.YJL039C	sp|P47054|NU192_YEAST
4932.YJL041W	sp|P14907|NSP1_YEAST
4932.YJL042W	sp|P43638|MHP1_YEAST
4932.YJL044C	sp|P32806|GYP6_YEAST
4932.YJL045W	sp|P47052|DHSX_YEAST
4932.YJL047C	sp|P47050|CUL8_YEAST
4932.YJL050W	sp|P47047|MTR4_YEAST
4932.YJL052W	sp|P00360|G3P1_YEAST
4932.YJL053W	sp|P40335|PEP8_YEAST
4932.YJL054W	sp|P47045|TIM54_YEAST
4932.YJL055W	sp|P47044|YJF5_YEAST
4932.YJL060W	sp|P47039|BNA3_YEAST
4932.YJL061W	sp|P40368|NUP82_YEAST
4932.YJL062W	sp|P40367|GPI7_YEAST
4932.YJL062W-A	sp|Q3E7B2|COA3_YEAST
4932.YJL063C	sp|P22353|RM08_YEAST
4932.YJL066C	sp|P40364|MPM1_YEAST
4932.YJL068C	sp|P40363|SFGH_YEAST
4932.YJL069C	sp|P40362|UTP18_YEAST
4932.YJL070C	sp|P40361|YJH0_YEAST
4932.YJL073W	sp|P40358|JEM1_YEAST
4932.YJL074C	sp|P47037|SMC3_YEAST
4932.YJL076W	sp|P47035|NET1_YEAST
4932.YJL079C	sp|P47032|PRY1_YEAST
4932.YJL080C	sp|P06105|SC160_YEAST
4932.YJL081C	sp|P80428|ARP4_YEAST
4932.YJL082W	sp|P47031|IML2_YEAST
4932.YJL084C	sp|P47029|ALY2_YEAST
4932.YJL085W	sp|P19658|EXO70_YEAST
4932.YJL087C	sp|P09880|TRNL_YEAST
4932.YJL088W	sp|P05150|OTC_YEAST
4932.YJL095W	sp|Q01389|BCK1_YEAST
4932.YJL096W	sp|P40858|RN49_YEAST
4932.YJL097W	sp|P40857|PHS1_YEAST
4932.YJL098W	sp|P40856|SA185_YEAST
4932.YJL099W	sp|P40955|CHS6_YEAST
4932.YJL101C	sp|P32477|GSH1_YEAST
4932.YJL102W	sp|P39677|RRF2M_YEAST
4932.YJL103C	sp|P42950|GSM1_YEAST
4932.YJL104W	sp|P42949|TIM16_YEAST
4932.YJL106W	sp|P32581|IME2_YEAST
4932.YJL109C	sp|P42945|UTP10_YEAST
4932.YJL110C	sp|P42944|GZF3_YEAST
4932.YJL111W	sp|P42943|TCPH_YEAST
4932.YJL112W	sp|P47025|MDV1_YEAST
4932.YJL115W	sp|P32447|ASF1_YEAST
4932.YJL117W	sp|P46956|PHO86_YEAST
4932.YJL121C	sp|P46969|RPE_YEAST
4932.YJL122W	sp|P47019|ALB1_YEAST
4932.YJL123C	sp|P47018|MTC1_YEAST
4932.YJL124C	sp|P47017|LSM1_YEAST
4932.YJL125C	sp|P46959|TRM61_YEAST
4932.YJL128C	sp|P08018|PBS2_YEAST
4932.YJL130C	sp|P07259|PYR1_YEAST
4932.YJL131C	sp|P47015|AIM23_YEAST
4932.YJL133C-A	sp|Q3E7A3|YJ133_YEAST
4932.YJL136C	sp|Q3E754|RS21B_YEAST
4932.YKR057W	sp|Q3E754|RS21B_YEAST
4932.YJL137C	sp|P47011|GLG2_YEAST
4932.YJL140W	sp|P20433|RPB4_YEAST
4932.YJL141C	sp|P14680|YAK1_YEAST
4932.YJL143W	sp|P39515|TIM17_YEAST
4932.YJL145W	sp|P47008|SFH5_YEAST
4932.YJL148W	sp|P47006|RPA34_YEAST
4932.YJL151C	sp|P14359|SNA3_YEAST
4932.YJL153C	sp|P11986|INO1_YEAST
4932.YJL154C	sp|P34110|VPS35_YEAST
4932.YJL155C	sp|P32604|F26_YEAST
4932.YJL157C	sp|P21268|FAR1_YEAST
4932.YJL158C	sp|P47001|CIS3_YEAST
4932.YJL159W	sp|P32478|HS150_YEAST
4932.YJL160C	sp|P46999|PIR5_YEAST
4932.YJL162C	sp|P46997|JJJ2_YEAST
4932.YJL164C	sp|P06244|KAPA_YEAST
4932.YJL165C	sp|P38970|HAL5_YEAST
4932.YJL166W	sp|P08525|QCR8_YEAST
4932.YJL167W	sp|P08524|FPPS_YEAST
4932.YJL168C	sp|P46995|SET2_YEAST
4932.YJL170C	sp|P46993|ASG7_YEAST
4932.YJL171C	sp|P46992|YJR1_YEAST
4932.YJL172W	sp|P27614|CBPS_YEAST
4932.YJL173C	sp|P26755|RFA3_YEAST
4932.YJL174W	sp|P39005|KRE9_YEAST
4932.YJL176C	sp|P32591|SWI3_YEAST
4932.YJL177W	sp|P46990|RL17B_YEAST
4932.YKL180W	sp|P46990|RL17B_YEAST
4932.YJL178C	sp|P46989|ATG27_YEAST
4932.YJL179W	sp|P46988|PFD1_YEAST
4932.YJL180C	sp|P22135|ATP12_YEAST
4932.YJL183W	sp|P46985|MNN11_YEAST
4932.YJL184W	sp|P46984|GON7_YEAST
4932.YJL186W	sp|P46982|MNN5_YEAST
4932.YJL187C	sp|P32944|SWE1_YEAST
4932.YJL189W	sp|P04650|RL39_YEAST
4932.YJL190C	sp|Q3E7Y3|RS22B_YEAST
4932.YLR367W	sp|Q3E7Y3|RS22B_YEAST
4932.YJL192C	sp|P39543|SOP4_YEAST
4932.YJL196C	sp|P39540|ELO1_YEAST
4932.YJL197W	sp|P39538|UBP12_YEAST
4932.YJL198W	sp|P39535|PHO90_YEAST
4932.YJL199C	sp|P39534|MBB1_YEAST
4932.YJL200C	sp|P39533|ACON2_YEAST
4932.YJL201W	sp|P32525|ECM25_YEAST
4932.YJL207C	sp|P39526|LAA1_YEAST
4932.YJL208C	sp|P08466|NUC1_YEAST
4932.YJL212C	sp|P40897|OPT1_YEAST
4932.YJL214W	sp|P40886|HXT8_YEAST
4932.YJL217W	sp|P40893|REE1_YEAST
4932.YJL218W	sp|P40892|YJV8_YEAST
4932.YJL219W	sp|P54862|HXT11_YEAST
4932.YOL156W	sp|P54862|HXT11_YEAST
4932.YJR001W	sp|P47082|AVT1_YEAST
4932.YJR002W	sp|P47083|MPP10_YEAST
4932.YJR003C	sp|P47084|YJX3_YEAST
4932.YJR004C	sp|P20840|SAG1_YEAST
4932.YJR005W	sp|P27351|AP2B_YEAST
4932.YJR006W	sp|P46957|DPOD2_YEAST
4932.YJR007W	sp|P20459|IF2A_YEAST
4932.YJR008W	sp|P47085|YJX8_YEAST
4932.YJR010C-A	sp|P46965|SPC1_YEAST
4932.YJR010W	sp|P08536|MET3_YEAST
4932.YJR014W	sp|P47089|DENR_YEAST
4932.YJR016C	sp|P39522|ILV3_YEAST
4932.YJR017C	sp|P22696|ESS1_YEAST
4932.YJR019C	sp|P41903|PTE1_YEAST
4932.YJR022W	sp|P47093|LSM8_YEAST
4932.YJR024C	sp|P47095|MTNB_YEAST
4932.YJR025C	sp|P47096|3HAO_YEAST
4932.YJR031C	sp|P47102|GEA1_YEAST
4932.YJR032W	sp|P47103|CYP7_YEAST
4932.YJR033C	sp|P47104|RAV1_YEAST
4932.YJR034W	sp|Q02772|PT191_YEAST
4932.YJR035W	sp|P40352|RAD26_YEAST
4932.YJR040W	sp|P37020|GEF1_YEAST
4932.YJR041C	sp|P47108|URB2_YEAST
4932.YJR042W	sp|P46673|NUP85_YEAST
4932.YJR045C	sp|P12398|HSP77_YEASX
4932.YJR046W	sp|P47112|CDT1_YEAST
4932.YJR048W	sp|P00044|CYC1_YEAST
4932.YJR049C	sp|P21373|UTR1_YEAST
4932.YJR051W	sp|P21375|OSM1_YEAST
4932.YJR052W	sp|P06779|RAD7_YEAST
4932.YJR053W	sp|P47113|BFA1_YEAST
4932.YJR055W	sp|P46973|HIT1_YEAST
4932.YJR057W	sp|P00572|KTHY_YEAST
4932.YJR059W	sp|P47116|PTK2_YEAST
4932.YJR060W	sp|P17106|CBF1_YEAST
4932.YJR062C	sp|P40354|NTA1_YEAST
4932.YJR063W	sp|P32529|RPA12_YEAST
4932.YJR064W	sp|P40413|TCPE_YEAST
4932.YJR065C	sp|P47117|ARP3_YEAST
4932.YJR066W	sp|P35169|TOR1_YEAST
4932.YJR068W	sp|P40348|RFC2_YEAST
4932.YJR069C	sp|P47119|ITPA_YEAST
4932.YJR070C	sp|P47120|DOHH_YEAST
4932.YJR072C	sp|P47122|NPA3_YEAST
4932.YJR073C	sp|P05375|PEM2_YEAST
4932.YJR074W	sp|P47123|MOG1_YEAST
4932.YJR075W	sp|P47124|HOC1_YEAST
4932.YJR076C	sp|P32458|CDC11_YEAST
4932.YJR077C	sp|P23641|MPCP_YEAST
4932.YJR080C	sp|P47127|AIM24_YEAST
4932.YJR082C	sp|P47128|EAF6_YEAST
4932.YJR083C	sp|P47129|ACF4_YEAST
4932.YJR084W	sp|P47130|CSN12_YEAST
4932.YJR085C	sp|P47131|YJ55_YEAST
4932.YJR086W	sp|P18852|GBG_YEAST
4932.YJR088C	sp|P47133|EMC2_YEAST
4932.YJR089W	sp|P47134|BIR1_YEAST
4932.YJR090C	sp|P24814|GRR1_YEAST
4932.YJR091C	sp|P47135|JSN1_YEAST
4932.YJR092W	sp|P47136|BUD4_YEAST
4932.YJR093C	sp|P45976|FIP1_YEAST
4932.YJR095W	sp|P33303|SFC1_YEAST
4932.YJR096W	sp|P47137|YJ66_YEAST
4932.YJR097W	sp|P47138|DPH4_YEAST
4932.YJR099W	sp|P35127|UBL1_YEAST
4932.YJR100C	sp|P47140|AIM25_YEAST
4932.YJR101W	sp|P47141|RT26_YEAST
4932.YJR103W	sp|P38627|URA8_YEAST
4932.YJR104C	sp|P00445|SODC_YEAST
4932.YJR105W	sp|P47143|ADK_YEAST
4932.YJR109C	sp|P03965|CARB_YEAST
4932.YJR110W	sp|P47147|YMR1_YEAST
4932.YJR111C	sp|P47148|YJ81_YEAST
4932.YJR112W	sp|P47149|NNF1_YEAST
4932.YJR113C	sp|P47150|RT07_YEAST
4932.YJR117W	sp|P47154|STE24_YEAST
4932.YJR118C	sp|P47155|ILM1_YEAST
4932.YJR121W	sp|P00830|ATPB_YEAST
4932.YJR122W	sp|P47158|CAF17_YEAST
4932.YJR123W	sp|P26783|RS5_YEAST
4932.YJR124C	sp|P47159|YJ94_YEAST
4932.YJR125C	sp|P47160|ENT3_YEAST
4932.YJR127C	sp|P46974|RSF2_YEAST
4932.YJR130C	sp|P47164|MET7_YEAST
4932.YJR131W	sp|P32906|MNS1_YEAST
4932.YJR132W	sp|P46970|NMD5_YEAST
4932.YJR133W	sp|P47165|XPT1_YEAST
4932.YJR134C	sp|P47166|SGM1_YEAST
4932.YJR135C	sp|P47167|MCM22_YEAST
4932.YJR135W-A	sp|P57744|TIM8_YEAST
4932.YJR137C	sp|P47169|MET5_YEAST
4932.YJR138W	sp|P47170|IML1_YEAST
4932.YJR139C	sp|P31116|DHOM_YEAST
4932.YJR140C	sp|P47171|HIR3_YEAST
4932.YJR142W	sp|P47173|YJ9J_YEAST
4932.YJR143C	sp|P46971|PMT4_YEAST
4932.YJR144W	sp|P32787|MG101_YEAST
4932.YJR145C	sp|P05753|RS4A_YEAST
4932.YJR148W	sp|P47176|BCA2_YEAST
4932.YJR154W	sp|P47181|YJ9S_YEAST
4932.YKL001C	sp|Q02196|KAPS_YEAST
4932.YKL002W	sp|P36108|DID4_YEAST
4932.YKL003C	sp|P28778|RT06_YEAST
4932.YKL004W	sp|P36107|AUR1_YEAST
4932.YKL005C	sp|P36106|BYE1_YEAST
4932.YKL006C-A	sp|P43682|SFT1_YEAST
4932.YKL007W	sp|P28495|CAPZA_YEAST
4932.YKL008C	sp|P28496|LAC1_YEAST
4932.YKL009W	sp|P33201|MRT4_YEAST
4932.YKL010C	sp|P33202|UFD4_YEAST
4932.YKL011C	sp|Q03702|CCE1_YEAST
4932.YKL012W	sp|P33203|PRP40_YEAST
4932.YKL013C	sp|P33204|ARPC4_YEAST
4932.YKL014C	sp|P34241|URB1_YEAST
4932.YKL016C	sp|P30902|ATP7_YEAST
4932.YKL017C	sp|P34243|HCS1_YEAST
4932.YKL018W	sp|P36104|SWD2_YEAST
4932.YKL019W	sp|P29703|FNTA_YEAST
4932.YKL020C	sp|P35210|SPT23_YEAST
4932.YKL021C	sp|P20484|MAK11_YEAST
4932.YKL022C	sp|P09798|CDC16_YEAST
4932.YKL023W	sp|P36103|YKC3_YEAST
4932.YKL024C	sp|P15700|KCY_YEAST
4932.YKL025C	sp|P36102|PAN3_YEAST
4932.YKL027W	sp|P36101|YKC7_YEAST
4932.YKL028W	sp|P36100|T2EA_YEAST
4932.YKL029C	sp|P36013|MAOM_YEAST
4932.YKL032C	sp|P33417|IXR1_YEAST
4932.YKL033W	sp|P36097|TTI1_YEAST
4932.YKL033W-A	sp|Q86ZR7|YKD3A_YEAST
4932.YKL035W	sp|P32861|UGPA1_YEAST
4932.YKL039W	sp|P32857|PTM1_YEAST
4932.YKL040C	sp|P32860|NFU1_YEAST
4932.YKL041W	sp|P36095|VPS24_YEAST
4932.YKL042W	sp|P36094|SPC42_YEAST
4932.YKL044W	sp|P36092|YKE44_YEAST
4932.YKL045W	sp|P20457|PRI2_YEAST
4932.YKL046C	sp|P36091|DCW1_YEAST
4932.YKL047W	sp|P36090|YKE7_YEAST
4932.YKL049C	sp|P36012|CENPA_YEAST
4932.YKL051W	sp|P35735|SFK1_YEAST
4932.YKL052C	sp|P35734|ASK1_YEAST
4932.YKL053C-A	sp|O60200|MDM35_YEAST
4932.YKL054C	sp|P35732|DEF1_YEAST
4932.YKL055C	sp|P35731|FABG_YEAST
4932.YKL056C	sp|P35691|TCTP_YEAST
4932.YKL057C	sp|P35729|NU120_YEAST
4932.YKL058W	sp|P32774|T2AG_YEAST
4932.YKL059C	sp|P35728|MPE1_YEAST
4932.YKL060C	sp|P14540|ALF_YEAST
4932.YKL062W	sp|P33749|MSN4_YEAST
4932.YKL063C	sp|P35725|YKG3_YEAST
4932.YKL064W	sp|P35724|MNR2_YEAST
4932.YKL065C	sp|P35723|YET1_YEAST
4932.YKL065W-A	sp|Q2V2P2|YK065_YEAST
4932.YKL067W	sp|P36010|NDK_YEAST
4932.YKL068W	sp|Q02629|NU100_YEAST
4932.YKL069W	sp|P36088|FRMSR_YEAST
4932.YKL073W	sp|P36016|LHS1_YEAST
4932.YKL074C	sp|P36084|MUD2_YEAST
4932.YKL075C	sp|P36083|YKH5_YEAST
4932.YKL077W	sp|P36081|YKH7_YEAST
4932.YKL078W	sp|P36009|DHR2_YEAST
4932.YKL079W	sp|P32364|SMY1_YEAST
4932.YKL080W	sp|P31412|VATC_YEAST
4932.YKL081W	sp|P36008|EF1G2_YEAST
4932.YKL082C	sp|P36080|RRP14_YEAST
4932.YKL083W	sp|P36079|YKI3_YEAST
4932.YKL085W	sp|P17505|MDHM_YEAST
4932.YKL088W	sp|P36076|CAB3_YEAST
4932.YKL089W	sp|P35201|MIF2_YEAST
4932.YKL091C	sp|P33324|YKJ1_YEAST
4932.YKL092C	sp|P33314|BUD2_YEAST
4932.YKL093W	sp|P23493|MBR1_YEAST
4932.YKL094W	sp|P28321|MGLL_YEAST
4932.YKL095W	sp|P28320|CWC16_YEAST
4932.YKL096W	sp|P28319|CWP1_YEAST
4932.YKL099C	sp|P34247|UTP11_YEAST
4932.YKL100C	sp|P34248|YKK0_YEAST
4932.YKL101W	sp|P34244|HSL1_YEAST
4932.YKL103C	sp|P14904|AMPL_YEAST
4932.YKL104C	sp|P14742|GFA1_YEAST
4932.YKL105C	sp|P34250|YKK5_YEAST
4932.YKL106W	sp|Q01802|AATM_YEAST
4932.YKL108W	sp|P34252|SLD2_YEAST
4932.YKL110C	sp|P34253|KTI12_YEAST
4932.YKL112W	sp|P14164|ABF1_YEAST
4932.YKL113C	sp|P26793|FEN1_YEAST
4932.YKL114C	sp|P22936|APN1_YEAST
4932.YKL116C	sp|P28708|PRR1_YEAST
4932.YKL117W	sp|P28707|SBA1_YEAST
4932.YKL120W	sp|P32332|OAC1_YEAST
4932.YKL121W	sp|P32330|DGR2_YEAST
4932.YKL122C	sp|P32342|SRP21_YEAST
4932.YKL125W	sp|P36070|RRN3_YEAST
4932.YKL126W	sp|P12688|YPK1_YEAST
4932.YKL127W	sp|P33401|PGM1_YEAST
4932.YKL128C	sp|P36069|PMU1_YEAST
4932.YKL129C	sp|P36006|MYO3_YEAST
4932.YKL130C	sp|P36068|SHE2_YEAST
4932.YKL135C	sp|P36000|AP1B1_YEAST
4932.YKL137W	sp|P36064|COXM1_YEAST
4932.YKL138C-A	sp|P69852|HSK3_YEAST
4932.YKL139W	sp|Q03957|CTK1_YEAST
4932.YKL140W	sp|P34163|TGL1_YEAST
4932.YKL141W	sp|P33421|SDH3_YEAST
4932.YKL142W	sp|P35719|MRP8_YEAST
4932.YKL143W	sp|P34078|LTV1_YEAST
4932.YKL144C	sp|P35718|RPC8_YEAST
4932.YKL145W	sp|P33299|PRS7_YEAST
4932.YKL146W	sp|P36062|AVT3_YEAST
4932.YKL148C	sp|Q00711|DHSA_YEAST
4932.YKL150W	sp|P36060|MCR1_YEAST
4932.YKL151C	sp|P36059|NNRD_YEAST
4932.YKL152C	sp|P00950|PMG1_YEAST
4932.YKL154W	sp|P36057|SRPB_YEAST
4932.YKL155C	sp|P36056|RT22_YEAST
4932.YKL157W	sp|P32454|APE2_YEAST
4932.YKL159C	sp|P36054|RCN1_YEAST
4932.YKL160W	sp|P36053|ELF1_YEAST
4932.YKL161C	sp|P36005|KDX1_YEAST
4932.YKL163W	sp|Q03180|PIR3_YEAST
4932.YKL164C	sp|Q03178|PIR1_YEAST
4932.YKL165C	sp|P36051|MCD4_YEAST
4932.YKL166C	sp|P05986|KAPC_YEAST
4932.YKL167C	sp|P32388|RM49_YEAST
4932.YKL170W	sp|P35996|RM38_YEAST
4932.YKL172W	sp|P36049|EBP2_YEAST
4932.YKL173W	sp|P36048|SN114_YEAST
4932.YKL174C	sp|P36029|TPO5_YEAST
4932.YKL175W	sp|P34240|ZRT3_YEAST
4932.YKL176C	sp|P34239|LST4_YEAST
4932.YKL179C	sp|P34237|CASP_YEAST
4932.YKL181W	sp|P32895|KPR1_YEAST
4932.YKL182W	sp|P07149|FAS1_YEAST
4932.YKL184W	sp|P08432|DCOR_YEAST
4932.YKL186C	sp|P34232|MTR2_YEAST
4932.YKL187C	sp|P34231|YKS7_YEAST
4932.YKL188C	sp|P34230|PXA2_YEAST
4932.YKL189W	sp|P32464|HYM1_YEAST
4932.YKL190W	sp|P25296|CANB_YEAST
4932.YKL191W	sp|P32461|DPH2_YEAST
4932.YKL192C	sp|P32463|ACPM_YEAST
4932.YKL193C	sp|P36047|SDS22_YEAST
4932.YKL194C	sp|P07236|SYTM_YEAST
4932.YKL195W	sp|P36046|MIA40_YEAST
4932.YKL196C	sp|P36015|YKT6_YEAST
4932.YKL197C	sp|P24004|PEX1_YEAST
4932.YKL203C	sp|P32600|TOR2_YEAST
4932.YKL204W	sp|P36041|EAP1_YEAST
4932.YKL205W	sp|P33418|XPOT_YEAST
4932.YKL206C	sp|P36040|POC2_YEAST
4932.YKL207W	sp|P36039|EMC3_YEAST
4932.YKL209C	sp|P12866|STE6_YEAST
4932.YKL210W	sp|P22515|UBA1_YEAST
4932.YKL211C	sp|P00937|TRPG_YEAST
4932.YKL212W	sp|P32368|SAC1_YEAST
4932.YKL213C	sp|P36037|DOA1_YEAST
4932.YKL214C	sp|P36036|YRA2_YEAST
4932.YKL215C	sp|P28273|OPLA_YEAST
4932.YKL216W	sp|P28272|PYRD_YEAST
4932.YKL217W	sp|P36035|JEN1_YEAST
4932.YKL218C	sp|P36007|SRY1_YEAST
4932.YKL219W	sp|P36034|COS9_YEAST
4932.YKL222C	sp|P35995|YKW2_YEAST
4932.YKR001C	sp|P21576|VPS1_YEAST
4932.YKR002W	sp|P29468|PAP_YEAST
4932.YKR003W	sp|Q02201|OSH6_YEAST
4932.YKR004C	sp|Q02202|ECM9_YEAST
4932.YKR006C	sp|Q02204|RM13_YEAST
4932.YKR007W	sp|Q02205|MEH1_YEAST
4932.YKR008W	sp|Q02206|RSC4_YEAST
4932.YKR009C	sp|Q02207|FOX2_YEAST
4932.YKR010C	sp|Q02208|TOF2_YEAST
4932.YKR011C	sp|Q02209|YKZ1_YEAST
4932.YKR013W	sp|P36110|PRY2_YEAST
4932.YKR014C	sp|P36018|YPT52_YEAST
4932.YKR016W	sp|P36112|FCJ1_YEAST
4932.YKR018C	sp|P36114|YKR18_YEAST
4932.YKR019C	sp|P36115|IRS4_YEAST
4932.YKR021W	sp|P36117|ALY1_YEAST
4932.YKR023W	sp|P36119|YK03_YEAST
4932.YKR024C	sp|P36120|DBP7_YEAST
4932.YKR025W	sp|P36121|RPC5_YEAST
4932.YKR026C	sp|P14741|EI2BA_YEAST
4932.YKR027W	sp|P36122|BCH2_YEAST
4932.YKR028W	sp|P36123|SA190_YEAST
4932.YKR029C	sp|P36124|SET3_YEAST
4932.YKR031C	sp|P36126|SPO14_YEAST
4932.YKR035W-A	sp|P69771|DID2_YEAST
4932.YKR036C	sp|P36130|CAF4_YEAST
4932.YKR037C	sp|P36131|SPC34_YEAST
4932.YKR038C	sp|P36132|KAE1_YEAST
4932.YKR039W	sp|P19145|GAP1_YEAST
4932.YKR042W	sp|P36135|UTH1_YEAST
4932.YKR043C	sp|P36136|SHB17_YEAST
4932.YKR046C	sp|P36139|PET10_YEAST
4932.YKR048C	sp|P25293|NAP1_YEAST
4932.YKR049C	sp|P36141|FMP46_YEAST
4932.YKR052C	sp|P23500|MRS4_YEAST
4932.YKR054C	sp|P36022|DYHC_YEAST
4932.YKR055W	sp|Q00246|RHO4_YEAST
4932.YKR056W	sp|P33753|TRM2_YEAST
4932.YKR058W	sp|P36143|GLG1_YEAST
4932.YKR059W	sp|P10081|IF4A_YEAST
4932.YKR060W	sp|P36144|RL1D1_YEAST
4932.YKR062W	sp|P36145|T2EB_YEAST
4932.YKR063C	sp|P36146|LAS1_YEAST
4932.YKR064W	sp|P36023|OAF3_YEAST
4932.YKR065C	sp|P36147|PAM17_YEAST
4932.YKR066C	sp|P00431|CCPR_YEAST
4932.YKR067W	sp|P36148|GPT2_YEAST
4932.YKR068C	sp|P36149|BET3_YEAST
4932.YKR069W	sp|P36150|SUMT_YEAST
4932.YKR070W	sp|P36151|YK50_YEAST
4932.YKR071C	sp|P36152|DRE2_YEAST
4932.YKR072C	sp|P36024|SIS2_YEAST
4932.YKR074W	sp|P36154|AIM29_YEAST
4932.YKR076W	sp|P36156|GTO2_YEAST
4932.YKR079C	sp|P36159|RNZ_YEAST
4932.YKR080W	sp|Q02046|MTD1_YEAST
4932.YKR081C	sp|P36160|RPF2_YEAST
4932.YKR082W	sp|P36161|NU133_YEAST
4932.YKR084C	sp|P32769|HBS1_YEAST
4932.YKR085C	sp|P22354|RM20_YEAST
4932.YKR087C	sp|P36163|OMA1_YEAST
4932.YKR089C	sp|P36165|TGL4_YEAST
4932.YKR092C	sp|P32583|SRP40_YEAST
4932.YKR093W	sp|P32901|PTR2_YEAST
4932.YKR095W	sp|Q02455|MLP1_YEAST
4932.YKR095W-A	sp|Q3E833|PCC1_YEAST
4932.YKR097W	sp|P10963|PCKA_YEAST
4932.YKR099W	sp|P22035|BAS1_YEAST
4932.YKR100C	sp|P36169|SKG1_YEAST
4932.YLL001W	sp|P54861|DNM1_YEAST
4932.YLL004W	sp|P54790|ORC3_YEAST
4932.YLL006W	sp|P41800|MMM1_YEAST
4932.YLL007C	sp|Q07799|YL007_YEAST
4932.YLL008W	sp|P32892|DRS1_YEAST
4932.YLL009C	sp|Q12287|COX17_YEAST
4932.YLL010C	sp|Q07800|PSR1_YEAST
4932.YLL011W	sp|P33750|DCA13_YEAST
4932.YLL013C	sp|Q07807|PUF3_YEAST
4932.YLL014W	sp|Q12431|EMC6_YEAST
4932.YLL015W	sp|P14772|BPT1_YEAST
4932.YLL018C	sp|P04802|SYDC_YEAST
4932.YLL019C	sp|P32350|KNS1_YEAST
4932.YLL021W	sp|P23201|SPA2_YEAST
4932.YLL022C	sp|Q12373|HIF1_YEAST
4932.YLL023C	sp|Q12164|POM33_YEAST
4932.YLL026W	sp|P31539|HS104_YEAST
4932.YLL028W	sp|Q07824|TPO1_YEAST
4932.YLL029W	sp|Q07825|FRA1_YEAST
4932.YLL031C	sp|Q07830|GPI13_YEAST
4932.YLL032C	sp|Q07834|YL032_YEAST
4932.YLL034C	sp|Q07844|RIX7_YEAST
4932.YLL035W	sp|Q07845|GRC3_YEAST
4932.YLL036C	sp|P32523|PRP19_YEAST
4932.YLL038C	sp|Q07872|ENT4_YEAST
4932.YLL040C	sp|Q07878|VPS13_YEAST
4932.YLL041C	sp|P21801|DHSB_YEAST
4932.YLL043W	sp|P23900|FPS1_YEAST
4932.YLL048C	sp|P32386|YBT1_YEAST
4932.YLL050C	sp|Q03048|COFI_YEAST
4932.YLL054C	sp|Q12244|YL054_YEAST
4932.YLL060C	sp|Q12390|GST2_YEAST
4932.YLL062C	sp|Q12525|MHT1_YEAST
4932.YLL066C	sp|Q07888|YL067_YEAST
4932.YOR396W	sp|Q07888|YL067_YEAST
4932.YLL067C	sp|Q99208|YL066_YEAST
4932.YLR466W	sp|Q99208|YL066_YEAST
4932.YML133C	sp|Q99208|YL066_YEAST
4932.YNL339C	sp|Q99208|YL066_YEAST
4932.YLR001C	sp|Q07895|YL001_YEAST
4932.YLR002C	sp|Q07896|NOC3_YEAST
4932.YLR003C	sp|Q07897|CMS1_YEAST
4932.YLR005W	sp|Q04673|SSL1_YEAST
4932.YLR006C	sp|Q07084|SSK1_YEAST
4932.YLR007W	sp|Q07913|NSE1_YEAST
4932.YLR008C	sp|Q07914|TIM14_YEAST
4932.YLR009W	sp|Q07915|RLP24_YEAST
4932.YLR015W	sp|P43132|BRE2_YEAST
4932.YLR016C	sp|Q07930|PML1_YEAST
4932.YLR017W	sp|Q07938|MTAP_YEAST
4932.YLR018C	sp|Q12445|POM34_YEAST
4932.YLR019W	sp|Q07949|PSR2_YEAST
4932.YLR020C	sp|Q07950|YEH2_YEAST
4932.YLR021W	sp|Q07951|POC3_YEAST
4932.YLR022C	sp|Q07953|SDO1_YEAST
4932.YLR024C	sp|Q07963|UBR2_YEAST
4932.YLR025W	sp|P39929|SNF7_YEAST
4932.YLR026C	sp|Q01590|SED5_YEAST
4932.YLR027C	sp|P23542|AATC_YEAST
4932.YLR028C	sp|P54113|PUR91_YEAST
4932.YLR029C	sp|P54780|RL15B_YEAST
4932.YMR121C	sp|P54780|RL15B_YEAST
4932.YLR032W	sp|P32849|RAD5_YEAST
4932.YLR033W	sp|Q07979|RSC58_YEAST
4932.YLR034C	sp|Q12078|SMF3_YEAST
4932.YLR038C	sp|Q01519|COX12_YEAST
4932.YLR039C	sp|P40395|RIC1_YEAST
4932.YLR043C	sp|P22217|TRX1_YEAST
4932.YLR044C	sp|P06169|PDC1_YEAST
4932.YLR045C	sp|P46675|STU2_YEAST
4932.YLR050C	sp|Q12155|YL050_YEAST
4932.YLR051C	sp|Q12035|FCF2_YEAST
4932.YLR052W	sp|Q12345|IES3_YEAST
4932.YLR055C	sp|P38915|SPT8_YEAST
4932.YLR056W	sp|P32353|ERG3_YEAST
4932.YLR057W	sp|Q12205|MNL2_YEAST
4932.YLR058C	sp|P37291|GLYC_YEAST
4932.YLR059C	sp|P54964|ORN_YEAST
4932.YLR060W	sp|P15624|SYFB_YEAST
4932.YLR061W	sp|P05749|RL22A_YEAST
4932.YLR063W	sp|Q12291|YL063_YEAST
4932.YLR064W	sp|Q12144|PER33_YEAST
4932.YLR065C	sp|Q99382|ENV10_YEAST
4932.YLR066W	sp|Q12133|SPC3_YEAST
4932.YLR068W	sp|Q12247|FYV7_YEAST
4932.YLR069C	sp|P25039|EFGM_YEAST
4932.YLR070C	sp|Q07993|XYL2_YEAST
4932.YLR071C	sp|P19263|MED14_YEAST
4932.YLR072W	sp|Q08001|YL072_YEAST
4932.YLR074C	sp|Q08004|BUD20_YEAST
4932.YLR075W	sp|P41805|RL10_YEAST
4932.YLR077W	sp|Q08023|FMP25_YEAST
4932.YLR078C	sp|P25385|BOS1_YEAST
4932.YLR079W	sp|P38634|SIC1_YEAST
4932.YLR080W	sp|Q12396|EMP46_YEAST
4932.YLR081W	sp|P13181|GAL2_YEAST
4932.YLR082C	sp|Q12020|SRL2_YEAST
4932.YLR083C	sp|P32802|TMN1_YEAST
4932.YLR084C	sp|Q12465|RAX2_YEAST
4932.YLR085C	sp|Q12509|ARP6_YEAST
4932.YLR086W	sp|Q12267|SMC4_YEAST
4932.YLR088W	sp|P39012|GAA1_YEAST
4932.YLR089C	sp|P52893|ALAM_YEAST
4932.YLR090W	sp|P39102|XDJ1_YEAST
4932.YLR093C	sp|Q12255|NYV1_YEAST
4932.YLR095C	sp|Q12072|IOC2_YEAST
4932.YLR096W	sp|P13186|KIN2_YEAST
4932.YLR097C	sp|Q12347|HRT3_YEAST
4932.YLR098C	sp|P43634|CHA4_YEAST
4932.YLR099W-A	sp|Q3E798|YL099_YEAST
4932.YLR100W	sp|Q12452|ERG27_YEAST
4932.YLR103C	sp|Q08032|CDC45_YEAST
4932.YLR104W	sp|Q08045|LCL2_YEAST
4932.YLR105C	sp|P16658|SEN2_YEAST
4932.YLR106C	sp|Q12019|MDN1_YEAST
4932.YLR107W	sp|Q12090|REXO3_YEAST
4932.YLR108C	sp|Q12259|YL108_YEAST
4932.YLR109W	sp|P38013|AHP1_YEAST
4932.YLR110C	sp|Q12127|CCW12_YEAST
4932.YLR113W	sp|P32485|HOG1_YEAST
4932.YLR114C	sp|Q12500|AVL9_YEAST
4932.YLR115W	sp|Q12102|CFT2_YEAST
4932.YLR116W	sp|Q12186|BBP_YEAST
4932.YLR117C	sp|Q12309|CLF1_YEAST
4932.YLR118C	sp|Q12354|APTH1_YEAST
4932.YLR119W	sp|Q99176|SRN2_YEAST
4932.YLR120C	sp|P32329|YPS1_YEAST
4932.YLR121C	sp|Q12303|YPS3_YEAST
4932.YLR126C	sp|Q12288|YL126_YEAST
4932.YLR128W	sp|Q12395|DCN1_YEAST
4932.YLR129W	sp|Q12220|UTP12_YEAST
4932.YLR130C	sp|Q12436|ZRT2_YEAST
4932.YLR131C	sp|P21192|ACE2_YEAST
4932.YLR133W	sp|P20485|KICH_YEAST
4932.YLR134W	sp|P16467|PDC5_YEAST
4932.YLR135W	sp|Q12098|SLX4_YEAST
4932.YLR137W	sp|Q12367|RKM5_YEAST
4932.YLR141W	sp|Q02983|RRN5_YEAST
4932.YLR142W	sp|P09368|PUT1_YEAST
4932.YLR143W	sp|Q12429|DPH6_YEAST
4932.YLR144C	sp|Q12168|ENG2_YEAST
4932.YLR146C	sp|Q12455|SPSY_YEAST
4932.YLR147C	sp|P43321|SMD3_YEAST
4932.YLR148W	sp|P27801|PEP3_YEAST
4932.YLR150W	sp|P39015|STM1_YEAST
4932.YLR153C	sp|P52910|ACS2_YEAST
4932.YLR154C	sp|Q12338|RNH2C_YEAST
4932.YLR157C-B	sp|Q12414|YP11B_YEAST
4932.YLR227W-B	sp|Q12414|YP11B_YEAST
4932.YPL257W-B	sp|Q12414|YP11B_YEAST
4932.YLR160C	sp|P11163|ASP24_YEAST
4932.YLR163C	sp|P10507|MPPB_YEAST
4932.YLR166C	sp|Q06245|SEC10_YEAST
4932.YLR167W	sp|P05759|RS27A_YEAST
4932.YLR168C	sp|P35200|UPS2_YEAST
4932.YLR172C	sp|P32469|DPH5_YEAST
4932.YLR174W	sp|P41939|IDHC_YEAST
4932.YLR175W	sp|P33322|CBF5_YEAST
4932.YLR177W	sp|Q06251|YL177_YEAST
4932.YLR178C	sp|P14306|CPYI_YEAST
4932.YLR179C	sp|Q06252|YL179_YEAST
4932.YLR181C	sp|Q06263|VTA1_YEAST
4932.YLR182W	sp|P09959|SWI6_YEAST
4932.YLR186W	sp|Q06287|NEP1_YEAST
4932.YLR187W	sp|Q06315|SKG3_YEAST
4932.YLR188W	sp|P33310|MDL1_YEAST
4932.YLR189C	sp|Q06321|ATG26_YEAST
4932.YLR190W	sp|Q06324|MMR1_YEAST
4932.YLR192C	sp|Q05775|EIF3J_YEAST
4932.YLR195C	sp|P14743|NMT_YEAST
4932.YLR196W	sp|P21304|PWP1_YEAST
4932.YLR197W	sp|Q12460|NOP56_YEAST
4932.YLR199C	sp|Q05778|POC1_YEAST
4932.YLR200W	sp|P52553|PFD6_YEAST
4932.YLR203C	sp|P32335|MSS51_YEAST
4932.YLR206W	sp|Q05785|ENT2_YEAST
4932.YLR207W	sp|Q05787|HRD3_YEAST
4932.YLR208W	sp|Q04491|SEC13_YEAST
4932.YLR209C	sp|Q05788|PNPH_YEAST
4932.YLR212C	sp|P53378|TBG_YEAST
4932.YLR214W	sp|P32791|FRE1_YEAST
4932.YLR215C	sp|Q05791|CD123_YEAST
4932.YLR216C	sp|P53691|PPID_YEAST
4932.YLR219W	sp|Q05812|MSC3_YEAST
4932.YLR220W	sp|P47818|CCC1_YEAST
4932.YLR221C	sp|Q05942|RSA3_YEAST
4932.YLR222C	sp|Q05946|UTP13_YEAST
4932.YLR225C	sp|Q05948|YL225_YEAST
4932.YLR228C	sp|Q05958|ECM22_YEAST
4932.YLR229C	sp|P19073|CDC42_YEAST
4932.YLR231C	sp|Q05979|KYNU_YEAST
4932.YLR233C	sp|P17214|EST1_YEAST
4932.YLR234W	sp|P13099|TOP3_YEAST
4932.YLR237W	sp|Q05998|THI7_YEAST
4932.YLR238W	sp|Q06001|FAR10_YEAST
4932.YLR240W	sp|P22543|VPS34_YEAST
4932.YLR241W	sp|Q06538|YL241_YEAST
4932.YLR243W	sp|Q06543|GPN3_YEAST
4932.YLR244C	sp|Q01662|MAP1_YEAST
4932.YLR245C	sp|Q06549|CDD_YEAST
4932.YLR247C	sp|Q06554|IRC20_YEAST
4932.YLR248W	sp|P38623|RCK2_YEAST
4932.YLR249W	sp|P16521|EF3A_YEAST
4932.YLR250W	sp|P39931|SS120_YEAST
4932.YLR253W	sp|Q06567|YL253_YEAST
4932.YLR256W	sp|C8ZDL9|HAP1_YEAS8
4932.YLR256W-A	sp|Q92392|YO11A_YEAST
4932.YML040W	sp|Q92392|YO11A_YEAST
4932.YOL103W-A	sp|Q92392|YO11A_YEAST
4932.YPR158C-C	sp|Q92392|YO11A_YEAST
4932.YLR257W	sp|Q06146|YL257_YEAST
4932.YLR258W	sp|P27472|GYS2_YEAST
4932.YLR259C	sp|P19882|HSP60_YEAST
4932.YLR260W	sp|Q06147|LCB5_YEAST
4932.YLR262C	sp|Q99260|YPT6_YEAST
4932.YLR262C-A	sp|Q3E764|TMA7_YEAST
4932.YLR263W	sp|P14291|RED1_YEAST
4932.YLR264W	sp|Q3E7X9|RS28A_YEAST
4932.YOR167C	sp|Q3E7X9|RS28A_YEAST
4932.YLR267W	sp|Q06150|BOP2_YEAST
4932.YLR268W	sp|P22214|SEC22_YEAST
4932.YLR270W	sp|Q06151|DCPS_YEAST
4932.YLR272C	sp|Q06156|CND1_YEAST
4932.YLR274W	sp|P29496|MCM5_YEAST
4932.YLR276C	sp|Q06218|DBP9_YEAST
4932.YLR277C	sp|Q06224|YSH1_YEAST
4932.YLR278C	sp|Q05854|YL278_YEAST
4932.YLR283W	sp|Q05867|YL283_YEAST
4932.YLR284C	sp|Q05871|ECI1_YEAST
4932.YLR285W	sp|Q05874|NNT1_YEAST
4932.YLR286C	sp|P29029|CHIT_YEAST
4932.YLR287C	sp|Q05881|YL287_YEAST
4932.YLR288C	sp|Q02574|MEC3_YEAST
4932.YLR290C	sp|Q05892|YL290_YEAST
4932.YLR291C	sp|P32502|EI2BB_YEAST
4932.YLR292C	sp|P39742|SEC72_YEAST
4932.YLR293C	sp|P32836|GSP2_YEAST
4932.YOR185C	sp|P32836|GSP2_YEAST
4932.YLR295C	sp|Q12349|ATP14_YEAST
4932.YLR299W	sp|Q05902|ECM38_YEAST
4932.YLR300W	sp|P23776|EXG1_YEAST
4932.YLR301W	sp|Q05905|HRI1_YEAST
4932.YLR303W	sp|P06106|MET17_YEAST
4932.YLR304C	sp|P19414|ACON_YEAST
4932.YLR305C	sp|P37297|STT4_YEAST
4932.YLR306W	sp|P52491|UBC12_YEAST
4932.YLR309C	sp|Q06704|IMH1_YEAST
4932.YLR310C	sp|P04821|CDC25_YEAST
4932.YLR312W-A	sp|P36523|RM15_YEAST
4932.YLR314C	sp|P32457|CDC3_YEAST
4932.YLR315W	sp|Q06162|NKP2_YEAST
4932.YLR319C	sp|P41697|BUD6_YEAST
4932.YLR321C	sp|Q06168|SFH1_YEAST
4932.YLR324W	sp|Q06169|PEX30_YEAST
4932.YLR325C	sp|P49167|RL38_YEAST
4932.YLR327C	sp|Q06177|TMA10_YEAST
4932.YLR328W	sp|Q06178|NMA1_YEAST
4932.YLR330W	sp|Q12114|CHS5_YEAST
4932.YLR332W	sp|P36027|MID2_YEAST
4932.YLR335W	sp|P32499|NUP2_YEAST
4932.YLR336C	sp|Q06132|SGD1_YEAST
4932.YLR337C	sp|P37370|VRP1_YEAST
4932.YLR340W	sp|P05317|RLA0_YEAST
4932.YLR342W	sp|P38631|FKS1_YEAST
4932.YLR345W	sp|Q06137|YL345_YEAST
4932.YLR347C	sp|Q06142|IMB1_YEAST
4932.YLR348C	sp|Q06143|DIC1_YEAST
4932.YLR350W	sp|Q06144|ORM2_YEAST
4932.YLR351C	sp|P49954|NIT3_YEAST
4932.YLR352W	sp|Q06479|YL352_YEAST
4932.YLR354C	sp|P15019|TAL1_YEAST
4932.YLR355C	sp|P06168|ILV5_YEAST
4932.YLR356W	sp|Q06485|ATG33_YEAST
4932.YLR357W	sp|Q06488|RSC2_YEAST
4932.YLR359W	sp|Q05911|PUR8_YEAST
4932.YLR361C-A	sp|Q3E795|YL361_YEAST
4932.YLR362W	sp|P23561|STE11_YEAST
4932.YLR363W-A	sp|Q3E747|YL363_YEAST
4932.YLR364W	sp|Q05926|GLRX8_YEAST
4932.YLR368W	sp|Q05930|MDM30_YEAST
4932.YLR369W	sp|Q05931|HSP7Q_YEAST
4932.YLR370C	sp|Q05933|ARPC3_YEAST
4932.YLR371W	sp|P51862|ROM2_YEAST
4932.YLR372W	sp|P40319|ELO3_YEAST
4932.YLR373C	sp|Q05934|VID22_YEAST
4932.YLR375W	sp|Q05937|STP3_YEAST
4932.YLR377C	sp|P09201|F16P_YEAST
4932.YLR378C	sp|P32915|SC61A_YEAST
4932.YLR380W	sp|Q06705|CSR1_YEAST
4932.YLR381W	sp|Q12748|CTF3_YEAST
4932.YLR382C	sp|P11325|SYLM_YEAST
4932.YLR384C	sp|Q06706|ELP1_YEAST
4932.YLR385C	sp|Q06707|SWC7_YEAST
4932.YLR386W	sp|Q06708|VAC14_YEAST
4932.YLR387C	sp|Q06709|REH1_YEAST
4932.YLR389C	sp|Q06010|STE23_YEAST
4932.YLR390W-A	sp|O13547|CCW14_YEAST
4932.YLR393W	sp|P18496|ATP10_YEAST
4932.YLR395C	sp|P04039|COX8_YEAST
4932.YLR396C	sp|P20795|VPS33_YEAST
4932.YLR397C	sp|P32794|AFG2_YEAST
4932.YLR398C	sp|P35207|SKI2_YEAST
4932.YLR399C	sp|P35817|BDF1_YEAST
4932.YLR401C	sp|Q06053|DUS3_YEAST
4932.YLR403W	sp|P32432|SFP1_YEAST
4932.YLR405W	sp|Q06063|DUS4_YEAST
4932.YLR409C	sp|Q06078|UTP21_YEAST
4932.YLR410W	sp|Q06685|VIP1_YEAST
4932.YLR411W	sp|Q06686|CTR3_YEAST
4932.YLR413W	sp|Q06689|YL413_YEAST
4932.YLR414C	sp|Q06991|PUN1_YEAST
4932.YLR417W	sp|Q06696|VPS36_YEAST
4932.YLR418C	sp|Q06697|CDC73_YEAST
4932.YLR419W	sp|Q06698|YL419_YEAST
4932.YLR420W	sp|P20051|PYRC_YEAST
4932.YLR421C	sp|O13563|RPN13_YEAST
4932.YLR426W	sp|Q06417|TDA5_YEAST
4932.YLR427W	sp|Q06436|MAG2_YEAST
4932.YLR429W	sp|Q06440|CORO_YEAST
4932.YLR430W	sp|Q00416|SEN1_YEAST
4932.YLR431C	sp|Q06671|ATG23_YEAST
4932.YLR433C	sp|P23287|PP2B1_YEAST
4932.YLR435W	sp|Q06672|TSR2_YEAST
4932.YLR436C	sp|Q06673|ECM30_YEAST
4932.YLR438C-A	sp|P57743|LSM3_YEAST
4932.YLR438W	sp|P07991|OAT_YEAST
4932.YLR439W	sp|P36517|RM04_YEAST
4932.YLR440C	sp|Q12745|SEC39_YEAST
4932.YLR441C	sp|P33442|RS3A1_YEAST
4932.YML063W	sp|P33442|RS3A1_YEAST
4932.YLR442C	sp|P06701|SIR3_YEAST
4932.YLR447C	sp|P32366|VA0D_YEAST
4932.YLR448W	sp|Q02326|RL6A_YEAST
4932.YML073C	sp|Q02326|RL6A_YEAST
4932.YLR449W	sp|Q06205|FKBP4_YEAST
4932.YLR450W	sp|P12684|HMDH2_YEAST
4932.YLR451W	sp|P08638|LEUR_YEAST
4932.YLR452C	sp|P11972|SST2_YEAST
4932.YLR454W	sp|Q06179|FMP27_YEAST
4932.YLR459W	sp|P41733|CDC91_YEAST
4932.YLR464W	sp|P89887|YL464_YEAST
4932.YML001W	sp|P32939|YPT7_YEAST
4932.YML004C	sp|P50107|LGUL_YEAST
4932.YML005W	sp|Q04235|TYW2_YEAST
4932.YML007W	sp|P19880|YAP1_YEAST
4932.YML008C	sp|P25087|ERG6_YEAST
4932.YML010W	sp|P27692|SPT5_YEAST
4932.YML011C	sp|Q04231|RAD33_YEAST
4932.YML012W	sp|P54837|TMEDA_YEAST
4932.YML013W	sp|Q04228|UBX2_YEAST
4932.YML014W	sp|P49957|TRM9_YEAST
4932.YML015C	sp|Q04226|TAF11_YEAST
4932.YML016C	sp|P26570|PPZ1_YEAST
4932.YML017W	sp|P50109|PSP2_YEAST
4932.YML019W	sp|Q03723|OST6_YEAST
4932.YML020W	sp|Q03722|YMC0_YEAST
4932.YML021C	sp|P12887|UNG_YEAST
4932.YML022W	sp|P49435|APT1_YEAST
4932.YML024W	sp|P02407|RS17A_YEAST
4932.YML025C	sp|P51998|RL4P_YEAST
4932.YML026C	sp|P35271|RS18B_YEAST
4932.YML028W	sp|P34760|TSA1_YEAST
4932.YML029W	sp|Q03714|USA1_YEAST
4932.YML030W	sp|Q03713|RCF1_YEAST
4932.YML031W	sp|P32500|NDC1_YEAST
4932.YML032C	sp|P06778|RAD52_YEAST
4932.YML034W	sp|Q03707|SRC1_YEAST
4932.YML035C	sp|P15274|AMPD_YEAST
4932.YML036W	sp|Q03705|CG121_YEAST
4932.YML041C	sp|Q03433|VPS71_YEAST
4932.YML042W	sp|P32796|CACP_YEAST
4932.YML043C	sp|Q04712|RRN11_YEAST
4932.YML046W	sp|P39682|PRP39_YEAST
4932.YML048W	sp|Q04697|GSF2_YEAST
4932.YML049C	sp|Q04693|RSE1_YEAST
4932.YML051W	sp|P04387|GAL80_YEAST
4932.YML052W	sp|P54003|SUR7_YEAST
4932.YML054C	sp|P00175|CYB2_YEAST
4932.YML055W	sp|Q04969|SPC2_YEAST
4932.YML057W	sp|P14747|PP2B2_YEAST
4932.YML058W	sp|Q04964|SML1_YEAST
4932.YML059C	sp|Q04958|NTE1_YEAST
4932.YML061C	sp|P07271|PIF1_YEAST
4932.YML062C	sp|P33441|MFT1_YEAST
4932.YML064C	sp|P38987|TEM1_YEAST
4932.YML065W	sp|P54784|ORC1_YEAST
4932.YML067C	sp|Q04651|ERV41_YEAST
4932.YML069W	sp|Q04636|POB3_YEAST
4932.YML070W	sp|P54838|DAK1_YEAST
4932.YML071C	sp|Q04632|COG8_YEAST
4932.YML072C	sp|Q03640|TCB3_YEAST
4932.YML074C	sp|P38911|FKBP3_YEAST
4932.YML075C	sp|P12683|HMDH1_YEAST
4932.YML076C	sp|Q03631|WAR1_YEAST
4932.YML077W	sp|Q03630|BET5_YEAST
4932.YML078W	sp|P25719|CYPC_YEAST
4932.YML079W	sp|Q03629|YMH9_YEAST
4932.YML080W	sp|P53759|DUS1_YEAST
4932.YML081C-A	sp|P81450|ATP18_YEAST
4932.YML081W	sp|Q04545|TDA9_YEAST
4932.YML082W	sp|Q04533|METX_YEAST
4932.YML085C	sp|P09734|TBA3_YEAST
4932.YML124C	sp|P09734|TBA3_YEAST
4932.YML086C	sp|P54783|ALO_YEAST
4932.YML088W	sp|Q04511|UFO1_YEAST
4932.YML091C	sp|Q02773|RPM2_YEAST
4932.YML092C	sp|P23639|PSA2_YEAST
4932.YML093W	sp|Q04500|UTP14_YEAST
4932.YML094W	sp|Q04493|PFD5_YEAST
4932.YML095C	sp|P06838|RAD10_YEAST
4932.YML096W	sp|Q04489|ASND1_YEAST
4932.YML097C	sp|P54787|VPS9_YEAST
4932.YML099C	sp|P05085|ARGR2_YEAST
4932.YML100W	sp|P38427|TSL1_YEAST
4932.YML101C	sp|Q04201|CUE4_YEAST
4932.YML102W	sp|Q04199|CAC2_YEAST
4932.YML103C	sp|P52593|NU188_YEAST
4932.YML105C	sp|P29478|SEC65_YEAST
4932.YML106W	sp|P13298|PYRE_YEAST
4932.YML109W	sp|P54786|ZDS2_YEAST
4932.YML110C	sp|P49017|COQ5_YEAST
4932.YML111W	sp|Q03758|BUL2_YEAST
4932.YML112W	sp|P46963|CTK3_YEAST
4932.YML114C	sp|Q03750|TAF8_YEAST
4932.YML115C	sp|P23642|VAN1_YEAST
4932.YML117W	sp|Q03735|NAB6_YEAST
4932.YML119W	sp|Q03208|YML9_YEAST
4932.YML120C	sp|P32340|NDI1_YEAST
4932.YML121W	sp|Q00582|GTR1_YEAST
4932.YML123C	sp|P25297|PHO84_YEAST
4932.YML125C	sp|Q12746|PGA3_YEAST
4932.YML126C	sp|P54839|HMCS_YEAST
4932.YML127W	sp|Q03124|RSC9_YEAST
4932.YML128C	sp|Q03104|MSC1_YEAST
4932.YML129C	sp|P39103|COX14_YEAST
4932.YML130C	sp|Q03103|ERO1_YEAST
4932.YML131W	sp|Q03102|YMN1_YEAST
4932.YMR001C	sp|P32562|CDC5_YEAST
4932.YMR002W	sp|Q03667|MIC17_YEAST
4932.YMR003W	sp|Q03673|AIM34_YEAST
4932.YMR004W	sp|P40959|MVP1_YEAST
4932.YMR005W	sp|P50105|TAF4_YEAST
4932.YMR006C	sp|Q03674|PLB2_YEAST
4932.YMR008C	sp|P39105|PLB1_YEAST
4932.YMR009W	sp|Q03677|MTND_YEAST
4932.YMR011W	sp|P23585|HXT2_YEAST
4932.YMR012W	sp|Q03690|CLU_YEAST
4932.YMR014W	sp|Q04347|BUD22_YEAST
4932.YMR015C	sp|P54781|ERG5_YEAST
4932.YMR016C	sp|P53438|SOK2_YEAST
4932.YMR019W	sp|P50104|STB4_YEAST
4932.YMR020W	sp|P50264|FMS1_YEAST
4932.YMR022W	sp|Q02159|UBC7_YEAST
4932.YMR024W	sp|P36516|RM03_YEAST
4932.YMR026C	sp|Q04370|PEX12_YEAST
4932.YMR027W	sp|Q04371|YMR7_YEAST
4932.YMR028W	sp|Q04372|TAP42_YEAST
4932.YMR029C	sp|Q05040|FAR8_YEAST
4932.YMR030W	sp|Q05043|RSF1_YEAST
4932.YMR031C	sp|Q05050|EIS1_YEAST
4932.YMR032W	sp|Q05080|CYK2_YEAST
4932.YMR033W	sp|Q05123|ARP9_YEAST
4932.YMR037C	sp|P33748|MSN2_YEAST
4932.YMR038C	sp|P40202|CCS1_YEAST
4932.YMR039C	sp|P54000|SUB1_YEAST
4932.YMR041C	sp|Q04212|ARA2_YEAST
4932.YMR043W	sp|P11746|MCM1_YEAST
4932.YMR044W	sp|Q04213|IOC4_YEAST
4932.YMR047C	sp|Q02630|NU116_YEAST
4932.YMR048W	sp|Q04659|CSM3_YEAST
4932.YMR049C	sp|Q04660|ERB1_YEAST
4932.YMR054W	sp|P37296|STV1_YEAST
4932.YMR056C	sp|P04710|ADT1_YEAST
4932.YMR058W	sp|P38993|FET3_YEAST
4932.YMR060C	sp|P50110|SAM37_YEAST
4932.YMR061W	sp|P25298|RNA14_YEAST
4932.YMR062C	sp|Q04728|ARGJ_YEAST
4932.YMR064W	sp|P32493|AEP1_YEAST
4932.YMR065W	sp|Q04746|KAR5_YEAST
4932.YMR066W	sp|Q04748|SOV1_YEAST
4932.YMR067C	sp|P54730|UBX4_YEAST
4932.YMR070W	sp|P54785|MOT3_YEAST
4932.YMR071C	sp|Q04767|TVP18_YEAST
4932.YMR072W	sp|Q02486|ABF2_YEAST
4932.YMR073C	sp|Q04772|IRC21_YEAST
4932.YMR074C	sp|Q04773|YMW4_YEAST
4932.YMR075W	sp|Q04779|RCO1_YEAST
4932.YMR076C	sp|Q04264|PDS5_YEAST
4932.YMR078C	sp|P49956|CTF18_YEAST
4932.YMR079W	sp|P24280|SEC14_YEAST
4932.YMR080C	sp|P30771|NAM7_YEAST
4932.YMR083W	sp|P07246|ADH3_YEAST
4932.YMR086W	sp|Q04279|YMX6_YEAST
4932.YMR087W	sp|Q04299|YMX7_YEAST
4932.YMR089C	sp|P40341|YTA12_YEAST
4932.YMR090W	sp|Q04304|YMY0_YEAST
4932.YMR091C	sp|P32832|RSC7_YEAST
4932.YMR092C	sp|P46680|AIP1_YEAST
4932.YMR093W	sp|Q04305|UTP15_YEAST
4932.YMR094W	sp|P35203|CBF3C_YEAST
4932.YMR095C	sp|Q03144|SNO1_YEAST
4932.YMR096W	sp|Q03148|SNZ1_YEAST
4932.YMR099C	sp|Q03161|YMY9_YEAST
4932.YMR102C	sp|Q03177|YMZ2_YEAST
4932.YMR104C	sp|P18961|YPK2_YEAST
4932.YMR105C	sp|P37012|PGM2_YEAST
4932.YMR106C	sp|Q04437|KU80_YEAST
4932.YMR107W	sp|Q04438|SPG4_YEAST
4932.YMR108W	sp|P07342|ILVB_YEAST
4932.YMR109W	sp|Q04439|MYO5_YEAST
4932.YMR110C	sp|Q04458|HFD1_YEAST
4932.YMR111C	sp|Q04461|YM01_YEAST
4932.YMR112C	sp|Q99278|MED11_YEAST
4932.YMR113W	sp|Q12676|FOLD_YEAST
4932.YMR114C	sp|Q04471|YM04_YEAST
4932.YMR115W	sp|Q04472|MGR3_YEAST
4932.YMR116C	sp|P38011|GBLP_YEAST
4932.YMR117C	sp|Q04477|SPC24_YEAST
4932.YMR120C	sp|P38009|PUR92_YEAST
4932.YMR123W	sp|Q03880|PKR1_YEAST
4932.YMR125W	sp|P34160|NCBP1_YEAST
4932.YMR128W	sp|Q04217|DHR1_YEAST
4932.YMR129W	sp|P39685|PO152_YEAST
4932.YMR130W	sp|Q04223|YM14_YEAST
4932.YMR131C	sp|Q04225|RRB1_YEAST
4932.YMR134W	sp|P40207|YM17_YEAST
4932.YMR135C	sp|P40208|GID8_YEAST
4932.YMR137C	sp|P30620|PSO2_YEAST
4932.YMR139W	sp|P38615|RIM11_YEAST
4932.YMR140W	sp|P40210|SIP5_YEAST
4932.YMR143W	sp|P40213|RS16A_YEAST
4932.YMR144W	sp|P40214|YM22_YEAST
4932.YMR145C	sp|P40215|NDH1_YEAST
4932.YMR146C	sp|P40217|EIF3I_YEAST
4932.YMR148W	sp|P40219|OSW5_YEAST
4932.YMR149W	sp|Q02795|OSTD_YEAST
4932.YMR150C	sp|P28627|IMP1_YEAST
4932.YMR152W	sp|P28625|YIM1_YEAST
4932.YMR153W	sp|Q03790|NUP53_YEAST
4932.YMR157C	sp|Q03798|AIM36_YEAST
4932.YMR158W	sp|Q03799|RT08_YEAST
4932.YMR159C	sp|Q03818|ATG16_YEAST
4932.YMR161W	sp|P48353|HLJ1_YEAST
4932.YMR162C	sp|Q12674|ATC8_YEAST
4932.YMR165C	sp|P32567|PAH1_YEAST
4932.YMR166C	sp|Q03829|YM39_YEAST
4932.YMR168C	sp|P40969|CBF3B_YEAST
4932.YMR169C	sp|P54114|ALDH3_YEAST
4932.YMR170C	sp|P54114|ALDH3_YEAST
4932.YMR171C	sp|Q03212|EAR1_YEAST
4932.YMR172W	sp|Q03213|HOT1_YEAST
4932.YMR173W	sp|P18899|DDR48_YEAST
4932.YMR174C	sp|P01094|IPA3_YEAST
4932.YMR176W	sp|Q03214|ECM5_YEAST
4932.YMR177W	sp|Q03218|MMT1_YEAST
4932.YMR178W	sp|Q03219|YM44_YEAST
4932.YMR183C	sp|P39926|SSO2_YEAST
4932.YMR184W	sp|Q03233|ADD37_YEAST
4932.YMR186W	sp|P15108|HSC82_YEAST
4932.YPL240C	sp|P15108|HSC82_YEAST
4932.YMR188C	sp|Q03246|RT17_YEAST
4932.YMR189W	sp|P49095|GCSP_YEAST
4932.YMR192W	sp|Q04322|GYL1_YEAST
4932.YMR193W	sp|P36525|RM24_YEAST
4932.YMR194W	sp|P05745|RL36A_YEAST
4932.YPL249C-A	sp|P05745|RL36A_YEAST
4932.YMR196W	sp|Q04336|YM54_YEAST
4932.YMR197C	sp|Q04338|VTI1_YEAST
4932.YMR199W	sp|P20437|CG11_YEAST
4932.YMR200W	sp|Q03691|ROT1_YEAST
4932.YMR201C	sp|P28519|RAD14_YEAST
4932.YMR202W	sp|P32352|ERG2_YEAST
4932.YMR203W	sp|P23644|TOM40_YEAST
4932.YMR205C	sp|P16862|K6PF2_YEAST
4932.YMR206W	sp|Q03695|YM58_YEAST
4932.YMR207C	sp|P32874|HFA1_YEAST
4932.YMR208W	sp|P07277|KIME_YEAST
4932.YMR209C	sp|Q03648|YM59_YEAST
4932.YMR210W	sp|Q03649|YM60_YEAST
4932.YMR212C	sp|Q03653|EFR3_YEAST
4932.YMR214W	sp|P25303|SCJ1_YEAST
4932.YMR215W	sp|Q03655|GAS3_YEAST
4932.YMR216C	sp|Q03656|SKY1_YEAST
4932.YMR217W	sp|P38625|GUAA_YEAST
4932.YMR218C	sp|Q03660|TR130_YEAST
4932.YMR219W	sp|Q03661|ESC1_YEAST
4932.YMR220W	sp|P24521|ERG8_YEAST
4932.YMR221C	sp|Q04991|FMP42_YEAST
4932.YMR222C	sp|Q05015|FSH2_YEAST
4932.YMR223W	sp|P50102|UBP8_YEAST
4932.YMR224C	sp|P32829|MRE11_YEAST
4932.YMR225C	sp|P19956|RM44_YEAST
4932.YMR226C	sp|Q05016|YM71_YEAST
4932.YMR227C	sp|Q05021|TAF7_YEAST
4932.YMR228W	sp|P14908|MTF1_YEAST
4932.YMR229C	sp|Q05022|RRP5_YEAST
4932.YMR230W	sp|Q08745|RS10A_YEAST
4932.YOR293W	sp|Q08745|RS10A_YEAST
4932.YMR231W	sp|P12868|PEP5_YEAST
4932.YMR233W	sp|Q05024|TRI1_YEAST
4932.YMR234W	sp|Q04740|RNH1_YEAST
4932.YMR235C	sp|P11745|RNA1_YEAST
4932.YMR236W	sp|Q05027|TAF9_YEAST
4932.YMR237W	sp|Q05029|BCH1_YEAST
4932.YMR238W	sp|Q05031|DFG5_YEAST
4932.YMR239C	sp|Q02555|RNT1_YEAST
4932.YMR240C	sp|Q02554|CUS1_YEAST
4932.YMR241W	sp|Q04013|YHM2_YEAST
4932.YMR243C	sp|P20107|ZRC1_YEAST
4932.YMR244C-A	sp|Q3E846|COA6_YEAST
4932.YMR246W	sp|P47912|LCF4_YEAST
4932.YMR247C	sp|Q04781|LTN1_YEAST
4932.YMR250W	tr|D0VFN3|D0VFN3_YEASX
4932.YMR253C	sp|Q04835|YM87_YEAST
4932.YMR255W	sp|Q04839|GFD1_YEAST
4932.YMR256C	sp|P10174|COX7_YEAST
4932.YMR258C	sp|Q04847|ROY1_YEAST
4932.YMR259C	sp|Q03496|TR732_YEAST
4932.YMR260C	sp|P38912|IF1A_YEAST
4932.YMR261C	sp|P38426|TPS3_YEAST
4932.YMR262W	sp|P38430|YM8C_YEAST
4932.YMR263W	sp|P38429|SAP30_YEAST
4932.YMR264W	sp|P38428|CUE1_YEAST
4932.YMR265C	sp|Q03508|YM8F_YEAST
4932.YMR266W	sp|Q03516|RSN1_YEAST
4932.YMR267W	sp|P28239|IPYR2_YEAST
4932.YMR268C	sp|P49960|PRP24_YEAST
4932.YMR270C	sp|P53437|RRN9_YEAST
4932.YMR271C	sp|P30402|PYRX_YEAST
4932.YMR272C	sp|Q03529|SCS7_YEAST
4932.YMR275C	sp|P48524|BUL1_YEAST
4932.YMR276W	sp|P48510|DSK2_YEAST
4932.YMR277W	sp|Q03254|FCP1_YEAST
4932.YMR278W	sp|Q03262|PGM3_YEAST
4932.YMR280C	sp|P39113|CAT8_YEAST
4932.YMR282C	sp|P22136|AEP2_YEAST
4932.YMR284W	sp|P32807|KU70_YEAST
4932.YMR285C	sp|Q03264|NGL2_YEAST
4932.YMR286W	sp|P20084|RM33_YEAST
4932.YMR287C	sp|P39112|DSS1_YEAST
4932.YMR288W	sp|P49955|SF3B1_YEAST
4932.YMR289W	sp|Q03266|PABC_YEAST
4932.YMR290C	sp|Q03532|HAS1_YEAST
4932.YMR291W	sp|Q03533|TDA1_YEAST
4932.YMR292W	sp|Q03554|GOT1_YEAST
4932.YMR294W	sp|P36224|JNM1_YEAST
4932.YMR295C	sp|Q03559|YM8V_YEAST
4932.YMR296C	sp|P25045|LCB1_YEAST
4932.YMR297W	sp|P00729|CBPY_YEAST
4932.YMR298W	sp|Q03579|LIP1_YEAST
4932.YMR300C	sp|P04046|PUR1_YEAST
4932.YMR301C	sp|P40416|ATM1_YEAST
4932.YMR302C	sp|P32843|YME2_YEAST
4932.YMR303C	sp|P00331|ADH2_YEAST
4932.YOL086C	sp|P00331|ADH2_YEAST
4932.YMR304W	sp|P50101|UBP15_YEAST
4932.YMR305C	sp|Q04951|SCW10_YEAST
4932.YMR306W	sp|Q04952|FKS3_YEAST
4932.YMR307W	sp|P22146|GAS1_YEAST
4932.YMR308C	sp|P32337|IMB3_YEAST
4932.YMR309C	sp|P32497|EIF3C_YEAST
4932.YMR310C	sp|Q04867|YM91_YEAST
4932.YMR311C	sp|P41818|GLC8_YEAST
4932.YMR312W	sp|Q04868|ELP6_YEAST
4932.YMR313C	sp|P40308|TGL3_YEAST
4932.YMR314W	sp|P40302|PSA6_YEAST
4932.YMR315W	sp|Q04869|YM94_YEAST
4932.YMR318C	sp|Q04894|ADH6_YEAST
4932.YMR319C	sp|P40988|FET4_YEAST
4932.YMR321C	sp|Q08985|SAM4_YEAST
4932.YPL273W	sp|Q08985|SAM4_YEAST
4932.YMR322C	sp|Q08914|HSP33_YEAST
4932.YOR391C	sp|Q08914|HSP33_YEAST
4932.YMR323W	sp|Q12007|ERR2_YEAST
4932.YPL281C	sp|Q12007|ERR2_YEAST
4932.YNL001W	sp|P33309|DOM34_YEAST
4932.YNL002C	sp|P40693|RLP7_YEAST
4932.YNL003C	sp|P38921|PET8_YEAST
4932.YNL004W	sp|P38922|HRB1_YEAST
4932.YNL005C	sp|P12687|RM02_YEAST
4932.YNL006W	sp|P41318|LST8_YEAST
4932.YNL007C	sp|P25294|SIS1_YEAST
4932.YNL009W	sp|P53982|IDHH_YEAST
4932.YNL010W	sp|P53981|YNB0_YEAST
4932.YNL014W	sp|P53978|EF3B_YEAST
4932.YNL015W	sp|P0CT05|IPB1_YEASX
4932.YNL015W	sp|P01095|IPB2_YEAST
4932.YNL016W	sp|P32588|PUB1_YEAST
4932.YNL020C	sp|P53974|ARK1_YEAST
4932.YNL021W	sp|P53973|HDA1_YEAST
4932.YNL022C	sp|P53972|YNC2_YEAST
4932.YNL023C	sp|P53971|FAP1_YEAST
4932.YNL024C-A	sp|Q8TGJ3|KISH_YEAST
4932.YNL025C	sp|P47821|SSN8_YEAST
4932.YNL026W	sp|P53969|SAM50_YEAST
4932.YNL027W	sp|P53968|CRZ1_YEAST
4932.YNL030W	sp|P02309|H4_YEAST
4932.YBR009C	sp|P02309|H4_YEAST
4932.YNL031C	sp|P61830|H3_YEAST
4932.YNL032W	sp|P53965|SIW14_YEAST
4932.YNL035C	sp|P53962|YND5_YEAST
4932.YNL036W	sp|P53615|CAN_YEAST
4932.YNL037C	sp|P28834|IDH1_YEAST
4932.YNL039W	sp|P46678|TFC5_YEAST
4932.YNL040W	sp|P53960|YNE0_YEAST
4932.YNL041C	sp|P53959|COG6_YEAST
4932.YNL042W	sp|P53958|BOP3_YEAST
4932.YNL044W	sp|P53633|PRA1_YEAST
4932.YNL045W	sp|Q10740|LKHA4_YEAST
4932.YNL048W	sp|P53954|ALG11_YEAST
4932.YNL049C	sp|P53953|SFB2_YEAST
4932.YNL050C	sp|P53952|YNF0_YEAST
4932.YNL051W	sp|P53951|COG5_YEAST
4932.YNL052W	sp|P00424|COX5A_YEAST
4932.YNL054W	sp|P53950|VAC7_YEAST
4932.YNL055C	sp|P04840|VDAC1_YEAST
4932.YNL056W	sp|P53949|OCA2_YEAST
4932.YNL058C	sp|P53947|YNF8_YEAST
4932.YNL059C	sp|P53946|ARP5_YEAST
4932.YNL061W	sp|P40991|NOP2_YEAST
4932.YNL062C	sp|P41814|TRM6_YEAST
4932.YNL064C	sp|P25491|MAS5_YEAST
4932.YNL066W	sp|P53616|SUN4_YEAST
4932.YNL068C	sp|P41813|FKH2_YEAST
4932.YNL070W	sp|P53507|TOM7_YEAST
4932.YNL071W	sp|P12695|ODP2_YEAST
4932.YNL072W	sp|P53942|RNH2A_YEAST
4932.YNL073W	sp|P32048|SYKM_YEAST
4932.YNL074C	sp|P32047|MLF3_YEAST
4932.YNL075W	sp|P53941|IMP4_YEAST
4932.YNL076W	sp|P34072|MKS1_YEAST
4932.YNL079C	sp|P17536|TPM1_YEAST
4932.YNL080C	sp|P53938|EOS1_YEAST
4932.YNL081C	sp|P53937|SWS2_YEAST
4932.YNL084C	sp|P39013|END3_YEAST
4932.YNL085W	sp|P40850|MKT1_YEAST
4932.YNL087W	sp|P48231|TCB2_YEAST
4932.YNL088W	sp|P06786|TOP2_YEAST
4932.YNL090W	sp|P06781|RHO2_YEAST
4932.YNL091W	sp|P53935|NST1_YEAST
4932.YNL093W	sp|P36019|YPT53_YEAST
4932.YNL095C	sp|P53932|YNJ5_YEAST
4932.YNL096C	sp|P48164|RS7B_YEAST
4932.YNL097C	sp|P50947|PHO23_YEAST
4932.YNL098C	sp|P01120|RAS2_YEAST
4932.YNL099C	sp|P50946|OCA1_YEAST
4932.YNL100W	sp|P50945|AIM37_YEAST
4932.YNL102W	sp|P13382|DPOA_YEAST
4932.YNL103W	sp|P32389|MET4_YEAST
4932.YNL104C	sp|P06208|LEU1_YEAST
4932.YNL106C	sp|P50942|INP52_YEAST
4932.YNL107W	sp|P53930|AF9_YEAST
4932.YNL108C	sp|P53929|YNK8_YEAST
4932.YNL110C	sp|P53927|NOP15_YEAST
4932.YNL111C	sp|P40312|CYB5_YEAST
4932.YNL112W	sp|P24783|DBP2_YEAST
4932.YNL113W	sp|P28000|RPAC2_YEAST
4932.YNL115C	sp|P53925|YNL5_YEAST
4932.YNL116W	sp|P53924|DMA2_YEAST
4932.YNL117W	sp|A6ZRW6|MASY_YEAS7
4932.YNL118C	sp|A6ZRW5|DCP2_YEAS7
4932.YNL119W	sp|P53923|CTU2_YEAST
4932.YNL121C	sp|P07213|TOM70_YEAST
4932.YNL123W	sp|P53920|NM111_YEAST
4932.YNL124W	sp|P53919|NAF1_YEAST
4932.YNL125C	sp|P53918|ESBP6_YEAST
4932.YNL126W	sp|P53540|SPC98_YEAST
4932.YNL127W	sp|P53917|FAR11_YEAST
4932.YNL128W	sp|P53916|TEP1_YEAST
4932.YNL129W	sp|P53915|NRK1_YEAST
4932.YNL131W	sp|P49334|TOM22_YEAST
4932.YNL132W	sp|P53914|KRE33_YEAST
4932.YNL134C	sp|P53912|YNN4_YEAST
4932.YNL135C	sp|P20081|FKBP_YEAST
4932.YNL136W	sp|P53911|EAF7_YEAST
4932.YNL137C	sp|P27929|NAM9_YEAST
4932.YNL138W	sp|P17555|CAP_YEAST
4932.YNL139C	sp|P53552|THO2_YEAST
4932.YNL141W	sp|P53909|ADE_YEAST
4932.YNL142W	sp|P41948|MEP2_YEAST
4932.YNL147W	sp|P53905|LSM7_YEAST
4932.YNL148C	sp|P53904|TBCB_YEAST
4932.YNL149C	sp|P53903|PGA2_YEAST
4932.YNL151C	sp|P17890|RPC7_YEAST
4932.YNL153C	sp|P53900|PFD4_YEAST
4932.YNL154C	sp|P23292|KC12_YEAST
4932.YNL155W	sp|P53899|YNP5_YEAST
4932.YNL156C	sp|P53898|NSG2_YEAST
4932.YNL157W	sp|P53897|IGO1_YEAST
4932.YNL158W	sp|P53896|PGA1_YEAST
4932.YNL160W	sp|P38616|YGP1_YEAST
4932.YNL161W	sp|P53894|CBK1_YEAST
4932.YNL162W	sp|P02405|RL44B_YEAST
4932.YNL163C	sp|P53893|RIA1_YEAST
4932.YNL164C	sp|P53892|IBD2_YEAST
4932.YNL166C	sp|P53890|BNI5_YEAST
4932.YNL167C	sp|Q02100|SKO1_YEAST
4932.YNL168C	sp|P53889|FMP41_YEAST
4932.YNL169C	sp|P39006|PSD1_YEAST
4932.YNL172W	sp|P53886|APC1_YEAST
4932.YNL173C	sp|P53885|MDG1_YEAST
4932.YNL175C	sp|P53883|NOP13_YEAST
4932.YNL177C	sp|P53881|RM22_YEAST
4932.YNL178W	sp|P05750|RS3_YEAST
4932.YNL180C	sp|P53879|RHO5_YEAST
4932.YNL181W	sp|P53878|YNS1_YEAST
4932.YNL182C	sp|P53877|IPI3_YEAST
4932.YNL183C	sp|P22211|NPR1_YEAST
4932.YNL185C	sp|P53875|RM19_YEAST
4932.YNL186W	sp|P53874|UBP10_YEAST
4932.YNL189W	sp|Q02821|IMA1_YEAST
4932.YNL191W	sp|P53871|DUG3_YEAST
4932.YNL192W	sp|P08004|CHS1_YEAST
4932.YNL193W	sp|P53870|YNT3_YEAST
4932.YNL195C	sp|P40168|YNT5_YEAST
4932.YNL197C	sp|P34761|WHI3_YEAST
4932.YNL199C	sp|Q01722|GCR2_YEAST
4932.YNL200C	sp|P40165|NNRE_YEAST
4932.YNL201C	sp|P40164|PP4R3_YEAST
4932.YNL202W	sp|P32573|SPS19_YEAST
4932.YNL206C	sp|P40161|RT106_YEAST
4932.YNL207W	sp|P40160|RIO2_YEAST
4932.YNL208W	sp|P40159|YNU8_YEAST
4932.YNL212W	sp|P40157|VID27_YEAST
4932.YNL215W	sp|P40154|IES2_YEAST
4932.YNL216W	sp|P11938|RAP1_YEAST
4932.YNL217W	sp|P40152|YNV7_YEAST
4932.YNL219C	sp|P53868|ALG9_YEAST
4932.YNL220W	sp|P80210|PURA_YEAST
4932.YNL221C	sp|P41812|POP1_YEAST
4932.YNL222W	sp|P53538|SSU72_YEAST
4932.YNL224C	sp|P53866|SQS1_YEAST
4932.YNL225C	sp|P53865|CNM67_YEAST
4932.YNL227C	sp|P53863|JJJ1_YEAST
4932.YNL229C	sp|P23202|URE2_YEAST
4932.YNL230C	sp|P53861|ELOA1_YEAST
4932.YNL231C	sp|P53860|PDR16_YEAST
4932.YNL232W	sp|P53859|CSL4_YEAST
4932.YNL233W	sp|P53858|BNI4_YEAST
4932.YNL236W	sp|P32259|MED16_YEAST
4932.YNL238W	sp|P13134|KEX2_YEAST
4932.YNL239W	sp|Q01532|BLH1_YEAST
4932.YNL240C	sp|P23503|NAR1_YEAST
4932.YNL241C	sp|P11412|G6PD_YEAST
4932.YNL243W	sp|P33338|SLA2_YEAST
4932.YNL244C	sp|P32911|SUI1_YEAST
4932.YNL246W	sp|P53853|VPS75_YEAST
4932.YNL247W	sp|P53852|SYC_YEAST
4932.YNL248C	sp|Q01080|RPA49_YEAST
4932.YNL249C	sp|P53583|MPA43_YEAST
4932.YNL250W	sp|P12753|RAD50_YEAST
4932.YNL251C	sp|P53617|NRD1_YEAST
4932.YNL252C	sp|P36528|RM17_YEAST
4932.YNL253W	sp|P53851|TEX1_YEAST
4932.YNL255C	sp|P53849|GIS2_YEAST
4932.YNL256W	sp|P53848|FOL1_YEAST
4932.YNL257C	sp|P38717|SIP3_YEAST
4932.YNL258C	sp|P53847|DSL1_YEAST
4932.YNL259C	sp|P38636|ATX1_YEAST
4932.YNL260C	sp|P53846|YN00_YEAST
4932.YNL261W	sp|P50874|ORC5_YEAST
4932.YNL262W	sp|P21951|DPOE_YEAST
4932.YNL263C	sp|P53845|YIF1_YEAST
4932.YNL264C	sp|P53844|PDR17_YEAST
4932.YNL265C	sp|P53843|IST1_YEAST
4932.YNL267W	sp|P39104|PIK1_YEAST
4932.YNL271C	sp|P41832|BNI1_YEAST
4932.YNL272C	sp|P17065|SEC2_YEAST
4932.YNL273W	sp|P53840|TOF1_YEAST
4932.YNL274C	sp|P53839|GOR1_YEAST
4932.YNL277W	sp|P08465|MET2_YEAST
4932.YNL278W	sp|P53836|CA120_YEAST
4932.YNL279W	sp|P53835|PRM1_YEAST
4932.YNL280C	sp|P32462|ERG24_YEAST
4932.YNL281W	sp|P53834|HCH1_YEAST
4932.YNL282W	sp|P53833|POP3_YEAST
4932.YNL284C	sp|P36520|RM10_YEAST
4932.YNL284C-A	sp|Q12391|YN11A_YEAST
4932.YNL286W	sp|P53830|CUS2_YEAST
4932.YNL287W	sp|P32074|COPG_YEAST
4932.YNL288W	sp|P53829|CAF40_YEAST
4932.YNL290W	sp|P38629|RFC3_YEAST
4932.YNL292W	sp|P48567|PUS4_YEAST
4932.YNL297C	sp|P48563|MON2_YEAST
4932.YNL298W	sp|P48562|CLA4_YEAST
4932.YNL302C	sp|P07281|RS19B_YEAST
4932.YOL121C	sp|P07281|RS19B_YEAST
4932.YNL305C	sp|P48558|BXI1_YEAST
4932.YNL306W	sp|P42847|RT18_YEAST
4932.YNL307C	sp|P21965|MCK1_YEAST
4932.YNL308C	sp|P42846|KRI1_YEAST
4932.YNL309W	sp|P42845|STB1_YEAST
4932.YNL310C	sp|P42844|ZIM17_YEAST
4932.YNL311C	sp|P42843|SKP2_YEAST
4932.YNL312W	sp|P26754|RFA2_YEAST
4932.YNL313C	sp|P42842|EMW1_YEAST
4932.YNL314W	sp|P21705|DAL82_YEAST
4932.YNL315C	sp|P32453|ATP11_YEAST
4932.YNL316C	sp|P32452|PHA2_YEAST
4932.YNL317W	sp|P42841|PFS2_YEAST
4932.YNL320W	sp|P42840|YN60_YEAST
4932.YNL321W	sp|P42839|VNX1_YEAST
4932.YNL323W	sp|P42838|LEM3_YEAST
4932.YNL326C	sp|P42836|PFA3_YEAST
4932.YNL327W	sp|P42835|EGT2_YEAST
4932.YNL329C	sp|P33760|PEX6_YEAST
4932.YNL330C	sp|P32561|RPD3_YEAST
4932.YNR001C	sp|P00890|CISY1_YEAST
4932.YNR003C	sp|P32910|RPC6_YEAST
4932.YNR006W	sp|P40343|VPS27_YEAST
4932.YNR007C	sp|P40344|ATG3_YEAST
4932.YNR008W	sp|P40345|PDAT_YEAST
4932.YNR009W	sp|P53718|NRM1_YEAST
4932.YNR010W	sp|P33308|MED9_YEAST
4932.YNR011C	sp|P20095|PRP2_YEAST
4932.YNR012W	sp|P27515|URK1_YEAST
4932.YNR013C	sp|P27514|PHO91_YEAST
4932.YNR015W	sp|P53720|DUS2_YEAST
4932.YNR016C	sp|Q00955|ACAC_YEAST
4932.YNR017W	sp|P32897|TIM23_YEAST
4932.YNR018W	sp|P53721|RCF2_YEAST
4932.YNR019W	sp|P53629|ARE2_YEAST
4932.YNR021W	sp|P53723|YN8B_YEAST
4932.YNR022C	sp|P53724|RM50_YEAST
4932.YNR023W	sp|P53628|SNF12_YEAST
4932.YNR024W	sp|P53725|MPP6_YEAST
4932.YNR026C	sp|P11655|SEC12_YEAST
4932.YNR027W	sp|P53727|BUD17_YEAST
4932.YNR028W	sp|P53728|CYP8_YEAST
4932.YNR029C	sp|P53729|YN8H_YEAST
4932.YNR030W	sp|P53730|ALG12_YEAST
4932.YNR031C	sp|P53599|SSK2_YEAST
4932.YNR032C-A	sp|Q6Q546|HUB1_YEAST
4932.YNR032W	sp|P32838|PP2A4_YEAST
4932.YNR033W	sp|P37254|PABS_YEAST
4932.YNR034W	sp|P50278|SOL1_YEAST
4932.YNR034W-A	sp|Q3E841|YN034_YEAST
4932.YNR035C	sp|P53731|ARPC2_YEAST
4932.YNR036C	sp|P53732|RT12_YEAST
4932.YNR037C	sp|P53733|RT19_YEAST
4932.YNR038W	sp|P53734|DBP6_YEAST
4932.YNR039C	sp|P53735|ZRG17_YEAST
4932.YNR040W	sp|P53736|YN8O_YEAST
4932.YNR043W	sp|P32377|MVD1_YEAST
4932.YNR046W	sp|P53738|TR112_YEAST
4932.YNR047W	sp|P53739|FPK1_YEAST
4932.YNR048W	sp|P53740|YN8S_YEAST
4932.YNR049C	sp|P53604|MSO1_YEAST
4932.YNR050C	sp|P38999|LYS9_YEAST
4932.YNR051C	sp|P53741|BRE5_YEAST
4932.YNR052C	sp|P39008|POP2_YEAST
4932.YNR053C	sp|P53742|NOG2_YEAST
4932.YNR054C	sp|P53743|ESF2_YEAST
4932.YNR057C	sp|P53630|BIOD_YEAST
4932.YNR060W	sp|P53746|FRE4_YEAST
4932.YNR065C	sp|P53751|YN94_YEAST
4932.YNR066C	sp|P53752|YN95_YEAST
4932.YNR067C	sp|P53753|ENG1_YEAST
4932.YNR070W	sp|P53756|PDR18_YEAST
4932.YNR072W	sp|P53631|HXT17_YEAST
4932.YNR073C	sp|P39941|DSF1_YEAST
4932.YNR074C	sp|P52923|AIF1_YEAST
4932.YOL004W	sp|P22579|SIN3_YEAST
4932.YOL005C	sp|P38902|RPB11_YEAST
4932.YOL006C	sp|P04786|TOP1_YEAST
4932.YOL008W	sp|Q08058|COQ10_YEAST
4932.YOL009C	sp|Q92328|MDM12_YEAST
4932.YOL010W	sp|Q08096|RCL1_YEAST
4932.YOL012C	sp|Q12692|H2AZ_YEAST
4932.YOL013C	sp|Q08109|HRD1_YEAST
4932.YOL016C	sp|P22517|KCC2_YEAST
4932.YOL018C	sp|Q08144|TLG2_YEAST
4932.YOL019W	sp|Q08157|YOL19_YEAST
4932.YOL021C	sp|Q08162|RRP44_YEAST
4932.YOL022C	sp|P25040|TSR4_YEAST
4932.YOL023W	sp|P25038|IF2M_YEAST
4932.YOL025W	sp|Q92325|LAG2_YEAST
4932.YOL027C	sp|Q08179|MDM38_YEAST
4932.YOL030W	sp|Q08193|GAS5_YEAST
4932.YOL031C	sp|Q08199|SIL1_YEAST
4932.YOL032W	sp|Q08202|OPI10_YEAST
4932.YOL033W	sp|P48525|SYEM_YEAST
4932.YOL034W	sp|Q08204|SMC5_YEAST
4932.YOL038W	sp|P40303|PSA4_YEAST
4932.YOL039W	sp|P05319|RLA2_YEAST
4932.YOL040C	sp|Q01855|RS15_YEAST
4932.YOL041C	sp|Q08208|NOP12_YEAST
4932.YOL042W	sp|Q08213|NGL1_YEAST
4932.YOL045W	sp|Q08217|PSK2_YEAST
4932.YOL049W	sp|Q08220|GSHB_YEAST
4932.YOL051W	sp|P19659|MED15_YEAST
4932.YOL052C	sp|P21182|DCAM_YEAST
4932.YOL054W	sp|Q12161|PSH1_YEAST
4932.YOL055C	sp|Q08224|THI20_YEAST
4932.YOL056W	sp|Q12326|PMG3_YEAST
4932.YOL057W	sp|Q08225|DPP3_YEAST
4932.YOL058W	sp|P22768|ASSY_YEAST
4932.YOL059W	sp|P41911|GPD2_YEAST
4932.YOL060C	sp|Q12296|MAM3_YEAST
4932.YOL061W	sp|Q12265|KPR5_YEAST
4932.YOL062C	sp|Q99186|AP2M_YEAST
4932.YOL063C	sp|Q08226|CRT10_YEAST
4932.YOL064C	sp|P32179|MET22_YEAST
4932.YOL065C	sp|Q08227|INP54_YEAST
4932.YOL066C	sp|Q12362|RIB2_YEAST
4932.YOL067C	sp|P32607|RTG1_YEAST
4932.YOL068C	sp|P53685|HST1_YEAST
4932.YOL069W	sp|P33895|NUF2_YEAST
4932.YOL070C	sp|Q08229|NBA1_YEAST
4932.YOL071W	sp|Q08230|SDHF2_YEAST
4932.YOL073C	sp|Q08232|YO073_YEAST
4932.YOL076W	sp|Q12387|NAA25_YEAST
4932.YOL077C	sp|Q08235|BRX1_YEAST
4932.YOL077W-A	sp|P81451|ATP19_YEAST
4932.YOL078W	sp|Q08236|AVO1_YEAST
4932.YOL080C	sp|Q08237|REXO4_YEAST
4932.YOL081W	sp|P19158|IRA2_YEAST
4932.YOL083W	sp|Q12292|ATG34_YEAST
4932.YOL084W	sp|Q12252|PHM7_YEAST
4932.YOL086W-A	sp|Q3E835|YO086_YEAST
4932.YOL087C	sp|Q99247|YO087_YEAST
4932.YOL088C	sp|Q99316|MPD2_YEAST
4932.YOL089C	sp|Q12180|HAL9_YEAST
4932.YOL090W	sp|P25847|MSH2_YEAST
4932.YOL092W	sp|Q12010|YO092_YEAST
4932.YOL093W	sp|Q12400|TRM10_YEAST
4932.YOL094C	sp|P40339|RFC4_YEAST
4932.YOL096C	sp|P27680|COQ3_YEAST
4932.YOL097C	sp|Q12109|SYWC_YEAST
4932.YOL098C	sp|Q12496|YO098_YEAST
4932.YOL100W	sp|Q12236|PKH2_YEAST
4932.YOL102C	sp|Q12272|TPT1_YEAST
4932.YOL107W	sp|Q12239|YO107_YEAST
4932.YOL108C	sp|P13902|INO4_YEAST
4932.YOL109W	sp|Q08245|ZEO1_YEAST
4932.YOL111C	sp|Q12285|MDY2_YEAST
4932.YOL113W	sp|Q12469|SKM1_YEAST
4932.YOL115W	sp|P53632|PAP2_YEAST
4932.YOL116W	sp|P22148|MSN1_YEAST
4932.YOL119C	sp|Q08268|MCH4_YEAST
4932.YOL120C	sp|P07279|RL18B_YEAST
4932.YOL123W	sp|Q99383|HRP1_YEAST
4932.YOL124C	sp|Q12463|TRM11_YEAST
4932.YOL125W	sp|Q12383|TRM13_YEAST
4932.YOL126C	sp|P22133|MDHC_YEAST
4932.YOL127W	sp|P04456|RL25_YEAST
4932.YOL128C	sp|Q12222|YGK3_YEAST
4932.YOL129W	sp|Q12016|VPS68_YEAST
4932.YOL130W	sp|Q08269|ALR1_YEAST
4932.YOL133W	sp|Q08273|RBX1_YEAST
4932.YOL135C	sp|Q08278|MED7_YEAST
4932.YOL137W	sp|Q08280|BSC6_YEAST
4932.YOL139C	sp|P07260|IF4E_YEAST
4932.YOL140W	sp|P18544|ARGD_YEAST
4932.YOL141W	sp|Q08282|LCMT2_YEAST
4932.YOL142W	sp|Q08285|RRP40_YEAST
4932.YOL143C	sp|P50861|RIB4_YEAST
4932.YOL144W	sp|Q08287|NOP8_YEAST
4932.YOL145C	sp|P89105|CTR9_YEAST
4932.YOL147C	sp|Q12462|PEX11_YEAST
4932.YOL148C	sp|P50875|SPT20_YEAST
4932.YOL149W	sp|Q12517|DCP1_YEAST
4932.YOL151W	sp|Q12068|GRE2_YEAST
4932.YOL152W	sp|Q12333|FRE7_YEAST
4932.YOL155C	sp|Q8TGE1|AWA1_YEASK
4932.YOL158C	sp|Q08299|ENB1_YEAST
4932.YOL159C-A	sp|Q3E769|YO59A_YEAST
4932.YOR001W	sp|Q12149|RRP6_YEAST
4932.YOR002W	sp|Q12001|ALG6_YEAST
4932.YOR004W	sp|Q12339|UTP23_YEAST
4932.YOR007C	sp|Q12118|SGT2_YEAST
4932.YOR008C	sp|P54867|SLG1_YEAST
4932.YOR011W	sp|Q08409|AUS1_YEAST
4932.YOR014W	sp|P38903|2A5D_YEAST
4932.YOR016C	sp|Q12450|ERP4_YEAST
4932.YOR017W	sp|P32606|PT127_YEAST
4932.YOR018W	sp|Q02805|ROD1_YEAST
4932.YOR020C	sp|P38910|CH10_YEAST
4932.YOR020W-A	sp|Q3E824|YO020_YEAST
4932.YOR021C	sp|Q12314|YO021_YEAST
4932.YOR022C	sp|Q12204|YOR22_YEAST
4932.YOR026W	sp|P26449|BUB3_YEAST
4932.YOR027W	sp|P15705|STI1_YEAST
4932.YOR028C	sp|P40917|YAP4_YEAST
4932.YOR032C	sp|Q12398|HMS1_YEAST
4932.YOR034C	sp|Q12013|AKR2_YEAST
4932.YOR035C	sp|P51534|SHE4_YEAST
4932.YOR038C	sp|P32480|HIR2_YEAST
4932.YOR039W	sp|P38930|CSK2C_YEAST
4932.YOR042W	sp|Q08412|CUE5_YEAST
4932.YOR043W	sp|P12611|WHI2_YEAST
4932.YOR045W	sp|P33448|TOM6_YEAST
4932.YOR046C	sp|P20449|DBP5_YEAST
4932.YOR048C	sp|Q02792|XRN2_YEAST
4932.YOR051C	sp|Q08421|ETT1_YEAST
4932.YOR054C	sp|Q08438|VHS3_YEAST
4932.YOR056C	sp|Q08444|NOB1_YEAST
4932.YOR057W	sp|Q08446|SGT1_YEAST
4932.YOR058C	sp|P50275|ASE1_YEAST
4932.YOR061W	sp|P19454|CSK22_YEAST
4932.YOR063W	sp|P14126|RL3_YEAST
4932.YOR065W	sp|P07143|CY1_YEAST
4932.YOR067C	sp|P40351|ALG8_YEAST
4932.YOR069W	sp|Q92331|VPS5_YEAST
4932.YOR074C	sp|P06785|TYSY_YEAST
4932.YOR075W	sp|P41834|UFE1_YEAST
4932.YOR076C	sp|Q08491|SKI7_YEAST
4932.YOR078W	sp|Q08492|BUD21_YEAST
4932.YOR080W	sp|Q08496|DIA2_YEAST
4932.YOR083W	sp|Q12416|WHI5_YEAST
4932.YOR084W	sp|Q12405|LPX1_YEAST
4932.YOR085W	sp|P48439|OST3_YEAST
4932.YOR086C	sp|Q12466|TCB1_YEAST
4932.YOR087W	sp|Q12324|YVC1_YEAST
4932.YOR089C	sp|P36017|VPS21_YEAST
4932.YOR090C	sp|Q12511|PP2C5_YEAST
4932.YOR091W	sp|Q12000|TMA46_YEAST
4932.YOR093C	sp|Q12275|YO093_YEAST
4932.YOR094W	sp|P40994|ARF3_YEAST
4932.YOR095C	sp|Q12189|RPIA_YEAST
4932.YOR096W	sp|P26786|RS7A_YEAST
4932.YOR098C	sp|P20676|NUP1_YEAST
4932.YOR099W	sp|P27810|KTR1_YEAST
4932.YOR100C	sp|Q12289|CRC1_YEAST
4932.YOR101W	sp|P01119|RAS1_YEAST
4932.YOR103C	sp|P46964|OST2_YEAST
4932.YOR106W	sp|Q12241|VAM3_YEAST
4932.YOR108W	sp|Q12166|LEU9_YEAST
4932.YOR109W	sp|Q12271|INP53_YEAST
4932.YOR110W	sp|Q12415|TFC7_YEAST
4932.YOR111W	sp|Q99210|YO111_YEAST
4932.YOR112W	sp|Q12453|CEX1_YEAST
4932.YOR113W	sp|P41696|AZF1_YEAST
4932.YOR115C	sp|Q99394|TRS33_YEAST
4932.YOR116C	sp|P04051|RPC1_YEAST
4932.YOR117W	sp|P33297|PRS6A_YEAST
4932.YOR118W	sp|Q12108|RTC5_YEAST
4932.YOR119C	sp|Q12196|RIO1_YEAST
4932.YOR120W	sp|P14065|GCY_YEAST
4932.YOR122C	sp|P07274|PROF_YEAST
4932.YOR123C	sp|P38439|LEO1_YEAST
4932.YOR124C	sp|Q01476|UBP2_YEAST
4932.YOR125C	sp|P41735|CAT5_YEAST
4932.YOR126C	sp|P41734|IAH1_YEAST
4932.YOR127W	sp|P39083|RGA1_YEAST
4932.YOR128C	sp|P21264|PUR6_YEAST
4932.YOR130C	sp|Q12375|ORT1_YEAST
4932.YOR131C	sp|Q12486|YOR31_YEAST
4932.YOR132W	sp|P32913|VPS17_YEAST
4932.YOR133W	sp|P32324|EF2_YEAST
4932.YDR385W	sp|P32324|EF2_YEAST
4932.YOR136W	sp|P28241|IDH2_YEAST
4932.YOR138C	sp|Q12242|RUP1_YEAST
4932.YOR140W	sp|P20134|SFL1_YEAST
4932.YOR141C	sp|Q12386|ARP8_YEAST
4932.YOR142W	sp|P53598|SUCA_YEAST
4932.YOR143C	sp|P35202|THI80_YEAST
4932.YOR144C	sp|Q12050|ELG1_YEAST
4932.YOR145C	sp|Q99216|PNO1_YEAST
4932.YOR150W	sp|Q12487|RM23_YEAST
4932.YOR151C	sp|P08518|RPB2_YEAST
4932.YOR152C	sp|Q99325|YO152_YEAST
4932.YOR153W	sp|P33302|PDR5_YEAST
4932.YOR155C	sp|Q99312|ISN1_YEAST
4932.YOR156C	sp|Q12216|SIZ2_YEAST
4932.YOR157C	sp|P25043|PSB2_YEAST
4932.YOR158W	sp|P17558|RTPT_YEAST
4932.YOR160W	sp|Q99189|MTR10_YEAST
4932.YOR162C	sp|Q12172|YRR1_YEAST
4932.YOR163W	sp|Q99321|DDP1_YEAST
4932.YOR164C	sp|Q12125|GET4_YEAST
4932.YOR165W	sp|Q99287|SEY1_YEAST
4932.YOR166C	sp|Q12104|SWT1_YEAST
4932.YOR168W	sp|P13188|SYQ_YEAST
4932.YOR171C	sp|Q12246|LCB4_YEAST
4932.YOR173W	sp|Q12123|DCS2_YEAST
4932.YOR174W	sp|Q12343|MED4_YEAST
4932.YOR175C	sp|Q08548|ALE1_YEAST
4932.YOR176W	sp|P16622|HEMH_YEAST
4932.YOR180C	sp|Q08558|DCI1_YEAST
4932.YOR181W	sp|Q12446|LAS17_YEAST
4932.YOR182C	sp|Q12087|RS30A_YEAST
4932.YOR184W	sp|P33330|SERC_YEAST
4932.YOR187W	sp|P02992|EFTU_YEAST
4932.YOR188W	sp|P21339|MSB1_YEAST
4932.YOR189W	sp|Q08561|IES4_YEAST
4932.YOR191W	sp|Q08562|ULS1_YEAST
4932.YOR192C	sp|Q08579|THI72_YEAST
4932.YOR193W	sp|Q08580|PEX27_YEAST
4932.YOR194C	sp|P32773|TOA1_YEAST
4932.YOR195W	sp|Q08581|SLK19_YEAST
4932.YOR196C	sp|P32875|LIPA_YEAST
4932.YOR197W	sp|Q08601|MCA1_YEAST
4932.YOR198C	sp|P38934|BFR1_YEAST
4932.YOR201C	sp|P25270|MRM1_YEAST
4932.YOR202W	sp|P06633|HIS7_YEAST
4932.YOR204W	sp|P06634|DED1_YEAST
4932.YOR205C	sp|Q08622|GEP3_YEAST
4932.YOR206W	sp|P39744|NOC2_YEAST
4932.YOR207C	sp|P22276|RPC2_YEAST
4932.YOR209C	sp|P39683|NPT1_YEAST
4932.YOR210W	sp|P22139|RPAB5_YEAST
4932.YOR211C	sp|P32266|MGM1_YEAST
4932.YOR212W	sp|P18851|GBB_YEAST
4932.YOR215C	sp|Q12032|AIM41_YEAST
4932.YOR216C	sp|Q12234|RUD3_YEAST
4932.YOR217W	sp|P38630|RFC1_YEAST
4932.YOR219C	sp|P33894|STE13_YEAST
4932.YOR220W	sp|Q12044|RCN2_YEAST
4932.YOR221C	sp|Q12283|FABD_YEAST
4932.YOR222W	sp|Q99297|ODC2_YEAST
4932.YOR224C	sp|P20436|RPAB3_YEAST
4932.YOR226C	sp|Q12056|ISU2_YEAST
4932.YOR227W	sp|Q12276|HER1_YEAST
4932.YOR229W	sp|Q12206|WTM2_YEAST
4932.YOR230W	sp|Q12363|WTM1_YEAST
4932.YOR231W	sp|P32490|MKK1_YEAST
4932.YOR232W	sp|P38523|GRPE_YEAST
4932.YOR233W	sp|Q01919|KIN4_YEAST
4932.YOR234C	sp|P41056|RL33B_YEAST
4932.YPL143W	sp|P41056|RL33B_YEAST
4932.YOR236W	sp|P07807|DYR_YEAST
4932.YOR238W	sp|Q08634|YO238_YEAST
4932.YOR239W	sp|Q08641|AB140_YEAST
4932.YOR241W	sp|Q08645|FOLE_YEAST
4932.YOR243C	sp|Q08647|PUS7_YEAST
4932.YOR244W	sp|Q08649|ESA1_YEAST
4932.YOR245C	sp|Q08650|DGAT2_YEAST
4932.YOR246C	sp|Q08651|ENV9_YEAST
4932.YOR250C	sp|Q08685|CLP1_YEAST
4932.YOR251C	sp|Q08686|THTR_YEAST
4932.YOR252W	sp|Q08687|TMA16_YEAST
4932.YOR253W	sp|Q08689|NAT5_YEAST
4932.YOR254C	sp|P14906|SEC63_YEAST
4932.YOR257W	sp|P06704|CDC31_YEAST
4932.YOR259C	sp|P53549|PRS10_YEAST
4932.YOR260W	sp|P09032|EI2BG_YEAST
4932.YOR261C	sp|Q08723|RPN8_YEAST
4932.YOR262W	sp|Q08726|GPN2_YEAST
4932.YOR265W	sp|P48606|TBCA_YEAST
4932.YOR267C	sp|Q08732|HRK1_YEAST
4932.YOR270C	sp|P32563|VPH1_YEAST
4932.YOR271C	sp|Q12029|FSF1_YEAST
4932.YOR272W	sp|Q12024|YTM1_YEAST
4932.YOR273C	sp|Q12256|TPO4_YEAST
4932.YOR275C	sp|Q12033|PALA_YEAST
4932.YOR276W	sp|P12962|CAF20_YEAST
4932.YOR278W	sp|P06174|HEM4_YEAST
4932.YOR279C	sp|Q12192|RFM1_YEAST
4932.YOR280C	sp|Q99369|FSH3_YEAST
4932.YOR281C	sp|Q12017|PLP2_YEAST
4932.YOR283W	sp|Q12040|YO283_YEAST
4932.YOR285W	sp|Q12305|RDL1_YEAST
4932.YOR286W	sp|Q08742|RDL2_YEAST
4932.YOR288C	sp|Q12404|MPD1_YEAST
4932.YOR289W	sp|Q12012|YO289_YEAST
4932.YOR290C	sp|P22082|SNF2_YEAST
4932.YOR291W	sp|Q12697|YPK9_YEAST
4932.YOR294W	sp|Q08746|RRS1_YEAST
4932.YOR298C-A	sp|O14467|MBF1_YEAST
4932.YOR299W	sp|Q08754|BUD7_YEAST
4932.YOR301W	sp|Q08760|RAX1_YEAST
4932.YOR303W	sp|P07258|CARA_YEAST
4932.YOR304W	sp|Q08773|ISW2_YEAST
4932.YOR308C	sp|Q12420|SNU66_YEAST
4932.YOR310C	sp|Q12499|NOP58_YEAST
4932.YOR311C	sp|Q12382|DGK1_YEAST
4932.YOR312C	sp|P0C2I0|RL20A_YEAST
4932.YOR316C	sp|P32798|COT1_YEAST
4932.YOR317W	sp|P30624|LCF1_YEAST
4932.YOR319W	sp|Q99181|HSH49_YEAST
4932.YOR320C	sp|Q12096|GNT1_YEAST
4932.YOR321W	sp|P47190|PMT3_YEAST
4932.YOR323C	sp|P54885|PROA_YEAST
4932.YOR326W	sp|P19524|MYO2_YEAST
4932.YOR327C	sp|P33328|SNC2_YEAST
4932.YOR328W	sp|P51533|PDR10_YEAST
4932.YOR329C	sp|P34758|SCD5_YEAST
4932.YOR330C	sp|P15801|DPOG_YEAST
4932.YOR332W	sp|P22203|VATE_YEAST
4932.YOR335C	sp|P40825|SYA_YEAST
4932.YOR336W	sp|P22023|KRE5_YEAST
4932.YOR337W	sp|P47988|TEA1_YEAST
4932.YOR340C	sp|P46669|RPA43_YEAST
4932.YOR341W	sp|P10964|RPA1_YEAST
4932.YOR343W-A	sp|Q12293|YO22A_YEAST
4932.YOR344C	sp|P33122|TYE7_YEAST
4932.YOR347C	sp|P52489|KPYK2_YEAST
4932.YOR348C	sp|P15380|PUT4_YEAST
4932.YOR352W	sp|Q08816|YO352_YEAST
4932.YOR353C	sp|Q08817|SOG2_YEAST
4932.YOR354C	sp|Q08818|MSC6_YEAST
4932.YOR355W	sp|P41913|GDS1_YEAST
4932.YOR356W	sp|Q08822|ETFD_YEAST
4932.YOR357C	sp|Q08826|SNX3_YEAST
4932.YOR359W	sp|Q08831|VTS1_YEAST
4932.YOR360C	sp|P06776|PDE2_YEAST
4932.YOR361C	sp|P06103|EIF3B_YEAST
4932.YOR362C	sp|P21242|PSA7_YEAST
4932.YOR363C	sp|P52960|PIP2_YEAST
4932.YOR367W	sp|Q08873|SCP1_YEAST
4932.YOR369C	sp|P48589|RS12_YEAST
4932.YOR370C	sp|P32864|RAEP_YEAST
4932.YOR371C	sp|Q08886|GPB1_YEAST
4932.YOR372C	sp|Q08887|NDD1_YEAST
4932.YOR373W	sp|P32336|NUD1_YEAST
4932.YOR374W	sp|P46367|ALDH4_YEAST
4932.YOR375C	sp|P07262|DHE4_YEAST
4932.YOR377W	sp|P40353|ATF1_YEAST
4932.YOR380W	sp|Q08904|RDR1_YEAST
4932.YOR386W	sp|P05066|PHR_YEAST
4932.YOR391C	sp|Q08992|HSP32_YEAST
4932.YPL280W	sp|Q08992|HSP32_YEAST
4932.YPL001W	sp|Q12341|HAT1_YEAST
4932.YPL003W	sp|Q12059|ULA1_YEAST
4932.YPL004C	sp|Q12230|LSP1_YEAST
4932.YPL007C	sp|Q12308|TFC8_YEAST
4932.YPL008W	sp|P22516|CHL1_YEAST
4932.YPL009C	sp|Q12532|TAE2_YEAST
4932.YPL010W	sp|P53600|COPZ_YEAST
4932.YPL011C	sp|Q12297|TAF3_YEAST
4932.YPL012W	sp|Q12754|RRP12_YEAST
4932.YPL013C	sp|Q02608|RT16_YEAST
4932.YPL016W	sp|P09547|SWI1_YEAST
4932.YPL017C	sp|Q02733|IRC15_YEAST
4932.YPL018W	sp|Q02732|CTF19_YEAST
4932.YPL019C	sp|Q02725|VTC3_YEAST
4932.YPL020C	sp|Q02724|ULP1_YEAST
4932.YPL022W	sp|P06777|RAD1_YEAST
4932.YPL023C	sp|P46151|MTHR1_YEAST
4932.YPL024W	sp|Q02685|RMI1_YEAST
4932.YPL028W	sp|P41338|THIL_YEAST
4932.YPL029W	sp|P32580|SUV3_YEAST
4932.YPL030W	sp|Q02648|TRM44_YEAST
4932.YPL031C	sp|P17157|PHO85_YEAST
4932.YPL032C	sp|Q03088|SVL3_YEAST
4932.YPL037C	sp|Q02642|NACB1_YEAST
4932.YPL038W	sp|Q03081|MET31_YEAST
4932.YPL040C	sp|P48526|SYIM_YEAST
4932.YPL042C	sp|P39073|SSN3_YEAST
4932.YPL043W	sp|P37838|NOP4_YEAST
4932.YPL045W	sp|Q03308|VPS16_YEAST
4932.YPL046C	sp|Q03071|ELOC_YEAST
4932.YPL047W	sp|Q03067|SGF11_YEAST
4932.YPL048W	sp|P29547|EF1G1_YEAST
4932.YPL049C	sp|Q03063|DIG1_YEAST
4932.YPL050C	sp|P39107|MNN9_YEAST
4932.YPL053C	sp|P54070|KTR6_YEAST
4932.YPL055C	sp|Q02796|LGE1_YEAST
4932.YPL058C	sp|Q02785|PDR12_YEAST
4932.YPL059W	sp|Q02784|GLRX5_YEAST
4932.YPL061W	sp|P54115|ALDH6_YEAST
4932.YPL063W	sp|Q02776|TIM50_YEAST
4932.YPL064C	sp|Q02770|CWC27_YEAST
4932.YPL065W	sp|Q02767|VPS28_YEAST
4932.YPL067C	sp|Q02754|YP067_YEAST
4932.YPL069C	sp|Q12051|GGPPS_YEAST
4932.YPL070W	sp|Q02866|MUK1_YEAST
4932.YPL072W	sp|Q02863|UBP16_YEAST
4932.YPL074W	sp|P40328|TBP6_YEAST
4932.YPL075W	sp|P07261|GCR1_YEAST
4932.YPL078C	sp|P05626|ATPF_YEAST
4932.YPL082C	sp|P32333|MOT1_YEAST
4932.YPL084W	sp|P48582|BRO1_YEAST
4932.YPL085W	sp|P48415|SEC16_YEAST
4932.YPL086C	sp|Q02908|ELP3_YEAST
4932.YPL087W	sp|Q02896|YDC1_YEAST
4932.YPL089C	sp|Q12224|RLM1_YEAST
4932.YPL090C	sp|P02365|RS6A_YEAST
4932.YPL091W	sp|P41921|GSHR_YEAST
4932.YPL093W	sp|Q02892|NOG1_YEAST
4932.YPL094C	sp|P21825|SEC62_YEAST
4932.YPL096W	sp|Q02890|PNG1_YEAST
4932.YPL097W	sp|P48527|SYYM_YEAST
4932.YPL098C	sp|Q02889|MGR2_YEAST
4932.YPL099C	sp|Q02888|AIM43_YEAST
4932.YPL100W	sp|Q02887|ATG21_YEAST
4932.YPL101W	sp|Q02884|ELP4_YEAST
4932.YPL104W	sp|P15179|SYDM_YEAST
4932.YPL105C	sp|Q02875|SYH1_YEAST
4932.YPL106C	sp|P32589|HSP7F_YEAST
4932.YPL109C	sp|Q02981|YP109_YEAST
4932.YPL110C	sp|Q02979|GDE1_YEAST
4932.YPL111W	sp|P00812|ARGI_YEAST
4932.YPL112C	sp|Q02969|PEX25_YEAST
4932.YPL115C	sp|P32873|BEM3_YEAST
4932.YPL116W	sp|Q02959|HOS3_YEAST
4932.YPL117C	sp|P15496|IDI1_YEAST
4932.YPL118W	sp|Q02950|RT51_YEAST
4932.YPL119C	sp|P24784|DBP1_YEAST
4932.YPL122C	sp|Q02939|TFB2_YEAST
4932.YPL123C	sp|Q02933|RNY1_YEAST
4932.YPL125W	sp|Q02932|KA120_YEAST
4932.YPL126W	sp|Q02931|UTP17_YEAST
4932.YPL127C	sp|P53551|H1_YEAST
4932.YPL128C	sp|Q02457|TBF1_YEAST
4932.YPL129W	sp|P35189|TAF14_YEAST
4932.YPL131W	sp|P26321|RL5_YEAST
4932.YPL132W	sp|P19516|COX11_YEAST
4932.YPL133C	sp|P19541|RDS2_YEAST
4932.YPL134C	sp|Q03028|ODC1_YEAST
4932.YPL135W	sp|Q03020|ISU1_YEAST
4932.YPL137C	sp|Q03016|GIP3_YEAST
4932.YPL139C	sp|Q03010|UME1_YEAST
4932.YPL140C	sp|P32491|MKK2_YEAST
4932.YPL144W	sp|Q12245|POC4_YEAST
4932.YPL145C	sp|P35844|KES1_YEAST
4932.YPL146C	sp|Q12080|NOP53_YEAST
4932.YPL147W	sp|P41909|PXA1_YEAST
4932.YPL151C	sp|Q12417|PRP46_YEAST
4932.YPL153C	sp|P22216|RAD53_YEAST
4932.YPL154C	sp|P07267|CARP_YEAST
4932.YPL160W	sp|P26637|SYLC_YEAST
4932.YPL161C	sp|P39011|BEM4_YEAST
4932.YPL162C	sp|Q12042|YP162_YEAST
4932.YPL169C	sp|Q99257|MEX67_YEAST
4932.YPL170W	sp|Q12091|DAP1_YEAST
4932.YPL171C	sp|P41816|OYE3_YEAST
4932.YPL173W	sp|P36534|RM40_YEAST
4932.YPL175W	sp|P32363|GPI3_YEAST
4932.YPL177C	sp|P41817|CUP9_YEAST
4932.YPL178W	sp|Q08920|NCBP2_YEAST
4932.YPL179W	sp|P32945|PPQ1_YEAST
4932.YPL180W	sp|Q08921|TCO89_YEAST
4932.YPL181W	sp|Q08923|CTI6_YEAST
4932.YPL183C	sp|Q08924|WDR6_YEAST
4932.YPL184C	sp|Q08925|MRN1_YEAST
4932.YPL186C	sp|Q08926|UIP4_YEAST
4932.YPL188W	sp|Q06892|POS5_YEAST
4932.YPL190C	sp|P38996|NAB3_YEAST
4932.YPL194W	sp|Q08949|DDC1_YEAST
4932.YPL195W	sp|Q08951|AP3D_YEAST
4932.YPL199C	sp|Q08954|YP199_YEAST
4932.YPL201C	sp|Q08956|YIG1_YEAST
4932.YPL203W	sp|P06245|KAPB_YEAST
4932.YPL204W	sp|P29295|HRR25_YEAST
4932.YPL206C	sp|Q08959|PGC1_YEAST
4932.YPL207W	sp|Q08960|TYW1_YEAST
4932.YPL208W	sp|Q08961|RKM1_YEAST
4932.YPL209C	sp|P38991|IPL1_YEAST
4932.YPL210C	sp|P38688|SRP72_YEAST
4932.YPL211W	sp|Q08962|NIP7_YEAST
4932.YPL212C	sp|Q12211|PUS1_YEAST
4932.YPL213W	sp|Q08963|RU2A_YEAST
4932.YPL214C	sp|P41835|THI6_YEAST
4932.YPL215W	sp|P21560|CBP3_YEAST
4932.YPL217C	sp|Q08965|BMS1_YEAST
4932.YPL218W	sp|P20606|SAR1_YEAST
4932.YPL220W	sp|P53030|RL1A_YEAST
4932.YPL221W	sp|Q08967|FLC1_YEAST
4932.YPL222W	sp|Q08968|FMP40_YEAST
4932.YPL223C	sp|Q08969|GRE1_YEAST
4932.YPL225W	sp|Q08971|YP225_YEAST
4932.YPL226W	sp|Q08972|NEW1_YEAST
4932.YPL227C	sp|P40350|ALG5_YEAST
4932.YPL228W	sp|O13297|CET1_YEAST
4932.YPL229W	sp|Q99395|YP229_YEAST
4932.YPL230W	sp|Q12132|USV1_YEAST
4932.YPL231W	sp|P19097|FAS2_YEAST
4932.YPL232W	sp|P32867|SSO1_YEAST
4932.YPL233W	sp|Q12143|NSL1_YEAST
4932.YPL234C	sp|P32842|VATL2_YEAST
4932.YPL235W	sp|Q12464|RUVB2_YEAST
4932.YPL237W	sp|P09064|IF2B_YEAST
4932.YPL239W	sp|P46683|YAR1_YEAST
4932.YPL242C	sp|Q12280|IQG1_YEAST
4932.YPL243W	sp|P38687|SRP68_YEAST
4932.YPL245W	sp|Q12179|YP245_YEAST
4932.YPL246C	sp|Q12270|RBD2_YEAST
4932.YPL247C	sp|Q12523|YP247_YEAST
4932.YPL248C	sp|P04386|GAL4_YEAST
4932.YPL249C	sp|Q12344|GYP5_YEAST
4932.YPL252C	sp|Q12184|ADRX_YEAST
4932.YPL254W	sp|Q12060|HFI1_YEAST
4932.YPL256C	sp|P20438|CG12_YEAST
4932.YPL257W-A	sp|Q6Q5H1|YP14A_YEAST
4932.YPL258C	sp|Q08975|THI21_YEAST
4932.YPL259C	sp|Q00776|AP1M1_YEAST
4932.YPL260W	sp|Q08977|YP260_YEAST
4932.YPL262W	sp|P08417|FUMH_YEAST
4932.YPL263C	sp|Q08979|KEL3_YEAST
4932.YPL265W	sp|P53388|DIP5_YEAST
4932.YPL266W	sp|P41819|DIM1_YEAST
4932.YPL270W	sp|P33311|MDL2_YEAST
4932.YPL271W	sp|P21306|ATP5E_YEAST
4932.YPL274W	sp|Q08986|SAM3_YEAST
4932.YPL283C	sp|Q08993|YP202_YEAST
4932.YPR202W	sp|Q08993|YP202_YEAST
4932.YPR001W	sp|P43635|CISY3_YEAST
4932.YPR002W	sp|Q12428|PRPD_YEAST
4932.YPR004C	sp|Q12480|ETFA_YEAST
4932.YPR008W	sp|Q12753|HAA1_YEAST
4932.YPR010C	sp|P22138|RPA2_YEAST
4932.YPR011C	sp|Q12251|YP011_YEAST
4932.YPR016C	sp|Q12522|IF6_YEAST
4932.YPR017C	sp|P32601|DSS4_YEAST
4932.YPR018W	sp|Q12495|RLF2_YEAST
4932.YPR019W	sp|P30665|MCM4_YEAST
4932.YPR020W	sp|Q12233|ATPN_YEAST
4932.YPR021C	sp|Q12482|AGC1_YEAST
4932.YPR022C	sp|Q12139|YP022_YEAST
4932.YPR023C	sp|Q12432|EAF3_YEAST
4932.YPR024W	sp|P32795|YME1_YEAST
4932.YPR025C	sp|P37366|CCL1_YEAST
4932.YPR028W	sp|Q12402|YOP1_YEAST
4932.YPR029C	sp|Q12028|AP1G1_YEAST
4932.YPR032W	sp|Q12038|SRO7_YEAST
4932.YPR033C	sp|P07263|SYH_YEAST
4932.YPR034W	sp|Q12406|ARP7_YEAST
4932.YPR035W	sp|P32288|GLNA_YEAST
4932.YPR036W	sp|P41807|VATH_YEAST
4932.YPR036W-A	sp|Q3E752|YP036_YEAST
4932.YPR037C	sp|Q12284|ERV2_YEAST
4932.YPR040W	sp|Q12199|TIP41_YEAST
4932.YPR041W	sp|P38431|IF5_YEAST
4932.YPR042C	sp|Q12221|PUF2_YEAST
4932.YPR043W	sp|P49631|RL43A_YEAST
4932.YPR047W	sp|P08425|SYFM_YEAST
4932.YPR048W	sp|Q12181|TAH18_YEAST
4932.YPR049C	sp|Q12527|ATG11_YEAST
4932.YPR051W	sp|Q03503|NAA30_YEAST
4932.YPR052C	sp|P11632|NHP6A_YEAST
4932.YPR054W	sp|P41808|SMK1_YEAST
4932.YPR055W	sp|P32855|SEC8_YEAST
4932.YPR056W	sp|Q12004|TFB4_YEAST
4932.YPR058W	sp|P32331|YMC1_YEAST
4932.YPR060C	sp|P32178|CHMU_YEAST
4932.YPR062W	sp|Q12178|FCY1_YEAST
4932.YPR063C	sp|Q12160|YP063_YEAST
4932.YPR067W	sp|Q12425|ISA2_YEAST
4932.YPR069C	sp|Q12074|SPEE_YEAST
4932.YPR070W	sp|Q12321|MED1_YEAST
4932.YPR072W	sp|Q12514|NOT5_YEAST
4932.YPR073C	sp|P40347|PPAL_YEAST
4932.YPR074C	sp|P23254|TKT1_YEAST
4932.YPR079W	sp|Q06815|MRL1_YEAST
4932.YPR080W	sp|P02994|EF1A_YEAST
4932.YPR081C	sp|Q06817|SYG2_YEAST
4932.YPR084W	sp|Q06821|YP084_YEAST
4932.YPR086W	sp|P29055|TF2B_YEAST
4932.YPR088C	sp|P20424|SRP54_YEAST
4932.YPR089W	sp|O13585|YP089_YEAST
4932.YPR091C	sp|Q06833|YP091_YEAST
4932.YPR093C	sp|Q06834|ASR1_YEAST
4932.YPR095C	sp|Q06836|SYT1_YEAST
4932.YPR097W	sp|Q06839|YP097_YEAST
4932.YPR100W	sp|Q06090|RM51_YEAST
4932.YPR103W	sp|P30656|PSB5_YEAST
4932.YPR104C	sp|P39521|FHL1_YEAST
4932.YPR105C	sp|Q06096|COG4_YEAST
4932.YPR107C	sp|Q06102|YTH1_YEAST
4932.YPR108W	sp|Q06103|RPN7_YEAST
4932.YPR110C	sp|P07703|RPAC1_YEAST
4932.YPR111W	sp|P32328|DBF20_YEAST
4932.YPR112C	sp|Q06106|MRD1_YEAST
4932.YPR113W	sp|P06197|PIS_YEAST
4932.YPR114W	sp|Q06107|YP114_YEAST
4932.YPR115W	sp|Q06108|RGC1_YEAST
4932.YPR118W	sp|Q06489|MTNA_YEAST
4932.YPR119W	sp|P24869|CG22_YEAST
4932.YPR120C	sp|P30283|CGS5_YEAST
4932.YPR124W	sp|P49573|CTR1_YEAST
4932.YPR125W	sp|Q06493|YLH47_YEAST
4932.YPR127W	sp|Q06494|PLR1_YEAST
4932.YPR128C	sp|Q06497|ANT1_YEAST
4932.YPR129W	sp|P45978|SCD6_YEAST
4932.YPR131C	sp|Q06504|NAT3_YEAST
4932.YPR132W	sp|P32827|RS23A_YEAST
4932.YPR133C	sp|Q06505|IWS1_YEAST
4932.YPR133W-A	sp|P80967|TOM5_YEAST
4932.YPR135W	sp|Q01454|CTF4_YEAST
4932.YPR137W	sp|Q06506|RRP9_YEAST
4932.YPR138C	sp|P53390|MEP3_YEAST
4932.YPR139C	sp|Q06508|LOA1_YEAST
4932.YPR140W	sp|Q06510|TAZ1_YEAST
4932.YPR141C	sp|P17119|KAR3_YEAST
4932.YPR143W	sp|Q06511|RRP15_YEAST
4932.YPR144C	sp|Q06512|NOC4_YEAST
4932.YPR145W	sp|P49089|ASNS1_YEAST
4932.YPR147C	sp|Q06522|YP147_YEAST
4932.YPR148C	sp|Q06523|YP148_YEAST
4932.YPR149W	sp|Q12207|NCE2_YEAST
4932.YPR152C	sp|Q06525|URN1_YEAST
4932.YPR154W	sp|Q06449|PIN3_YEAST
4932.YPR155C	sp|Q12374|NCA2_YEAST
4932.YPR156C	sp|Q06451|TPO3_YEAST
4932.YPR158C-D	sp|P0C2J1|YP14B_YEAST
4932.YPR159W	sp|P32486|KRE6_YEAST
4932.YPR160W	sp|P06738|PHSG_YEAST
4932.YPR161C	sp|P23293|BUR1_YEAST
4932.YPR162C	sp|P54791|ORC4_YEAST
4932.YPR163C	sp|P34167|IF4B_YEAST
4932.YPR164W	sp|Q06211|MMS1_YEAST
4932.YPR165W	sp|P06780|RHO1_YEAST
4932.YPR167C	sp|P18408|MET16_YEAST
4932.YPR168W	sp|Q06213|MED10_YEAST
4932.YPR169W	sp|Q06214|JIP5_YEAST
4932.YPR169W-A	sp|P0C5R9|YP17B_YEAST
4932.YPR170W-B	sp|P0C5R9|YP17B_YEAST
4932.YPR171W	sp|Q06604|BSP1_YEAST
4932.YPR172W	sp|Q06608|PDXH_YEAST
4932.YPR173C	sp|P52917|VPS4_YEAST
4932.YPR174C	sp|Q06616|YP174_YEAST
4932.YPR175W	sp|P24482|DPB2_YEAST
4932.YPR176C	sp|P20133|PGTB2_YEAST
4932.YPR178W	sp|P20053|PRP4_YEAST
4932.YPR179C	sp|Q06623|HDA3_YEAST
4932.YPR180W	sp|Q06624|RHC31_YEAST
4932.YPR181C	sp|P15303|SEC23_YEAST
4932.YPR182W	sp|P54999|RUXF_YEAST
4932.YPR183W	sp|P14020|DPM1_YEAST
4932.YPR184W	sp|Q06625|GDE_YEAST
4932.YPR187W	sp|P20435|RPAB2_YEAST
4932.YPR188C	sp|Q06580|MLC2_YEAST
4932.YPR189W	sp|P17883|SKI3_YEAST
4932.YPR190C	sp|P32349|RPC3_YEAST
4932.YPR191W	sp|P07257|QCR2_YEAST
4932.YAL028W	sp|P39734|HPH2_YEAST
4932.YAL031C	sp|P39732|GIP4_YEAST
4932.YBL005W	sp|P33200|PDR3_YEAST
4932.YBL018C	sp|P38208|POP8_YEAST
4932.YBL028C	sp|P38202|YBC8_YEAST
4932.YBL038W	sp|P38064|RM16_YEAST
4932.YBL107C	sp|P38162|YBK7_YEAST
4932.YBR097W	sp|P22219|VPS15_YEAST
4932.YBR257W	sp|P38336|POP4_YEAST
4932.YBR271W	sp|P38347|YB9P_YEAST
4932.YBR280C	sp|P38352|SAF1_YEAST
4932.YCL004W	sp|P25578|PGPS1_YEAST
4932.YCL008C	sp|P25604|STP22_YEAST
4932.YCL038C	sp|P25568|ATG22_YEAST
4932.YCL047C	sp|P25576|POF1_YEAST
4932.YCL052C	sp|P25580|PBN1_YEAST
4932.YCR007C	sp|P25354|YCP7_YEAST
4932.YCR063W	sp|P25337|BUD31_YEAST
4932.YDL030W	sp|P19736|PRP9_YEAST
4932.YDL035C	sp|Q12361|GPR1_YEAST
4932.YDL090C	sp|P22007|FNTB_YEAST
4932.YDL091C	sp|Q12229|UBX3_YEAST
4932.YDL093W	sp|P52867|PMT5_YEAST
4932.YDL098C	sp|Q12368|SNU23_YEAST
4932.YDL107W	sp|P40990|MSS2_YEAST
4932.YDL183C	sp|P48569|YD183_YEAST
4932.YDL217C	sp|Q12328|TIM22_YEAST
4932.YDL238C	sp|Q07729|GUAD_YEAST
4932.YDL248W	sp|Q07788|COS7_YEAST
4932.YJR161C	sp|Q07788|COS7_YEAST
4932.YDR006C	sp|P40317|SOK1_YEAST
4932.YDR018C	sp|Q12185|YD018_YEAST
4932.YDR052C	sp|P32325|DBF4_YEAST
4932.YDR057W	sp|Q99220|OS9_YEAST
4932.YDR069C	sp|P32571|UBP4_YEAST
4932.YDR111C	sp|P52892|ALAT_YEAST
4932.YDR147W	sp|Q03764|EKI1_YEAST
4932.YDR179C	sp|Q03981|CSN9_YEAST
4932.YDR191W	sp|P53688|HST4_YEAST
4932.YDR202C	sp|Q03956|RAV2_YEAST
4932.YDR222W	sp|Q04925|YDR22_YEAST
4932.YDR240C	sp|Q03782|SNU56_YEAST
4932.YDR243C	sp|P23394|PRP28_YEAST
4932.YDR252W	sp|P40314|NACB2_YEAST
4932.YDR253C	sp|Q12041|MET32_YEAST
4932.YDR336W	sp|Q05473|YD336_YEAST
4932.YDR350C	sp|P50273|ATP22_YEAST
4932.YDR410C	sp|P32584|STE14_YEAST
4932.YDR440W	sp|Q04089|DOT1_YEAST
4932.YDR444W	sp|Q04093|YD444_YEAST
4932.YDR488C	sp|P40960|PAC11_YEAST
4932.YDR514C	sp|Q04408|YD514_YEAST
4932.YDR538W	sp|P33751|PAD1_YEAST
4932.YER046W	sp|P40031|SPO73_YEAST
4932.YER054C	sp|P40036|GIP2_YEAST
4932.YER101C	sp|P39945|AST2_YEAST
4932.YER119C	sp|P40074|AVT6_YEAST
4932.YER153C	sp|P10355|PT122_YEAST
4932.YFL062W	sp|P53822|COS1_YEAST
4932.YNL336W	sp|P53822|COS1_YEAST
4932.YFR003C	sp|P43587|YPI1_YEAST
4932.YGL047W	sp|P53178|ALG13_YEAST
4932.YGL059W	sp|P53170|PKP2_YEAST
4932.YGL077C	sp|P19807|HNM1_YEAST
4932.YGL142C	sp|P30777|GPI10_YEAST
4932.YGL143C	sp|P30775|RF1M_YEAST
4932.YGL194C	sp|P53096|HOS2_YEAST
4932.YGL212W	sp|P32912|VAM7_YEAST
4932.YGL251C	sp|P51979|HFM1_YEAST
4932.YGL254W	tr|D0UZV3|D0UZV3_YEASX
4932.YGR026W	sp|P53217|YG1I_YEAST
4932.YGR091W	sp|P49704|PRP31_YEAST
4932.YGR122W	sp|P53272|YG34_YEAST
4932.YGR126W	sp|P53274|YG36_YEAST
4932.YGR129W	sp|P53277|SYF2_YEAST
4932.YGR201C	sp|P42936|YG4D_YEAST
4932.YGR220C	sp|P31334|RM09_YEAST
4932.YGR247W	sp|P53314|CPD1_YEAST
4932.YGR257C	sp|P53320|MTM1_YEAST
4932.YGR287C	sp|Q08295|IMA2_YEAST
4932.YJL221C	sp|Q08295|IMA2_YEAST
4932.YOL157C	sp|Q08295|IMA2_YEAST
4932.YHL006C	sp|P38751|SHU1_YEAST
4932.YHL024W	sp|P38741|RIM4_YEAST
4932.YHL048W	sp|P40588|YIW4_YEAST
4932.YHR031C	sp|P38766|RRM3_YEAST
4932.YHR032W	sp|P38767|ERC1_YEAST
4932.YHR080C	sp|P38800|YHO0_YEAST
4932.YHR083W	sp|P14693|SAM35_YEAST
4932.YHR100C	sp|P38812|GEP4_YEAST
4932.YHR105W	sp|P38815|YPT35_YEAST
4932.YHR116W	sp|P38824|COX23_YEAST
4932.YHR142W	sp|P38843|CHS7_YEAST
4932.YHR144C	sp|P06773|DCTD_YEAST
4932.YHR156C	sp|P38852|LIN1_YEAST
4932.YHR171W	sp|P38862|ATG7_YEAST
4932.YHR191C	sp|P38877|CTF8_YEAST
4932.YHR204W	sp|P38888|MNL1_YEAST
4932.YHR209W	sp|P38892|CRG1_YEAST
4932.YIL007C	sp|P40555|PSMD9_YEAST
4932.YIL013C	sp|P40550|PDR11_YEAST
4932.YIL147C	sp|P39928|SLN1_YEAST
4932.YIL153W	sp|P40454|PTPA1_YEAST
4932.YIR042C	sp|P40586|YIW2_YEAST
4932.YJL004C	sp|P41544|SYS1_YEAST
4932.YJL057C	sp|P47042|IKS1_YEAST
4932.YJL065C	sp|P40366|DLS1_YEAST
4932.YJL071W	sp|P40360|NAGS_YEAST
4932.YJL129C	sp|P12685|TRK1_YEAST
4932.YJL134W	sp|P47013|DS1P1_YEAST
4932.YJL181W	sp|P46987|YJS1_YEAST
4932.YJL204C	sp|P39531|RCY1_YEAST
4932.YJL209W	sp|P07252|CBP1_YEAST
4932.YJL210W	sp|P32800|PEX2_YEAST
4932.YJR067C	sp|P47118|YAE1_YEAST
4932.YJR078W	sp|P47125|I23O_YEAST
4932.YJR098C	sp|P47139|YJ68_YEAST
4932.YJR102C	sp|P47142|VPS25_YEAST
4932.YJR126C	sp|P47161|VPS70_YEAST
4932.YJR147W	sp|P47175|HMS2_YEAST
4932.YJR153W	sp|P47180|PGLR_YEAST
4932.YKL048C	sp|P32801|ELM1_YEAST
4932.YKL098W	sp|P34246|MTC2_YEAST
4932.YKL134C	sp|P35999|PMIP_YEAST
4932.YKL149C	sp|P24309|DBR1_YEAST
4932.YKR051W	sp|P36142|TM184_YEAST
4932.YKR083C	sp|P36162|DAD2_YEAST
4932.YKR086W	sp|P15938|PRP16_YEAST
4932.YKR088C	sp|P36164|TVP38_YEAST
4932.YKR090W	sp|P36166|PXL1_YEAST
4932.YKR105C	sp|P36172|VBA5_YEAST
4932.YCL069W	sp|P36172|VBA5_YEAST
4932.YLL012W	sp|Q07804|YEH1_YEAST
4932.YLL027W	sp|Q07821|ISA1_YEAST
4932.YLL046C	sp|P32385|RNP1_YEAST
4932.YLL058W	sp|Q12198|METW_YEAST
4932.YLR011W	sp|Q07923|LOT6_YEAST
4932.YLR139C	sp|P42900|SLS1_YEAST
4932.YLR170C	sp|P35181|AP1S1_YEAST
4932.YLR223C	sp|P39520|IFH1_YEAST
4932.YLR226W	sp|Q05949|BUR2_YEAST
4932.YLR239C	sp|Q06005|LIPB_YEAST
4932.YLR275W	sp|Q06217|SMD2_YEAST
4932.YLR289W	sp|P46943|GUF1_YEAST
4932.YLR316C	sp|Q9URQ3|TAD3_YEAST
4932.YLR323C	sp|P53769|CWC24_YEAST
4932.YLR326W	sp|Q06170|YL326_YEAST
4932.YLR361C	sp|Q05924|DCR2_YEAST
4932.YLR390W	sp|Q06011|ECM19_YEAST
4932.YLR392C	sp|P18634|ART10_YEAST
4932.YLR407W	sp|Q06070|YL407_YEAST
4932.YLR422W	sp|Q06409|YL422_YEAST
4932.YLR443W	sp|Q06200|ECM7_YEAST
4932.YML009C	sp|P36533|RM39_YEAST
4932.YML027W	sp|P34161|YOX1_YEAST
4932.YML047C	sp|Q04705|PRM6_YEAST
4932.YML132W	sp|P43542|COS4_YEAST
4932.YFL062W	sp|P43542|COS4_YEAST
4932.YMR042W	sp|P07249|ARGR1_YEAST
4932.YMR084W	sp|C8ZET7|YM084_YEAS8
4932.YMR097C	sp|Q03151|MTG1_YEAST
4932.YMR098C	sp|Q03153|ATP25_YEAST
4932.YMR119W	sp|P54074|ASI1_YEAST
4932.YMR124W	sp|P39523|YM11_YEAST
4932.YMR126C	sp|Q04216|DLT1_YEAST
4932.YMR179W	sp|P35209|SPT21_YEAST
4932.YMR185W	sp|Q12751|TNG6_YEAST
4932.YMR190C	sp|P35187|SGS1_YEAST
4932.YMR204C	sp|Q03694|INP1_YEAST
4932.YMR211W	sp|Q03652|DML1_YEAST
4932.YMR213W	sp|Q03654|CEF1_YEAST
4932.YMR293C	sp|Q03557|GATA_YEAST
4932.YNL011C	sp|P53980|YNB1_YEAST
4932.YNL029C	sp|P53966|KTR5_YEAST
4932.YNL144C	sp|P53907|YNO4_YEAST
4932.YNL152W	sp|P53901|INN1_YEAST
4932.YNL194C	sp|P40169|YNT4_YEAST
4932.YNL242W	sp|P53855|ATG2_YEAST
4932.YNL295W	sp|P48564|YN35_YEAST
4932.YOL002C	sp|Q12442|IZH2_YEAST
4932.YOL011W	sp|Q08108|PLB3_YEAST
4932.YOL017W	sp|Q08119|ESC8_YEAST
4932.YOL072W	sp|Q08231|THP1_YEAST
4932.YOL095C	sp|Q12039|HMI1_YEAST
4932.YOL117W	sp|Q12348|CSN10_YEAST
4932.YOR006C	sp|Q12094|TSR3_YEAST
4932.YOR081C	sp|Q12043|TGL5_YEAST
4932.YOR179C	sp|Q08553|SYC1_YEAST
4932.YOR213C	sp|Q99314|SAS5_YEAST
4932.YOR214C	sp|Q12282|YO214_YEAST
4932.YOR248W	sp|Q08681|YO248_YEAST
4932.YOR256C	sp|Q08693|TRE2_YEAST
4932.YOR274W	sp|P07884|MOD5_YEAST
4932.YOR322C	sp|Q12502|LDB19_YEAST
4932.YOR349W	sp|P40987|CIN1_YEAST
4932.YOR382W	sp|Q08906|FIT2_YEAST
4932.YOR388C	sp|Q08911|FDH1_YEAST
4932.YPL006W	sp|Q12200|NPC1_YEAST
4932.YPL057C	sp|P33300|SUR1_YEAST
4932.YPL103C	sp|Q02883|FMP30_YEAST
4932.YPL108W	sp|Q02872|YP108_YEAST
4932.YPL138C	sp|Q03012|SPP1_YEAST
4932.YPL152W	sp|Q12461|PTPA2_YEAST
4932.YPL172C	sp|P21592|COX10_YEAST
4932.YPL193W	sp|Q08932|RSA1_YEAST
4932.YPL202C	sp|Q08957|AFT2_YEAST
4932.YPL253C	sp|Q12045|VIK1_YEAST
4932.YPL272C	sp|Q08984|YP272_YEAST
4932.YPR026W	sp|P48016|ATH1_YEAST
4932.YPR045C	sp|Q12049|THP3_YEAST
4932.YPR046W	sp|Q12262|MCM16_YEAST
4932.YPR068C	sp|Q12214|HOS1_YEAST
4932.YPR094W	sp|Q06835|RDS3_YEAST
4932.YPR142C	sp|O13570|YPR42_YEAST
4932.YPR166C	sp|P10663|RT02_YEAST
4932.YPR186C	sp|P39933|TF3A_YEAST
4932.YAL004W	sp|P39703|YAA4_YEAST
4932.YAL009W	sp|P18410|SPO7_YEAST
4932.YAL014C	sp|P31377|STX8_YEAST
4932.YAL018C	sp|P31379|YAB8_YEAST
4932.YAL032C	sp|P28004|PRP45_YEAST
4932.YAL034C	sp|P28003|FUN19_YEAST
4932.YAL037C-A	sp|Q3E741|YA037_YEAST
4932.YAL040C	sp|P13365|CG13_YEAST
4932.YAL042C-A	sp|O13514|YA042_YEAST
4932.YAL056C-A	sp|O13513|YA056_YEAST
4932.YAL056W	sp|P39717|GPB2_YEAST
4932.YAL063C	sp|P39712|FLO9_YEAST
4932.YAR050W	sp|P39712|FLO9_YEAST
4932.YAL063C-A	sp|Q3E791|YA063_YEAST
4932.YAL067C	sp|P39709|SEO1_YEAST
4932.YAL067W-A	sp|Q8TGK6|YA067_YEAST
4932.YKL223W	sp|Q8TGK6|YA067_YEAST
4932.YAR003W	sp|P39706|SWD1_YEAST
4932.YAR008W	sp|P39707|SEN34_YEAST
4932.YAR033W	sp|P53176|MST27_YEAST
4932.YGL051W	sp|P53176|MST27_YEAST
4932.YAR068W	sp|P39564|YAN8_YEAST
4932.YHR214W-A	sp|P39564|YAN8_YEAST
4932.YBL009W	sp|P32789|ALK2_YEAST
4932.YBL010C	sp|P32788|YBB0_YEAST
4932.YBL012C	sp|P38209|YBB2_YEAST
4932.YBL013W	sp|P32785|FMT_YEAST
4932.YBL020W	sp|P38206|RFT1_YEAST
4932.YBL021C	sp|P13434|HAP3_YEAST
4932.YBL029W	sp|P38201|YBC9_YEAST
4932.YBL031W	sp|P38200|SHE1_YEAST
4932.YBL043W	sp|P38195|ECM13_YEAST
4932.YBL048W	sp|P38192|RRT1_YEAST
4932.YBL049W	sp|P38191|MOH1_YEAST
4932.YBL052C	sp|P34218|SAS3_YEAST
4932.YBL060W	sp|P34225|YEL1_YEAST
4932.YBL063W	sp|P28742|KIP1_YEAST
4932.YBL065W	sp|P38188|YBG5_YEAST
4932.YBL071C	sp|P38185|YBH1_YEAST
4932.YBL071W-A	sp|Q3E840|DPH3_YEAST
4932.YBL073W	sp|P38184|YBH3_YEAST
4932.YBL074C	sp|P32357|AAR2_YEAST
4932.YBL077W	sp|P38183|YBH7_YEAST
4932.YBL080C	sp|P33893|GATB_YEAST
4932.YBL081W	sp|P38180|YBI1_YEAST
4932.YBL088C	sp|P38110|ATM_YEAST
4932.YBL089W	sp|P38176|AVT5_YEAST
4932.YBL091C-A	sp|Q6Q595|SCS22_YEAST
4932.YBL094C	sp|P38173|YBJ4_YEAST
4932.YBL096C	sp|P38171|YBJ6_YEAST
4932.YBL100C	sp|P38168|YBK0_YEAST
4932.YBL106C	sp|P38163|SRO77_YEAST
4932.YBL108W	sp|P38161|YBK8_YEAST
4932.YBR004C	sp|P38211|GPI18_YEAST
4932.YBR007C	sp|P38213|DSF2_YEAST
4932.YBR027C	sp|P38220|YBN7_YEAST
4932.YBR028C	sp|P38070|YPK3_YEAST
4932.YBR033W	sp|P38073|EDS1_YEAST
4932.YBR043C	sp|P38227|QDR3_YEAST
4932.YBR045C	sp|P38229|GIP1_YEAST
4932.YBR047W	sp|P38231|FMP23_YEAST
4932.YBR050C	sp|P38232|REG2_YEAST
4932.YBR051W	sp|P38233|YBQ1_YEAST
4932.YBR062C	sp|P38239|YBR2_YEAST
4932.YBR063C	sp|P38083|YBR3_YEAST
4932.YBR064W	sp|P38240|YBR4_YEAST
4932.YBR066C	sp|P38082|NRG2_YEAST
4932.YBR071W	sp|P38243|YBS1_YEAST
4932.YBR076W	sp|P38246|ECM8_YEAST
4932.YBR089W	sp|P38252|YBT9_YEAST
4932.YBR090C	sp|P38253|YBU0_YEAST
4932.YBR099C	sp|P38258|YBU9_YEAST
4932.YBR105C	sp|P38263|GID4_YEAST
4932.YBR109W-A	sp|P90471|YB09A_YEAST
4932.YBR113W	sp|P38267|YBW3_YEAST
4932.YBR119W	sp|P32605|RU1A_YEAST
4932.YBR121C-A	sp|P0C5L4|YB121_YEAST
4932.YBR124W	sp|P38269|YBX4_YEAST
4932.YBR131C-A	sp|Q8TGQ5|YB131_YEAST
4932.YBR131W	sp|P38273|CCZ1_YEAST
4932.YBR132C	sp|P38090|AGP2_YEAST
4932.YBR134W	sp|P38275|YBY4_YEAST
4932.YBR138C	sp|P38277|YBY8_YEAST
4932.YBR141C	sp|P38278|BMT2_YEAST
4932.YBR141W-A	sp|Q8TGQ4|YB141_YEAST
4932.YBR144C	sp|P34215|YBZ4_YEAST
4932.YBR147W	sp|P38279|RTC2_YEAST
4932.YBR148W	sp|P38280|YSW1_YEAST
4932.YBR156C	sp|P38283|SLI15_YEAST
4932.YBR157C	sp|P38284|ICS2_YEAST
4932.YBR158W	sp|P38285|AMN1_YEAST
4932.YBR161W	sp|P38287|CSH1_YEAST
4932.YBR162W-A	sp|P38374|YSY6_YEAST
4932.YBR167C	sp|P38291|POP7_YEAST
4932.YBR168W	sp|P38292|PEX32_YEAST
4932.YBR178W	sp|P38296|YB28_YEAST
4932.YBR182C	sp|P38128|SMP1_YEAST
4932.YBR184W	sp|P38299|YB34_YEAST
4932.YBR186W	sp|P38126|PCH2_YEAST
4932.YBR188C	sp|P38302|NTC20_YEAST
4932.YBR196C-A	sp|Q3E820|YB96A_YEAST
4932.YBR196C-B	sp|Q3E778|YB96B_YEAST
4932.YBR197C	sp|P38306|YB47_YEAST
4932.YBR200W-A	sp|Q3E755|YB200_YEAST
4932.YBR201W	sp|P38307|DER1_YEAST
4932.YBR203W	sp|P38308|CS111_YEAST
4932.YBR217W	sp|P38316|ATG12_YEAST
4932.YBR220C	sp|P38318|YB70_YEAST
4932.YBR221W-A	sp|Q3E781|YB221_YEAST
4932.YBR223C	sp|P38319|TYDP1_YEAST
4932.YBR224W	sp|P38320|YB74_YEAST
4932.YBR225W	sp|P38321|YB75_YEAST
4932.YBR226C	sp|P38322|YB76_YEAST
4932.YBR228W	sp|P38324|SLX1_YEAST
4932.YBR230W-A	sp|Q3E762|YB230_YEAST
4932.YBR232C	sp|P38327|YB82_YEAST
4932.YBR235W	sp|P38329|YB85_YEAST
4932.YBR237W	sp|P21372|PRP5_YEAST
4932.YBR238C	sp|P38330|RMD9L_YEAST
4932.YBR240C	sp|P38141|THI2_YEAST
4932.YBR243C	sp|P07286|GPT_YEAST
4932.YBR250W	sp|P33757|SPO23_YEAST
4932.YBR254C	sp|P38334|TRS20_YEAST
4932.YBR255W	sp|P38335|MTC4_YEAST
4932.YBR270C	sp|P38346|BIT2_YEAST
4932.YBR277C	sp|P38350|YB9U_YEAST
4932.YBR284W	sp|P38150|YB9Z_YEAST
4932.YBR285W	sp|P38354|YB8A_YEAST
4932.YBR290W	sp|P38356|BSD2_YEAST
4932.YBR292C	sp|P38357|YB8F_YEAST
4932.YBR293W	sp|P38358|VBA2_YEAST
4932.YBR294W	sp|P38359|SUL1_YEAST
4932.YBR295W	sp|P38360|ATU1_YEAST
4932.YBR296C	sp|P38361|PHO89_YEAST
4932.YBR297W	sp|P38157|MAL33_YEAST
4932.YBR298C	sp|P15685|MAL61_YEASX
4932.YBR299W	sp|P53341|MAL12_YEAST
4932.YGR292W	sp|P53341|MAL12_YEAST
4932.YBR299W	sp|P07265|MAL62_YEASX
4932.YGR292W	sp|P07265|MAL62_YEASX
4932.YBR301W	sp|P38155|PAU24_YEAST
4932.YCL001W-A	sp|P87012|YC01A_YEAST
4932.YCL002C	sp|P25565|YCA2_YEAST
4932.YCL005W	sp|P25587|LDB16_YEAST
4932.YCL021W-A	sp|Q96VH3|YC021_YEAST
4932.YCL026C-A	sp|P37261|FRM2_YEAST
4932.YCL036W	sp|P25370|GFD2_YEAST
4932.YCL042W	sp|P25572|YCE2_YEAST
4932.YCL046W	sp|P25575|YCE6_YEAST
4932.YCL048W	sp|P25380|SPS22_YEAST
4932.YCL051W	sp|P25579|LRE1_YEAST
4932.YCL056C	sp|P25584|PEX34_YEAST
4932.YCL058C	sp|P25585|FYV5_YEAST
4932.YCL058W-A	sp|Q2V2Q1|ADF1_YEAST
4932.YCL063W	sp|P25591|VAC17_YEAST
4932.YCL068C	sp|P25300|BUD5_YEAST
4932.YCR038C	sp|P25300|BUD5_YEAST
4932.YCL073C	sp|P36173|GEX2_YEAST
4932.YKR106W	sp|P36173|GEX2_YEAST
4932.YCL076W	sp|P25602|YCH6_YEAST
4932.YCR001W	sp|P25347|YCP2_YEAST
4932.YCR006C	sp|P25350|YCP6_YEAST
4932.YCR008W	sp|P25333|HAL4_YEAST
4932.YCR013C	sp|P25614|YCQ3_YEAST
4932.YCR018C	sp|P09007|SRD1_YEAST
4932.YCR018C-A	sp|Q96VH1|YC018_YEAST
4932.YCR019W	sp|P23060|MAK32_YEAST
4932.YCR020C	sp|P25362|PET18_YEAST
4932.YCR020C-A	sp|P23059|NAA38_YEAST
4932.YCR022C	sp|P25620|YCR2_YEAST
4932.YCR024C-A	sp|P40975|PMP2_YEAST
4932.YEL017C-A	sp|P40975|PMP2_YEAST
4932.YCR024C-B	sp|Q3E7Z8|YC204_YEAST
4932.YCR025C	sp|P25352|YCR5_YEAST
4932.YCR028C	sp|P25621|FEN2_YEAST
4932.YCR038C	sp|P25593|YCG8_YEAST
4932.YCL068C	sp|P25593|YCG8_YEAST
4932.YCR039C	sp|Q6B2C0|MTAL2_YEAST
4932.YCR040W	sp|P01365|HMAL1_YEAST
4932.YCR043C	sp|P25361|YCT3_YEAST
4932.YCR045C	sp|P25381|RRT12_YEAST
4932.YCR045W-A	sp|Q8TGQ2|YC045_YEAST
4932.YCR047W-A	sp|Q8TGQ1|YC047_YEAST
4932.YCR048W	sp|P25628|ARE1_YEAST
4932.YCR064C	sp|P25640|YCV4_YEAST
4932.YCR065W	sp|P25364|HCM1_YEAST
4932.YCR068W	sp|P25641|ATG15_YEAST
4932.YCR069W	sp|P25334|CYPR_YEAST
4932.YCR073C	sp|P25390|SSK22_YEAST
4932.YCR075C	sp|P17261|ERS1_YEAST
4932.YCR076C	sp|P25659|YCW6_YEAST
4932.YCR085W	sp|P25650|YCX5_YEAST
4932.YCR087W	sp|P25652|YCX7_YEAST
4932.YCR089W	sp|P25653|FIG2_YEAST
4932.YCR091W	sp|P25341|KIN82_YEAST
4932.YCR097W	sp|P01366|MATA1_YEASX
4932.YCR098C	sp|P25346|GIT1_YEAST
4932.YCR099C	sp|P25657|YCY9_YEAST
4932.YCR100C	sp|P25606|YCZ0_YEAST
4932.YCR104W	sp|P40585|PAU15_YEAST
4932.YIR041W	sp|P40585|PAU15_YEAST
4932.YCR105W	sp|P25377|ADH7_YEAST
4932.YCR106W	sp|P25611|RDS1_YEAST
4932.YCR107W	sp|Q08361|AAD15_YEAST
4932.YOL165C	sp|Q08361|AAD15_YEAST
4932.YDL008W	sp|Q12157|APC11_YEAST
4932.YDL009C	sp|Q12210|YD009_YEAST
4932.YDL011C	sp|Q12023|YD011_YEAST
4932.YDL016C	sp|Q12115|YD016_YEAST
4932.YDL024C	sp|P52290|PPAD_YEAST
4932.YDL026W	sp|Q12147|YDL26_YEAST
4932.YDL034W	sp|Q12448|YD034_YEAST
4932.YDL036C	sp|Q12069|PUS9_YEAST
4932.YDL037C	sp|Q12140|BSC1_YEAST
4932.YDL039C	sp|Q12459|PRM7_YEAST
4932.YDL041W	sp|Q12352|YD041_YEAST
4932.YDL049C	sp|P50112|KNH1_YEAST
4932.YDL050C	sp|Q07355|YD050_YEAST
4932.YDL054C	sp|Q07376|MCH1_YEAST
4932.YDL062W	sp|Q07410|YD062_YEAST
4932.YDL068W	sp|Q07435|YD068_YEAST
4932.YDL069C	sp|P14066|CBS1_YEAST
4932.YDL071C	sp|Q07438|YD071_YEAST
4932.YDL076C	sp|Q07458|RXT3_YEAST
4932.YDL085W	sp|Q07500|NDH2_YEAST
4932.YDL087C	sp|Q07508|LUC7_YEAST
4932.YDL094C	sp|Q07509|YD094_YEAST
4932.YDL096C	sp|Q07521|OPI6_YEAST
4932.YDL104C	sp|P43122|QRI7_YEAST
4932.YDL105W	sp|P43124|NSE4_YEAST
4932.YDL114W	sp|Q07530|YD114_YEAST
4932.YDL118W	sp|Q07535|YD118_YEAST
4932.YDL123W	sp|Q07549|SNA4_YEAST
4932.YDL127W	sp|P25693|PCL2_YEAST
4932.YDL129W	sp|Q07555|YD129_YEAST
4932.YDL133W	sp|Q12516|SRF1_YEAST
4932.YDL138W	sp|Q12300|RGT2_YEAST
4932.YDL142C	sp|Q07560|CRD1_YEAST
4932.YDL146W	sp|Q12342|LDB17_YEAST
4932.YDL149W	sp|Q12142|ATG9_YEAST
4932.YDL151C	sp|Q12064|BUD30_YEAST
4932.YDL154W	sp|Q12175|MSH5_YEAST
4932.YDL158C	sp|Q12047|YD158_YEAST
4932.YDL162C	sp|Q12307|YD162_YEAST
4932.YDL163W	sp|Q12148|YD163_YEAST
4932.YDL172C	sp|Q12135|YD172_YEAST
4932.YDL177C	sp|Q12257|YD177_YEAST
4932.YDL179W	sp|Q12477|PCL9_YEAST
4932.YDL180W	sp|Q12301|YD180_YEAST
4932.YDL185C-A	sp|P0C5M4|YD85A_YEAST
4932.YDL186W	sp|P48568|YD186_YEAST
4932.YDL187C	sp|Q07613|YD187_YEAST
4932.YDL194W	sp|P10870|SNF3_YEAST
4932.YDL199C	sp|Q12407|YD199_YEAST
4932.YDL203C	sp|Q07622|ACK1_YEAST
4932.YDL206W	sp|Q12424|YD206_YEAST
4932.YDL210W	sp|P32837|UGA4_YEAST
4932.YDL214C	sp|Q12310|PRR2_YEAST
4932.YDL216C	sp|Q12468|CSN5_YEAST
4932.YDL227C	tr|C9ELN6|C9ELN6_YEASX
4932.YDL228C	sp|Q07658|YD228_YEAST
4932.YDL231C	sp|Q07660|BRE4_YEAST
4932.YDL233W	sp|Q07684|YD233_YEAST
4932.YDL239C	sp|Q07732|ADY3_YEAST
4932.YDL241W	sp|Q07738|YD241_YEAST
4932.YDL242W	sp|Q07746|YD242_YEAST
4932.YDL243C	sp|Q07747|AAD4_YEAST
4932.YJR155W	sp|Q07747|AAD4_YEAST
4932.YNL331C	sp|Q07747|AAD4_YEAST
4932.YDL244W	sp|Q07748|THI13_YEAST
4932.YFL058W	sp|Q07748|THI13_YEAST
4932.YNL332W	sp|Q07748|THI13_YEAST
4932.YDL246C	sp|Q07786|DHSO2_YEAST
4932.YJR159W	sp|Q07786|DHSO2_YEAST
4932.YDL247W	sp|C8Z6M6|MPH3_YEAS8
4932.YJR160C	sp|C8Z6M6|MPH3_YEAS8
4932.YDL247W-A	sp|P0C5L9|YD247_YEAST
4932.YDR003W	sp|Q03446|RCR2_YEAST
4932.YDR007W	sp|P00912|TRPF_YEAST
4932.YDR010C	sp|Q12426|YDR10_YEAST
4932.YDR014W	sp|Q99359|RAD61_YEAST
4932.YDR015C	sp|Q12195|YD015_YEAST
4932.YDR020C	sp|Q12084|DAS2_YEAST
4932.YDR022C	sp|Q12421|ATG31_YEAST
4932.YDR024W	sp|Q99341|FYV1_YEAST
4932.YDR029W	sp|Q12111|YD029_YEAST
4932.YDR030C	sp|Q12021|RAD28_YEAST
4932.YDR042C	sp|Q03205|YD042_YEAST
4932.YDR043C	sp|Q03125|NRG1_YEAST
4932.YDR058C	sp|P54857|TGL2_YEAST
4932.YDR065W	sp|Q12167|RRG1_YEAST
4932.YDR066C	sp|Q12378|RTR2_YEAST
4932.YDR075W	sp|P32345|PP4C_YEAST
4932.YDR076W	sp|P38953|RAD55_YEAST
4932.YDR082W	sp|P38960|STN1_YEAST
4932.YDR085C	sp|P33304|AFR1_YEAST
4932.YDR090C	sp|Q03193|YD090_YEAST
4932.YDR095C	sp|Q03831|YD095_YEAST
4932.YDR102C	sp|Q03864|YD102_YEAST
4932.YDR103W	sp|P32917|STE5_YEAST
4932.YDR105C	sp|Q12116|TMS1_YEAST
4932.YDR109C	sp|Q04585|YDR09_YEAST
4932.YDR113C	sp|P40316|SECU_YEAST
4932.YDR114C	sp|Q04597|YDR14_YEAST
4932.YDR115W	sp|Q04598|RM34_YEAST
4932.YDR118W	sp|Q04601|APC4_YEAST
4932.YDR118W-A	sp|P0C5L7|YD18A_YEAST
4932.YDR119W-A	sp|Q2V2P9|YD19A_YEAST
4932.YDR124W	sp|Q04608|YD124_YEAST
4932.YDR125C	sp|Q04623|ECM18_YEAST
4932.YDR126W	sp|Q04629|SWF1_YEAST
4932.YDR128W	sp|Q03897|WDR59_YEAST
4932.YDR151C	sp|P47976|CTH1_YEAST
4932.YDR159W	sp|P46674|SAC3_YEAST
4932.YDR160W	sp|Q03770|SSY1_YEAST
4932.YDR169C-A	sp|Q3E789|YD169_YEAST
4932.YDR179W-A	sp|Q03983|YD179_YEAST
4932.YDR182W-A	sp|Q3E796|YD182_YEAST
4932.YDR183W	sp|Q04004|PLP1_YEAST
4932.YDR184C	sp|Q04005|LIC4_YEAST
4932.YDR185C	sp|Q04006|UPS3_YEAST
4932.YDR193W	sp|P0C5E0|YD193_YEAST
4932.YDR194W-A	sp|Q3E818|YD194_YEAST
4932.YDR197W	sp|P14905|CBS2_YEAST
4932.YDR198C	sp|Q03942|RKM2_YEAST
4932.YDR209C	sp|Q03480|YD209_YEAST
4932.YDR217C	sp|P14737|RAD9_YEAST
4932.YDR218C	sp|Q04921|SPR28_YEAST
4932.YDR223W	sp|Q04930|CRF1_YEAST
4932.YDR242W	sp|P22580|AMDY_YEAST
4932.YDR246W-A	sp|Q3E763|YD246_YEAST
4932.YDR249C	sp|Q03787|YD249_YEAST
4932.YDR250C	sp|Q03788|YD250_YEAST
4932.YDR255C	sp|Q12508|RMD5_YEAST
4932.YDR263C	sp|Q12086|DIN7_YEAST
4932.YDR271C	sp|P87282|YD271_YEAST
4932.YDR273W	sp|Q05610|DON1_YEAST
4932.YDR274C	sp|P87283|YD274_YEAST
4932.YDR275W	sp|Q05611|BSC2_YEAST
4932.YDR277C	sp|P35198|MTH1_YEAST
4932.YDR278C	sp|Q05612|YD278_YEAST
4932.YDR281C	sp|Q05637|PHM6_YEAST
4932.YDR282C	sp|Q05648|YD282_YEAST
4932.YDR285W	sp|P31111|ZIP1_YEAST
4932.YDR286C	sp|Q05530|YD286_YEAST
4932.YDR288W	sp|Q05541|NSE3_YEAST
4932.YDR290W	sp|P87280|YD290_YEAST
4932.YDR291W	sp|Q05549|HRQ1_YEAST
4932.YDR306C	sp|Q06640|YD306_YEAST
4932.YDR309C	sp|Q06648|GIC2_YEAST
4932.YDR313C	sp|Q06651|PIB1_YEAST
4932.YDR314C	sp|Q06665|RAD34_YEAST
4932.YDR315C	sp|Q06667|IPK1_YEAST
4932.YDR317W	sp|Q06674|HIM1_YEAST
4932.YDR319C	sp|Q06676|YFT2_YEAST
4932.YDR323C	sp|P32609|PEP7_YEAST
4932.YDR327W	sp|P87288|YD327_YEAST
4932.YDR332W	sp|Q06683|IRC3_YEAST
4932.YDR338C	sp|Q05497|YD338_YEAST
4932.YDR340W	sp|Q05503|YD340_YEAST
4932.YDR354C-A	sp|Q8TGP6|YD354_YEAST
4932.YDR355C	sp|P87285|YD355_YEAST
4932.YDR357C	sp|Q06333|BL1S4_YEAST
4932.YDR360W	sp|P87286|OPI7_YEAST
4932.YDR364C	sp|P40968|PRP17_YEAST
4932.YDR366C	sp|P87287|YD366_YEAST
4932.YDR367W	sp|Q06346|KEI1_YEAST
4932.YDR370C	sp|Q06349|DXO1_YEAST
4932.YDR371C-A	sp|P0C5M1|YD371_YEAST
4932.YDR371W	sp|Q06350|CHI2_YEAST
4932.YDR374C	sp|Q06390|YD374_YEAST
4932.YDR379C-A	sp|Q3E785|SDHF1_YEAST
4932.YDR401W	sp|O13523|YD401_YEAST
4932.YDR402C	sp|P21595|CP56_YEAST
4932.YDR403W	sp|P21623|DIT1_YEAST
4932.YDR406W-A	sp|P0C5M2|YD406_YEAST
4932.YDR409W	sp|Q04195|SIZ1_YEAST
4932.YDR414C	sp|P16151|ERD1_YEAST
4932.YDR419W	sp|Q04049|POLH_YEAST
4932.YDR420W	sp|P41809|HKR1_YEAST
4932.YDR437W	sp|Q04082|GPI19_YEAST
4932.YDR438W	sp|Q04083|THI74_YEAST
4932.YDR442W	sp|P87270|YD442_YEAST
4932.YDR445C	sp|Q04100|YD445_YEAST
4932.YDR446W	sp|Q04110|ECM11_YEAST
4932.YDR451C	sp|Q04116|YHP1_YEAST
4932.YDR455C	sp|P87271|YD455_YEAST
4932.YDR459C	sp|Q03289|PFA5_YEAST
4932.YDR461C-A	sp|Q2V2P7|YD461_YEAST
4932.YDR461W	sp|P34165|MFA1_YEAST
4932.YDR464C-A	sp|Q8TGP5|YD464_YEAST
4932.YDR466W	sp|Q03306|PKH3_YEAST
4932.YDR467C	sp|P87264|YD467_YEAST
4932.YDR478W	sp|P40993|RMRP_YEAST
4932.YDR479C	sp|Q03370|PEX29_YEAST
4932.YDR482C	sp|Q03375|CWC21_YEAST
4932.YDR491C	sp|Q03418|YD491_YEAST
4932.YDR492W	sp|Q03419|IZH1_YEAST
4932.YDR501W	sp|Q04383|PLM2_YEAST
4932.YDR506C	sp|Q04399|GMC1_YEAST
4932.YDR509W	sp|P87272|YD509_YEAST
4932.YDR522C	sp|P08459|SPS2_YEAST
4932.YDR524C	sp|Q04412|AGE1_YEAST
4932.YDR524C-B	sp|Q3E6R4|YD24B_YEAST
4932.YDR525W	sp|Q04413|API2_YEAST
4932.YDR528W	sp|Q04429|HLR1_YEAST
4932.YDR534C	sp|Q04433|FIT1_YEAST
4932.YDR535C	sp|Q04434|YD535_YEAST
4932.YDR536W	sp|P39932|STL1_YEAST
4932.YDR537C	sp|P87261|YD537_YEAST
4932.YDR540C	sp|Q03036|IRC4_YEAST
4932.YDR542W	sp|Q03050|PAU10_YEAST
4932.YDR544C	sp|Q03057|YD544_YEAST
4932.YDR545C-A	sp|Q8TGK5|YB13A_YEAST
4932.YOR396C-A	sp|Q8TGK5|YB13A_YEAST
4932.YPR204C-A	sp|Q8TGK5|YB13A_YEAST
4932.YEL004W	sp|P40004|YEA4_YEAST
4932.YEL005C	sp|P40003|VAB2_YEAST
4932.YEL006W	sp|P39953|YEA6_YEAST
4932.YEL008W	sp|P40001|YEA8_YEAST
4932.YEL014C	sp|P39999|YEB4_YEAST
4932.YEL016C	sp|P39997|NPP2_YEAST
4932.YEL023C	sp|P39992|YEC3_YEAST
4932.YEL028W	sp|P39989|YEC8_YEAST
4932.YEL030C-A	sp|Q8TGR5|YE030_YEAST
4932.YEL033W	sp|P32633|MTC7_YEAST
4932.YEL041W	sp|P32622|YEF1_YEAST
4932.YEL045C	sp|P32616|YEF5_YEAST
4932.YEL048C	sp|P32613|TCA17_YEAST
4932.YEL049W	sp|P53343|PAU12_YEAST
4932.YGR294W	sp|P53343|PAU12_YEAST
4932.YEL057C	sp|P39983|YEG7_YEAST
4932.YEL059C-A	sp|Q05676|SOM1_YEAST
4932.YEL059W	sp|P39982|HHY1_YEAST
4932.YEL061C	sp|P27895|CIN8_YEAST
4932.YEL063C	sp|P04817|CAN1_YEAST
4932.YEL064C	sp|P39981|AVT2_YEAST
4932.YEL065W	sp|P39980|SIT1_YEAST
4932.YEL067C	sp|P39978|YEH7_YEAST
4932.YEL068C	sp|P39977|YEH8_YEAST
4932.YEL072W	sp|P39975|RMD6_YEAST
4932.YEL073C	sp|P39974|YEI3_YEAST
4932.YEL074W	sp|P39973|YEI4_YEAST
4932.YEL075W-A	sp|P89888|YE075_YEAST
4932.YLR463C	sp|P89888|YE075_YEAST
4932.YEL077W-A	sp|P0C5B8|YH050_YEAST
4932.YER005W	sp|P40009|YND1_YEAST
4932.YER013W	sp|P24384|PRP22_YEAST
4932.YER028C	sp|P39943|MIG3_YEAST
4932.YER032W	sp|P40020|FIR1_YEAST
4932.YER035W	sp|P40023|EDC2_YEAST
4932.YER037W	sp|P40025|PHM8_YEAST
4932.YER038C	sp|P40026|KRE29_YEAST
4932.YER041W	sp|P40028|YEN1_YEAST
4932.YER051W	sp|P40034|JHD1_YEAST
4932.YER058W	sp|Q02771|PT117_YEAST
4932.YER060W	sp|P40039|FCY21_YEAST
4932.YER060W-A	sp|Q12119|FCY22_YEAST
4932.YER066C-A	sp|P87263|YE066_YEAST
4932.YER066W	sp|P40042|RRT13_YEAST
4932.YER071C	sp|P40045|TDA2_YEAST
4932.YER076C	sp|P40049|YEQ6_YEAST
4932.YER084W	sp|P40057|YER4_YEAST
4932.YER085C	sp|P40058|YER5_YEAST
4932.YER088W-B	sp|Q8TGR4|YE088_YEAST
4932.YER090C-A	sp|P0C5M8|YE090_YEAST
4932.YER093C-A	sp|P87275|AIM11_YEAST
4932.YER096W	sp|P39000|SHC1_YEAST
4932.YER097W	sp|P40062|YES7_YEAST
4932.YER098W	sp|P39967|UBP9_YEAST
4932.YER104W	sp|P40063|RT105_YEAST
4932.YER106W	sp|P40065|MAM1_YEAST
4932.YER109C	sp|P40068|FLO8_YEAST
4932.YER115C	sp|Q01684|SPR6_YEAST
4932.YER124C	sp|P40077|DSE1_YEAST
4932.YER128W	sp|P40080|VFA1_YEAST
4932.YER130C	sp|P39959|YEW0_YEAST
4932.YER135C	sp|P40082|YEW5_YEAST
4932.YER137C	sp|P40083|YEW7_YEAST
4932.YER140W	sp|P40085|TAPT1_YEAST
4932.YER144C	sp|P39944|UBP5_YEAST
4932.YER150W	sp|P40092|SPI1_YEAST
4932.YER170W	sp|P26364|KAD3_YEAST
4932.YER173W	sp|P32641|RAD24_YEAST
4932.YER180C	sp|P32645|ISC10_YEAST
4932.YER180C-A	sp|Q3E784|SLO1_YEAST
4932.YER184C	sp|P39961|YE14_YEAST
4932.YER185W	sp|P40100|PUG1_YEAST
4932.YER186C	sp|P40101|YE16_YEAST
4932.YER188W	sp|P40103|YE18_YEAST
4932.YFL003C	sp|P40965|MSH4_YEAST
4932.YFL012W-A	sp|Q03186|YFL12_YEAST
4932.YFL013W-A	sp|Q03187|YF013_YEAST
4932.YFL015C	sp|P43578|YFB5_YEAST
4932.YFL017W-A	sp|P40204|RUXG_YEAST
4932.YFL020C	sp|P43575|PAU5_YEAST
4932.YKL224C	sp|P43575|PAU5_YEAST
4932.YFL025C	sp|P43571|BST1_YEAST
4932.YFL027C	sp|P43570|GYP8_YEAST
4932.YFL031C-A	sp|Q8TGU3|YF030_YEAST
4932.YFL040W	sp|P43562|YFE0_YEAST
4932.YFL041W-A	sp|Q3E817|YF041_YEAST
4932.YFL046W	sp|P43557|FMP32_YEAST
4932.YFL050C	sp|P43553|ALR2_YEAST
4932.YFL052W	sp|P43551|YFF2_YEAST
4932.YFL053W	sp|P43550|DAK2_YEAST
4932.YFL054C	sp|P43549|YFF4_YEAST
4932.YFL055W	sp|P43548|AGP3_YEAST
4932.YFL056C	sp|P43547|AAD6_YEAST
4932.YFL057C	sp|P43546|AAD16_YEAST
4932.YFL060C	sp|P53823|SNO2_YEAST
4932.YNL334C	sp|P53823|SNO2_YEAST
4932.YFL067W	sp|P43537|YFG7_YEAST
4932.YFR007W	sp|P43591|YFH7_YEAST
4932.YFR008W	sp|P43592|FAR7_YEAST
4932.YFR009W-A	sp|P0C5M9|YF009_YEAST
4932.YFR012W	sp|P43595|DCV1_YEAST
4932.YFR020W	sp|P43600|YFJ0_YEAST
4932.YFR022W	sp|P43602|ROG3_YEAST
4932.YFR023W	sp|P39684|PES4_YEAST
4932.YFR026C	sp|P43604|ULI1_YEAST
4932.YFR027W	sp|P43605|ECO1_YEAST
4932.YFR029W	sp|P43606|PTR3_YEAST
4932.YFR032C	sp|P43607|RRT5_YEAST
4932.YFR055W	sp|P43623|METC_YEAST
4932.YGL002W	sp|P53198|ERP6_YEAST
4932.YGL003C	sp|P53197|CDH1_YEAST
4932.YGL007W	sp|P53194|BRP1_YEAST
4932.YGL010W	sp|P25338|YGB0_YEAST
4932.YGL024W	sp|P53190|YGC4_YEAST
4932.YGL029W	sp|P53188|CGR1_YEAST
4932.YGL032C	sp|P32781|AGA2_YEAST
4932.YGL052W	sp|P53175|YGF2_YEAST
4932.YGL063C-A	sp|Q8TGP0|YG063_YEAST
4932.YGL069C	sp|P53162|YGG9_YEAST
4932.YGL072C	sp|P53161|YGH2_YEAST
4932.YGL074C	sp|P53160|YGH4_YEAST
4932.YGL075C	sp|P53159|MPS2_YEAST
4932.YGL079W	sp|P53158|KXD1_YEAST
4932.YGL081W	sp|P53156|YGI1_YEAST
4932.YGL085W	sp|P53153|LCL3_YEAST
4932.YGL096W	sp|P53147|TOS8_YEAST
4932.YGL104C	sp|P53142|VPS73_YEAST
4932.YGL108C	sp|P53139|YGK8_YEAST
4932.YGL109W	sp|P53138|YGK9_YEAST
4932.YGL113W	sp|P53135|SLD3_YEAST
4932.YGL116W	sp|P26309|CDC20_YEAST
4932.YGL118C	sp|P53132|YGL8_YEAST
4932.YGL123C-A	sp|Q8TGP1|YG123_YEAST
4932.YGL132W	sp|P53126|YGN2_YEAST
4932.YGL134W	sp|P53124|PCL10_YEAST
4932.YGL138C	sp|P53122|YGN8_YEAST
4932.YGL149W	sp|P53116|YGO9_YEAST
4932.YGL152C	sp|P53113|YGP2_YEAST
4932.YGL154C	sp|P50113|LYS5_YEAST
4932.YGL158W	sp|P38622|RCK1_YEAST
4932.YGL160W	sp|P53109|AIM14_YEAST
4932.YGL162W	sp|P53032|SUT1_YEAST
4932.YGL163C	sp|P32863|RAD54_YEAST
4932.YGL165C	sp|P53106|YGR5_YEAST
4932.YGL175C	sp|P46946|COM1_YEAST
4932.YGL176C	sp|P46945|YGS6_YEAST
4932.YGL178W	sp|P39016|MPT5_YEAST
4932.YGL179C	sp|P43637|TOS3_YEAST
4932.YGL182C	sp|P53103|YGT2_YEAST
4932.YGL183C	sp|P53102|MND1_YEAST
4932.YGL192W	sp|P41833|IME4_YEAST
4932.YGL193C	sp|P53097|YGU3_YEAST
4932.YGL194C-A	sp|Q2V2P6|YG194_YEAST
4932.YGL199C	sp|P53092|YGU9_YEAST
4932.YGL204C	sp|P53089|YGV4_YEAST
4932.YGL209W	sp|P53035|MIG2_YEAST
4932.YGL215W	sp|P35190|CLG1_YEAST
4932.YGL216W	sp|P53086|KIP3_YEAST
4932.YGL218W	sp|P53084|YGW8_YEAST
4932.YGL219C	sp|P53083|MDM34_YEAST
4932.YGL222C	sp|P53080|EDC1_YEAST
4932.YGL226W	sp|P53077|MTC3_YEAST
4932.YGL230C	sp|P53074|YGY0_YEAST
4932.YGL235W	sp|P53071|YGY5_YEAST
4932.YGL239C	sp|P53069|YGY9_YEAST
4932.YGL243W	sp|P53065|TAD1_YEAST
4932.YGL247W	sp|P53062|BRR6_YEAST
4932.YGL249W	sp|P53061|ZIP2_YEAST
4932.YGL250W	sp|P53060|RMR1_YEAST
4932.YGL258W	sp|Q08910|YO387_YEAST
4932.YGL258W-A	sp|Q3E740|YG258_YEAST
4932.YGL259W	sp|P53057|YPS5_YEAST
4932.YIR039C	sp|P53057|YPS5_YEAST
4932.YGL260W	sp|P53056|YGZE_YEAST
4932.YIR040C	sp|P53056|YGZE_YEAST
4932.YGL261C	sp|Q3E770|PAU9_YEAST
4932.YJL223C	sp|Q3E770|PAU9_YEAST
4932.YGL262W	sp|P53054|YGZG_YEAST
4932.YGR004W	sp|P53203|PEX31_YEAST
4932.YGR011W	sp|P53205|YG16_YEAST
4932.YGR015C	sp|P53208|YG19_YEAST
4932.YGR016W	sp|P53209|YG1A_YEAST
4932.YGR021W	sp|P53212|YG1D_YEAST
4932.YGR022C	sp|P53213|YG1E_YEAST
4932.YGR031C-A	sp|Q8TGN9|NAG1_YEAST
4932.YGR035C	sp|P53222|YG1O_YEAST
4932.YGR041W	sp|P53226|BUD9_YEAST
4932.YGR042W	sp|P53227|YG1T_YEAST
4932.YGR045C	sp|P53229|YG1V_YEAST
4932.YGR046W	sp|P53230|TAM41_YEAST
4932.YGR050C	sp|P53231|YG1X_YEAST
4932.YGR052W	sp|P53233|FMP48_YEAST
4932.YGR053C	sp|P53234|YG21_YEAST
4932.YGR057C	sp|P53237|LST7_YEAST
4932.YGR058W	sp|P53238|PEF1_YEAST
4932.YGR059W	sp|P41901|SPR3_YEAST
4932.YGR062C	sp|P53239|COX18_YEAST
4932.YGR065C	sp|P53241|VHT1_YEAST
4932.YGR066C	sp|P53242|YG29_YEAST
4932.YGR069W	sp|P53245|YG2C_YEAST
4932.YGR070W	sp|P53046|ROM1_YEAST
4932.YGR073C	sp|P53247|YG2E_YEAST
4932.YGR075C	sp|Q00723|PRP38_YEAST
4932.YGR077C	sp|P53248|PEX8_YEAST
4932.YGR079W	sp|P53249|YG2G_YEAST
4932.YGR096W	sp|P53257|TPC1_YEAST
4932.YGR098C	sp|Q03018|ESP1_YEAST
4932.YGR101W	sp|P53259|PCP1_YEAST
4932.YGR102C	sp|P53260|GATF_YEAST
4932.YGR107W	sp|P53263|YG2U_YEAST
4932.YGR109C	sp|P32943|CGS6_YEAST
4932.YGR110W	sp|P53264|CLD1_YEAST
4932.YGR121W-A	sp|Q3E816|YG121_YEAST
4932.YGR131W	sp|P53279|FHN1_YEAST
4932.YGR141W	sp|P53285|VPS62_YEAST
4932.YGR142W	sp|P53286|BTN2_YEAST
4932.YGR144W	sp|P32318|THI4_YEAST
4932.YGR146C	sp|P48235|ECL1_YEAST
4932.YGR151C	sp|P53287|YG3N_YEAST
4932.YGR153W	sp|P48238|YG3O_YEAST
4932.YGR154C	sp|P48239|GTO1_YEAST
4932.YGR160W	sp|P53288|YG3R_YEAST
4932.YGR161C	sp|P53289|RTS3_YEAST
4932.YGR168C	sp|P53293|YG3W_YEAST
4932.YGR176W	sp|P32475|YG3Z_YEAST
4932.YGR182C	sp|P53300|YG45_YEAST
4932.YGR190C	sp|P53302|YG47_YEAST
4932.YGR197C	sp|P46950|SNG1_YEAST
4932.YGR206W	sp|P42939|MVB12_YEAST
4932.YGR212W	sp|P53304|SLI1_YEAST
4932.YGR213C	sp|P53047|RTA1_YEAST
4932.YGR216C	sp|P53306|GPI1_YEAST
4932.YGR217W	sp|P50077|CCH1_YEAST
4932.YGR221C	sp|P50078|TOS2_YEAST
4932.YGR224W	sp|P50080|AZR1_YEAST
4932.YGR225W	sp|P50082|AMA1_YEAST
4932.YGR227W	sp|P50076|ALG10_YEAST
4932.YGR228W	sp|P53308|YG4U_YEAST
4932.YGR236C	sp|P50088|SPG1_YEAST
4932.YGR239C	sp|P50091|PEX21_YEAST
4932.YGR242W	sp|P53310|YG55_YEAST
4932.YGR243W	sp|P53311|MPC3_YEAST
4932.YGR265W	sp|P53325|YG5K_YEAST
4932.YGR273C	sp|P53329|YG5Q_YEAST
4932.YGR288W	sp|P53338|MAL13_YEAST
4932.YGR289C	sp|P53048|MAL11_YEAST
4932.YGR290W	sp|P53339|YG61_YEAST
4932.YGR291C	sp|Q8TGK4|YB298_YEAST
4932.YGR294W	sp|Q08322|PAU20_YEAST
4932.YHL046C	sp|Q08322|PAU20_YEAST
4932.YLR461W	sp|Q08322|PAU20_YEAST
4932.YOL161C	sp|Q08322|PAU20_YEAST
4932.YGR295C	sp|P53344|COS6_YEAST
4932.YHL008C	sp|P38750|YHA8_YEAST
4932.YHL009W-A	sp|Q6Q5P6|YH41A_YEAST
4932.YJL113W	sp|Q6Q5P6|YH41A_YEAST
4932.YJL114W	sp|Q6Q5P6|YH41A_YEAST
4932.YHL009W-B	sp|P47024|YJ41B_YEAST
4932.YJL113W	sp|P47024|YJ41B_YEAST
4932.YHL010C	sp|P38748|ETP1_YEAST
4932.YHL015W-A	sp|Q3E7Z6|YH015_YEAST
4932.YHL016C	sp|P33413|DUR3_YEAST
4932.YHL019C	sp|P38700|APM2_YEAST
4932.YHL022C	sp|P23179|SPO11_YEAST
4932.YHL023C	sp|P38742|NPR3_YEAST
4932.YHL026C	sp|P38740|YHC6_YEAST
4932.YHL028W	sp|P38739|WSC4_YEAST
4932.YHL036W	sp|P38734|MUP3_YEAST
4932.YHL037C	sp|P38733|YHD7_YEAST
4932.YHL040C	sp|P38731|ARN1_YEAST
4932.YHL042W	sp|P38729|YHE2_YEAST
4932.YHL043W	sp|P38728|ECM34_YEAST
4932.YHL047C	sp|P38724|ARN2_YEAST
4932.YHL048C-A	sp|Q3E758|YH048_YEAST
4932.YHR002W	sp|P38702|LEU5_YEAST
4932.YHR015W	sp|P38760|MIP6_YEAST
4932.YHR035W	sp|P38769|YHJ5_YEAST
4932.YHR036W	sp|P38770|BRL1_YEAST
4932.YHR048W	sp|P38776|YHK8_YEAST
4932.YHR049C-A	sp|O13533|YH049_YEAST
4932.YHR050W	sp|P38778|SMF2_YEAST
4932.YHR061C	sp|P38785|GIC1_YEAST
4932.YHR067W	sp|P38790|HTD2_YEAST
4932.YHR078W	sp|P38799|YHN8_YEAST
4932.YHR079C-A	sp|P89114|SAE3_YEAST
4932.YHR093W	sp|P29589|AHT1_YEAST
4932.YHR095W	sp|P38808|YHP5_YEAST
4932.YHR124W	sp|P38830|NDT80_YEAST
4932.YHR125W	sp|P38831|YHS5_YEAST
4932.YHR129C	sp|P38696|ARP1_YEAST
4932.YHR131C	sp|P38835|YHT1_YEAST
4932.YHR134W	sp|P38838|WSS1_YEAST
4932.YHR136C	sp|P38839|SPL2_YEAST
4932.YHR137C-A	sp|Q8TGN6|YH137_YEAST
4932.YHR139C-A	sp|O13536|YH139_YEAST
4932.YHR140W	sp|P38842|YHU0_YEAST
4932.YHR143W	sp|P38844|DSE2_YEAST
4932.YHR151C	sp|P38849|MTC6_YEAST
4932.YHR152W	sp|P17123|SPO12_YEAST
4932.YHR155W	sp|P38851|YSP1_YEAST
4932.YHR157W	sp|P33323|RE104_YEAST
4932.YHR162W	sp|P38857|MPC2_YEAST
4932.YHR164C	sp|P38859|DNA2_YEAST
4932.YHR175W	sp|P38865|CTR2_YEAST
4932.YHR177W	sp|P38867|YHX7_YEAST
4932.YHR180W	sp|P38868|YHY0_YEAST
4932.YHR184W	sp|P38871|SSP1_YEAST
4932.YHR185C	sp|P38872|ADY1_YEAST
4932.YHR189W	sp|P38876|PTH_YEAST
4932.YHR194W	sp|P38880|MDM31_YEAST
4932.YHR199C-A	sp|Q3E7Y6|NBL1_YEAST
4932.YHR202W	sp|P38887|YH02_YEAST
4932.YHR210C	sp|P38893|YH10_YEAST
4932.YHR211W	sp|P38894|FLO5_YEAST
4932.YHR213W	sp|P38894|FLO5_YEAST
4932.YHR213W-A	sp|Q8TGT4|YH213_YEAST
4932.YHR214W	sp|P38897|YH214_YEAST
4932.YIL001W	sp|P40560|YIA1_YEAST
4932.YIL003W	sp|P40558|CFD1_YEAST
4932.YIL006W	sp|P40556|YIA6_YEAST
4932.YIL009C-A	sp|Q03096|EST3_YEAST
4932.YIL011W	sp|P40552|TIR3_YEAST
4932.YIL023C	sp|P40544|YKE4_YEAST
4932.YIL024C	sp|P40543|YIC4_YEAST
4932.YIL025C	sp|P40542|YIC5_YEAST
4932.YIL028W	sp|P40539|YIC8_YEAST
4932.YIL037C	sp|P40534|PRM2_YEAST
4932.YIL042C	sp|P40530|PDK_YEAST
4932.YIL045W	sp|P40187|PIG2_YEAST
4932.YIL050W	sp|P40186|PCL7_YEAST
4932.YIL055C	sp|P40523|YIF5_YEAST
4932.YIL060W	sp|Q6B113|YB107_YEAST
4932.YOR192C-C	sp|Q6B113|YB107_YEAST
4932.YIL073C	sp|P40511|SPO22_YEAST
4932.YIL077C	sp|P40508|YIH7_YEAST
4932.YIL089W	sp|P40500|YII9_YEAST
4932.YIL092W	sp|P40497|YIJ2_YEAST
4932.YIL095W	sp|P40494|PRK1_YEAST
4932.YIL099W	sp|P04065|AMYH_YEASX
4932.YIL101C	sp|P40489|XBP1_YEAST
4932.YIL113W	sp|P40479|SDP1_YEAST
4932.YIL114C	sp|P40478|VDAC2_YEAST
4932.YIL120W	sp|P40475|QDR1_YEAST
4932.YIL122W	sp|P40473|POG1_YEAST
4932.YIL132C	sp|P40465|CSM2_YEAST
4932.YIL134C-A	sp|Q45U18|YI134_YEAST
4932.YIL134W	sp|P40464|FLX1_YEAST
4932.YIL139C	sp|P38927|REV7_YEAST
4932.YIL141W	sp|P40461|YIO1_YEAST
4932.YIL150C	sp|P32354|MCM10_YEAST
4932.YIL152W	sp|P40455|YIP2_YEAST
4932.YIL158W	sp|P40451|AIM20_YEAST
4932.YIL159W	sp|P40450|BNR1_YEAST
4932.YIL163C	sp|P40448|YIQ3_YEAST
4932.YIL164C	sp|P40447|NIT1_YEAST
4932.YIL165C	sp|P40446|YIQ5_YEAST
4932.YIR011C	sp|P38637|STS1_YEAST
4932.YIR014W	sp|P40570|YIT4_YEAST
4932.YIR015W	sp|P40571|RPR2_YEAST
4932.YIR016W	sp|P40572|YIT6_YEAST
4932.YIR017C	sp|P40573|MET28_YEAST
4932.YIR018W	sp|P40574|YAP5_YEAST
4932.YIR019C	sp|P08640|MUC1_YEAST
4932.YIR020C-B	sp|Q03888|YI020_YEAST
4932.YIR020W-A	sp|Q03886|YI20A_YEAST
4932.YIR021W	sp|P07266|MRS1_YEAST
4932.YIR021W-A	sp|Q3E739|YI021_YEAST
4932.YIR024C	sp|P40576|YIU4_YEAST
4932.YIR025W	sp|P40577|MND2_YEAST
4932.YIR027C	sp|P32375|ALN_YEAST
4932.YIR028W	sp|Q04895|DAL4_YEAST
4932.YIR029W	sp|P25335|ALLC_YEAST
4932.YIR032C	sp|P32459|ALLA_YEAST
4932.YIR041W	sp|Q12370|PAU17_YEAST
4932.YLL025W	sp|Q12370|PAU17_YEAST
4932.YLR037C	sp|Q12370|PAU17_YEAST
4932.YPL282C	sp|Q12370|PAU17_YEAST
4932.YJL003W	sp|P47081|COX16_YEAST
4932.YJL007C	sp|P47080|YJA7_YEAST
4932.YJL013C	sp|P47074|MAD3_YEAST
4932.YJL015C	sp|P47073|YJB5_YEAST
4932.YJL016W	sp|P47072|YJB6_YEAST
4932.YJL022W	sp|P47066|YJC2_YEAST
4932.YJL023C	sp|P47065|PT130_YEAST
4932.YJL026C-A	sp|Q8TGJ8|YJ026_YEAST
4932.YJL027C	sp|P47063|YJC7_YEAST
4932.YJL030W	sp|P40958|MAD2_YEAST
4932.YJL032W	sp|P47059|YJD2_YEAST
4932.YJL037W	sp|P47056|IRC18_YEAST
4932.YJL043W	sp|P47053|YJE3_YEAST
4932.YJL046W	sp|P47051|LPLA_YEAST
4932.YJL048C	sp|P47049|UBX6_YEAST
4932.YJL049W	sp|P47048|YJE9_YEAST
4932.YJL051W	sp|P47046|IRC8_YEAST
4932.YJL056C	sp|P47043|ZAP1_YEAST
4932.YJL058C	sp|P47041|BIT61_YEAST
4932.YJL059W	sp|P47040|BTN1_YEAST
4932.YJL072C	sp|P40359|PSF2_YEAST
4932.YJL077C	sp|P47034|ICS3_YEAST
4932.YJL078C	sp|P47033|PRY3_YEAST
4932.YJL083W	sp|P47030|TAX4_YEAST
4932.YJL090C	sp|P47027|DPB11_YEAST
4932.YJL091C	sp|P47026|GWT1_YEAST
4932.YJL092W	sp|P12954|SRS2_YEAST
4932.YJL093C	sp|P40310|TOK1_YEAST
4932.YJL094C	sp|P40309|KHA1_YEAST
4932.YJL100W	sp|P42951|LSB6_YEAST
4932.YJL105W	sp|P42948|SET4_YEAST
4932.YJL107C	sp|P42947|YJK7_YEAST
4932.YJL108C	sp|P42946|PRM10_YEAST
4932.YJL116C	sp|P46955|NCA3_YEAST
4932.YJL118W	sp|P47022|YJL8_YEAST
4932.YJL119C	sp|P47021|YJL9_YEAST
4932.YJL126W	sp|P47016|NIT2_YEAST
4932.YJL127C	sp|P35208|SPT10_YEAST
4932.YJL127C-B	sp|Q3E828|YJ127_YEAST
4932.YJL127W-A	sp|P0C5P1|YJ27A_YEAST
4932.YJL132W	sp|P47014|YJN2_YEAST
4932.YJL133W	sp|P10566|MRS3_YEAST
4932.YJL139C	sp|P26725|YUR1_YEAST
4932.YJL146W	sp|P46958|IDS2_YEAST
4932.YJL147C	sp|P47007|YJO7_YEAST
4932.YJL149W	sp|P47005|DAS1_YEAST
4932.YJL152W	sp|P47003|YJP2_YEAST
4932.YJL156C	sp|P47002|SSY5_YEAST
4932.YJL156W-A	sp|P0C5N9|YJ156_YEAST
4932.YJL161W	sp|P46998|FMP33_YEAST
4932.YJL163C	sp|P46996|YJQ3_YEAST
4932.YJL175W	sp|P46991|YJR5_YEAST
4932.YJL188C	sp|O94143|BUD19_YEAST
4932.YJL193W	sp|P39542|YJT3_YEAST
4932.YJL194W	sp|P09119|CDC6_YEAST
4932.YJL202C	sp|P39532|YJU2_YEAST
4932.YJL203W	sp|P32524|PRP21_YEAST
4932.YJL205C	sp|Q02820|NCE1_YEAST
4932.YJL206C	sp|P39529|YJU6_YEAST
4932.YJL211C	sp|P40898|YJV1_YEAST
4932.YJL213W	sp|P40896|YJV3_YEAST
4932.YJL216C	sp|P40884|IMA5_YEAST
4932.YJL220W	sp|P40891|YJW0_YEAST
4932.YJL222W-A	sp|Q8TGJ2|YN075_YEAST
4932.YNR075C-A	sp|Q8TGJ2|YN075_YEAST
4932.YJR005C-A	sp|Q3E827|YJ005_YEAST
4932.YJR011C	sp|P47086|YJY1_YEAST
4932.YJR012C	sp|P47087|YJY2_YEAST
4932.YJR013W	sp|P47088|GPI14_YEAST
4932.YJR015W	sp|P47090|YJY5_YEAST
4932.YJR020W	sp|P47092|YJZ0_YEAST
4932.YJR036C	sp|P40985|HUL4_YEAST
4932.YJR037W	sp|P47105|YJ07_YEAST
4932.YJR038C	sp|P47106|YJ08_YEAST
4932.YJR039W	sp|P47107|YJ09_YEAST
4932.YJR043C	sp|P47110|DPOD3_YEAST
4932.YJR050W	sp|P21374|ISY1_YEAST
4932.YJR054W	sp|P47114|YJ24_YEAST
4932.YJR056C	sp|P47115|YJ26_YEAST
4932.YJR058C	sp|Q00381|AP2S_YEAST
4932.YJR061W	sp|P40355|YJ31_YEAST
4932.YJR071W	sp|P47121|YJ41_YEAST
4932.YJR094C	sp|P21190|IME1_YEAST
4932.YJR106W	sp|P47144|ECM27_YEAST
4932.YJR107W	sp|P47145|YJ77_YEAST
4932.YJR108W	sp|P47146|ABM1_YEAST
4932.YJR114W	sp|P47151|YJ84_YEAST
4932.YJR115W	sp|P47152|YJ85_YEAST
4932.YJR116W	sp|P47153|TDA4_YEAST
4932.YJR119C	sp|P47156|JHD2_YEAST
4932.YJR128W	sp|P47162|YJ98_YEAST
4932.YJR129C	sp|P47163|YJ99_YEAST
4932.YJR136C	sp|P47168|TTI2_YEAST
4932.YJR141W	sp|P47172|YJ9I_YEAST
4932.YJR149W	sp|P47177|2NDP_YEAST
4932.YJR150C	sp|P47178|DAN1_YEAST
4932.YJR151C	sp|P47179|DAN4_YEAST
4932.YJR152W	sp|P15365|DAL5_YEAST
4932.YJR156C	sp|P47183|THI11_YEAST
4932.YJR162C	sp|Q03051|YD543_YEAST
4932.YKL018C-A	sp|Q3E7A7|YK018_YEAST
4932.YKL023C-A	sp|Q2V2P3|YK023_YEAST
4932.YKL026C	sp|P36014|GPX1_YEAST
4932.YKL034W	sp|P36096|TUL1_YEAST
4932.YKL036C	sp|P32859|YKD6_YEAST
4932.YKL038W	sp|P32862|RGT1_YEAST
4932.YKL043W	sp|P36093|PHD1_YEAST
4932.YKL050C	sp|P35736|YKF0_YEAST
4932.YKL053W	sp|P35733|YKF3_YEAST
4932.YKL068W-A	sp|Q3E826|YK068_YEAST
4932.YKL070W	sp|P36087|YKH0_YEAST
4932.YKL071W	sp|P36086|YKH1_YEAST
4932.YKL072W	sp|P36085|STB6_YEAST
4932.YKL076C	sp|P36082|PSY1_YEAST
4932.YKL084W	sp|P36078|HOT13_YEAST
4932.YKL086W	sp|P36077|SRX1_YEAST
4932.YKL087C	sp|Q00873|CYT2_YEAST
4932.YKL090W	sp|P36075|CUE2_YEAST
4932.YKL096C-B	sp|Q8TGT2|YK096_YEAST
4932.YKL096W-A	sp|P43497|CWP2_YEAST
4932.YKL097C	sp|P34245|YKJ7_YEAST
4932.YKL100W-A	sp|P0C5P2|YK100_YEAST
4932.YKL102C	sp|P34249|YKK2_YEAST
4932.YKL106C-A	sp|Q3E7A0|YK106_YEAST
4932.YKL107W	sp|P34251|YKK7_YEAST
4932.YKL109W	sp|P14064|HAP4_YEAST
4932.YKL111C	sp|P36074|YKL1_YEAST
4932.YKL118W	sp|P36072|YKL8_YEAST
4932.YKL119C	sp|P32341|VPH2_YEAST
4932.YKL124W	sp|P32343|SSH4_YEAST
4932.YKL131W	sp|P36067|YKN1_YEAST
4932.YKL132C	sp|P36001|FOLC_YEAST
4932.YKL133C	sp|P36066|MGR3L_YEAST
4932.YKL138C	sp|P14063|RM31_YEAST
4932.YKL153W	sp|P36058|YKP3_YEAST
4932.YKL156C-A	sp|Q8TGN0|YK156_YEAST
4932.YKL165C-A	sp|P0C5P5|YK165_YEAST
4932.YKL168C	sp|P36004|KKQ8_YEAST
4932.YKL169C	sp|P36050|YKQ9_YEAST
4932.YKL171W	sp|P36003|NNK1_YEAST
4932.YKL177W	sp|P34238|YKR7_YEAST
4932.YKL178C	sp|P06783|STE3_YEAST
4932.YKL183W	sp|P34234|LOT5_YEAST
4932.YKL185W	sp|P34233|ASH1_YEAST
4932.YKL198C	sp|P36002|PTK1_YEAST
4932.YKL201C	sp|P36044|MNN4_YEAST
4932.YKL208W	sp|P36038|CBT1_YEAST
4932.YKL220C	sp|P36033|FRE2_YEAST
4932.YKL221W	sp|P36032|MCH2_YEAST
4932.YKR005C	sp|Q02203|YKY5_YEAST
4932.YKR012C	sp|P36109|YKZ2_YEAST
4932.YKR015C	sp|P36111|YKZ5_YEAST
4932.YKR017C	sp|P36113|YKZ7_YEAST
4932.YKR020W	sp|P36116|VPS51_YEAST
4932.YKR022C	sp|P36118|NTR2_YEAST
4932.YKR030W	sp|P36125|GMH1_YEAST
4932.YKR033C	sp|P36128|YK13_YEAST
4932.YKR034W	sp|P26343|DAL80_YEAST
4932.YKR044W	sp|P36137|UIP5_YEAST
4932.YKR045C	sp|P36138|YK25_YEAST
4932.YKR047W	sp|P36140|YK27_YEAST
4932.YKR050W	sp|P28584|TRK2_YEAST
4932.YKR053C	sp|P23501|DS1P2_YEAST
4932.YKR061W	sp|P33550|KTR2_YEAST
4932.YKR075C	sp|P36155|YK55_YEAST
4932.YKR077W	sp|P36157|MSA2_YEAST
4932.YKR078W	sp|P36158|YK58_YEAST
4932.YKR091W	sp|P36167|SRL3_YEAST
4932.YKR096W	sp|P22281|ALDHX_YEASX
4932.YKR101W	sp|P21691|SIR1_YEAST
4932.YKR102W	sp|P36170|FLO10_YEAST
4932.YKR103W	sp|C8ZCR2|NFT1_YEAS8
4932.YKR104W	sp|A7A063|NFT1_YEAS7
4932.YLL018C-A	sp|Q3E731|COX19_YEAST
4932.YLL019W-A	sp|Q8TGM8|YL019_YEAST
4932.YLL020C	sp|Q07811|YL020_YEAST
4932.YLL042C	sp|Q07879|ATG10_YEAST
4932.YLL047W	sp|Q07881|YL047_YEAST
4932.YLL049W	sp|Q07887|LDB18_YEAST
4932.YLL051C	sp|Q12473|FRE6_YEAST
4932.YLL053C	sp|C8ZCS2|YLL53_YEAS8
4932.YLL055W	sp|Q12235|YCT1_YEAST
4932.YLL056C	sp|Q12177|YL056_YEAST
4932.YLL057C	sp|Q12358|JLP1_YEAST
4932.YLL059C	sp|Q12336|YL059_YEAST
4932.YLL061W	sp|Q12372|MMP1_YEAST
4932.YLL063C	sp|Q12226|AYT1_YEAST
4932.YLL065W	sp|Q99339|GIN11_YEAST
4932.YLR004C	sp|Q07904|THI73_YEAST
4932.YLR010C	sp|Q07921|TEN1_YEAST
4932.YLR013W	sp|Q07928|GAT3_YEAST
4932.YLR014C	sp|P07272|PPR1_YEAST
4932.YLR023C	sp|Q07959|IZH3_YEAST
4932.YLR030W	sp|Q07967|YL030_YEAST
4932.YLR031W	sp|Q07978|YL031_YEAST
4932.YLR035C	sp|Q07980|MLH2_YEAST
4932.YLR036C	sp|Q07986|YL036_YEAST
4932.YLR041W	sp|Q07989|YL041_YEAST
4932.YLR046C	sp|Q12253|YL046_YEAST
4932.YLR047C	sp|Q12209|FRE8_YEAST
4932.YLR049C	sp|Q12110|YL049_YEAST
4932.YLR054C	sp|Q12202|OSW2_YEAST
4932.YLR067C	sp|P32522|PT309_YEAST
4932.YLR073C	sp|Q08003|RFU1_YEAST
4932.YLR076C	sp|Q08018|YL076_YEAST
4932.YLR087C	sp|Q12150|CSF1_YEAST
4932.YLR091W	sp|Q12393|GEP5_YEAST
4932.YLR092W	sp|Q12325|SUL2_YEAST
4932.YLR094C	sp|Q12418|GIS3_YEAST
4932.YLR099C	sp|Q12385|ICT1_YEAST
4932.YLR102C	sp|Q12107|APC9_YEAST
4932.YLR111W	sp|Q12528|YL111_YEAST
4932.YLR112W	sp|Q12130|YL112_YEAST
4932.YLR125W	sp|Q12138|YL125_YEAST
4932.YLR127C	sp|Q12440|APC2_YEAST
4932.YLR132C	sp|Q12208|USB1_YEAST
4932.YLR136C	sp|P47977|CTH2_YEAST
4932.YLR138W	sp|Q99271|NAH1_YEAST
4932.YLR140W	sp|Q12077|YL140_YEAST
4932.YLR146W-A	sp|Q2V2P1|YL146_YEAST
4932.YLR149C	sp|Q99296|YL149_YEAST
4932.YLR149C-A	sp|P0C5P8|YL49A_YEAST
4932.YLR151C	sp|Q12524|PCD1_YEAST
4932.YLR152C	sp|P54072|YL152_YEAST
4932.YLR154C-G	sp|Q3E813|YL154_YEAST
4932.YLR154W-A	sp|Q8TGM7|ART2_YEAST
4932.YLR162W-A	sp|Q8TGM7|ART2_YEAST
4932.YLR154W-B	sp|P0C5P9|YL54B_YEAST
4932.YLR154W-C	sp|Q8TGM6|TAR1_YEAST
4932.YLR154W-E	sp|Q8TGM5|ART3_YEAST
4932.YLR159C-A	sp|Q3E768|YL15A_YEAST
4932.YLR162W	sp|Q06235|YL162_YEAST
4932.YLR164W	sp|Q06236|YL164_YEAST
4932.YLR165C	sp|Q06244|PUS5_YEAST
4932.YLR171W	sp|O13562|YL171_YEAST
4932.YLR173W	sp|Q06247|YL173_YEAST
4932.YLR176C	sp|P48743|RFX1_YEAST
4932.YLR183C	sp|Q06266|TOS4_YEAST
4932.YLR184W	sp|Q06267|YL184_YEAST
4932.YLR191W	sp|P80667|PEX13_YEAST
4932.YLR194C	sp|Q05777|YL194_YEAST
4932.YLR201C	sp|Q05779|COQ9_YEAST
4932.YLR202C	sp|O13531|YL202_YEAST
4932.YLR204W	sp|P32344|COX24_YEAST
4932.YLR205C	sp|P32339|HMX1_YEAST
4932.YLR210W	sp|P24871|CG24_YEAST
4932.YLR211C	sp|Q05789|YL211_YEAST
4932.YLR213C	sp|Q05790|CRR1_YEAST
4932.YLR217W	sp|O13532|YL217_YEAST
4932.YLR224W	sp|Q05947|YL224_YEAST
4932.YLR227C	sp|Q05955|ADY4_YEAST
4932.YLR232W	sp|O13546|YL232_YEAST
4932.YLR242C	sp|Q06541|ARV1_YEAST
4932.YLR246W	sp|Q06551|ERFB_YEAST
4932.YLR254C	sp|Q06568|NDE1_YEAST
4932.YLR255C	sp|O13574|YL255_YEAST
4932.YLR261C	sp|O13549|VPS63_YEAST
4932.YLR269C	sp|O13550|YL269_YEAST
4932.YLR271W	sp|Q06152|YL271_YEAST
4932.YLR279W	sp|O13540|YL279_YEAST
4932.YLR280C	sp|O13541|YL280_YEAST
4932.YLR281C	sp|Q05863|YL281_YEAST
4932.YLR294C	sp|O13543|YL294_YEAST
4932.YLR296W	sp|Q05898|YL296_YEAST
4932.YLR297W	sp|Q05899|YL297_YEAST
4932.YLR298C	sp|Q05900|RU1C_YEAST
4932.YLR302C	sp|O13544|YL302_YEAST
4932.YLR307W	sp|Q06702|CDA1_YEAST
4932.YLR308W	sp|Q06703|CDA2_YEAST
4932.YLR311C	sp|Q06158|YL311_YEAST
4932.YLR312C	sp|Q06159|YL312_YEAST
4932.YLR313C	sp|Q06160|SPH1_YEAST
4932.YLR317W	sp|O13553|YL317_YEAST
4932.YLR318W	sp|Q06163|TERT_YEAST
4932.YLR320W	sp|Q06164|MMS22_YEAST
4932.YLR338W	sp|O94084|OPI9_YEAST
4932.YLR339C	sp|O94085|YL339_YEAST
4932.YLR341W	sp|Q06134|SPO77_YEAST
4932.YLR342W-A	sp|Q3E810|YL342_YEAST
4932.YLR343W	sp|Q06135|GAS2_YEAST
4932.YLR349W	sp|O94086|YL349_YEAST
4932.YLR353W	sp|P41698|BUD8_YEAST
4932.YLR358C	sp|O13565|YL358_YEAST
4932.YLR360W	sp|Q05919|VPS38_YEAST
4932.YLR363C	sp|Q12129|NMD4_YEAST
4932.YLR364C-A	sp|P0C5Q1|YL64A_YEAST
4932.YLR365W	sp|Q7LIF2|YL365_YEAST
4932.YLR366W	sp|Q7LIF1|YL366_YEAST
4932.YLR374C	sp|O13545|YL374_YEAST
4932.YLR376C	sp|Q12318|PSY3_YEAST
4932.YLR383W	sp|Q12749|SMC6_YEAST
4932.YLR394W	sp|Q06032|CST9_YEAST
4932.YLR399W-A	sp|Q8TGM1|YL399_YEAST
4932.YLR404W	sp|Q06058|FLD1_YEAST
4932.YLR408C	sp|Q06071|BL1S1_YEAST
4932.YLR412W	sp|Q06688|SRR1L_YEAST
4932.YLR415C	sp|O13578|YL415_YEAST
4932.YLR416C	sp|Q06695|YL416_YEAST
4932.YLR423C	sp|Q06410|ATG17_YEAST
4932.YLR424W	sp|Q06411|SP382_YEAST
4932.YLR425W	sp|Q06412|TUS1_YEAST
4932.YLR428C	sp|O13564|YL428_YEAST
4932.YLR437C	sp|O13577|DIF1_YEAST
4932.YLR444C	sp|O13560|YL444_YEAST
4932.YLR445W	sp|Q06201|GMC2_YEAST
4932.YLR446W	sp|Q06204|YL446_YEAST
4932.YLR453C	sp|Q06208|RIF2_YEAST
4932.YLR455W	sp|Q06188|YL455_YEAST
4932.YLR456W	sp|Q06199|YL456_YEAST
4932.YLR465C	sp|O13558|BSC3_YEAST
4932.YML002W	sp|C8ZEK4|U507_YEAS8
4932.YML003W	sp|C8ZEK4|U507_YEAS8
4932.YML006C	sp|Q04233|GIS4_YEAST
4932.YML009W-B	sp|Q6B0Y1|YM009_YEAST
4932.YML018C	sp|Q03730|YMB8_YEAST
4932.YML037C	sp|Q03703|YMD7_YEAST
4932.YML038C	sp|Q03697|YMD8_YEAST
4932.YML050W	sp|Q04689|AIM32_YEAST
4932.YML058W-A	sp|Q6Q5K6|HUG1_YEAST
4932.YML060W	sp|P53397|OGG1_YEAST
4932.YML066C	sp|Q04658|SMA2_YEAST
4932.YML068W	sp|Q04638|ITT1_YEAST
4932.YML083C	sp|Q04526|YMI3_YEAST
4932.YML084W	sp|Q04521|YMI4_YEAST
4932.YML087C	sp|Q04516|AIM33_YEAST
4932.YML089C	sp|Q04502|YMI9_YEAST
4932.YML090W	sp|Q04501|YMJ0_YEAST
4932.YML098W	sp|P11747|TAF13_YEAST
4932.YML099W-A	sp|Q6B2I9|YM099_YEAST
4932.YML101C-A	sp|Q6B0Z2|YM101_YEAST
4932.YML104C	sp|Q01846|MDM1_YEAST
4932.YML107C	sp|Q03760|PML39_YEAST
4932.YML108W	sp|Q03759|YMK8_YEAST
4932.YML113W	sp|P13483|DATI_YEAST
4932.YML116W	sp|P13090|ATR1_YEAST
4932.YML116W-A	sp|Q6B108|YM116_YEAST
4932.YML118W	sp|Q03210|NGL3_YEAST
4932.YML122C	sp|Q03207|YMM2_YEAST
4932.YMR007W	sp|Q03675|YMO7_YEAST
4932.YMR010W	sp|Q03687|YMP0_YEAST
4932.YMR013C	sp|P20048|SEC59_YEAST
4932.YMR017W	sp|Q04359|SPO20_YEAST
4932.YMR018W	sp|Q04364|YMP8_YEAST
4932.YMR021C	sp|P35192|MAC1_YEAST
4932.YMR023C	sp|P32559|MSS1_YEAST
4932.YMR025W	sp|Q04368|CSI1_YEAST
4932.YMR030W-A	sp|Q3E760|YM030_YEAST
4932.YMR031W-A	sp|Q6Q572|YM031_YEAST
4932.YMR034C	sp|Q05131|YMS4_YEAST
4932.YMR035W	sp|P46972|IMP2_YEAST
4932.YMR036C	sp|P23748|MPIP_YEAST
4932.YMR040W	sp|Q04210|YET2_YEAST
4932.YMR052C-A	sp|Q6B0Y6|YM052_YEAST
4932.YMR052W	sp|P46671|FAR3_YEAST
4932.YMR057C	sp|Q04674|YMU7_YEAST
4932.YMR063W	sp|Q04734|PALI_YEAST
4932.YMR068W	sp|Q04749|AVO2_YEAST
4932.YMR069W	sp|Q04751|NAT4_YEAST
4932.YMR075C-A	sp|Q6B0Y7|YM075_YEAST
4932.YMR077C	sp|Q04272|VPS20_YEAST
4932.YMR081C	sp|P32488|ISF1_YEAST
4932.YMR082C	sp|Q04276|YMX2_YEAST
4932.YMR085W	sp|C8ZET8|YM085_YEAS8
4932.YMR088C	sp|Q04301|VBA1_YEAST
4932.YMR100W	sp|Q03162|MUB1_YEAST
4932.YMR101C	sp|Q03175|SRT1_YEAST
4932.YMR103C	sp|Q04436|YMZ3_YEAST
4932.YMR118C	sp|Q04487|YM07_YEAST
4932.YMR122C	sp|Q03879|YM09_YEAST
4932.YMR122W-A	sp|Q3E842|YM122_YEAST
4932.YMR127C	sp|P40963|SAS2_YEAST
4932.YMR132C	sp|P40206|JLP2_YEAST
4932.YMR133W	sp|P32841|RE114_YEAST
4932.YMR135W-A	sp|Q6B0X1|YM135_YEAST
4932.YMR136W	sp|P40209|GAT2_YEAST
4932.YMR141C	sp|P40211|YM21_YEAST
4932.YMR147W	sp|P40218|YM24_YEAST
4932.YMR154C	sp|Q03792|RIM13_YEAST
4932.YMR155W	sp|Q03795|YM30_YEAST
4932.YMR156C	sp|Q03796|TPP1_YEAST
4932.YMR158W-B	sp|Q6B0X2|YM158_YEAST
4932.YMR160W	sp|Q03823|YM35_YEAST
4932.YMR163C	sp|Q03824|INP2_YEAST
4932.YMR164C	sp|Q03825|MSS11_YEAST
4932.YMR175W	sp|P50263|SIP18_YEAST
4932.YMR175W-A	sp|Q3E766|YM175_YEAST
4932.YMR181C	sp|Q03231|YM46_YEAST
4932.YMR182C	sp|Q00453|RGM1_YEAST
4932.YMR187C	sp|Q03236|YM49_YEAST
4932.YMR191W	sp|P42933|SPG5_YEAST
4932.YMR194C-A	sp|P0C5Q6|YM94A_YEAST
4932.YMR194C-B	sp|Q3E7A9|CMC4_YEAST
4932.YMR195W	sp|Q04329|ICY1_YEAST
4932.YMR198W	sp|Q01649|CIK1_YEAST
4932.YMR230W-A	sp|Q3E7B5|YM230_YEAST
4932.YMR232W	sp|Q05670|FUS2_YEAST
4932.YMR242W-A	sp|Q8TGS6|YM242_YEAST
4932.YMR245W	sp|Q04019|YM80_YEAST
4932.YMR251W	sp|Q04806|GTO3_YEAST
4932.YMR251W-A	sp|Q05827|HOR7_YEAST
4932.YMR254C	sp|Q04838|YM88_YEAST
4932.YMR257C	sp|P08468|PT111_YEAST
4932.YMR269W	sp|Q03525|TMA23_YEAST
4932.YMR272W-A	sp|Q8TGM0|YM72A_YEAST
4932.YMR273C	sp|P50111|ZDS1_YEAST
4932.YMR274C	sp|Q03530|RCE1_YEAST
4932.YMR279C	sp|Q03263|YM8M_YEAST
4932.YMR281W	sp|P23797|GPI12_YEAST
4932.YMR283C	sp|P23796|RIT1_YEAST
4932.YMR299C	sp|Q04949|DYN3_YEAST
4932.YMR307C-A	sp|P0C5Q5|YM307_YEAST
4932.YMR316W	sp|P54005|DIA1_YEAST
4932.YNL012W	sp|P53541|SPO1_YEAST
4932.YNL013C	sp|P53979|YNB3_YEAST
4932.YNL017C	sp|P53977|YNB7_YEAST
4932.YNL018C	sp|P53976|YNB8_YEAST
4932.YNL034W	sp|P53976|YNB8_YEAST
4932.YNL019C	sp|P53975|YNB9_YEAST
4932.YNL033W	sp|P53975|YNB9_YEAST
4932.YNL024C	sp|P53970|YNC4_YEAST
4932.YNL028W	sp|P53967|YNC8_YEAST
4932.YNL038W	sp|P53961|GPI15_YEAST
4932.YNL043C	sp|P53957|YNE3_YEAST
4932.YNL046W	sp|P53956|YNE6_YEAST
4932.YNL047C	sp|P53955|SLM2_YEAST
4932.YNL053W	sp|P38590|MSG5_YEAST
4932.YNL057W	sp|P53948|YNF7_YEAST
4932.YNL063W	sp|P53944|MTQ1_YEAST
4932.YNL065W	sp|P53943|AQR1_YEAST
4932.YNL078W	sp|P53939|NIS1_YEAST
4932.YNL082W	sp|P14242|PMS1_YEAST
4932.YNL086W	sp|P48232|SNAPN_YEAST
4932.YNL092W	sp|P53934|YNJ2_YEAST
4932.YNL094W	sp|P53933|APP1_YEAST
4932.YNL097C-B	sp|P0C271|YN97B_YEAST
4932.YNL097W-A	sp|Q8TGL8|YN097_YEAST
4932.YNL101W	sp|P50944|AVT4_YEAST
4932.YNL120C	sp|P53922|YNM0_YEAST
4932.YNL122C	sp|P53921|YNM2_YEAST
4932.YNL130C	sp|P17898|CPT1_YEAST
4932.YNL130C-A	sp|Q3E808|DGR1_YEAST
4932.YNL133C	sp|P53913|FYV6_YEAST
4932.YNL138W-A	sp|P0C074|YSF3_YEAST
4932.YNL140C	sp|P53910|YNO0_YEAST
4932.YNL143C	sp|P53908|YNO3_YEAST
4932.YNL145W	sp|P34166|MFA2_YEAST
4932.YNL146C-A	sp|Q3E7Z1|YN146_YEAST
4932.YNL150W	sp|P53902|YNP0_YEAST
4932.YNL159C	sp|P53895|ASI2_YEAST
4932.YNL165W	sp|P53891|YNQ5_YEAST
4932.YNL170W	sp|P53888|YNR0_YEAST
4932.YNL171C	sp|P53887|YNR1_YEAST
4932.YNL176C	sp|P53882|TDA7_YEAST
4932.YNL179C	sp|P53880|YNR9_YEAST
4932.YNL184C	sp|P53876|YNS4_YEAST
4932.YNL187W	sp|P53873|SWT21_YEAST
4932.YNL188W	sp|P11927|KAR1_YEAST
4932.YNL190W	sp|P53872|YNT0_YEAST
4932.YNL196C	sp|P40167|SLZ1_YEAST
4932.YNL204C	sp|P32572|SPS18_YEAST
4932.YNL213C	sp|P40156|RRG9_YEAST
4932.YNL214W	sp|P40155|PEX17_YEAST
4932.YNL218W	sp|P40151|WRIP1_YEAST
4932.YNL223W	sp|P53867|ATG4_YEAST
4932.YNL226W	sp|P53864|YNW6_YEAST
4932.YNL228W	sp|P53862|YNW8_YEAST
4932.YNL234W	sp|P53857|YNX4_YEAST
4932.YNL235C	sp|P53856|YNX5_YEAST
4932.YNL237W	sp|P53584|YTP1_YEAST
4932.YNL245C	sp|P53854|CWC25_YEAST
4932.YNL254C	sp|P53850|RTC4_YEAST
4932.YNL268W	sp|P32487|LYP1_YEAST
4932.YNL269W	sp|P53841|BSC4_YEAST
4932.YNL270C	sp|P38971|ALP1_YEAST
4932.YNL275W	sp|P53838|BOR1_YEAST
4932.YNL276C	sp|P53837|YN16_YEAST
4932.YNL283C	sp|P53832|WSC2_YEAST
4932.YNL285W	sp|P53831|YN25_YEAST
4932.YNL289W	sp|P24867|PCL1_YEAST
4932.YNL293W	sp|P48566|GYP3_YEAST
4932.YNL294C	sp|P48565|PALH_YEAST
4932.YNL296W	sp|P53828|YN36_YEAST
4932.YNL299W	sp|P48561|TRF5_YEAST
4932.YNL300W	sp|P48560|TOS6_YEAST
4932.YNL304W	sp|P48559|YPT11_YEAST
4932.YNL318C	sp|P42833|HXT14_YEAST
4932.YNL319W	sp|P53826|YN59_YEAST
4932.YNL322C	sp|P17260|KRE1_YEAST
4932.YNL324W	sp|P53825|YN64_YEAST
4932.YNL325C	sp|P42837|FIG4_YEAST
4932.YNL328C	sp|P42834|MDJ2_YEAST
4932.YNR001W-A	sp|P0C5Q7|YN001_YEAST
4932.YNR002C	sp|P32907|ATO2_YEAST
4932.YNR004W	sp|P40342|SWM2_YEAST
4932.YNR014W	sp|P53719|YN87_YEAST
4932.YNR020C	sp|P53722|ATP23_YEAST
4932.YNR041C	sp|P32378|COQ2_YEAST
4932.YNR042W	sp|P53737|YN8P_YEAST
4932.YNR044W	sp|P32323|AGA1_YEAST
4932.YNR045W	sp|P07390|PT494_YEAST
4932.YNR055C	sp|P53389|HOL1_YEAST
4932.YNR058W	sp|P50277|BIOA_YEAST
4932.YNR059W	sp|P53745|MNT4_YEAST
4932.YNR061C	sp|P53747|YN8Z_YEAST
4932.YNR062C	sp|P53748|YN91_YEAST
4932.YNR063W	sp|P53749|YN92_YEAST
4932.YNR064C	sp|P53750|YN93_YEAST
4932.YNR068C	sp|P53754|YN97_YEAST
4932.YNR069C	sp|P53755|BSC5_YEAST
4932.YNR071C	sp|P53757|YN9A_YEAST
4932.YNR075W	sp|P52924|COS10_YEAST
4932.YOL001W	sp|P20052|PHO80_YEAST
4932.YOL003C	sp|Q12006|PFA4_YEAST
4932.YOL007C	sp|Q08054|CSI2_YEAST
4932.YOL014W	sp|Q08110|YO014_YEAST
4932.YOL015W	sp|Q08118|IRC10_YEAST
4932.YOL020W	sp|P38967|TAT2_YEAST
4932.YOL028C	sp|Q08182|YAP7_YEAST
4932.YOL029C	sp|Q08187|YO029_YEAST
4932.YOL036W	sp|Q08206|YO036_YEAST
4932.YOL038C-A	sp|Q3E7Z9|YO038_YEAST
4932.YOL043C	sp|Q08214|NTG2_YEAST
4932.YOL044W	sp|Q08215|PEX15_YEAST
4932.YOL046C	sp|Q08216|YO046_YEAST
4932.YOL047C	sp|Q08218|YO047_YEAST
4932.YOL048C	sp|Q08219|RRT8_YEAST
4932.YOL053W	sp|Q08223|AIM39_YEAST
4932.YOL075C	sp|Q08234|YO075_YEAST
4932.YOL082W	sp|P35193|ATG19_YEAST
4932.YOL085C	sp|Q99345|YO085_YEAST
4932.YOL091W	sp|Q12411|MPC70_YEAST
4932.YOL099C	sp|Q08240|YO099_YEAST
4932.YOL101C	sp|Q99393|IZH4_YEAST
4932.YOL103W	sp|P30606|ITR2_YEAST
4932.YOL104C	sp|Q12366|NDJ1_YEAST
4932.YOL105C	sp|Q12215|WSC3_YEAST
4932.YOL106W	sp|Q08241|YO106_YEAST
4932.YOL110W	sp|P41912|ERFD_YEAST
4932.YOL112W	sp|Q12317|MSB4_YEAST
4932.YOL114C	sp|Q12322|YO114_YEAST
4932.YOL118C	sp|Q08259|YOL18_YEAST
4932.YOL122C	sp|P38925|SMF1_YEAST
4932.YOL131W	sp|Q08270|YO131_YEAST
4932.YOL132W	sp|Q08271|GAS4_YEAST
4932.YOL134C	sp|Q08272|YO134_YEAST
4932.YOL136C	sp|Q12471|6P22_YEAST
4932.YOL138C	sp|Q08281|RTC1_YEAST
4932.YOL146W	sp|Q12146|PSF3_YEAST
4932.YOL154W	sp|Q12512|ZPS1_YEAST
4932.YOL164W	sp|Q08347|BDS1_YEAST
4932.YOR003W	sp|P25036|YSP3_YEAST
4932.YOR005C	sp|Q08387|DNLI4_YEAST
4932.YOR009W	sp|Q12218|TIR4_YEAST
4932.YOR010C	sp|P33890|TIR2_YEAST
4932.YOR013W	sp|Q12479|IRC11_YEAST
4932.YOR015W	sp|Q12169|YO015_YEAST
4932.YOR019W	sp|Q99248|YO019_YEAST
4932.YOR023C	sp|Q12433|AHC1_YEAST
4932.YOR024W	sp|Q12070|YOR24_YEAST
4932.YOR025W	sp|P53687|HST3_YEAST
4932.YOR030W	sp|Q99234|DFG16_YEAST
4932.YOR033C	sp|P39875|EXO1_YEAST
4932.YOR036W	sp|P32854|PEP12_YEAST
4932.YOR037W	sp|P38909|CYC2_YEAST
4932.YOR040W	sp|Q12320|GLO4_YEAST
4932.YOR041C	sp|Q08411|YO041_YEAST
4932.YOR044W	sp|Q08416|IRC23_YEAST
4932.YOR047C	sp|Q02794|STD1_YEAST
4932.YOR052C	sp|Q08422|YO052_YEAST
4932.YOR053W	sp|Q08428|YOR53_YEAST
4932.YOR055W	sp|Q08439|YO055_YEAST
4932.YOR059C	sp|Q08448|YO059_YEAST
4932.YOR060C	sp|Q08457|SLD7_YEAST
4932.YOR062C	sp|P36025|YO062_YEAST
4932.YOR064C	sp|Q08465|YNG1_YEAST
4932.YOR066W	sp|Q08471|MSA1_YEAST
4932.YOR068C	sp|Q08474|VAM10_YEAST
4932.YOR070C	sp|Q08484|GYP1_YEAST
4932.YOR071C	sp|Q08485|NRT1_YEAST
4932.YOR072W	sp|Q08486|YOR72_YEAST
4932.YOR073W	sp|Q08490|SGO1_YEAST
4932.YOR073W-A	sp|P0C5R3|YO73A_YEAST
4932.YOR077W	sp|P40962|RTS2_YEAST
4932.YOR079C	sp|Q12067|ATX2_YEAST
4932.YOR082C	sp|Q08498|YO082_YEAST
4932.YOR092W	sp|Q99252|ECM3_YEAST
4932.YOR097C	sp|Q12274|YOR97_YEAST
4932.YOR102W	sp|Q08503|YO102_YEAST
4932.YOR104W	sp|Q12057|PIN2_YEAST
4932.YOR105W	sp|Q08504|YO105_YEAST
4932.YOR107W	sp|Q99188|RGS2_YEAST
4932.YOR114W	sp|Q12219|YORA4_YEAST
4932.YOR134W	sp|Q12128|BAG7_YEAST
4932.YOR135C	sp|Q08522|IRC14_YEAST
4932.YOR137C	sp|Q12212|SIA1_YEAST
4932.YOR146W	sp|Q08533|YO146_YEAST
4932.YOR147W	sp|Q12171|MDM32_YEAST
4932.YOR148C	sp|Q02521|SPP2_YEAST
4932.YOR149C	sp|Q04174|SMP3_YEAST
4932.YOR154W	sp|Q12232|SLP1_YEAST
4932.YOR159C	sp|Q12330|RUXE_YEAST
4932.YOR161C	sp|Q12412|PNS1_YEAST
4932.YOR161W-A	sp|Q8TGL5|YO61A_YEAST
4932.YOR161W-B	sp|Q8TGL4|YO61B_YEAST
4932.YOR169C	sp|Q08540|YO169_YEAST
4932.YOR172W	sp|Q12340|YRM1_YEAST
4932.YOR177C	sp|Q08550|MPC54_YEAST
4932.YOR178C	sp|P28006|GAC1_YEAST
4932.YOR183W	sp|Q08559|FYV12_YEAST
4932.YOR186C-A	sp|Q8TGL3|YO86A_YEAST
4932.YOR186W	sp|Q08560|YO186_YEAST
4932.YOR190W	sp|P32603|SPR1_YEAST
4932.YOR200W	sp|Q08620|YO200_YEAST
4932.YOR203W	sp|Q08621|YO201_YEAST
4932.YOR208W	sp|P29461|PTP2_YEAST
4932.YOR223W	sp|Q12015|YO223_YEAST
4932.YOR228C	sp|Q12106|YO228_YEAST
4932.YOR237W	sp|P35843|HES1_YEAST
4932.YOR242C	sp|Q08646|SSP2_YEAST
4932.YOR249C	sp|Q08683|APC5_YEAST
4932.YOR255W	sp|Q08692|OSW1_YEAST
4932.YOR264W	sp|Q08729|DSE3_YEAST
4932.YOR266W	sp|P38969|PNT1_YEAST
4932.YOR269W	sp|P39946|LIS1_YEAST
4932.YOR277C	sp|Q08736|YO277_YEAST
4932.YOR282W	sp|Q08741|YO282_YEAST
4932.YOR284W	sp|Q12134|HUA2_YEAST
4932.YOR287C	sp|Q12481|RRP36_YEAST
4932.YOR295W	sp|Q08747|UAF30_YEAST
4932.YOR296W	sp|Q08748|YO296_YEAST
4932.YOR297C	sp|Q08749|TIM18_YEAST
4932.YOR298W	sp|Q08750|MUM3_YEAST
4932.YOR304C-A	sp|O14468|YO304_YEAST
4932.YOR305W	sp|Q08774|RRG7_YEAST
4932.YOR306C	sp|Q08777|MCH5_YEAST
4932.YOR307C	sp|P22215|SLY41_YEAST
4932.YOR309C	sp|Q12444|YO309_YEAST
4932.YOR313C	sp|P09937|SPS4_YEAST
4932.YOR314W	sp|Q12506|YO314_YEAST
4932.YOR315W	sp|Q12507|SFG1_YEAST
4932.YOR316C-A	sp|Q3E806|YO316_YEAST
4932.YOR324C	sp|Q99332|HPH1_YEAST
4932.YOR329W-A	sp|P0C5R1|YO329_YEAST
4932.YOR331C	sp|Q08786|YO331_YEAST
4932.YOR333C	sp|Q08789|YO333_YEAST
4932.YOR338W	sp|Q99326|YO338_YEAST
4932.YOR339C	sp|P52492|UBC11_YEAST
4932.YOR342C	sp|Q12182|YO342_YEAST
4932.YOR343C	sp|Q12484|YO343_YEAST
4932.YOR346W	sp|P12689|REV1_YEAST
4932.YOR350C	sp|P24720|MNE1_YEAST
4932.YOR351C	sp|P24719|MEK1_YEAST
4932.YOR358W	sp|Q02516|HAP5_YEAST
4932.YOR365C	sp|Q08844|YO365_YEAST
4932.YOR366W	sp|Q08872|YO366_YEAST
4932.YOR368W	sp|P48581|RAD17_YEAST
4932.YOR376W	sp|Q08900|YOR76_YEAST
4932.YOR378W	sp|Q08902|YO378_YEAST
4932.YOR379C	sp|Q08903|YO379_YEAST
4932.YOR381W	sp|Q08905|FRE3_YEAST
4932.YOR381W-A	sp|Q3E804|YO381_YEAST
4932.YOR383C	sp|Q08907|FIT3_YEAST
4932.YOR384W	sp|Q08908|FRE5_YEAST
4932.YOR385W	sp|Q08909|YO385_YEAST
4932.YOR389W	sp|Q08990|YP278_YEAST
4932.YOR390W	sp|Q08991|YP279_YEAST
4932.YPL279C	sp|Q08991|YP279_YEAST
4932.YPL005W	sp|Q12089|AEP3_YEAST
4932.YPL014W	sp|Q02606|YP014_YEAST
4932.YPL015C	sp|P53686|HST2_YEAST
4932.YPL021W	sp|Q02710|ECM23_YEAST
4932.YPL025C	sp|Q02659|YP025_YEAST
4932.YPL026C	sp|Q12505|SKS1_YEAST
4932.YPL027W	sp|Q02651|SMA1_YEAST
4932.YPL033C	sp|Q03085|SRL4_YEAST
4932.YPL034W	sp|Q03083|YP034_YEAST
4932.YPL038W-A	sp|Q3E7B4|YP038_YEAST
4932.YPL039W	sp|Q03080|YP039_YEAST
4932.YPL041C	sp|Q03079|YP041_YEAST
4932.YPL044C	sp|O13520|YP044_YEAST
4932.YPL051W	sp|Q02804|ARL3_YEAST
4932.YPL052W	sp|Q02803|OAZ_YEAST
4932.YPL054W	sp|Q02799|LEE1_YEAST
4932.YPL060W	sp|Q02783|LPE10_YEAST
4932.YPL062W	sp|Q02781|YP062_YEAST
4932.YPL068C	sp|Q02749|YP068_YEAST
4932.YPL071C	sp|Q02864|YP071_YEAST
4932.YPL073C	sp|P40323|YP073_YEAST
4932.YPL077C	sp|Q02831|YP077_YEAST
4932.YPL083C	sp|Q02825|SEN54_YEAST
4932.YPL088W	sp|Q02895|YP088_YEAST
4932.YPL092W	tr|D0UZV5|D0UZV5_YEASX
4932.YPL095C	sp|Q02891|MCFS1_YEAST
4932.YPL102C	sp|O13517|YP102_YEAST
4932.YPL107W	sp|Q02873|YP107_YEAST
4932.YPL113C	sp|Q02961|YP113_YEAST
4932.YPL120W	sp|Q02948|BECN1_YEAST
4932.YPL124W	sp|P33419|SPC29_YEAST
4932.YPL136W	sp|O13519|YP136_YEAST
4932.YPL141C	sp|Q03002|FRK1_YEAST
4932.YPL148C	sp|Q12036|PPT2_YEAST
4932.YPL149W	sp|Q12380|ATG5_YEAST
4932.YPL155C	sp|P28743|KIP2_YEAST
4932.YPL157W	sp|Q12052|TGS1_YEAST
4932.YPL158C	sp|Q99299|AIM44_YEAST
4932.YPL159C	sp|Q99373|PET20_YEAST
4932.YPL164C	sp|Q12083|MLH3_YEAST
4932.YPL165C	sp|Q12529|SET6_YEAST
4932.YPL166W	sp|Q12092|ATG29_YEAST
4932.YPL168W	sp|Q12467|YP168_YEAST
4932.YPL174C	sp|P33420|NIP80_YEAST
4932.YPL176C	sp|Q08919|TRE1_YEAST
4932.YPL182C	sp|Q08922|YP182_YEAST
4932.YPL187W	sp|P01149|MFAL1_YEAST
4932.YPL189W	sp|Q08929|GUP2_YEAST
4932.YPL191C	sp|Q08930|YP191_YEAST
4932.YPL196W	sp|Q08952|OXR1_YEAST
4932.YPL200W	sp|Q08955|CSM4_YEAST
4932.YPL205C	sp|Q08958|YP205_YEAST
4932.YPL216W	sp|Q08964|YP216_YEAST
4932.YPL219W	sp|Q08966|PCL8_YEAST
4932.YPL224C	sp|Q08970|MMT2_YEAST
4932.YPL236C	sp|Q12003|ENV7_YEAST
4932.YPL238C	sp|Q99401|YP238_YEAST
4932.YPL241C	sp|P46670|TBCC_YEAST
4932.YPL244C	sp|Q12520|HUT1_YEAST
4932.YPL250C	sp|Q12048|ICY2_YEAST
4932.YPL250W-A	sp|P0C5S0|YP250_YEAST
4932.YPL255W	sp|Q12365|BBP1_YEAST
4932.YPL257W	sp|Q08974|YP257_YEAST
4932.YPL264C	sp|Q08980|YP264_YEAST
4932.YPL268W	sp|P32383|PLC1_YEAST
4932.YPL269W	sp|P32526|KAR9_YEAST
4932.YPL277C	sp|Q08989|YP277_YEAST
4932.YPR003C	sp|P53394|SULX_YEAST
4932.YPR005C	sp|Q01766|HAL1_YEAST
4932.YPR006C	sp|Q12031|ACEB_YEAST
4932.YPR007C	sp|Q12188|REC8_YEAST
4932.YPR009W	sp|Q12286|SUT2_YEAST
4932.YPR010C-A	sp|A5Z2X5|YP010_YEAST
4932.YPR013C	sp|Q12145|YP013_YEAST
4932.YPR014C	sp|Q6B0W2|YPR14_YEAST
4932.YPR027C	sp|Q12079|YP027_YEAST
4932.YPR030W	sp|Q12734|CSR2_YEAST
4932.YPR031W	sp|Q12311|NTO1_YEAST
4932.YPR039W	sp|Q6B0W0|YPR39_YEAST
4932.YPR057W	sp|Q99177|BRR1_YEAST
4932.YPR059C	sp|P0C5E1|YP059_YEAST
4932.YPR061C	sp|Q12350|JID1_YEAST
4932.YPR064W	sp|Q12492|YP064_YEAST
4932.YPR065W	sp|P25042|ROX1_YEAST
4932.YPR071W	sp|Q12346|YPR71_YEAST
4932.YPR075C	sp|Q06810|OPY2_YEAST
4932.YPR077C	sp|O13583|YPR77_YEAST
4932.YPR078C	sp|Q06813|YP078_YEAST
4932.YPR082C	sp|Q06819|DIB1_YEAST
4932.YPR083W	sp|Q06820|MDM36_YEAST
4932.YPR085C	sp|Q06822|ASA1_YEAST
4932.YPR092W	sp|O13586|YP092_YEAST
4932.YPR098C	sp|Q06089|YP098_YEAST
4932.YPR101W	sp|Q06091|SN309_YEAST
4932.YPR108W-A	sp|Q3E7B3|YPR08_YEAST
4932.YPR109W	sp|Q06104|YPR09_YEAST
4932.YPR116W	sp|Q06109|RRG8_YEAST
4932.YPR117W	sp|Q06116|YP117_YEAST
4932.YPR121W	sp|Q06490|THI22_YEAST
4932.YPR122W	sp|P40851|AXL1_YEAST
4932.YPR126C	sp|O13567|YP126_YEAST
4932.YPR134W	sp|P08593|MSS18_YEAST
4932.YPR136C	sp|O13569|YPR36_YEAST
4932.YPR146C	sp|O13571|YPR46_YEAST
4932.YPR150W	sp|O13572|YPR50_YEAST
4932.YPR151C	sp|Q06524|SUE1_YEAST
4932.YPR157W	sp|Q06466|TDA6_YEAST
4932.YPR158W	sp|Q06469|CUR1_YEAST
4932.YPR160C-A	sp|Q8TGK8|YP160_YEAST
4932.YPR177C	sp|O13575|YP177_YEAST
4932.YPR185W	sp|Q06628|ATG13_YEAST
4932.YPR192W	sp|C8ZJM1|AQY1_YEAS8
4932.YPR193C	sp|Q06592|HPA2_YEAST
4932.YPR194C	sp|Q06593|OPT2_YEAST
4932.YPR195C	sp|Q06594|YP195_YEAST
4932.YPR196W	sp|Q06595|YP196_YEAST
4932.YPR198W	sp|P33335|SGE1_YEAST
4932.YPR199C	sp|Q06596|YAP8_YEAST
4932.YPR201W	sp|Q06598|ARR3_YEAST
4932.Q0050	sp|P03875|AI1M_YEAST
4932.Q0055	sp|P03876|AI2M_YEAST
4932.YBR021W	sp|P05316|FUR4_YEAST
4932.YCR082W	sp|P25649|AHC2_YEAST
4932.YDR503C	sp|Q04396|LPP1_YEAST
4932.YDR520C	sp|Q04411|URC2_YEAST
4932.YGL124C	sp|P53129|MON1_YEAST
4932.YIR030C	sp|P32460|DCG1_YEAST
4932.YJR021C	sp|P21651|RE107_YEAST
4932.YKL061W	sp|P35727|BLI1_YEAST
4932.YLR193C	sp|Q05776|UPS1_YEAST
4932.YLR251W	sp|Q06563|SYM1_YEAST
4932.YLR265C	sp|Q06148|NEJ1_YEAST
4932.YMR059W	sp|Q04675|SEN15_YEAST
4932.YNL077W	sp|P53940|APJ1_YEAST
4932.YOR334W	sp|Q01926|MRS2_YEAST
4932.YPL002C	sp|Q12483|SNF8_YEAST
4932.YPL150W	sp|Q12152|YP150_YEAST
4932.YPL156C	sp|Q12498|PRM4_YEAST
4932.YBR067C	sp|P27654|TIP1_YEAST
4932.YDL152W	sp|Q12394|YD152_YEAST
4932.YDL184C	sp|P05746|RL41A_YEAST
4932.YDL232W	sp|Q99380|OST4_YEAST
4932.YDR034W-B	sp|Q6Q5X2|YD34B_YEAST
4932.YDR210W	sp|Q03482|YD210_YEAST
4932.YER053C-A	sp|Q3E7B0|YE053_YEAST
4932.YGR036C	sp|P53223|CAX4_YEAST
4932.YGR105W	sp|P41806|VMA21_YEAST
4932.YGR269W	sp|P40326|YG5N_YEAST
4932.YJL169W	sp|P46994|YJQ9_YEAST
4932.YJR044C	sp|P47111|VPS55_YEAST
4932.YLL003W	sp|Q12369|SFI1_YEAST
4932.YLR218C	sp|Q05809|COA4_YEAST
4932.YLR457C	sp|P52919|NBP1_YEAST
4932.YML007C-A	sp|Q3E7A6|YM007_YEAST
4932.YNL146W	sp|P53906|YNO6_YEAST
4932.YOR247W	sp|Q08673|SRL1_YEAST
4932.YOR302W	sp|P08521|AAP_YEAST
4932.YPL076W	sp|P46961|GPI2_YEAST
4932.YPL163C	sp|Q12254|SVS1_YEAST
4932.YPL183W-A	sp|O14464|RTC6_YEAST
4932.YJL144W	sp|P47009|YJO4_YEAST
4932.YLR042C	sp|Q07990|YL042_YEAST
4932.YMR138W	sp|P39110|CIN4_YEAST
4932.YOR199W	sp|Q08604|YO199_YEAST
4932.YCR032W	sp|P25356|BPH1_YEAST
4932.YCR079W	sp|P25646|PP2C6_YEAST
4932.YDL032W	sp|Q12281|YD032_YEAST
4932.YDL109C	sp|Q12103|YD109_YEAST
4932.YDR269C	sp|P87281|YD269_YEAST
4932.YDR426C	sp|P87268|YD426_YEAST
4932.YGL263W	sp|P53053|COS12_YEAST
4932.YHR212C	sp|P38895|YAN0_YEAST
4932.YNL109W	sp|P53928|YNK9_YEAST
4932.YNL303W	sp|P53827|YN43_YEAST
4932.YNR005C	sp|P53717|YN82_YEAST
4932.YNR025C	sp|P53726|YN8E_YEAST
4932.YOL024W	sp|Q08172|YO024_YEAST
4932.YPL080C	sp|Q02826|YP080_YEAST
4932.YPL167C	sp|P14284|DPOZ_YEAST
4932.YPR066W	sp|Q99344|UBA3_YEAST
4932.Q0060	sp|P03877|SCE3_YEAST
4932.YBR013C	sp|P38215|YBM3_YEAST
4932.YBR163W	sp|P38289|EXO5_YEAST
4932.YCR038W-A	sp|Q96VG8|YC038_YEAST
4932.YDL197C	sp|P32448|ASF2_YEAST
4932.YDL221W	sp|Q07649|YD221_YEAST
4932.YDR504C	sp|Q04398|SPG3_YEAST
4932.YEL025C	sp|P39991|YEC5_YEAST
4932.YER158C	sp|P40095|YEY8_YEAST
4932.YER187W	sp|P40102|YE17_YEAST
4932.YHR071W	sp|P38794|PCL5_YEAST
4932.YIL146C	sp|P40458|ATG32_YEAST
4932.YLL002W	sp|Q07794|RT109_YEAST
4932.YLR282C	sp|O13542|YL282_YEAST
4932.YMR053C	sp|P46679|STB2_YEAST
4932.YNL291C	sp|P41821|MID1_YEAST
4932.YOR050C	sp|Q08419|YOR50_YEAST
4932.YPL130W	sp|Q03029|SPO19_YEAST
4932.YAR064W	sp|Q8TGK1|YH21B_YEAST
4932.YBR266C	sp|P38343|SLM6_YEAST
4932.YDL176W	sp|Q12027|YD176_YEAST
4932.YDL211C	sp|Q12121|YD211_YEAST
4932.YDR004W	sp|P25301|RAD57_YEAST
4932.YDR072C	sp|P38954|IPT1_YEAST
4932.YER039C-A	sp|C7GSI6|YR039_YEAS2
4932.YFR054C	sp|P43622|YFM4_YEAST
4932.YHR079C	sp|P32361|IRE1_YEAST
4932.YHR173C	sp|P38864|YHX3_YEAST
4932.YIL054W	sp|P40524|YIF4_YEAST
4932.YIL071C	sp|P40512|CSN11_YEAST
4932.YJR079W	sp|P47126|YJ49_YEAST
4932.YJR146W	sp|P47174|YJ9K_YEAST
4932.YKL015W	sp|P25502|PUT3_YEAST
4932.YKL162C	sp|P36052|NDUF7_YEAST
4932.YKR041W	sp|P36134|YK21_YEAST
4932.YLR145W	sp|Q12530|RMP1_YEAST
4932.YML023C	sp|Q03718|NSE5_YEAST
4932.YML053C	sp|Q04978|YMF3_YEAST
4932.YMR252C	sp|Q04814|YM86_YEAST
4932.YNL162W-A	sp|Q3E7A8|YN162_YEAST
4932.YOL052C-A	sp|P89113|DDR2_YEAST
4932.YOR129C	sp|Q99222|AFI1_YEAST
4932.YOR258W	sp|Q08702|APTX_YEAST
4932.YPL066W	sp|Q12194|YP066_YEAST
4932.YPL267W	sp|Q08981|ACM1_YEAST
4932.YPR106W	sp|Q06098|ISR1_YEAST
4932.YMR084W	sp|A2P2R3|YM084_YEAST
4932.YML002W	sp|A6ZM60|U507_YEAS7
4932.YER039C-A	sp|A6ZQY8|YR039_YEAS7
4932.YLR035C-A	tr|A7A2A4|A7A2A4_YEAS7
4932.YPL283W-A	tr|A7A2E4|A7A2E4_YEAS7
4932.YDR149C	tr|B5VG46|B5VG46_YEAS6
4932.YER087C-A	tr|B5VHL3|B5VHL3_YEAS6
4932.YKL165C-A	tr|B5VLZ9|B5VLZ9_YEAS6
4932.YML034C-A	tr|B5VP93|B5VP93_YEAS6
4932.YAR019W-A	tr|C8Z3I8|C8Z3I8_YEAS8
4932.YDR008C	tr|C8Z4S8|C8Z4S8_YEAS8
4932.YDR015C	tr|C8Z4T5|C8Z4T5_YEAS8
4932.YDR154C	tr|C8Z569|C8Z569_YEAS8
4932.YDR230W	tr|C8Z5E1|C8Z5E1_YEAS8
4932.YER038W-A	tr|C8Z741|C8Z741_YEAS8
4932.YLR149C-A	tr|C8ZDC0|C8ZDC0_YEAS8
4932.YLR458W	tr|C8ZE64|C8ZE64_YEAS8
4932.YMR194C-A	tr|C8ZF60|C8ZF60_YEAS8
4932.YMR290W-A	tr|C8ZFF8|C8ZFF8_YEAS8
4932.YMR294W-A	tr|C8ZFG3|C8ZFG3_YEAS8
4932.YPR044C	tr|C8ZJ69|C8ZJ69_YEAS8
4932.YPL081W	sp|O13516|RS9A_YEAST
4932.YPR137C-B	sp|O13527|YA11B_YEAST
4932.YHR214W-A	sp|O13534|YH1A_YEAST
4932.YHR214C-B	sp|O13535|YH11B_YEAST
4932.YLR462W	sp|O13556|YL462_YEAST
4932.YLR463C	sp|O13557|YL463_YEAST
4932.YLR466W	sp|O13559|YRF14_YEAST
4932.YPL249C-A	sp|O14455|RL36B_YEAST
4932.YAR075W	sp|O42831|YA075_YEAST
4932.Q0105	sp|P00163|CYB_YEAST
4932.YOL086C	sp|P00330|ADH1_YEAST
4932.YJR009C	sp|P00358|G3P2_YEAST
4932.YGR254W	sp|P00924|ENO1_YEAST
4932.YDR224C	sp|P02293|H2B1_YEAST
4932.YPL240C	sp|P02829|HSP82_YEAST
4932.YDR225W	sp|P04911|H2A1_YEAST
4932.YGL008C	sp|P05030|PMA1_YEAST
4932.YGL076C	sp|P05737|RL7A_YEAST
4932.YGL147C	sp|P05738|RL9A_YEAST
4932.YLR448W	sp|P05739|RL6B_YEAST
4932.YKL180W	sp|P05740|RL17A_YEAST
4932.YLR344W	sp|P05743|RL26A_YEAST
4932.YPL143W	sp|P05744|RL33A_YEAST
4932.YLR029C	sp|P05748|RL15A_YEAST
4932.YCR031C	sp|P06367|RS14A_YEAST
4932.YOL121C	sp|P07280|RS19A_YEAST
4932.YML085C	sp|P09733|TBA1_YEAST
4932.YDL227C	sp|P09932|HO_YEAST
4932.YKR057W	sp|P0C0V8|RS21A_YEAST
4932.YJL190C	sp|P0C0W1|RS22A_YEAST
4932.YHR010W	sp|P0C2H6|RL27A_YEAST
4932.YDR316W-B	sp|P0C2I2|YD14B_YEAST
4932.YLR157C-B	sp|P0C2I5|YL12B_YEAST
4932.YLR227W-B	sp|P0C2I6|YL13B_YEAST
4932.YPR158W-B	sp|P0C2J0|YP13B_YEAST
4932.YLR410W-B	sp|P0C2J3|YL21B_YEAST
4932.YDR210W-B	sp|P0C2J5|YL22B_YEAST
4932.YHL009W-B	sp|P0C2J7|YH41B_YEAST
4932.YNL015W	sp|P0CT04|IPB2_YEAST
4932.YAL005C	sp|P10591|HSP71_YEAST
4932.YLR180W	sp|P10659|METK1_YEAST
4932.YBR031W	sp|P10664|RL4A_YEAST
4932.YDL192W	sp|P11076|ARF1_YEAST
4932.YGL062W	sp|P11154|PYC1_YEAST
4932.YDR040C	sp|P13587|ATN1_YEAST
4932.YBR082C	sp|P15731|UBC4_YEAST
4932.YHL033C	sp|P17076|RL8A_YEAST
4932.YJR047C	sp|P19211|IF5A2_YEAST
4932.YML063W	sp|P23248|RS3A2_YEAST
4932.YCL020W	sp|P25383|YC21A_YEAST
4932.YCL019W	sp|P25384|YC21B_YEAST
4932.YCL069W	sp|P25594|VBA3_YEAST
4932.YCR102C	sp|P25608|YCZ2_YEAST
4932.YCR107W	sp|P25612|AAD3_YEAST
4932.YIL133C	sp|P26784|RL16A_YEAST
4932.YER177W	sp|P29311|BMH1_YEAST
4932.YEL049W	sp|P32612|PAU2_YEAST
4932.YAR050W	sp|P32768|FLO1_YEAST
4932.YLR293C	sp|P32835|GSP1_YEAST
4932.YCR024C-A	sp|P32903|PMP1_YEAST
4932.YGR214W	sp|P32905|RSSA1_YEAST
4932.YJR159W	sp|P35497|DHSO1_YEAST
4932.YAR071W	sp|P35842|PPAB_YEAST
4932.YKL224C	sp|P35994|PAU16_YEAST
4932.YKL156W	sp|P35997|RS27_YEAST
4932.YKL223W	sp|P36031|YKW3_YEAST
4932.YKL006W	sp|P36105|RL14A_YEAST
4932.YKR096W	sp|P36168|YK76_YEAST
4932.YBR299W	sp|P38158|MAL32_YEAST
4932.YHR216W	sp|P38697|IMDH2_YEAST
4932.YHL049C	sp|P38722|YHE9_YEAST
4932.YHL048W	sp|P38723|COS8_YEAST
4932.YHL046C	sp|P38725|PAU13_YEAST
4932.YHR043C	sp|P38773|DOG2_YEAST
4932.YHR054C	sp|P38780|YHL4_YEAST
4932.YHR066W	sp|P38789|SSF1_YEAST
4932.YBL111C	sp|P38899|YH18_YEAST
4932.YDR343C	sp|P39003|HXT6_YEAST
4932.YAR020C	sp|P39545|PAU7_YEAST
4932.YAR033W	sp|P39552|MST28_YEAST
4932.YAR064W	sp|P39563|YAN4_YEAST
4932.YAR073W	sp|P39567|IMDH1_YEAST
4932.YEL069C	sp|P39924|HXT13_YEAST
4932.YEL075C	sp|P39972|YEI5_YEAST
4932.YER081W	sp|P40054|SERA_YEAST
4932.YER062C	sp|P40106|GPP2_YEAST
4932.YMR142C	sp|P40212|RL13B_YEAST
4932.YIL177C	sp|P40434|YIR7_YEAST
4932.YIL173W	sp|P40438|VTH1_YEAST
4932.YOL156W	sp|P40441|HXT12_YEAST
4932.YIL060W	sp|P40519|YIG0_YEAST
4932.YIL052C	sp|P40525|RL34B_YEAST
4932.YIR039C	sp|P40583|YPS6_YEAST
4932.YIR040C	sp|P40584|YIW0_YEAST
4932.YJL219W	sp|P40885|HXT9_YEAST
4932.YJL225C	sp|P40889|YJW5_YEAST
4932.YMR323W	sp|P42222|ERR3_YEAST
4932.YNL332W	sp|P42883|THI12_YEAST
4932.YNL331C	sp|P42884|AAD14_YEAST
4932.YFL058W	sp|P43534|THI5_YEAST
4932.YFL066C	sp|P43538|YFG6_YEAST
4932.YFL060C	sp|P43544|SNO3_YEAST
4932.YFL059W	sp|P43545|SNZ3_YEAST
4932.YMR230W	sp|P46784|RS10B_YEAST
4932.YJL114W	sp|P47023|YJ41A_YEAST
4932.YJR027W	sp|P47098|YJ11B_YEAST
4932.YJR028W	sp|P47099|YJ12A_YEAST
4932.YJR029W	sp|P47100|YJ12B_YEAST
4932.YJR155W	sp|P47182|AAD10_YEAST
4932.YJR158W	sp|P47185|HXT16_YEAST
4932.YJR161C	sp|P47187|COS5_YEAST
4932.YJR162C	sp|P47188|YJ9Z_YEAST
4932.YMR170C	sp|P47771|ALDH2_YEAST
4932.YDL182W	sp|P48570|HOSC_YEAST
4932.YLR185W	sp|P49166|RL37A_YEAST
4932.YGR287C	sp|P53051|MALX3_YEAST
4932.YGL258W	sp|P53058|VEL1_YEAST
4932.YLR461W	sp|P53427|PAU4_YEAST
4932.YPL283C	sp|P53819|YRF16_YEAST
4932.YNL034W	sp|P53963|YND4_YEAST
4932.YNL033W	sp|P53964|YND3_YEAST
4932.YDR039C	sp|Q01896|ATN2_YEAST
4932.YBR191W	sp|Q02753|RL21A_YEAST
4932.YML039W	sp|Q03434|YM12B_YEAST
4932.YER138C	sp|Q03612|YE11B_YEAST
4932.YER160C	sp|Q03619|YE12B_YEAST
4932.YDR098C-B	sp|Q03855|YD11B_YEAST
4932.YDR170W-A	sp|Q03964|YD17A_YEAST
4932.YMR045C	sp|Q04214|YM13B_YEAST
4932.YMR046C	sp|Q04215|YM13A_YEAST
4932.YMR050C	sp|Q04670|YM14B_YEAST
4932.YML045W	sp|Q04711|YM11B_YEAST
4932.YMR250W	sp|Q04792|DCE_YEAST
4932.YMR321C	sp|Q04898|YM99_YEAST
4932.YMR322C	sp|Q04902|SNO4_YEAST
4932.YLR037C	sp|Q07987|PAU23_YEAST
4932.YOR389W	sp|Q08912|YO389_YEAST
4932.YOR390W	sp|Q08913|YO390_YEAST
4932.YPR204W	sp|Q08995|YP204_YEAST
4932.YNL284C-B	sp|Q12112|YN11B_YEAST
4932.YGR027W-B	sp|Q12141|YG11B_YEAST
4932.YGR109W-A	sp|Q12173|YG31A_YEAST
4932.YBR012W-A	sp|Q12217|YB12A_YEAST
4932.YBL100W-A	sp|Q12260|YB21A_YEAST
4932.YGR038C-B	sp|Q12269|YG12B_YEAST
4932.YOL103W-B	sp|Q12273|YO11B_YEAST
4932.YOR343W-B	sp|Q12501|YO22B_YEAST
