string_id	all amino-acids	SUM(r_k*ln(r_k)) --> -H(amino-acids)	SUM(r_k*e_k)	ln(p)	cost_protein (5*n(aa))	decay	protein term (cost protein * decay)
4932.YAL007C	215.0	-2.78789363356	123.451162791	-9.33507585245	1075.0	49	52675.0
4932.YAL008W	198.0	-2.7612149849	129.373737374	-12.464030912	990.0	26	25740.0
4932.YAL010C	493.0	-2.80786448239	142.535496957	-13.1703985062	2465.0	43	105995.0
4932.YAL011W	625.0	-2.79790905149	139.0256	-10.8269761865	3125.0	56	175000.0
4932.YAL016W	635.0	-2.78027970132	118.366929134	-7.99554998687	3175.0	180	571500.0
4932.YAL017W	1356.0	-2.83660050828	129.837758112	-10.3536369428	6780.0	3	20340.0
4932.YAL019W	1131.0	-2.83320011357	131.541998232	-9.53401340448	5655.0	28	158340.0
4932.YAL021C	837.0	-2.87930139321	145.091995221	-9.28474974263	4185.0	224	937440.0
4932.YAL022C	517.0	-2.84981183931	133.78336557	-11.676040964	2585.0	3	7755.0
4932.YAL023C	759.0	-2.91711203628	161.375494071	-8.91199089473	3795.0	61	231495.0
4932.YAL024C	1435.0	-2.80296822899	132.336585366	-13.1807855243	7175.0	144	1033200.0
4932.YAL026C	1355.0	-2.88459660577	135.790405904	-8.99524229688	6775.0	20	135500.0
4932.YAL027W	261.0	-2.81892937799	130.712643678	-13.5735026988	1305.0	36	46980.0
4932.YAL033W	173.0	-2.77974202601	136.953757226	-10.4158667651	865.0	47	40655.0
4932.YAL034W-A	289.0	-2.70465244112	121.242214533	-11.1843060626	1445.0	-599	-865555.0
4932.YAL035W	1002.0	-2.7657694585	122.003992016	-6.47537139013	5010.0	321	1608210.0
4932.YAL036C	369.0	-2.82665919711	120.533875339	-8.71419470646	1845.0	57	105165.0
4932.YAL039C	269.0	-2.87823452565	153.412639405	-11.7457275123	1345.0	2	2690.0
4932.YAL041W	854.0	-2.79872540779	137.427400469	-9.74148853007	4270.0	73	311710.0
4932.YAL046C	118.0	-2.83013021099	159.86440678	-13.6662399802	590.0	115997	68438230.0
4932.YAL047C	622.0	-2.69922472224	127.557877814	-11.9891973005	3110.0	-191	-594010.0
4932.YAL049C	246.0	-2.8444113724	135.394308943	-10.9114790616	1230.0	560	688800.0
4932.YAL053W	783.0	-2.81999500327	126.570881226	-10.853656975	3915.0	29	113535.0
4932.YAL054C	713.0	-2.87974501706	134.7713885	-10.6373255577	3565.0	29	103385.0
4932.YAL055W	180.0	-2.85284588189	138.855555556	-12.6802169095	900.0	70	63000.0
4932.YAL058W	502.0	-2.90412525469	146.766932271	-12.4083077058	2510.0	71	178210.0
4932.YAL059W	212.0	-2.69233237292	117.509433962	-10.8518055204	1060.0	36	38160.0
4932.YAL060W	382.0	-2.86688284108	149.447643979	-8.40321902208	1910.0	68	129880.0
4932.YAR002C-A	219.0	-2.85598218919	149.296803653	-9.14132872641	1095.0	33	36135.0
4932.YAR002W	539.0	-2.71658133942	113.756957328	-9.76927758343	2695.0	15	40425.0
4932.YAR007C	621.0	-2.86993985187	131.719806763	-8.83702762306	3105.0	35	108675.0
4932.YAR014C	707.0	-2.78386464599	128.311173975	-9.54673078206	3535.0	29	102515.0
4932.YAR015W	306.0	-2.83261521095	130.640522876	-7.90425372298	1530.0	77	117810.0
4932.YAR019C	974.0	-2.84461615286	139.127310062	-10.951027391	4870.0	109	530830.0
4932.YAR028W	234.0	-2.87846550725	149.354700855	-11.6059905733	1170.0	62	72540.0
4932.YAR031W	298.0	-2.8927829382	156.409395973	-14.3229612961	1490.0	104	154960.0
4932.YAR071W	467.0	-2.89084501888	149.130620985	-9.78004449219	2335.0	10	23350.0
4932.YBL001C	104.0	-2.797941363	146.519230769	-11.7145918602	520.0	124	64480.0
4932.YBL002W	131.0	-2.64039582528	118.679389313	-7.19387436086	655.0	-1503	-984465.0
4932.YBL003C	132.0	-2.66400572846	101.128787879	-7.7397090532	660.0	167	110220.0
4932.YBL007C	1244.0	-2.84793012829	123.808681672	-7.55512269305	6220.0	41	255020.0
4932.YBL008W	840.0	-2.85732112884	138.392857143	-12.3939887469	4200.0	49	205800.0
4932.YBL011W	759.0	-2.87126022985	132.010540184	-9.4707585282	3795.0	205	777975.0
4932.YBL014C	894.0	-2.8443126879	132.62639821	-13.4217769867	4470.0	33	147510.0
4932.YBL015W	526.0	-2.88730974506	133.802281369	-8.78075321291	2630.0	6	15780.0
4932.YBL016W	353.0	-2.89502824262	143.909348442	-9.42649184695	1765.0	43	75895.0
4932.YBL017C	1579.0	-2.88046758118	143.250791641	-8.05527268515	7895.0	30	236850.0
4932.YBL019W	520.0	-2.87530149992	142.351923077	-14.8974256265	2600.0	40	104000.0
4932.YBL023C	868.0	-2.83795221859	122.046082949	-9.59600895953	4340.0	124	538160.0
4932.YBL024W	684.0	-2.88219933333	146.321637426	-7.70652774884	3420.0	36	123120.0
4932.YBL025W	145.0	-2.85275617135	139.489655172	-15.059268701	725.0	411	297975.0
4932.YBL026W	95.0	-2.7572339231	135.652631579	-9.71400938195	475.0	31	14725.0
4932.YBL027W	189.0	-2.64388941141	127.465608465	-6.96685313582	945.0	48	45360.0
4932.YBL029C-A	94.0	-2.85026869253	195.361702128	-11.6707340652	470.0	12	5640.0
4932.YBL032W	381.0	-2.77088303864	110.335958005	-8.57043583529	1905.0	-283	-539115.0
4932.YBL033C	345.0	-2.86690501859	135.63768116	-9.68741451372	1725.0	-497	-857325.0
4932.YBL034C	1513.0	-2.80610993269	140.050231329	-12.4550685765	7565.0	100	756500.0
4932.YBL035C	705.0	-2.83840597785	121.319148936	-10.5814551832	3525.0	52	183300.0
4932.YBL036C	257.0	-2.84738455315	137.828793774	-9.76041222607	1285.0	-80	-102800.0
4932.YBL037W	1025.0	-2.81643182299	126.381463415	-9.88965524287	5125.0	47	240875.0
4932.YBL039C	579.0	-2.87256248752	140.409326425	-7.75584873211	2895.0	389	1126155.0
4932.YBL040C	219.0	-2.7777377408	156.639269406	-8.80804161409	1095.0	96	105120.0
4932.YBL042C	639.0	-2.86331983441	148.325508607	-8.70694108493	3195.0	-526	-1680570.0
4932.YBL045C	457.0	-2.80483615741	123.264770241	-7.91964405369	2285.0	291	664935.0
4932.YBL046W	441.0	-2.80071383298	143.070294785	-10.6758891698	2205.0	65	143325.0
4932.YBL047C	1381.0	-2.77519715296	113.155684287	-7.06422461365	6905.0	74	510970.0
4932.YBL051C	668.0	-2.73313764198	123.72754491	-9.59243754983	3340.0	20	66800.0
4932.YBL054W	525.0	-2.81554313537	143.215238095	-12.8088930501	2625.0	18	47250.0
4932.YBL055C	418.0	-2.88557931611	147.514354067	-11.5019095735	2090.0	58	121220.0
4932.YBL056W	468.0	-2.83018409405	139.98931624	-8.77576369208	2340.0	54	126360.0
4932.YBL057C	214.0	-2.83034097645	133.579439252	-12.3245564075	1070.0	34	36380.0
4932.YBL058W	423.0	-2.84088709337	120.903073286	-9.09731295138	2115.0	62	131130.0
4932.YBL059C-A	109.0	-2.71318456121	167.293577982	-11.6145095603	545.0	58	31610.0
4932.YBL059W	193.0	-2.86183389463	154.81865285	-14.1373441292	965.0	71	68515.0
4932.YBL061C	696.0	-2.83314338334	133.084770115	-9.72033265795	3480.0	10	34800.0
4932.YBL064C	261.0	-2.84306147436	131.896551724	-9.88503571378	1305.0	117	152685.0
4932.YBL067C	747.0	-2.84427659544	138.540829987	-12.4839353831	3735.0	32	119520.0
4932.YBL068W	327.0	-2.83015064388	124.003058104	-9.92777862918	1635.0	116	189660.0
4932.YBL069W	429.0	-2.87743737998	145.993006993	-11.4498418587	2145.0	6	12870.0
4932.YBL075C	649.0	-2.79661154723	107.816640986	-7.60733577342	3245.0	59	191455.0
4932.YBL076C	1072.0	-2.87252322623	142.409514925	-5.79243776769	5360.0	88	471680.0
4932.YBL078C	117.0	-2.7988723303	130.709401709	-12.8772966199	585.0	289	169065.0
4932.YBL079W	1502.0	-2.84959435267	129.336218375	-8.848678351	7510.0	20	150200.0
4932.YBL082C	458.0	-2.86696849638	163.92139738	-14.3439669556	2290.0	30	68700.0
4932.YBL084C	758.0	-2.82834282888	147.948548813	-10.9258420053	3790.0	3	11370.0
4932.YBL085W	980.0	-2.79601961927	130.119387755	-9.92370915361	4900.0	3	14700.0
4932.YBL086C	466.0	-2.81846952269	139.495708154	-11.6952803991	2330.0	32	74560.0
4932.YBL090W	177.0	-2.75265521914	129.581920904	-13.9145326011	885.0	66	58410.0
4932.YBL091C	421.0	-2.87277375324	138.591448931	-9.39642043854	2105.0	36	75780.0
4932.YBL091C-A	175.0	-2.83401818323	125.0	-15.3038159327	875.0	15	13125.0
4932.YBL093C	220.0	-2.84614148642	133.718181818	-11.670525639	1100.0	123	135300.0
4932.YBL095W	270.0	-2.86975210737	144.170370371	-13.6120030575	1350.0	46	62100.0
4932.YBL097W	754.0	-2.81206949964	135.281167109	-11.4390536175	3770.0	3	11310.0
4932.YBL098W	460.0	-2.87354450748	143.789130435	-11.7432994434	2300.0	175	402500.0
4932.YBL099W	545.0	-2.75044914386	97.5431192661	-6.69800486117	2725.0	49	133525.0
4932.YBL101C	1117.0	-2.82142467352	121.842435094	-9.89512722577	5585.0	68	379780.0
4932.YBL103C	486.0	-2.80252163993	128.633744856	-11.1135120678	2430.0	36	87480.0
4932.YBR001C	780.0	-2.89667648282	143.542307692	-12.4713103507	3900.0	29	113100.0
4932.YBR003W	473.0	-2.83031900113	123.754756871	-10.1997510679	2365.0	64	151360.0
4932.YBR006W	497.0	-2.85433552513	129.486921529	-10.9876777633	2485.0	31	77035.0
4932.YBR009C	103.0	-2.61032374523	109.572815534	-7.71408540344	515.0	62	31930.0
4932.YBR010W	136.0	-2.66489733203	108.448529412	-7.90675524078	680.0	-814	-553520.0
4932.YBR011C	287.0	-2.83084140874	138.2543554	-7.06983884953	1435.0	883	1267105.0
4932.YBR015C	597.0	-2.8403970622	140.703517588	-9.46541571146	2985.0	15	44775.0
4932.YBR016W	128.0	-2.50080083916	170.1796875	-11.9709869353	640.0	98	62720.0
4932.YBR017C	918.0	-2.86415641442	138.913943355	-8.66663470931	4590.0	41	188190.0
4932.YBR022W	177.0	-2.83324344215	154.988700565	-13.1258082205	885.0	65	57525.0
4932.YBR023C	1165.0	-2.90453019126	149.003433477	-9.30912904994	5825.0	49	285425.0
4932.YBR024W	301.0	-2.85344451013	139.820598007	-12.8017219773	1505.0	13	19565.0
4932.YBR025C	394.0	-2.84798819259	129.939086294	-6.62843279056	1970.0	136	267920.0
4932.YBR026C	380.0	-2.82402744486	132.684210526	-10.3847671158	1900.0	23	43700.0
4932.YBR030W	552.0	-2.83218344227	141.365942029	-11.8819482205	2760.0	37	102120.0
4932.YBR034C	348.0	-2.87769825604	148.198275862	-8.87581905934	1740.0	43	74820.0
4932.YBR036C	410.0	-2.84396717733	138.048780488	-9.23651433932	2050.0	31	63550.0
4932.YBR037C	295.0	-2.84642404806	130.789830508	-11.5635055999	1475.0	74	109150.0
4932.YBR039W	311.0	-2.80660318405	124.090032155	-8.06412802692	1555.0	-169	-262795.0
4932.YBR046C	334.0	-2.78358572795	120.008982036	-10.2889505818	1670.0	2	3340.0
4932.YBR048W	156.0	-2.79962378283	143.5	-6.77830238864	780.0	19	14820.0
4932.YBR049C	810.0	-2.78935352034	146.890123457	-8.00124518508	4050.0	12	48600.0
4932.YBR052C	210.0	-2.83595211167	138.519047619	-9.48784287819	1050.0	-551	-578550.0
4932.YBR053C	358.0	-2.86895461193	148.081005587	-11.1912202453	1790.0	20	35800.0
4932.YBR054W	344.0	-2.87732220208	148.898255814	-8.66119919696	1720.0	83	142760.0
4932.YBR055C	899.0	-2.85321775242	141.65294772	-9.97271105741	4495.0	2	8990.0
4932.YBR056W	501.0	-2.895763939	166.908183633	-10.8723407416	2505.0	3	7515.0
4932.YBR057C	366.0	-2.76705326631	144.459016393	-12.0439847874	1830.0	40	73200.0
4932.YBR058C	781.0	-2.89022102154	155.311139565	-10.7559055512	3905.0	39	152295.0
4932.YBR059C	1108.0	-2.83003804004	128.88267148	-8.85285441739	5540.0	131	725740.0
4932.YBR060C	620.0	-2.84831049754	136.787096774	-12.695911586	3100.0	25	77500.0
4932.YBR061C	310.0	-2.85444001016	140.509677419	-11.137056973	1550.0	39	60450.0
4932.YBR065C	364.0	-2.80671418217	144.832417583	-12.6884582078	1820.0	41	74620.0
4932.YBR068C	609.0	-2.86930519492	138.513957307	-7.11645157617	3045.0	18	54810.0
4932.YBR069C	619.0	-2.87567017717	140.153473344	-8.24574396395	3095.0	42	129990.0
4932.YBR070C	237.0	-2.83479175782	145.649789029	-11.606501177	1185.0	43	50955.0
4932.YBR072W	214.0	-2.78116953421	121.771028038	-8.11511408837	1070.0	-113	-120910.0
4932.YBR073W	924.0	-2.85478075649	136.995670996	-10.6197764805	4620.0	30	138600.0
4932.YBR077C	162.0	-2.81031340444	146.598765432	-10.9094263747	810.0	539	436590.0
4932.YBR080C	758.0	-2.83973234027	119.085751979	-8.61864335256	3790.0	37	140230.0
4932.YBR081C	1332.0	-2.794377682	132.718468469	-9.49211151915	6660.0	193	1285380.0
4932.YBR082C	148.0	-2.83441715537	147.027027027	-7.71172983662	740.0	12	8880.0
4932.YBR084C-A	189.0	-2.64388941141	127.465608466	-7.16114243059	945.0	985	930825.0
4932.YBR084W	975.0	-2.84104430827	120.662564103	-8.00935883384	4875.0	73	355875.0
4932.YBR085W	307.0	-2.77791775848	128.198697069	-10.1321456898	1535.0	21	32235.0
4932.YBR086C	946.0	-2.82772834702	136.816067653	-8.89471466044	4730.0	482	2279860.0
4932.YBR087W	354.0	-2.81792999582	136.937853107	-10.703646357	1770.0	138	244260.0
4932.YBR089C-A	99.0	-2.68144643448	129.909090909	-10.1786386378	495.0	103	50985.0
4932.YBR092C	467.0	-2.87876314327	145.518201285	-9.15362958794	2335.0	9	21015.0
4932.YBR093C	467.0	-2.88446686012	151.09850107	-10.3388261323	2335.0	18	42030.0
4932.YBR094W	753.0	-2.87458814554	144.96812749	-10.1944280322	3765.0	2	7530.0
4932.YBR095C	430.0	-2.75314501595	112.13255814	-11.127318737	2150.0	72	154800.0
4932.YBR096W	230.0	-2.84744561998	170.8	-10.638129354	1150.0	32	36800.0
4932.YBR101C	290.0	-2.78050581208	125.982758621	-8.86124674058	1450.0	154	223300.0
4932.YBR103W	535.0	-2.84309223108	136.338317757	-9.79857312971	2675.0	39	104325.0
4932.YBR104W	329.0	-2.84027383169	122.802431611	-12.9859200304	1645.0	16	26320.0
4932.YBR106W	188.0	-2.8472378342	146.856382978	-8.00477094274	940.0	101	94940.0
4932.YBR111C	231.0	-2.86413169458	133.835497836	-9.20752251296	1155.0	194	224070.0
4932.YBR112C	966.0	-2.72187238465	125.199792961	-8.95803315844	4830.0	13	62790.0
4932.YBR114W	790.0	-2.89568603951	148.978481013	-13.1345958823	3950.0	33	130350.0
4932.YBR115C	1392.0	-2.87548357926	130.09841954	-6.29856178464	6960.0	117	814320.0
4932.YBR118W	458.0	-2.83825910324	133.176855895	-4.20007406964	2290.0	30	68700.0
4932.YBR120C	162.0	-2.78794742266	130.888888889	-10.6044627106	810.0	935	757350.0
4932.YBR121C	667.0	-2.85129137995	130.47976012	-6.47480705334	3335.0	44	146740.0
4932.YBR122C	177.0	-2.75361536563	122.502824859	-10.7151797992	885.0	28	24780.0
4932.YBR123C	649.0	-2.8354509274	131.942989214	-10.1144352529	3245.0	22	71390.0
4932.YBR125C	393.0	-2.88335444041	143.837150127	-12.9785106167	1965.0	62	121830.0
4932.YBR126C	495.0	-2.88356800753	143.187878788	-7.44675949996	2475.0	-70	-173250.0
4932.YBR127C	517.0	-2.83365650563	113.531914894	-6.55494636832	2585.0	29	74965.0
4932.YBR129C	328.0	-2.88042040402	157.618902439	-12.3768684	1640.0	9	14760.0
4932.YBR130C	425.0	-2.66006817764	128.545882353	-9.7536417669	2125.0	70	148750.0
4932.YBR133C	827.0	-2.87324338404	145.297460701	-12.1039292237	4135.0	14	57890.0
4932.YBR135W	150.0	-2.8180674945	159.52	-10.636360805	750.0	52	39000.0
4932.YBR137W	179.0	-2.85068831131	142.474860335	-11.2797899171	895.0	16	14320.0
4932.YBR139W	508.0	-2.9118146453	152.322834646	-11.5418860465	2540.0	18	45720.0
4932.YBR142W	773.0	-2.80274693858	127.262613195	-9.55943704055	3865.0	127	490855.0
4932.YBR143C	437.0	-2.81325366137	124.400457666	-7.15415550296	2185.0	62	135470.0
4932.YBR149W	344.0	-2.85356835283	133.450581396	-8.84813789674	1720.0	96	165120.0
4932.YBR150C	1094.0	-2.8522341871	147.255941499	-11.7248210705	5470.0	73	399310.0
4932.YBR151W	316.0	-2.89125486862	147.990506329	-9.83568241052	1580.0	55	86900.0
4932.YBR152W	291.0	-2.75367132698	138.859106529	-11.0997914029	1455.0	45	65475.0
4932.YBR155W	385.0	-2.80625434707	133.28051948	-9.50355767222	1925.0	33	63525.0
4932.YBR159W	347.0	-2.83894061451	127.567723343	-8.46319027924	1735.0	988	1714180.0
4932.YBR160W	298.0	-2.852680817	136.466442953	-9.16112703754	1490.0	-74	-110260.0
4932.YBR162C	455.0	-2.80043950254	133.41978022	-8.87668040713	2275.0	67	152425.0
4932.YBR164C	183.0	-2.80138100644	131.420765028	-10.0333302705	915.0	-120	-109800.0
4932.YBR166C	452.0	-2.87549888271	147.256637168	-9.97483441064	2260.0	79	178540.0
4932.YBR169C	693.0	-2.82885695219	122.484848486	-8.16949179185	3465.0	5252	18198180.0
4932.YBR170C	580.0	-2.90662340107	147.594827586	-9.55235249104	2900.0	29	84100.0
4932.YBR171W	206.0	-2.80817718632	141.796116504	-9.61623773805	1030.0	-3619	-3727570.0
4932.YBR172C	740.0	-2.78692129367	129.704054054	-9.26746665314	3700.0	19	70300.0
4932.YBR173C	148.0	-2.84796551692	136.141891892	-13.4581573933	740.0	17	12580.0
4932.YBR175W	315.0	-2.8783866424	159.295238094	-10.5129784547	1575.0	1181	1860075.0
4932.YBR176W	312.0	-2.86744688067	146.695512821	-13.1030254315	1560.0	118	184080.0
4932.YBR177C	451.0	-2.89611865658	141.299334811	-8.90915671995	2255.0	-779	-1756645.0
4932.YBR179C	855.0	-2.82390641373	131.831578947	-10.3836024233	4275.0	24	102600.0
4932.YBR185C	278.0	-2.84163380901	133.420863309	-10.7718614638	1390.0	187	259930.0
4932.YBR189W	195.0	-2.72844326046	110.369230769	-6.83808878196	975.0	29	28275.0
4932.YBR193C	223.0	-2.78259228453	125.96412556	-11.8405224401	1115.0	-1925	-2146375.0
4932.YBR194W	123.0	-2.76537933603	129.105691057	-13.5434459942	615.0	152	93480.0
4932.YBR195C	422.0	-2.8831317572	158.066350711	-11.96913826	2110.0	31	65410.0
4932.YBR196C	554.0	-2.83889571577	133.615523466	-5.11633654427	2770.0	540	1495800.0
4932.YBR198C	798.0	-2.87492333813	136.106516291	-9.2479990233	3990.0	21	83790.0
4932.YBR199W	464.0	-2.90199068012	160.422413793	-10.0528473092	2320.0	12	27840.0
4932.YBR200W	551.0	-2.8338190778	130.640653358	-9.94765823095	2755.0	19	52345.0
4932.YBR205W	404.0	-2.89855591768	168.685643564	-10.4015186582	2020.0	17	34340.0
4932.YBR207W	465.0	-2.83537867747	132.513978494	-9.57314969949	2325.0	60	139500.0
4932.YBR208C	1835.0	-2.87081609524	126.888283379	-8.4815516525	9175.0	45	412875.0
4932.YBR211C	324.0	-2.74979060983	125.845679012	-11.4047012929	1620.0	68	110160.0
4932.YBR212W	672.0	-2.83052269535	136.626488095	-9.74743020696	3360.0	28	94080.0
4932.YBR214W	527.0	-2.81546995522	123.95825427	-9.03289390155	2635.0	54	142290.0
4932.YBR215W	625.0	-2.68576048828	118.8096	-11.5284163988	3125.0	16	50000.0
4932.YBR216C	674.0	-2.81791755911	138.727002967	-10.115304507	3370.0	23	77510.0
4932.YBR218C	1180.0	-2.86841117012	123.781355932	-6.63574303005	5900.0	40	236000.0
4932.YBR221C	366.0	-2.80783159099	107.890710382	-8.02577946154	1830.0	72	131760.0
4932.YBR222C	543.0	-2.86409083991	129.5893186	-8.87471265903	2715.0	27	73305.0
4932.YBR227C	520.0	-2.80676286851	118.990384616	-10.0355389137	2600.0	83	215800.0
4932.YBR229C	954.0	-2.90357922958	152.266247379	-11.0861560779	4770.0	27	128790.0
4932.YBR230C	134.0	-2.76267138456	152.47761194	-10.280445994	670.0	-184	-123280.0
4932.YBR231C	303.0	-2.73573603245	116.369636964	-12.8474240284	1515.0	22	33330.0
4932.YBR233W	413.0	-2.83955118792	125.474576271	-13.0452224427	2065.0	36	74340.0
4932.YBR233W-A	94.0	-2.60642897173	127.989361702	-12.6917900733	470.0	228	107160.0
4932.YBR233W-A	94.0	-2.60642897173	127.989361702	-12.6917900733	470.0	228	107160.0
4932.YBR234C	384.0	-2.88330259839	152.078125	-8.88471399571	1920.0	66	126720.0
4932.YBR239C	529.0	-2.88325682419	154.790170133	-13.105949357	2645.0	16	42320.0
4932.YBR241C	488.0	-2.85474262119	137.221311475	-10.5604509377	2440.0	86	209840.0
4932.YBR242W	238.0	-2.87689193434	152.760504202	-11.3241855176	1190.0	33	39270.0
4932.YBR244W	162.0	-2.7374909618	144.018518518	-9.11584054856	810.0	168	136080.0
4932.YBR245C	1129.0	-2.84035338776	139.248007086	-8.36783133145	5645.0	37	208865.0
4932.YBR246W	387.0	-2.90114994333	156.994832041	-12.0657855392	1935.0	83	160605.0
4932.YBR247C	483.0	-2.83305685379	126.776397515	-9.28700858047	2415.0	35	84525.0
4932.YBR248C	552.0	-2.85660591539	128.992753623	-7.7574130293	2760.0	56	154560.0
4932.YBR249C	370.0	-2.84453866424	120.854054054	-6.78567473229	1850.0	71	131350.0
4932.YBR251W	307.0	-2.88050135221	139.885993485	-10.768699487	1535.0	201	308535.0
4932.YBR252W	147.0	-2.70777305936	98.0476190478	-10.3728940971	735.0	-84	-61740.0
4932.YBR253W	121.0	-2.7226959811	131.628099173	-11.4425514051	605.0	176	106480.0
4932.YBR256C	238.0	-2.80932705593	127.756302521	-10.1775138519	1190.0	280	333200.0
4932.YBR258C	142.0	-2.71116111466	132.471830986	-11.9270130255	710.0	45	31950.0
4932.YBR260C	666.0	-2.83212869788	133.966966967	-10.0430201512	3330.0	45	149850.0
4932.YBR261C	232.0	-2.88891447574	145.056034483	-11.0817858783	1160.0	-240	-278400.0
4932.YBR262C	106.0	-2.82940775562	169.235849056	-11.392318993	530.0	-127	-67310.0
4932.YBR263W	490.0	-2.86918372466	129.622448979	-7.9065281584	2450.0	43	105350.0
4932.YBR264C	199.0	-2.84121151174	132.502512563	-12.4615620544	995.0	57	56715.0
4932.YBR265W	320.0	-2.89185973525	143.653125	-9.65033838374	1600.0	206	329600.0
4932.YBR267W	393.0	-2.86343340767	148.155216285	-9.37860732703	1965.0	116	227940.0
4932.YBR268W	105.0	-2.79610239905	141.695238095	-11.5513514066	525.0	-477	-250425.0
4932.YBR272C	480.0	-2.78974562346	129.295833333	-11.487071933	2400.0	15	36000.0
4932.YBR273C	436.0	-2.83670793347	135.951834862	-11.6692139955	2180.0	47	102460.0
4932.YBR274W	527.0	-2.88449054233	144.612903226	-11.5892847772	2635.0	30	79050.0
4932.YBR278W	201.0	-2.6941107267	117.378109453	-12.5836178835	1005.0	1162	1167810.0
4932.YBR279W	445.0	-2.76910062011	132.982022472	-9.40628824043	2225.0	117	260325.0
4932.YBR281C	878.0	-2.84884973066	135.675398634	-10.0726138571	4390.0	56	245840.0
4932.YBR282W	146.0	-2.81669965128	142.075342465	-11.5230949984	730.0	132	96360.0
4932.YBR286W	537.0	-2.86348352931	137.046554935	-7.73319966191	2685.0	9	24165.0
4932.YBR287W	427.0	-2.79854540806	122.578454333	-10.2174330923	2135.0	29	61915.0
4932.YBR288C	483.0	-2.85845698726	137.921325052	-10.8214891097	2415.0	79	190785.0
4932.YBR289W	905.0	-2.76475898191	124.685082873	-10.7043245903	4525.0	3	13575.0
4932.YCL009C	309.0	-2.82364037834	123.631067961	-7.84357679282	1545.0	105	162225.0
4932.YCL010C	259.0	-2.8466521072	129.212355212	-10.7143788276	1295.0	42	54390.0
4932.YCL011C	427.0	-2.81726340878	126.583138173	-9.83053754106	2135.0	61	130235.0
4932.YCL014W	1636.0	-2.81218553076	129.351466993	-11.5228403998	8180.0	8	65440.0
4932.YCL016C	380.0	-2.87330638266	146.021052632	-12.8613210872	1900.0	63	119700.0
4932.YCL024W	1037.0	-2.79250562575	122.596914175	-12.477433786	5185.0	22	114070.0
4932.YCL025C	633.0	-2.87320313506	136.510268562	-7.34827314466	3165.0	19	60135.0
4932.YCL028W	405.0	-2.43339833818	122.688888889	-8.90594267529	2025.0	51	103275.0
4932.YCL029C	440.0	-2.84804606231	141.829545454	-13.4057976946	2200.0	77	169400.0
4932.YCL031C	297.0	-2.8452700242	150.838383839	-9.63245337633	1485.0	101	149985.0
4932.YCL032W	346.0	-2.85574549927	141.838150289	-12.9265373481	1730.0	39	67470.0
4932.YCL033C	168.0	-2.91443292677	179.160714286	-12.2013998689	840.0	-97	-81480.0
4932.YCL035C	110.0	-2.79050267739	130.3	-9.31970569876	550.0	-296	-162800.0
4932.YCL039W	745.0	-2.88246958612	145.801342283	-10.4166884522	3725.0	23	85675.0
4932.YCL040W	500.0	-2.86117624083	130.536	-7.63087190227	2500.0	142	355000.0
4932.YCL043C	522.0	-2.82287336092	129.873563218	-7.38277372388	2610.0	8	20880.0
4932.YCL044C	417.0	-2.83696813715	134.769784172	-12.2154327307	2085.0	99	206415.0
4932.YCL045C	760.0	-2.85700287276	143.85	-8.50611741141	3800.0	48	182400.0
4932.YCL049C	312.0	-2.88027676283	153.471153846	-13.6614536554	1560.0	19	29640.0
4932.YCL050C	321.0	-2.85335285165	144.619937695	-7.37048465293	1605.0	122	195810.0
4932.YCL055W	335.0	-2.9103696366	152.985074627	-10.7089299532	1675.0	17	28475.0
4932.YCL057W	712.0	-2.86447227672	146.948033708	-8.51992125055	3560.0	63	224280.0
4932.YCL059C	316.0	-2.83797543604	145.515822785	-9.51063133513	1580.0	191	301780.0
4932.YCL061C	1096.0	-2.76453962215	125.797445256	-12.3332293153	5480.0	98	537040.0
4932.YCL064C	360.0	-2.86133804372	131.441666667	-8.63953513053	1800.0	70	126000.0
4932.YCR003W	183.0	-2.84496392704	169.868852459	-10.5842616663	915.0	225	205875.0
4932.YCR005C	460.0	-2.83636381569	129.306521739	-9.81590080639	2300.0	30	69000.0
4932.YCR009C	265.0	-2.80706559301	127.954716981	-8.50075105933	1325.0	50	66250.0
4932.YCR011C	1049.0	-2.84708047483	135.367969495	-8.98892407866	5245.0	-482	-2528090.0
4932.YCR012W	416.0	-2.75606483382	109.615384616	-4.02984703932	2080.0	199	413920.0
4932.YCR016W	290.0	-2.69538322627	138.631034483	-10.4751633989	1450.0	68	98600.0
4932.YCR017C	953.0	-2.87831809056	145.126967471	-9.82210035298	4765.0	689	3283085.0
4932.YCR020W-B	78.0	-2.6252812333	144.474358974	-10.9159744556	390.0	30	11700.0
4932.YCR023C	611.0	-2.90295679392	143.412438625	-13.4321000108	3055.0	48	146640.0
4932.YCR024C	492.0	-2.89065620342	148.410569106	-13.4808022412	2460.0	27	66420.0
4932.YCR026C	742.0	-2.87080698296	143.043126685	-12.1493332833	3710.0	11	40810.0
4932.YCR027C	209.0	-2.83789838307	131.267942584	-11.857919484	1045.0	34	35530.0
4932.YCR030C	870.0	-2.8028206675	119.105747126	-8.83885142133	4350.0	-2326	-10118100.0
4932.YCR031C	137.0	-2.71403847602	104.810218978	-7.76902233609	685.0	40	27400.0
4932.YCR034W	347.0	-2.85357803664	151.239193084	-8.45555900517	1735.0	-73	-126655.0
4932.YCR035C	394.0	-2.8098054021	120.177664974	-9.86469825046	1970.0	98	193060.0
4932.YCR036W	333.0	-2.85544028725	124.906906907	-9.96928004297	1665.0	61	101565.0
4932.YCR037C	923.0	-2.84572209814	130.771397616	-10.9656109707	4615.0	10	46150.0
4932.YCR042C	1407.0	-2.87705818205	144.027007818	-10.4345768228	7035.0	136	956760.0
4932.YCR044C	357.0	-2.91252177323	178.484593838	-10.2676527852	1785.0	-77	-137445.0
4932.YCR046C	169.0	-2.77504885629	127.721893491	-10.8515348167	845.0	234	197730.0
4932.YCR047C	275.0	-2.85170069419	132.698181818	-10.586858379	1375.0	44	60500.0
4932.YCR052W	483.0	-2.80961933662	125.314699793	-10.2960723557	2415.0	34	82110.0
4932.YCR053W	514.0	-2.83355735081	122.667315175	-6.34846946502	2570.0	148	380360.0
4932.YCR054C	563.0	-2.85022718062	142.039076376	-10.3913618003	2815.0	87	244905.0
4932.YCR057C	923.0	-2.8625291724	131.288190683	-8.46604011768	4615.0	-332	-1532180.0
4932.YCR059C	258.0	-2.86709051409	139.88372093	-10.808761032	1290.0	42	54180.0
4932.YCR060W	111.0	-2.79945644275	133.567567568	-11.874877362	555.0	47	26085.0
4932.YCR066W	487.0	-2.84872161361	148.229979466	-13.9516676333	2435.0	22	53570.0
4932.YCR067C	1065.0	-2.70005513929	107.096713615	-10.3017782099	5325.0	62	330150.0
4932.YCR071C	146.0	-2.83315294939	140.97260274	-11.4642273799	730.0	190	138700.0
4932.YCR073W-A	315.0	-2.84889751673	132.955555555	-11.6020077615	1575.0	45	70875.0
4932.YCR077C	796.0	-2.8305230528	119.415829146	-8.72423958922	3980.0	15	59700.0
4932.YCR081W	1427.0	-2.84177215894	153.549404345	-11.8782963284	7135.0	41	292535.0
4932.YCR083W	127.0	-2.87121053022	152.811023622	-11.2671141317	635.0	175	111125.0
4932.YCR084C	713.0	-2.82134670022	125.375876578	-8.97424289224	3565.0	27	96255.0
4932.YCR087C-A	153.0	-2.73112171713	178.045751634	-11.38452599	765.0	117	89505.0
4932.YCR088W	592.0	-2.72395938925	115.984797297	-7.48270894353	2960.0	18	53280.0
4932.YCR090C	182.0	-2.81201732399	159.423076923	-10.5600292915	910.0	8	7280.0
4932.YCR092C	1018.0	-2.85353371254	137.895874263	-11.6600099301	5090.0	21	106890.0
4932.YCR093W	2108.0	-2.83063402505	126.554079696	-7.54563403576	10540.0	53	558620.0
4932.YCR094W	391.0	-2.89309313283	148.158567775	-11.5989800181	1955.0	47	91885.0
4932.YCR095C	362.0	-2.83009148459	136.074585635	-11.7275833442	1810.0	104	188240.0
4932.YDL001W	430.0	-2.86468094656	138.2	-13.016308838	2150.0	2	4300.0
4932.YDL002C	203.0	-2.72687885501	134.733990147	-9.82574207825	1015.0	54	54810.0
4932.YDL005C	431.0	-2.63482206466	124.744779583	-9.86047779162	2155.0	38	81890.0
4932.YDL006W	281.0	-2.86503128454	139.039145908	-12.9963733043	1405.0	-247	-347035.0
4932.YDL007W	437.0	-2.80042519752	122.883295194	-9.67465861036	2185.0	17	37145.0
4932.YDL010W	231.0	-2.79622750946	122.935064935	-12.1512641312	1155.0	2	2310.0
4932.YDL012C	107.0	-2.45929283885	162.476635514	-11.8420081637	535.0	320	171200.0
4932.YDL013W	619.0	-2.82916693946	125.772213247	-10.8880678134	3095.0	17	52615.0
4932.YDL015C	310.0	-2.85046906112	161.848387097	-8.87407489383	1550.0	59	91450.0
4932.YDL017W	507.0	-2.90910839166	150.1617357	-11.5924346935	2535.0	35	88725.0
4932.YDL018C	225.0	-2.88340318925	152.653333334	-10.3569347107	1125.0	-102	-114750.0
4932.YDL019C	1283.0	-2.8528513174	138.003117693	-9.05233956162	6415.0	15	96225.0
4932.YDL021W	311.0	-2.86118711683	142.581993569	-11.2627945798	1555.0	47	73085.0
4932.YDL022W	391.0	-2.8774271582	138.746803069	-7.23644474844	1955.0	250	488750.0
4932.YDL025C	620.0	-2.8545205987	148.330645162	-9.53922218187	3100.0	32	99200.0
4932.YDL027C	420.0	-2.78681079775	134.371428571	-14.4538015413	2100.0	22	46200.0
4932.YDL028C	764.0	-2.84040897801	133.962041885	-12.0361720283	3820.0	3	11460.0
4932.YDL029W	391.0	-2.87031386047	129.994884911	-9.45527281779	1955.0	-1039	-2031245.0
4932.YDL033C	417.0	-2.90721690504	143.745803357	-12.8594738449	2085.0	44	91740.0
4932.YDL040C	854.0	-2.83082168318	141.984777517	-7.78883188757	4270.0	65	277550.0
4932.YDL042C	562.0	-2.88413543656	144.151245552	-10.6904965147	2810.0	21	59010.0
4932.YDL043C	266.0	-2.8376794287	137.590225564	-11.7025260654	1330.0	108	143640.0
4932.YDL045C	306.0	-2.89578208898	149.552287582	-13.663573643	1530.0	1197	1831410.0
4932.YDL046W	173.0	-2.75725509251	112.687861272	-10.3694979092	865.0	6	5190.0
4932.YDL047W	311.0	-2.93133636802	159.012861736	-10.0650706568	1555.0	34	52870.0
4932.YDL048C	490.0	-2.80479981692	150.730612245	-12.0563113743	2450.0	2	4900.0
4932.YDL052C	303.0	-2.87438134706	142.742574257	-8.84201635728	1515.0	138	209070.0
4932.YDL053C	185.0	-2.70102132156	128.437837837	-10.3655000344	925.0	44	40700.0
4932.YDL056W	833.0	-2.83354654578	128.641056423	-11.1915090366	4165.0	20	83300.0
4932.YDL058W	1790.0	-2.69703186138	125.626815642	-8.30765120001	8950.0	66	590700.0
4932.YDL059C	238.0	-2.83688179949	140.668067227	-11.3278654743	1190.0	23	27370.0
4932.YDL060W	788.0	-2.87091565381	135.210659898	-8.82174777519	3940.0	27	106380.0
4932.YDL061C	56.0	-2.84316720395	208.642857144	-8.39631615726	280.0	-183	-51240.0
4932.YDL063C	620.0	-2.80641947194	129.841935484	-10.0389225129	3100.0	35	108500.0
4932.YDL064W	157.0	-2.85783153923	152.611464969	-10.008431638	785.0	86	67510.0
4932.YDL065C	342.0	-2.72338831682	131.04385965	-10.0355967861	1710.0	56	95760.0
4932.YDL067C	59.0	-2.82748024484	176.372881356	-12.4724028093	295.0	-957	-282315.0
4932.YDL070W	638.0	-2.79841114959	134.663009405	-10.1276934894	3190.0	9	28710.0
4932.YDL074C	700.0	-2.72102632176	136.101428571	-9.6356012011	3500.0	61	213500.0
4932.YDL078C	343.0	-2.78036500139	111.33819242	-8.57905504075	1715.0	64	109760.0
4932.YDL080C	609.0	-2.9103769023	140.873563218	-8.77341563137	3045.0	33	100485.0
4932.YDL082W	199.0	-2.68828574413	111.32160804	-6.98818958819	995.0	30	29850.0
4932.YDL084W	446.0	-2.84585177886	124.262331839	-7.76465360502	2230.0	17	37910.0
4932.YDL085C-A	68.0	-2.35616314709	131.602941176	-10.0704169555	340.0	73	24820.0
4932.YDL088C	528.0	-2.79092392929	134.234848485	-9.7689483674	2640.0	32	84480.0
4932.YDL089W	484.0	-2.8482096316	147.830578513	-13.0208647798	2420.0	27	65340.0
4932.YDL092W	146.0	-2.79998989795	148.356164384	-10.395912181	730.0	-272	-198560.0
4932.YDL095W	817.0	-2.90174468555	150.078335374	-8.41746925217	4085.0	171	698535.0
4932.YDL097C	434.0	-2.80442774941	141.119815668	-8.26017499632	2170.0	51	110670.0
4932.YDL099W	341.0	-2.657804044	121.560117302	-9.82411437235	1705.0	63	107415.0
4932.YDL100C	354.0	-2.8607410187	138.110169491	-8.33723266078	1770.0	19	33630.0
4932.YDL101C	513.0	-2.85138640413	137.101364522	-11.3517356342	2565.0	102	261630.0
4932.YDL103C	477.0	-2.85491933372	135.354297694	-9.06950083994	2385.0	60	143100.0
4932.YDL106C	559.0	-2.77579616357	136.066189624	-11.5908336903	2795.0	48	134160.0
4932.YDL108W	306.0	-2.91143727826	148.77124183	-11.2824710603	1530.0	336	514080.0
4932.YDL110C	150.0	-2.77630578227	123.76	-10.380870393	750.0	19	14250.0
4932.YDL111C	265.0	-2.75013148441	116.237735849	-10.3537079103	1325.0	-489	-647925.0
4932.YDL112W	1436.0	-2.84099319339	144.459610028	-9.52574608659	7180.0	18	129240.0
4932.YDL113C	640.0	-2.79860270584	130.871875	-11.1337443053	3200.0	55	176000.0
4932.YDL115C	353.0	-2.75226735352	124.824362607	-12.760607116	1765.0	40	70600.0
4932.YDL116W	726.0	-2.8193570016	132.97245179	-8.94138054622	3630.0	230	834900.0
4932.YDL117W	885.0	-2.87618965205	143.149152542	-12.9702804374	4425.0	41	181425.0
4932.YDL119C	307.0	-2.79379432054	126.42019544	-11.8713338168	1535.0	429	658515.0
4932.YDL120W	174.0	-2.86534399706	131.091954023	-11.0336047051	870.0	-179	-155730.0
4932.YDL121C	149.0	-2.69394778362	122.060402685	-10.3411088189	745.0	-289	-215305.0
4932.YDL122W	809.0	-2.84472226581	135.751545117	-8.87219339395	4045.0	38	153710.0
4932.YDL124W	312.0	-2.84534300442	132.435897436	-8.11119899407	1560.0	55	85800.0
4932.YDL125C	158.0	-2.78991724545	145.424050633	-9.02786319501	790.0	267	210930.0
4932.YDL126C	835.0	-2.81821111673	113.358083832	-6.32258286155	4175.0	34	141950.0
4932.YDL128W	411.0	-2.77503141807	120.309002433	-9.91891053935	2055.0	35	71925.0
4932.YDL130W	106.0	-2.477399536	93.1037735851	-7.32958520132	530.0	395	209350.0
4932.YDL131W	440.0	-2.84290905865	129.725	-7.44367448896	2200.0	450	990000.0
4932.YDL134C	369.0	-2.92082663072	152.390243902	-9.61247940358	1845.0	45	83025.0
4932.YDL135C	202.0	-2.76895818253	130.237623762	-9.46455157948	1010.0	-83	-83830.0
4932.YDL136W	120.0	-2.57487575027	124.358333333	-6.91513514744	600.0	142	85200.0
4932.YDL137W	181.0	-2.85439547996	140.629834254	-8.95360333944	905.0	113	102265.0
4932.YDL139C	223.0	-2.70085072727	144.260089686	-13.6474282928	1115.0	28	31220.0
4932.YDL140C	1733.0	-2.87891205388	127.644547028	-6.72464357255	8665.0	22	190630.0
4932.YDL141W	690.0	-2.87366668444	131.760869565	-9.42420623354	3450.0	23	79350.0
4932.YDL143W	528.0	-2.77709510374	114.075757576	-7.97580789896	2640.0	125	330000.0
4932.YDL144C	356.0	-2.86514048944	129.671348314	-10.3118294486	1780.0	145	258100.0
4932.YDL145C	1201.0	-2.88699018644	134.402997502	-6.75835510766	6005.0	92	552460.0
4932.YDL147W	445.0	-2.77133871366	138.973033708	-8.0542706632	2225.0	87	193575.0
4932.YDL150W	422.0	-2.7226649511	113.530805687	-9.81313908631	2110.0	31	65410.0
4932.YDL155W	427.0	-2.86453955788	147.156908664	-12.8097220027	2135.0	20	42700.0
4932.YDL156W	522.0	-2.85421178862	132.132183908	-10.8099609467	2610.0	113	294930.0
4932.YDL157C	118.0	-2.85534833276	161.83898305	-12.7043721538	590.0	37	21830.0
4932.YDL159W	515.0	-2.83343877362	134.201941747	-10.3900162749	2575.0	14	36050.0
4932.YDL160C	506.0	-2.88569079916	136.171936759	-8.17939044446	2530.0	176	445280.0
4932.YDL161W	454.0	-2.78963102183	129.392070485	-9.86930050762	2270.0	39	88530.0
4932.YDL165W	191.0	-2.87089296388	147.863874346	-11.1339331833	955.0	-83	-79265.0
4932.YDL166C	197.0	-2.8476060694	152.979695431	-10.3445584315	985.0	16513	16265305.0
4932.YDL167C	719.0	-2.80652590591	145.577190542	-9.6347493614	3595.0	20	71900.0
4932.YDL168W	386.0	-2.8209774743	137.430051814	-9.07613737122	1930.0	48	92640.0
4932.YDL170W	528.0	-2.84257922047	150.325757576	-12.0592154265	2640.0	22	58080.0
4932.YDL171C	2145.0	-2.88528041496	135.388344988	-6.32556121672	10725.0	61	654225.0
4932.YDL173W	295.0	-2.72171985378	119.46779661	-10.0332978312	1475.0	72	106200.0
4932.YDL174C	587.0	-2.88630308458	143.807495741	-9.83152458732	2935.0	61	179035.0
4932.YDL175C	344.0	-2.85698133956	170.526162791	-13.0973925454	1720.0	30	51600.0
4932.YDL178W	530.0	-2.83615762089	129.354716981	-9.01918246403	2650.0	38	100700.0
4932.YDL181W	85.0	-2.67637898258	114.976470588	-11.5502888511	425.0	44	18700.0
4932.YDL182W	428.0	-2.83434352009	129.392523364	-6.81321404252	2140.0	186	398040.0
4932.YDL185W	1071.0	-2.86870211545	128.124183006	-5.5297646145	5355.0	109	583695.0
4932.YDL188C	377.0	-2.92188326069	155.395225465	-10.4120678281	1885.0	61	114985.0
4932.YDL189W	457.0	-2.82362145105	140.166301969	-10.4112388766	2285.0	25	57125.0
4932.YDL190C	961.0	-2.84146810832	127.917793965	-8.95490709513	4805.0	-781	-3752705.0
4932.YDL192W	181.0	-2.85061762504	138.243093922	-7.67348009946	905.0	-366	-331230.0
4932.YDL195W	1273.0	-2.81504310861	124.574234093	-6.75081536534	6365.0	26	165490.0
4932.YDL201W	286.0	-2.89837352941	154.213286713	-10.239570285	1430.0	9287	13280410.0
4932.YDL202W	249.0	-2.82287668486	141.506024097	-10.2044639351	1245.0	-286	-356070.0
4932.YDL204W	393.0	-2.83155479557	127.882951654	-10.8972585026	1965.0	193	379245.0
4932.YDL205C	327.0	-2.8356297464	141.581039756	-9.62475280187	1635.0	-61	-99735.0
4932.YDL207W	538.0	-2.8188920914	135.094795539	-10.5116454938	2690.0	31	83390.0
4932.YDL209C	339.0	-2.86021650725	140.902654867	-12.0284618761	1695.0	75	127125.0
4932.YDL212W	210.0	-2.8831418442	150.023809524	-9.77462520099	1050.0	95	99750.0
4932.YDL213C	225.0	-2.66779607587	119.031111111	-9.04556335157	1125.0	-796	-895500.0
4932.YDL219W	150.0	-2.73924327293	133.9	-12.0233840225	750.0	466	349500.0
4932.YDL220C	924.0	-2.86721073113	136.340909091	-11.7659320746	4620.0	42	194040.0
4932.YDL222C	309.0	-2.83240905628	136.430420712	-12.8514791417	1545.0	74	114330.0
4932.YDL225W	551.0	-2.81784207409	121.286751361	-9.17044204308	2755.0	76	209380.0
4932.YDL226C	352.0	-2.85841277179	139.210227272	-9.02097467806	1760.0	109	191840.0
4932.YDL229W	613.0	-2.78563656701	106.621533442	-5.58759165612	3065.0	149	456685.0
4932.YDL230W	335.0	-2.93651050291	159.8	-13.2554694604	1675.0	11	18425.0
4932.YDL234C	746.0	-2.86319508765	152.548257373	-10.7781133176	3730.0	77	287210.0
4932.YDL235C	167.0	-2.75888947312	130.958083833	-10.3822006857	835.0	107	89345.0
4932.YDL240W	1017.0	-2.88747721698	153.998033432	-12.3569681231	5085.0	62	315270.0
4932.YDR001C	751.0	-2.90359792886	142.065246338	-8.92054483974	3755.0	30	112650.0
4932.YDR005C	395.0	-2.77337375842	133.559493671	-12.5635157302	1975.0	31	61225.0
4932.YDR009W	520.0	-2.89574780242	138.334615385	-13.0835152126	2600.0	18	46800.0
4932.YDR012W	362.0	-2.773249312	120.32320442	-6.1017262933	1810.0	-62	-112220.0
4932.YDR013W	208.0	-2.80546901599	142.615384615	-13.4613829103	1040.0	67	69680.0
4932.YDR016C	94.0	-2.68746375648	119.117021277	-11.4038634114	470.0	80	37600.0
4932.YDR017C	1050.0	-2.8685623109	146.000952381	-9.46515894425	5250.0	19	99750.0
4932.YDR019C	400.0	-2.86793416807	133.58	-8.00281043658	2000.0	95	190000.0
4932.YDR021W	399.0	-2.84233883641	135.180451128	-11.5105159491	1995.0	46	91770.0
4932.YDR025W	156.0	-2.79962378283	143.5	-6.83474843577	780.0	26	20280.0
4932.YDR027C	889.0	-2.83620415907	134.18672666	-10.191165975	4445.0	29	128905.0
4932.YDR032C	198.0	-2.80216128391	124.873737374	-8.44734502585	990.0	40	39600.0
4932.YDR033W	320.0	-2.89047824712	164.4625	-7.22156987874	1600.0	208	332800.0
4932.YDR034C	790.0	-2.84790572274	142.465822785	-12.360604359	3950.0	48	189600.0
4932.YDR035W	370.0	-2.85461177618	134.972972972	-7.95318680222	1850.0	61	112850.0
4932.YDR036C	500.0	-2.87971265543	136.796	-9.76065080553	2500.0	67	167500.0
4932.YDR038C	1091.0	-2.87624657753	133.579285059	-11.2552890488	5455.0	43	234565.0
4932.YDR039C	1091.0	-2.8780143464	133.631530706	-10.7641923357	5455.0	288	1571040.0
4932.YDR040C	1091.0	-2.88083104731	134.945921173	-9.89254343168	5455.0	-345	-1881975.0
4932.YDR046C	604.0	-2.8767811529	140.119205299	-8.22717053132	3020.0	27	81540.0
4932.YDR047W	362.0	-2.9015405726	145.936464089	-10.0572478587	1810.0	845	1529450.0
4932.YDR049W	632.0	-2.8304156285	138.346518987	-10.2624760586	3160.0	37	116920.0
4932.YDR050C	248.0	-2.78982547704	115.830645161	-5.29932848227	1240.0	96	119040.0
4932.YDR051C	334.0	-2.89456773891	149.979041917	-10.1124390035	1670.0	46	76820.0
4932.YDR055W	444.0	-2.57411044217	106.511261261	-9.85973224826	2220.0	20	44400.0
4932.YDR056C	205.0	-2.79853035512	131.819512195	-10.2255622327	1025.0	127	130175.0
4932.YDR059C	148.0	-2.81555794958	145.547297297	-11.243357021	740.0	77	56980.0
4932.YDR060W	1025.0	-2.77560893087	127.16097561	-8.28978083338	5125.0	103	527875.0
4932.YDR061W	539.0	-2.88691191897	145.298701298	-10.4855660304	2695.0	37	99715.0
4932.YDR062W	561.0	-2.89495912084	140.142602496	-8.26845259558	2805.0	29	81345.0
4932.YDR063W	149.0	-2.77053204173	131.234899329	-10.877067265	745.0	-511	-380695.0
4932.YDR067C	224.0	-2.83927429424	151.629464285	-14.7789824053	1120.0	126	141120.0
4932.YDR068W	310.0	-2.69641674584	143.974193549	-10.2659627151	1550.0	100	155000.0
4932.YDR070C	93.0	-2.76667633867	133.301075269	-10.6765473113	465.0	43	19995.0
4932.YDR071C	191.0	-2.78435586745	135.696335079	-8.70229868891	955.0	47	44885.0
4932.YDR073W	169.0	-2.6194924606	117.171597633	-14.4538732229	845.0	30	25350.0
4932.YDR079W	111.0	-2.70367998578	136.828828829	-12.4009236788	555.0	15	8325.0
4932.YDR080W	992.0	-2.83658468022	139.879032259	-12.5685865764	4960.0	124	615040.0
4932.YDR081C	925.0	-2.8338803766	141.338378378	-10.4343347744	4625.0	85	393125.0
4932.YDR083W	392.0	-2.81642695173	145.107142858	-10.4505786638	1960.0	81	158760.0
4932.YDR087C	278.0	-2.80529347088	150.802158274	-9.41483657432	1390.0	51	70890.0
4932.YDR088C	382.0	-2.80335118716	151.465968586	-12.3118128438	1910.0	79	150890.0
4932.YDR089W	869.0	-2.80420428546	131.140391254	-12.0340120022	4345.0	3	13035.0
4932.YDR091C	608.0	-2.85687967508	129.118421053	-7.58656336417	3040.0	38	115520.0
4932.YDR092W	153.0	-2.81153675576	131.549019607	-10.1130416776	765.0	-350	-267750.0
4932.YDR093W	1612.0	-2.88617415712	135.935483871	-8.89978814349	8060.0	19	153140.0
4932.YDR096W	894.0	-2.80063883661	138.880313199	-10.8011101395	4470.0	28	125160.0
4932.YDR097C	1242.0	-2.86829943075	137.502415459	-9.69341535708	6210.0	31	192510.0
4932.YDR098C	285.0	-2.86323380365	136.645614035	-10.0405807041	1425.0	226	322050.0
4932.YDR099W	273.0	-2.76537293601	126.813186813	-7.0072690785	1365.0	-300	-409500.0
4932.YDR100W	143.0	-2.67598408109	111.881118881	-10.7804206191	715.0	76	54340.0
4932.YDR101C	593.0	-2.84583999407	130.018549747	-7.99219643381	2965.0	96	284640.0
4932.YDR108W	698.0	-2.87640998098	149.485673352	-10.6698511602	3490.0	42	146580.0
4932.YDR110W	566.0	-2.87756456527	142.312720848	-12.0261263133	2830.0	12	33960.0
4932.YDR116C	285.0	-2.79328021402	111.894736842	-10.3237793559	1425.0	47	66975.0
4932.YDR117C	565.0	-2.82652739307	138.343362832	-10.8715055652	2825.0	-106	-299450.0
4932.YDR119W	768.0	-2.8494395236	138.8359375	-8.87699493745	3840.0	9	34560.0
4932.YDR120C	570.0	-2.88508283934	143.759649123	-8.84835420103	2850.0	29	82650.0
4932.YDR121W	196.0	-2.75906995366	122.423469388	-10.8419095347	980.0	137	134260.0
4932.YDR122W	1064.0	-2.87836092436	135.794172933	-9.69805921011	5320.0	487	2590840.0
4932.YDR123C	304.0	-2.83323471009	141.888157895	-11.3434987239	1520.0	13	19760.0
4932.YDR127W	1588.0	-2.87004628315	131.051007557	-6.39667739575	7940.0	60	476400.0
4932.YDR129C	642.0	-2.8337879158	122.197819315	-7.13160137199	3210.0	96	308160.0
4932.YDR132C	495.0	-2.83760699913	144.498989899	-13.4922896087	2475.0	11	27225.0
4932.YDR135C	1515.0	-2.87112528592	136.879207921	-8.42689760194	7575.0	56	424200.0
4932.YDR137W	663.0	-2.83725161956	132.220211161	-12.8441461823	3315.0	32	106080.0
4932.YDR138W	752.0	-2.8242555209	139.973404255	-10.1722914938	3760.0	27	101520.0
4932.YDR140W	221.0	-2.86750839955	140.628959276	-12.0711536089	1105.0	239	264095.0
4932.YDR141C	1698.0	-2.80419068211	133.558892815	-9.17931317047	8490.0	23	195270.0
4932.YDR142C	375.0	-2.9005242174	153.704	-12.9233027382	1875.0	174	326250.0
4932.YDR143C	610.0	-2.74354332926	114.22295082	-11.2424387165	3050.0	7	21350.0
4932.YDR144C	596.0	-2.77088946676	125.22147651	-11.3412482758	2980.0	31	92380.0
4932.YDR145W	539.0	-2.75511485294	127.786641929	-9.15602668072	2695.0	48	129360.0
4932.YDR148C	463.0	-2.77450178582	111.280777538	-9.25533630229	2315.0	51	118065.0
4932.YDR152W	265.0	-2.77775302196	139.732075472	-8.87353314144	1325.0	39	51675.0
4932.YDR153C	411.0	-2.81718599018	133.172749392	-9.39022940265	2055.0	21	43155.0
4932.YDR155C	162.0	-2.82074759078	125.864197531	-6.78086042063	810.0	-528	-427680.0
4932.YDR156W	137.0	-2.71140846722	106.591240876	-10.556055734	685.0	-72	-49320.0
4932.YDR158W	365.0	-2.83672493037	123.569863014	-6.81942404123	1825.0	105	191625.0
4932.YDR161W	387.0	-2.77585902713	119.666666667	-9.74481787814	1935.0	107	207045.0
4932.YDR164C	724.0	-2.84381348865	129.647790055	-11.1829623476	3620.0	2	7240.0
4932.YDR165W	444.0	-2.83773441607	143.240990991	-9.35363104242	2220.0	26	57720.0
4932.YDR166C	971.0	-2.80177900107	138.57569516	-9.59803216613	4855.0	28	135940.0
4932.YDR167W	206.0	-2.77902988111	112.752427184	-10.6217291948	1030.0	-67	-69010.0
4932.YDR168W	506.0	-2.76065051932	138.575098814	-8.59438187236	2530.0	454	1148620.0
4932.YDR169C	513.0	-2.77945706466	122.855750488	-10.3989037487	2565.0	39	100035.0
4932.YDR170C	2009.0	-2.83829222864	128.958188154	-7.86609217519	10045.0	65	652925.0
4932.YDR171W	375.0	-2.81328494559	128.541333333	-9.3044747897	1875.0	72	135000.0
4932.YDR173C	355.0	-2.79418409604	130.025352113	-13.1801268969	1775.0	367	651425.0
4932.YDR174W	246.0	-2.733548029	124.18699187	-8.72594011463	1230.0	-472	-580560.0
4932.YDR175C	319.0	-2.84633020897	144.893416927	-10.2165001102	1595.0	30	47850.0
4932.YDR176W	702.0	-2.78825674985	122.71937322	-10.6780854052	3510.0	28	98280.0
4932.YDR177W	215.0	-2.85942239356	128.190697674	-9.78057842488	1075.0	45	48375.0
4932.YDR178W	181.0	-2.86620772608	148.972375691	-11.1181596207	905.0	481	435305.0
4932.YDR180W	1493.0	-2.80227574769	135.506363028	-11.627500863	7465.0	21	156765.0
4932.YDR181C	481.0	-2.80951331526	137.663201663	-13.2108722841	2405.0	21	50505.0
4932.YDR182W	491.0	-2.91116797969	158.073319755	-10.9869428911	2455.0	6	14730.0
4932.YDR189W	666.0	-2.80099238583	122.599099099	-8.91727678253	3330.0	32	106560.0
4932.YDR190C	463.0	-2.76616197278	107.252699784	-8.15594491375	2315.0	-601	-1391315.0
4932.YDR194C	664.0	-2.82151150822	128.234939759	-8.26925321637	3320.0	162	537840.0
4932.YDR196C	241.0	-2.84714453542	134.041493776	-11.2347630974	1205.0	-855	-1030275.0
4932.YDR200C	604.0	-2.80592714845	122.213576159	-13.5448563955	3020.0	29	87580.0
4932.YDR201W	165.0	-2.64766948214	124.896969697	-12.1681273929	825.0	-84	-69300.0
4932.YDR211W	712.0	-2.86821969697	144.617977528	-8.30259043671	3560.0	-302	-1075120.0
4932.YDR213W	913.0	-2.83945201789	127.30449069	-13.6117399071	4565.0	33	150645.0
4932.YDR214W	350.0	-2.81899749699	135.845714286	-8.61609666517	1750.0	34	59500.0
4932.YDR216W	1323.0	-2.83489772738	141.647770219	-11.3710544982	6615.0	58	383670.0
4932.YDR219C	465.0	-2.8093712576	135.602150537	-11.062562551	2325.0	53	123225.0
4932.YDR221W	702.0	-2.840440161	138.833333334	-10.150782217	3510.0	26	91260.0
4932.YDR224C	131.0	-2.62678841297	120.221374046	-7.14484059482	655.0	-1052	-689060.0
4932.YDR226W	222.0	-2.824906001	126.022522523	-6.71323726499	1110.0	217	240870.0
4932.YDR228C	626.0	-2.82994277115	146.554313099	-11.9957001497	3130.0	34	106420.0
4932.YDR229W	453.0	-2.78122552429	125.584988963	-10.3849564764	2265.0	36	81540.0
4932.YDR233C	295.0	-2.8025269168	135.915254237	-7.2882132244	1475.0	-142	-209450.0
4932.YDR234W	693.0	-2.85742741838	129.65945166	-7.79988095327	3465.0	40	138600.0
4932.YDR235W	544.0	-2.80908021763	165.674632353	-11.7477817829	2720.0	90	244800.0
4932.YDR236C	218.0	-2.84460008868	126.064220184	-12.0213559961	1090.0	-220	-239800.0
4932.YDR244W	612.0	-2.86118076774	139.078431373	-11.3285159203	3060.0	23	70380.0
4932.YDR245W	393.0	-2.89075856461	170.38167939	-10.1037185373	1965.0	84	165060.0
4932.YDR247W	461.0	-2.84174701793	152.704989154	-10.395974944	2305.0	28	64540.0
4932.YDR248C	193.0	-2.83043278433	152.056994819	-12.291505057	965.0	44	42460.0
4932.YDR251W	830.0	-2.80755420753	125.486746988	-11.3344959392	4150.0	112	464800.0
4932.YDR254W	458.0	-2.85755912898	140.09606987	-13.5534093172	2290.0	35	80150.0
4932.YDR256C	515.0	-2.9176108091	144.634951456	-10.2858789319	2575.0	31	79825.0
4932.YDR257C	494.0	-2.82281946101	148.04048583	-9.73892694134	2470.0	-340	-839800.0
4932.YDR258C	811.0	-2.79794308024	118.086313194	-8.11339163584	4055.0	57	231135.0
4932.YDR259C	383.0	-2.75770947823	130.104438642	-12.7885336282	1915.0	21	40215.0
4932.YDR261C	562.0	-2.85622214566	148.754448399	-10.8328592834	2810.0	11	30910.0
4932.YDR262W	272.0	-2.82022976392	122.654411765	-11.5882578572	1360.0	83	112880.0
4932.YDR264C	764.0	-2.88592742941	142.320680628	-9.15645774765	3820.0	90	343800.0
4932.YDR265W	337.0	-2.89090360705	162.952522255	-11.903537855	1685.0	-677	-1140745.0
4932.YDR266C	639.0	-2.86022419516	152.062597809	-9.87490803417	3195.0	22	70290.0
4932.YDR267C	330.0	-2.82350514336	162.578787879	-11.5691920837	1650.0	97	160050.0
4932.YDR268W	379.0	-2.87312525858	139.166226913	-11.5655859586	1895.0	-112	-212240.0
4932.YDR272W	274.0	-2.90418901415	158.715328467	-9.4277429677	1370.0	298	408260.0
4932.YDR279W	350.0	-2.82635248957	133.791428572	-12.5757945181	1750.0	31	54250.0
4932.YDR283C	1659.0	-2.85144495883	133.504520795	-10.5540770043	8295.0	29	240555.0
4932.YDR289C	409.0	-2.78863861998	136.410757946	-11.2089347174	2045.0	86	175870.0
4932.YDR292C	621.0	-2.83492191302	131.682769726	-10.7343066996	3105.0	49	152145.0
4932.YDR293C	1250.0	-2.84924994372	126.4	-7.7910319527	6250.0	18	112500.0
4932.YDR294C	589.0	-2.89742216726	144.18336163	-8.92372892507	2945.0	32	94240.0
4932.YDR295C	674.0	-2.7999239412	136.169139466	-11.8365614185	3370.0	41	138170.0
4932.YDR296W	226.0	-2.89318293061	165.380530973	-10.1250668325	1130.0	1417	1601210.0
4932.YDR297W	349.0	-2.87858902628	159.681948423	-9.01015884118	1745.0	-129	-225105.0
4932.YDR298C	212.0	-2.7069732798	106.41509434	-8.34344140014	1060.0	-113	-119780.0
4932.YDR299W	534.0	-2.74028914254	123.496254682	-9.03295152953	2670.0	20	53400.0
4932.YDR300C	428.0	-2.83690597068	126.067757009	-8.82404720688	2140.0	-654	-1399560.0
4932.YDR301W	1357.0	-2.85914581072	130.263080324	-10.3396652018	6785.0	-676	-4586660.0
4932.YDR302W	219.0	-2.81948533314	160.03196347	-10.0082536201	1095.0	305	333975.0
4932.YDR303C	885.0	-2.81173443893	136.374011299	-8.37387195574	4425.0	25	110625.0
4932.YDR305C	217.0	-2.85816526333	140.34562212	-12.0253908675	1085.0	126	136710.0
4932.YDR307W	662.0	-2.86635358395	156.584592145	-10.0125107748	3310.0	29	95990.0
4932.YDR308C	140.0	-2.76158561654	133.042857143	-12.3556076237	700.0	-460	-322000.0
4932.YDR310C	1062.0	-2.7941397802	123.436911488	-9.8983635351	5310.0	12	63720.0
4932.YDR311W	642.0	-2.83421912924	136.528037383	-10.5091941144	3210.0	35	112350.0
4932.YDR312W	453.0	-2.79489076283	128.710816778	-10.5129568376	2265.0	50	113250.0
4932.YDR316W	471.0	-2.8196835307	146.479830148	-12.8792536991	2355.0	24	56520.0
4932.YDR318W	368.0	-2.76834329405	128.861413044	-12.2833997919	1840.0	104	191360.0
4932.YDR320C	668.0	-2.77975934999	130.270958084	-9.98737598497	3340.0	22	73480.0
4932.YDR322W	367.0	-2.8610265723	138.471389646	-10.048677074	1835.0	1206	2213010.0
4932.YDR324C	776.0	-2.84006260117	142.507731959	-9.22924919742	3880.0	46	178480.0
4932.YDR325W	1035.0	-2.81842703768	129.124637681	-11.2253211985	5175.0	23	119025.0
4932.YDR329C	441.0	-2.82250454617	140.798185941	-10.9104660326	2205.0	2	4410.0
4932.YDR330W	500.0	-2.83304411245	118.616	-9.76972803644	2500.0	41	102500.0
4932.YDR331W	411.0	-2.86378831156	147.250608272	-10.1407638211	2055.0	21	43155.0
4932.YDR333C	723.0	-2.85424668435	141.674965422	-11.3730068942	3615.0	19	68685.0
4932.YDR335W	1224.0	-2.87218233242	149.621732026	-8.98920300374	6120.0	-2587	-15832440.0
4932.YDR337W	286.0	-2.79684497805	126.423076923	-12.0163287314	1430.0	50	71500.0
4932.YDR342C	570.0	-2.8652857785	140.757894737	-9.74657866783	2850.0	81	230850.0
4932.YDR345C	567.0	-2.87558461534	147.855379189	-6.81118309671	2835.0	-185	-524475.0
4932.YDR346C	481.0	-2.82951739193	137.557172557	-7.90185000261	2405.0	55	132275.0
4932.YDR347W	321.0	-2.8569854349	136.788161994	-9.80093879794	1605.0	44	70620.0
4932.YDR348C	499.0	-2.76563925572	120.741482966	-10.3106150045	2495.0	31	77345.0
4932.YDR354W	380.0	-2.81858820952	135.557894737	-9.49506893366	1900.0	24	45600.0
4932.YDR356W	944.0	-2.66264008872	132.474576271	-10.6949967786	4720.0	36	169920.0
4932.YDR361C	283.0	-2.804917634	133.639575972	-9.30068528616	1415.0	169	239135.0
4932.YDR362C	672.0	-2.85880489787	133.038690476	-11.1413579225	3360.0	11	36960.0
4932.YDR363W-A	89.0	-2.6344522743	142.460674158	-10.0839099605	445.0	37	16465.0
4932.YDR363W-A	89.0	-2.6344522743	142.460674158	-10.0839099605	445.0	37	16465.0
4932.YDR365C	628.0	-2.74206516569	135.394904459	-8.8546586964	3140.0	2	6280.0
4932.YDR368W	312.0	-2.85595825026	133.003205128	-8.35567617428	1560.0	74	115440.0
4932.YDR372C	345.0	-2.80165080112	125.672463768	-9.62220934461	1725.0	127	219075.0
4932.YDR373W	190.0	-2.85593077656	146.652631579	-11.1734395852	950.0	34	32300.0
4932.YDR376W	493.0	-2.86210413049	140.634888438	-12.4859581832	2465.0	78	192270.0
4932.YDR377W	101.0	-2.77894039162	145.584158416	-10.8752441755	505.0	50	25250.0
4932.YDR379W	1009.0	-2.80534701496	137.0	-10.4299961564	5045.0	-310	-1563950.0
4932.YDR380W	635.0	-2.89585631092	142.220472441	-8.86815331371	3175.0	30	95250.0
4932.YDR382W	110.0	-2.47332380174	81.3545454545	-6.96643054257	550.0	-7587	-4172850.0
4932.YDR384C	275.0	-2.80228786114	142.814545454	-9.39602086802	1375.0	36	49500.0
4932.YDR385W	842.0	-2.86437051035	126.57719715	-5.00794155196	4210.0	-626	-2635460.0
4932.YDR386W	632.0	-2.8491842428	142.098101266	-11.2288205057	3160.0	20	63200.0
4932.YDR388W	482.0	-2.80340702279	117.973029046	-8.42804572697	2410.0	41	98810.0
4932.YDR389W	654.0	-2.80301245691	124.362385321	-10.1312244597	3270.0	16	52320.0
4932.YDR390C	636.0	-2.83294890587	127.567610063	-9.91815376056	3180.0	47	149460.0
4932.YDR391C	232.0	-2.85497771838	143.706896552	-10.8238914111	1160.0	40	46400.0
4932.YDR392W	337.0	-2.86115068133	143.706231454	-11.5509452023	1685.0	329	554365.0
4932.YDR395W	944.0	-2.83128640698	131.438559322	-8.20010406032	4720.0	196	925120.0
4932.YDR397C	146.0	-2.71102351106	122.150684931	-10.2674597562	730.0	99	72270.0
4932.YDR399W	221.0	-2.87432390867	138.153846154	-8.14603267068	1105.0	-74	-81770.0
4932.YDR400W	340.0	-2.88873440953	144.029411765	-11.7784758642	1700.0	106	180200.0
4932.YDR404C	171.0	-2.84480214808	134.923976608	-9.65078452509	855.0	35	29925.0
4932.YDR405W	263.0	-2.88331656551	140.353612167	-10.2302718531	1315.0	5525	7265375.0
4932.YDR407C	1289.0	-2.83726253085	136.979829325	-11.7549293279	6445.0	-978	-6303210.0
4932.YDR408C	214.0	-2.83157025816	135.406542056	-9.56005371944	1070.0	346	370220.0
4932.YDR411C	341.0	-2.8446971924	143.079178886	-10.6042403177	1705.0	82	139810.0
4932.YDR412W	235.0	-2.70322809823	134.204255319	-11.193456852	1175.0	82	96350.0
4932.YDR416W	859.0	-2.86650215334	148.869615832	-12.0110481367	4295.0	26	111670.0
4932.YDR418W	165.0	-2.75810557023	106.515151515	-6.9956764249	825.0	4849	4000425.0
4932.YDR421W	950.0	-2.85453944538	135.737894737	-13.6849325783	4750.0	4	19000.0
4932.YDR422C	815.0	-2.82977422883	133.754601227	-11.0767005271	4075.0	23	93725.0
4932.YDR423C	409.0	-2.83879045321	140.100244498	-13.3167683873	2045.0	26	53170.0
4932.YDR424C	92.0	-2.7630623536	143.010869565	-11.8162820141	460.0	10	4600.0
4932.YDR425W	625.0	-2.76512259921	137.896	-11.0841418317	3125.0	54	168750.0
4932.YDR427W	393.0	-2.78884660956	138.631043258	-8.22818223588	1965.0	116	227940.0
4932.YDR434W	534.0	-2.8635259969	139.880149813	-9.61171769314	2670.0	83	221610.0
4932.YDR436W	710.0	-2.8207663017	134.514084507	-12.0931579342	3550.0	43	152650.0
4932.YDR439W	347.0	-2.70467533929	122.190201729	-12.0837872522	1735.0	38	65930.0
4932.YDR441C	181.0	-2.75570602745	110.928176796	-11.7266832252	905.0	28	25340.0
4932.YDR447C	136.0	-2.74800531772	122.919117647	-7.22486885045	680.0	140	95200.0
4932.YDR448W	434.0	-2.89606663629	151.923963134	-10.6805808711	2170.0	59	128030.0
4932.YDR449C	440.0	-2.83313806721	158.527272727	-9.71501648654	2200.0	34	74800.0
4932.YDR450W	146.0	-2.81978677154	145.636986301	-7.15827114284	730.0	63	45990.0
4932.YDR452W	674.0	-2.87654043289	147.296735905	-12.124297263	3370.0	9	30330.0
4932.YDR453C	196.0	-2.81820688185	122.969387756	-10.1581258556	980.0	149	146020.0
4932.YDR454C	187.0	-2.79654182107	118.604278075	-8.33415027537	935.0	-87	-81345.0
4932.YDR456W	633.0	-2.82616022631	124.748815166	-10.0273911794	3165.0	147	465255.0
4932.YDR457W	3268.0	-2.85181572607	133.795287638	-9.1975807023	16340.0	46	751640.0
4932.YDR458C	663.0	-2.80901706157	142.453996983	-10.5954021512	3315.0	28	92820.0
4932.YDR460W	321.0	-2.80806153418	147.632398754	-11.2745907053	1605.0	82	131610.0
4932.YDR462W	147.0	-2.78826746195	143.850340136	-10.9798566731	735.0	8	5880.0
4932.YDR463W	519.0	-2.85796769391	140.558766859	-12.7386917988	2595.0	23	59685.0
4932.YDR465C	412.0	-2.87164647914	141.339805825	-9.61328321608	2060.0	69	142140.0
4932.YDR469W	175.0	-2.73785614774	127.388571429	-12.537626794	875.0	179	156625.0
4932.YDR476C	224.0	-2.80288980713	127.946428571	-10.9236979942	1120.0	50	56000.0
4932.YDR477W	633.0	-2.88462862374	149.823064771	-8.95459799998	3165.0	34	107610.0
4932.YDR480W	323.0	-2.86221098522	146.241486068	-12.2290053658	1615.0	40	64600.0
4932.YDR481C	566.0	-2.85806301506	132.915194347	-9.82143924469	2830.0	3	8490.0
4932.YDR483W	442.0	-2.90045997107	162.443438914	-9.13314458065	2210.0	2	4420.0
4932.YDR484W	641.0	-2.81259244324	135.864274572	-10.2739365508	3205.0	29	92945.0
4932.YDR485C	795.0	-2.78975283078	125.242767296	-11.6840659443	3975.0	1855	7373625.0
4932.YDR486C	229.0	-2.64091590414	127.515283843	-10.7791332947	1145.0	191	218695.0
4932.YDR487C	208.0	-2.86241384632	137.25	-8.69044958322	1040.0	20	20800.0
4932.YDR490C	766.0	-2.86527200312	132.328981723	-12.5794051205	3830.0	13	49790.0
4932.YDR493W	123.0	-2.80264945708	135.211382114	-12.7243028862	615.0	210	129150.0
4932.YDR495C	1011.0	-2.78324813087	138.127596439	-12.2833025017	5055.0	54	272970.0
4932.YDR497C	584.0	-2.8363775004	124.770547945	-8.09063301235	2920.0	59	172280.0
4932.YDR498C	383.0	-2.79951740683	138.490861619	-11.2416008426	1915.0	39	74685.0
4932.YDR499W	747.0	-2.83021273302	135.917001339	-10.3617498357	3735.0	14	52290.0
4932.YDR500C	88.0	-2.60625936354	184.965909091	-8.17140158041	440.0	53	23320.0
4932.YDR505C	841.0	-2.80332706569	134.349583829	-10.9251148733	4205.0	21	88305.0
4932.YDR510W	101.0	-2.79433439848	125.297029703	-9.38512361835	505.0	7	3535.0
4932.YDR511W	133.0	-2.81291078822	154.172932331	-12.2108929292	665.0	27	17955.0
4932.YDR513W	143.0	-2.78825663368	123.804195804	-9.54820417791	715.0	-209	-149435.0
4932.YDR515W	447.0	-2.75116683192	138.572706935	-10.614870541	2235.0	24	53640.0
4932.YDR516C	500.0	-2.85743083728	130.56	-9.81402638654	2500.0	31	77500.0
4932.YDR517W	372.0	-2.8645763506	125.943548387	-9.11771323495	1860.0	61	113460.0
4932.YDR519W	135.0	-2.76447776935	116.140740741	-10.9701749297	675.0	-1164	-785700.0
4932.YDR525W-A	79.0	-2.73586738794	152.113924051	-10.1503528612	395.0	224	88480.0
4932.YDR527W	439.0	-2.84178014938	141.216400911	-10.3353545168	2195.0	61	133895.0
4932.YDR530C	325.0	-2.85851045501	154.095384616	-13.0750192615	1625.0	36	58500.0
4932.YDR532C	385.0	-2.74156261842	133.981818182	-11.55019916	1925.0	145	279125.0
4932.YDR533C	237.0	-2.76280999466	121.890295358	-9.55341479587	1185.0	-84	-99540.0
4932.YDR539W	503.0	-2.88839508622	144.34194831	-10.2512242811	2515.0	42	105630.0
4932.YEL001C	225.0	-2.83383788682	122.497777778	-8.91004217332	1125.0	237	266625.0
4932.YEL003W	111.0	-2.73204289801	147.684684685	-11.6367668526	555.0	-308	-170940.0
4932.YEL007W	666.0	-2.71525652687	131.354354354	-9.17736471511	3330.0	8	26640.0
4932.YEL009C	281.0	-2.75256612691	113.43772242	-11.4843896708	1405.0	5	7025.0
4932.YEL012W	218.0	-2.76819051383	139.490825688	-11.3775829735	1090.0	87	94830.0
4932.YEL013W	578.0	-2.79853590514	121.89100346	-8.41785144164	2890.0	103	297670.0
4932.YEL015W	551.0	-2.8247642627	129.823956443	-9.89146594205	2755.0	61	168055.0
4932.YEL017W	337.0	-2.8188838778	139.899109792	-11.4778539212	1685.0	77	129745.0
4932.YEL018W	279.0	-2.77492757675	128.301075269	-12.962313057	1395.0	81	112995.0
4932.YEL019C	267.0	-2.86959738658	152.08988764	-12.0410972214	1335.0	121	161535.0
4932.YEL022W	1459.0	-2.79874866094	128.239890336	-8.48549327646	7295.0	16	116720.0
4932.YEL029C	312.0	-2.88773423547	149.166666666	-13.2208489207	1560.0	17	26520.0
4932.YEL031W	1215.0	-2.86491408762	127.70781893	-6.96292283213	6075.0	-113	-686475.0
4932.YEL032W	971.0	-2.82654825229	113.154479918	-9.58886864664	4855.0	31	150505.0
4932.YEL039C	113.0	-2.821082603	158.115044248	-11.4114277468	565.0	236	133340.0
4932.YEL040W	467.0	-2.75503332515	145.100642398	-8.26086738649	2335.0	22	51370.0
4932.YEL042W	518.0	-2.86513034825	130.328185328	-9.00860234245	2590.0	2	5180.0
4932.YEL043W	956.0	-2.75466605451	132.119246862	-10.2768402211	4780.0	23	109940.0
4932.YEL044W	166.0	-2.76724338177	123.319277108	-11.1133717218	830.0	-77	-63910.0
4932.YEL046C	387.0	-2.8936200684	140.105943153	-6.31461368032	1935.0	1367	2645145.0
4932.YEL047C	470.0	-2.82281092809	117.519148936	-7.87813729448	2350.0	201	472350.0
4932.YEL050C	393.0	-2.81882634803	136.269720102	-10.4865556545	1965.0	79	155235.0
4932.YEL052W	509.0	-2.90007259532	144.053045186	-10.1361320506	2545.0	65	165425.0
4932.YEL054C	165.0	-2.75810557022	106.515151515	-7.3678237916	825.0	10	8250.0
4932.YEL055C	1022.0	-2.79787531213	134.903131115	-9.2401794325	5110.0	32	163520.0
4932.YEL058W	557.0	-2.86909627171	137.342908438	-9.23673190286	2785.0	43	119755.0
4932.YEL060C	635.0	-2.8304434105	132.486614173	-8.97045820407	3175.0	3	9525.0
4932.YEL062W	615.0	-2.81737322288	136.619512195	-13.6016711963	3075.0	14	43050.0
4932.YEL066W	179.0	-2.84153603552	154.374301676	-11.9003122054	895.0	3	2685.0
4932.YEL070W	502.0	-2.88737557479	144.758964143	-12.3740061315	2510.0	227	569770.0
4932.YEL071W	496.0	-2.86825812111	135.808467742	-7.0158674917	2480.0	56	138880.0
4932.YER001W	762.0	-2.9025468241	152.530183727	-9.48818940636	3810.0	215	819150.0
4932.YER002W	231.0	-2.73662567554	131.961038961	-9.9090111997	1155.0	37	42735.0
4932.YER003C	429.0	-2.86734242783	132.62937063	-7.82861830635	2145.0	29	62205.0
4932.YER006W	520.0	-2.79483102292	120.834615384	-8.29671998048	2600.0	738	1918800.0
4932.YER007C-A	181.0	-2.81878662277	131.480662983	-10.0298943733	905.0	74	66970.0
4932.YER007W	518.0	-2.79526111473	137.488416988	-12.8841968777	2590.0	22	56980.0
4932.YER008C	1336.0	-2.82835553277	134.000748503	-9.46918124438	6680.0	29	193720.0
4932.YER010C	234.0	-2.82604858211	118.585470086	-12.1317922043	1170.0	21	24570.0
4932.YER011W	254.0	-2.44072099792	91.5866141731	-11.5335124929	1270.0	2	2540.0
4932.YER012W	198.0	-2.81929917597	127.353535353	-9.49428038023	990.0	1131	1119690.0
4932.YER014W	539.0	-2.84411152017	131.139146568	-10.8427632973	2695.0	151	406945.0
4932.YER015W	744.0	-2.86736045924	130.999999999	-8.23952765776	3720.0	26	96720.0
4932.YER016W	344.0	-2.84124889898	133.747093023	-11.0718574425	1720.0	56	96320.0
4932.YER017C	761.0	-2.8543461013	121.0	-9.5252459393	3805.0	45	171225.0
4932.YER018C	221.0	-2.70884736937	134.674208145	-11.3138977477	1105.0	167	184535.0
4932.YER019C-A	88.0	-2.7219570397	107.829545455	-11.1045194205	440.0	20	8800.0
4932.YER019W	477.0	-2.89711662883	146.716981132	-12.1625917403	2385.0	58	138330.0
4932.YER020W	449.0	-2.86086279667	129.024498887	-9.93730395771	2245.0	16	35920.0
4932.YER021W	523.0	-2.81592224582	143.14913958	-9.99143706387	2615.0	23	60145.0
4932.YER022W	687.0	-2.7707982474	126.816593886	-9.78574112012	3435.0	39	133965.0
4932.YER023W	286.0	-2.76719192296	125.346153846	-7.8259685579	1430.0	-337	-481910.0
4932.YER024W	923.0	-2.86470524123	131.547128927	-10.6341850952	4615.0	83	383045.0
4932.YER027C	417.0	-2.86686421737	140.237410072	-9.90390051096	2085.0	34	70890.0
4932.YER029C	196.0	-2.76234288496	125.566326531	-11.0340811779	980.0	-179	-175420.0
4932.YER030W	153.0	-2.53477940334	121.026143791	-10.4698449787	765.0	-75	-57375.0
4932.YER031C	223.0	-2.82445494251	129.089686098	-9.220584532	1115.0	77	85855.0
4932.YER034W	185.0	-2.715925753	128.016216216	-11.0104865611	925.0	60	55500.0
4932.YER036C	610.0	-2.83292570965	124.316393443	-6.94678807205	3050.0	53	161650.0
4932.YER040W	730.0	-2.69168982141	125.220547945	-12.2281814406	3650.0	3	10950.0
4932.YER042W	184.0	-2.90614982642	163.217391304	-10.2980115957	920.0	145	133400.0
4932.YER044C	148.0	-2.81435925864	161.121621621	-11.6627954035	740.0	3	2220.0
4932.YER047C	897.0	-2.81301795333	125.153846154	-13.661873447	4485.0	34	152490.0
4932.YER049W	644.0	-2.86109188371	143.400621118	-9.11160932816	3220.0	35	112700.0
4932.YER050C	138.0	-2.79155752088	135.56521739	-12.4538206685	690.0	66	45540.0
4932.YER052C	527.0	-2.85584180374	127.984819735	-7.38573957076	2635.0	78	205530.0
4932.YER053C-A	37.0	-2.75339298556	143.324324325	-11.3735675574	185.0	-231	-42735.0
4932.YER056C	533.0	-2.82406494387	137.639774859	-7.43228688286	2665.0	30	79950.0
4932.YER056C-A	121.0	-2.71659404457	140.958677685	-7.89640551727	605.0	102	61710.0
4932.YER056C-A	121.0	-2.71659404457	140.958677685	-7.89640551727	605.0	102	61710.0
4932.YER057C	129.0	-2.76868108856	121.488372093	-9.1877168604	645.0	-193	-124485.0
4932.YER059W	420.0	-2.82308259083	130.383333334	-10.7980392439	2100.0	52	109200.0
4932.YER061C	442.0	-2.82411616467	127.947963801	-11.1502276336	2210.0	-299	-660790.0
4932.YER062C	250.0	-2.82953727645	136.608	-8.5358156048	1250.0	-948	-1185000.0
4932.YER063W	218.0	-2.65563735061	104.73853211	-10.0886184706	1090.0	63	68670.0
4932.YER064C	505.0	-2.79381281184	124.605940594	-11.8220320651	2525.0	2	5050.0
4932.YER067W	161.0	-2.76939387612	170.378881988	-9.89734176745	805.0	-296	-238280.0
4932.YER068W	587.0	-2.8754552852	141.844974446	-9.15139064166	2935.0	25	73375.0
4932.YER070W	888.0	-2.90554227291	140.059684684	-4.4434382946	4440.0	77	341880.0
4932.YER073W	520.0	-2.85280576703	124.801923077	-8.03266189398	2600.0	64	166400.0
4932.YER075C	928.0	-2.83641430093	139.589439655	-12.5325807935	4640.0	38	176320.0
4932.YER077C	688.0	-2.8265785842	142.545058139	-12.6902305371	3440.0	41	141040.0
4932.YER078C	511.0	-2.88622732548	135.369863014	-11.0116900818	2555.0	28	71540.0
4932.YER079W	210.0	-2.67146354498	142.880952381	-12.0040623083	1050.0	42	44100.0
4932.YER080W	627.0	-2.8635553653	141.888357257	-8.95740314964	3135.0	40	125400.0
4932.YER081W	469.0	-2.84464564212	124.102345416	-7.58686489518	2345.0	192	450240.0
4932.YER082C	554.0	-2.86095067627	140.055956678	-10.4415933138	2770.0	54	149580.0
4932.YER086W	576.0	-2.85708718475	122.777777778	-8.01952108571	2880.0	44	126720.0
4932.YER087W	576.0	-2.90153862723	156.444444444	-12.2601910078	2880.0	3	8640.0
4932.YER088C	670.0	-2.71186409498	133.204477612	-9.79897854888	3350.0	18	60300.0
4932.YER089C	464.0	-2.8547721011	137.275862069	-9.08072577742	2320.0	100	232000.0
4932.YER090W	507.0	-2.87911945674	129.293885602	-7.90075980183	2535.0	39	98865.0
4932.YER091C	767.0	-2.85002621979	123.205997392	-4.95728777825	3835.0	38	145730.0
4932.YER092W	125.0	-2.6718704258	120.192	-11.1750563943	625.0	75	46875.0
4932.YER093C-A	137.0	-2.77220655176	130.240875912	-13.8468695766	685.0	1178	806930.0
4932.YER095W	400.0	-2.82341806904	119.229999999	-9.14090319049	2000.0	60	120000.0
4932.YER099C	318.0	-2.83376477629	127.371069182	-10.4179972851	1590.0	-5160	-8204400.0
4932.YER100W	250.0	-2.87100881473	136.28	-11.211378693	1250.0	26	32500.0
4932.YER102W	200.0	-2.76257062048	131.265	-6.93042582867	1000.0	98	98000.0
4932.YER103W	642.0	-2.78818789292	105.923676012	-7.12633865255	3210.0	-186	-597060.0
4932.YER105C	1391.0	-2.8408330931	129.447879224	-8.86529276207	6955.0	33	229515.0
4932.YER110C	1113.0	-2.79297887906	113.192273136	-6.19160443587	5565.0	130	723450.0
4932.YER111C	1093.0	-2.77091785013	137.617566331	-11.788459516	5465.0	141	770565.0
4932.YER112W	187.0	-2.61488661192	137.085561497	-9.86942908865	935.0	217	202895.0
4932.YER114C	1040.0	-2.79866557626	122.069230769	-9.4141841063	5200.0	22	114400.0
4932.YER118C	367.0	-2.84810399243	135.89373297	-10.6393612348	1835.0	95	174325.0
4932.YER120W	244.0	-2.74507869549	115.307377049	-9.04772036704	1220.0	553	674660.0
4932.YER122C	493.0	-2.79668648821	133.101419878	-8.88985826957	2465.0	56	138040.0
4932.YER123W	524.0	-2.90045902177	158.494274809	-10.1176276416	2620.0	25	65500.0
4932.YER126C	261.0	-2.81347551886	138.727969349	-7.40212707601	1305.0	70	91350.0
4932.YER127W	357.0	-2.78962345741	127.655462185	-11.9916975788	1785.0	31	55335.0
4932.YER129W	1142.0	-2.80318687213	128.659369527	-12.7239992653	5710.0	240	1370400.0
4932.YER131W	119.0	-2.66256936662	142.87394958	-7.53638218303	595.0	144	85680.0
4932.YER132C	1753.0	-2.82401302419	128.192812322	-9.31739784444	8765.0	3	26295.0
4932.YER133W	312.0	-2.8795737696	150.012820513	-7.65512530489	1560.0	61	95160.0
4932.YER134C	178.0	-2.85872982591	156.005617977	-10.315780772	890.0	-313	-278570.0
4932.YER136W	451.0	-2.87196484492	138.800443459	-7.8061534826	2255.0	-85	-191675.0
4932.YER139C	226.0	-2.82442684532	146.287610619	-11.8098125238	1130.0	92	103960.0
4932.YER141W	486.0	-2.84609293512	142.172839506	-9.04665395881	2430.0	50	121500.0
4932.YER142C	296.0	-2.80550171083	144.60472973	-14.6594192684	1480.0	-353	-522440.0
4932.YER143W	428.0	-2.80445115374	113.380841122	-10.7509568438	2140.0	16	34240.0
4932.YER145C	404.0	-2.8681715628	144.784653465	-8.94676158802	2020.0	183	369660.0
4932.YER147C	624.0	-2.8796043514	158.850961539	-12.3848412017	3120.0	136	424320.0
4932.YER149C	420.0	-2.75761058021	132.861904762	-10.6867738684	2100.0	79	165900.0
4932.YER151C	912.0	-2.8403137899	139.899122807	-8.13779081641	4560.0	45	205200.0
4932.YER152C	443.0	-2.88404402165	133.963882619	-11.3062364893	2215.0	-320	-708800.0
4932.YER155C	2167.0	-2.83208587998	137.804799261	-8.14771924216	10835.0	2616	28344360.0
4932.YER156C	338.0	-2.87018345702	136.707100592	-9.37919209998	1690.0	-185	-312650.0
4932.YER157W	801.0	-2.80371790115	132.217228464	-9.90473691701	4005.0	152	608760.0
4932.YER159C	142.0	-2.78261538337	113.0	-10.4276886307	710.0	-1047	-743370.0
4932.YER161C	333.0	-2.71570960246	132.861861862	-9.98136148811	1665.0	26	43290.0
4932.YER162C	754.0	-2.87395149241	146.952254642	-11.1780713797	3770.0	57	214890.0
4932.YER163C	232.0	-2.83532502179	131.038793103	-13.0053314218	1160.0	67	77720.0
4932.YER164W	1468.0	-2.85134027081	136.677111717	-8.64754891472	7340.0	19	139460.0
4932.YER166W	1571.0	-2.90132335948	138.252068746	-9.14143715925	7855.0	-87	-683385.0
4932.YER168C	546.0	-2.85754857164	137.857142857	-9.2851305177	2730.0	159	434070.0
4932.YER169W	796.0	-2.86396304548	144.924623116	-11.0201964499	3980.0	55	218900.0
4932.YER171W	778.0	-2.87332622959	137.938303342	-9.86234690175	3890.0	31	120590.0
4932.YER172C	2163.0	-2.8662712175	135.580212668	-9.32867712805	10815.0	8	86520.0
4932.YER174C	244.0	-2.82129356068	120.262295082	-11.5169939064	1220.0	-146	-178120.0
4932.YER175C	299.0	-2.89390241221	154.317725752	-11.0981920906	1495.0	-187	-279565.0
4932.YER178W	420.0	-2.87881203848	138.092857143	-7.54888091712	2100.0	77	161700.0
4932.YER182W	244.0	-2.84447279857	132.512295082	-13.1391427139	1220.0	71	86620.0
4932.YER183C	211.0	-2.895493662	155.454976303	-13.5612754476	1055.0	-214	-225770.0
4932.YFL001W	442.0	-2.88824399445	147.088235294	-11.0911037442	2210.0	78	172380.0
4932.YFL002C	606.0	-2.84483142587	132.674917492	-10.3125728138	3030.0	29	87870.0
4932.YFL004W	828.0	-2.8186245324	129.43236715	-8.78166913083	4140.0	26	107640.0
4932.YFL007W	2143.0	-2.87175457958	140.540363976	-9.56036360766	10715.0	6	64290.0
4932.YFL008W	1225.0	-2.76913673993	127.497959184	-9.11233640299	6125.0	25	153125.0
4932.YFL010C	211.0	-2.66473870161	129.63507109	-10.5155319788	1055.0	92	97060.0
4932.YFL013C	692.0	-2.79842334591	123.086705202	-9.49558132969	3460.0	24	83040.0
4932.YFL016C	511.0	-2.8658922436	137.001956947	-9.1657619509	2555.0	53	135415.0
4932.YFL017C	159.0	-2.84338211737	150.578616352	-12.211995438	795.0	25	19875.0
4932.YFL021W	510.0	-2.74762555483	141.811764706	-10.9671510115	2550.0	21	53550.0
4932.YFL023W	796.0	-2.75286182672	122.73241206	-10.4863031274	3980.0	13	51740.0
4932.YFL024C	832.0	-2.83297193084	137.540865385	-11.4869645139	4160.0	85	353600.0
4932.YFL026W	431.0	-2.7987567246	122.412993039	-8.94120554342	2155.0	9	19395.0
4932.YFL028C	289.0	-2.84757677122	142.325259516	-10.2564976414	1445.0	219	316455.0
4932.YFL029C	368.0	-2.89910680577	149.29076087	-14.9088306105	1840.0	141	259440.0
4932.YFL031W	238.0	-2.764932086	131.415966387	-12.1750417974	1190.0	12	14280.0
4932.YFL034C-A	122.0	-2.78087254815	127.319672131	-8.76041631841	610.0	-244	-148840.0
4932.YFL034C-B	287.0	-2.85050395891	146.407665505	-11.1538378805	1435.0	18	25830.0
4932.YFL034W	1073.0	-2.86937815599	134.547996273	-12.5818446074	5365.0	64	343360.0
4932.YFL041W	622.0	-2.90241620212	144.6414791	-9.21405841204	3110.0	9	27990.0
4932.YFL044C	301.0	-2.86460257406	131.328903655	-12.2257113444	1505.0	69	103845.0
4932.YFL045C	254.0	-2.83707024588	129.330708661	-7.87345675467	1270.0	39	49530.0
4932.YFL047W	714.0	-2.86605369982	144.379551821	-9.82989037909	3570.0	117	417690.0
4932.YFL048C	445.0	-2.84058258871	132.164044944	-9.21566499584	2225.0	13	28925.0
4932.YFL049W	623.0	-2.84067135096	129.690208668	-11.5044372396	3115.0	3	9345.0
4932.YFR001W	204.0	-2.61724678399	121.955882353	-10.2196227133	1020.0	-548	-558960.0
4932.YFR002W	839.0	-2.81818271358	132.955899881	-8.71373611074	4195.0	35	146825.0
4932.YFR004W	306.0	-2.84562437559	141.232026144	-8.40157081073	1530.0	138	211140.0
4932.YFR005C	448.0	-2.85838311954	154.75	-13.4334651867	2240.0	7	15680.0
4932.YFR009W	752.0	-2.83737776065	129.313829787	-7.65940852366	3760.0	47	176720.0
4932.YFR010W	499.0	-2.854757541	134.963927856	-8.92699009847	2495.0	83	207085.0
4932.YFR011C	170.0	-2.64500805323	126.252941177	-10.4117611525	850.0	53	45050.0
4932.YFR013W	787.0	-2.84472801063	137.734434561	-9.86347749812	3935.0	87	342345.0
4932.YFR014C	446.0	-2.80947761932	130.641255605	-11.5620180807	2230.0	111	247530.0
4932.YFR015C	708.0	-2.88364404639	137.333333334	-9.54387850059	3540.0	36	127440.0
4932.YFR016C	1233.0	-2.67639267993	112.540145985	-8.67831329437	6165.0	119	733635.0
4932.YFR017C	195.0	-2.83267631254	133.912820513	-11.0141434573	975.0	-249	-242775.0
4932.YFR018C	363.0	-2.84849620024	135.460055097	-12.9529319229	1815.0	642	1165230.0
4932.YFR021W	500.0	-2.82391422566	124.992	-10.8111164232	2500.0	140	350000.0
4932.YFR024C-A	459.0	-2.73358520063	106.703703704	-9.31266029947	2295.0	17	39015.0
4932.YFR025C	335.0	-2.90192640449	157.850746269	-10.9866473029	1675.0	119	199325.0
4932.YFR028C	551.0	-2.89692973755	136.702359346	-9.5858404013	2755.0	20	55100.0
4932.YFR030W	1035.0	-2.80155046874	115.856038647	-8.9222219391	5175.0	53	274275.0
4932.YFR031C	1170.0	-2.7781335234	128.755555556	-10.8616258855	5850.0	41	239850.0
4932.YFR031C-A	254.0	-2.74584510132	113.503937008	-7.18430187056	1270.0	257	326390.0
4932.YFR031C-A	254.0	-2.74584510132	113.503937008	-7.18430187056	1270.0	257	326390.0
4932.YFR033C	147.0	-2.54040703979	141.551020408	-10.0510807031	735.0	146	107310.0
4932.YFR037C	557.0	-2.85496119904	135.964093357	-8.40838005097	2785.0	74	206090.0
4932.YFR039C	510.0	-2.85187682943	147.652941176	-12.1581575418	2550.0	6	15300.0
4932.YFR040W	1002.0	-2.80011760545	133.040918164	-9.08821412632	5010.0	42	210420.0
4932.YFR044C	481.0	-2.85241187825	130.713097713	-7.94685492943	2405.0	82	197210.0
4932.YFR046C	361.0	-2.75792547134	114.734072022	-12.3897190814	1805.0	59	106495.0
4932.YFR047C	295.0	-2.87660404276	147.522033898	-10.5871975988	1475.0	239	352525.0
4932.YFR048W	662.0	-2.86067096839	131.064954683	-9.95201967696	3310.0	2	6620.0
4932.YFR049W	123.0	-2.82680834145	140.162601625	-10.5290854821	615.0	1628	1001220.0
4932.YFR050C	266.0	-2.84772915691	125.759398496	-8.48995415625	1330.0	-91	-121030.0
4932.YFR051C	546.0	-2.83327730632	119.822344323	-8.02981647977	2730.0	49	133770.0
4932.YFR052W	274.0	-2.72754181714	140.120437956	-8.67819264092	1370.0	-171	-234270.0
4932.YFR053C	485.0	-2.85524325715	128.115463918	-7.49094944552	2425.0	49	118825.0
4932.YGL001C	349.0	-2.88692632871	142.415472779	-8.7460277329	1745.0	154	268730.0
4932.YGL004C	417.0	-2.85816476929	131.683453237	-10.9622070676	2085.0	53	110505.0
4932.YGL005C	279.0	-2.72338977851	125.749103943	-12.9543789089	1395.0	-320	-446400.0
4932.YGL008C	918.0	-2.84608180053	123.75708061	-4.92933338989	4590.0	45	206550.0
4932.YGL009C	779.0	-2.87444426149	129.472400514	-5.70843390745	3895.0	29	112955.0
4932.YGL011C	252.0	-2.85771008623	128.861111111	-8.2441124676	1260.0	73	91980.0
4932.YGL012W	473.0	-2.90772723361	188.864693446	-9.27761769893	2365.0	198	468270.0
4932.YGL014W	888.0	-2.84655554222	135.17454955	-8.90823374477	4440.0	22	97680.0
4932.YGL016W	1081.0	-2.85247843243	141.296947271	-9.31158207581	5405.0	80	432400.0
4932.YGL017W	503.0	-2.92010777642	162.071570576	-12.7804107882	2515.0	443	1114145.0
4932.YGL018C	184.0	-2.81521139444	153.423913044	-11.627522085	920.0	46	42320.0
4932.YGL019W	278.0	-2.87485323188	157.431654676	-9.94536876179	1390.0	17	23630.0
4932.YGL020C	235.0	-2.83337591511	155.625531915	-9.74571724008	1175.0	18	21150.0
4932.YGL021W	760.0	-2.78011523638	139.632894737	-12.2058306823	3800.0	184	699200.0
4932.YGL022W	718.0	-2.86411878995	144.711699164	-8.59114156683	3590.0	19	68210.0
4932.YGL025C	397.0	-2.75547469695	128.19395466	-11.379370584	1985.0	21	41685.0
4932.YGL026C	707.0	-2.85182351643	121.717114569	-6.49705349361	3535.0	29	102515.0
4932.YGL027C	833.0	-2.90252551427	148.804321728	-9.99526667228	4165.0	31	129115.0
4932.YGL028C	542.0	-2.64164901395	110.483394834	-10.0065432624	2710.0	-242	-655820.0
4932.YGL030W	105.0	-2.66970792384	112.123809524	-8.28217709005	525.0	146	76650.0
4932.YGL031C	155.0	-2.62054065116	124.187096774	-6.68631462736	775.0	113	87575.0
4932.YGL035C	504.0	-2.755656768	126.753968254	-10.5861374749	2520.0	35	88200.0
4932.YGL036W	909.0	-2.78849583638	135.567656766	-13.4039848454	4545.0	6	27270.0
4932.YGL037C	216.0	-2.87806085965	165.824074074	-8.57537498089	1080.0	-97	-104760.0
4932.YGL038C	480.0	-2.85872458197	146.977083334	-10.1405364582	2400.0	6	14400.0
4932.YGL039W	348.0	-2.83095436099	135.158045977	-10.8041698522	1740.0	30	52200.0
4932.YGL040C	342.0	-2.86144141245	132.125730994	-8.9056762178	1710.0	-96	-164160.0
4932.YGL043W	309.0	-2.83573181792	149.676375404	-9.63214074904	1545.0	184	284280.0
4932.YGL044C	296.0	-2.80032560695	124.25	-12.0255170145	1480.0	71	105080.0
4932.YGL045W	542.0	-2.83940434538	127.843173432	-14.001281121	2710.0	15	40650.0
4932.YGL048C	405.0	-2.81512859284	122.720987655	-8.35343497526	2025.0	36	72900.0
4932.YGL049C	914.0	-2.8525566003	136.462800876	-8.16360037105	4570.0	43	196510.0
4932.YGL050W	273.0	-2.84165723856	131.128205128	-12.792441891	1365.0	253	345345.0
4932.YGL053W	237.0	-2.88678532345	145.135021097	-12.4186577569	1185.0	79	93615.0
4932.YGL054C	138.0	-2.7479905287	145.797101449	-9.46296986924	690.0	40	27600.0
4932.YGL055W	510.0	-2.91929846993	161.229411764	-8.35972296701	2550.0	193	492150.0
4932.YGL056C	527.0	-2.79468291872	127.464895636	-9.06936029418	2635.0	63	166005.0
4932.YGL057C	287.0	-2.80651983991	131.038327526	-12.9499634897	1435.0	151	216685.0
4932.YGL058W	172.0	-2.8027431186	143.790697674	-10.1329781834	860.0	114	98040.0
4932.YGL060W	641.0	-2.8416641493	141.226209049	-10.8920889182	3205.0	45	144225.0
4932.YGL061C	247.0	-2.80174925542	130.157894737	-10.9387179642	1235.0	76	93860.0
4932.YGL062W	1178.0	-2.87008955736	123.552631579	-7.00469450676	5890.0	-345	-2032050.0
4932.YGL064C	561.0	-2.81179741639	127.048128342	-12.8445199532	2805.0	121	339405.0
4932.YGL065C	503.0	-2.86690834889	140.546719682	-10.7352181679	2515.0	20	50300.0
4932.YGL066W	657.0	-2.8049551992	134.147640792	-10.6649483695	3285.0	20	65700.0
4932.YGL067W	384.0	-2.88471821964	148.361979167	-10.6811903377	1920.0	20	38400.0
4932.YGL068W	194.0	-2.66517035128	105.922680413	-9.05358740359	970.0	59	57230.0
4932.YGL070C	122.0	-2.84611067612	168.262295082	-9.87332885886	610.0	87	53070.0
4932.YGL071W	690.0	-2.83588688198	142.613043479	-12.3289934732	3450.0	23	79350.0
4932.YGL076C	244.0	-2.78005636979	123.75	-6.63218964655	1220.0	113	137860.0
4932.YGL078C	523.0	-2.79682218039	126.910133844	-8.1815492667	2615.0	33	86295.0
4932.YGL080W	130.0	-2.83768230548	150.346153846	-11.3832093103	650.0	37	24050.0
4932.YGL082W	381.0	-2.85156664474	132.230971129	-9.88675618001	1905.0	40	76200.0
4932.YGL083W	804.0	-2.81731978479	132.143034826	-10.5466780704	4020.0	36	144720.0
4932.YGL086W	749.0	-2.70168477297	140.570093458	-11.2752644393	3745.0	24	89880.0
4932.YGL087C	137.0	-2.85778388966	148.700729927	-10.0978163628	685.0	51	34935.0
4932.YGL090W	421.0	-2.78337626599	133.593824228	-11.9783087861	2105.0	12	25260.0
4932.YGL092W	1317.0	-2.82405753988	124.301442673	-8.39438950871	6585.0	28	184380.0
4932.YGL094C	1115.0	-2.87660401275	142.822421525	-11.8895927263	5575.0	23	128225.0
4932.YGL095C	577.0	-2.83388343423	133.724436742	-10.2397375378	2885.0	68	196180.0
4932.YGL098W	245.0	-2.77140688822	123.92244898	-11.1998478909	1225.0	34	41650.0
4932.YGL099W	640.0	-2.85299132556	131.28125	-8.3732171292	3200.0	44	140800.0
4932.YGL100W	349.0	-2.86450461075	157.544412608	-11.1866902475	1745.0	72	125640.0
4932.YGL101W	215.0	-2.89050922505	162.58139535	-10.4486386891	1075.0	51	54825.0
4932.YGL107C	646.0	-2.86357005766	140.42879257	-9.30035704608	3230.0	55	177650.0
4932.YGL110C	624.0	-2.82696753019	136.415064102	-10.2002819012	3120.0	21	65520.0
4932.YGL111W	463.0	-2.81300307797	130.831533477	-9.7732410242	2315.0	48	111120.0
4932.YGL112C	516.0	-2.81624980392	119.581395349	-9.55768296608	2580.0	23	59340.0
4932.YGL114W	725.0	-2.846283981	128.164137931	-13.2430962119	3625.0	17	61625.0
4932.YGL115W	322.0	-2.80552997131	124.465838509	-9.17225414924	1610.0	-126	-202860.0
4932.YGL119W	501.0	-2.85503148809	135.646706587	-10.6978248275	2505.0	25	62625.0
4932.YGL120C	767.0	-2.87423892379	131.067796611	-7.87931859077	3835.0	32	122720.0
4932.YGL122C	525.0	-2.8420589733	142.16	-7.95689252215	2625.0	44	115500.0
4932.YGL125W	600.0	-2.90972086585	152.281666667	-10.3971232275	3000.0	54	162000.0
4932.YGL127C	127.0	-2.81661426592	158.133858268	-11.6425322153	635.0	911	578485.0
4932.YGL128C	283.0	-2.79282993595	147.706713781	-12.8355962256	1415.0	46	65090.0
4932.YGL129C	488.0	-2.8193387781	135.530737705	-9.80232256887	2440.0	69	168360.0
4932.YGL130W	459.0	-2.88856572796	145.612200435	-10.3708025382	2295.0	3	6885.0
4932.YGL131C	1403.0	-2.90680923391	166.579472558	-13.9594351918	7015.0	158	1108370.0
4932.YGL133W	1264.0	-2.84933739548	138.363924051	-9.70914961893	6320.0	116	733120.0
4932.YGL135W	217.0	-2.78311100239	137.820276498	-6.23259189699	1085.0	69	74865.0
4932.YGL137W	889.0	-2.8566990656	131.83239595	-6.96559191077	4445.0	53	235585.0
4932.YGL140C	1219.0	-2.88962668223	137.964725185	-10.0206290955	6095.0	22	134090.0
4932.YGL141W	910.0	-2.83064340169	138.531868132	-11.9262440512	4550.0	28	127400.0
4932.YGL144C	685.0	-2.8690057212	133.366423358	-13.156778786	3425.0	3	10275.0
4932.YGL145W	701.0	-2.80069564339	138.098430813	-10.1073415117	3505.0	40	140200.0
4932.YGL147C	191.0	-2.76919800882	127.994764398	-6.85353335272	955.0	53	50615.0
4932.YGL148W	376.0	-2.8522489804	120.765957447	-8.01174686225	1880.0	69	129720.0
4932.YGL150C	1489.0	-2.83851504369	139.826729349	-8.80906475215	7445.0	88	655160.0
4932.YGL151W	1132.0	-2.79839816966	129.919611307	-9.25477309659	5660.0	-496	-2807360.0
4932.YGL153W	341.0	-2.77686248335	126.293255132	-10.5825970025	1705.0	66	112530.0
4932.YGL155W	376.0	-2.89197550201	166.521276596	-11.0040581928	1880.0	7806	14675280.0
4932.YGL156W	1083.0	-2.918029438	154.379501385	-11.6104362547	5415.0	52	281580.0
4932.YGL157W	347.0	-2.82899239146	137.590778098	-8.99138293501	1735.0	56	97160.0
4932.YGL159W	370.0	-2.79463359633	143.024324324	-13.52453891	1850.0	62	114700.0
4932.YGL161C	310.0	-2.85725932501	132.2	-13.2986204708	1550.0	9	13950.0
4932.YGL164C	440.0	-2.71899824485	117.459090909	-10.8159790728	2200.0	59	129800.0
4932.YGL166W	225.0	-2.83564444823	150.8	-11.5737654211	1125.0	23	25875.0
4932.YGL167C	950.0	-2.83103603895	124.602105263	-7.8045401811	4750.0	57	270750.0
4932.YGL169W	426.0	-2.81763851246	116.035211268	-10.9526181718	2130.0	26	55380.0
4932.YGL172W	472.0	-2.67237537401	105.688559322	-9.47269876107	2360.0	51	120360.0
4932.YGL173C	1528.0	-2.87330035722	138.34947644	-6.8476841214	7640.0	81	618840.0
4932.YGL180W	897.0	-2.84551821698	136.391304347	-11.6402195734	4485.0	47	210795.0
4932.YGL181W	396.0	-2.82491800967	134.348484849	-10.2090008929	1980.0	63	124740.0
4932.YGL184C	465.0	-2.8580385504	138.389247312	-11.6132886629	2325.0	2	4650.0
4932.YGL185C	379.0	-2.8736370541	147.390501319	-13.1441833228	1895.0	52	98540.0
4932.YGL190C	526.0	-2.84468311401	142.372623575	-10.0851376921	2630.0	80	210400.0
4932.YGL195W	2672.0	-2.80361228387	114.842814371	-6.29856106742	13360.0	17	227120.0
4932.YGL200C	203.0	-2.85641556565	136.280788178	-8.72307614135	1015.0	-152	-154280.0
4932.YGL201C	1017.0	-2.85759950724	122.239921337	-8.98318881845	5085.0	21	106785.0
4932.YGL202W	500.0	-2.87161166605	133.57	-6.89711447335	2500.0	59	147500.0
4932.YGL203C	729.0	-2.82565446473	140.989026063	-8.90079697978	3645.0	51	185895.0
4932.YGL206C	1653.0	-2.8337684115	128.207501512	-6.05395738213	8265.0	102	843030.0
4932.YGL207W	1035.0	-2.8393629957	129.293719806	-7.43719843604	5175.0	26	134550.0
4932.YGL211W	359.0	-2.86369041494	142.442896936	-11.1710727351	1795.0	-292	-524140.0
4932.YGL213C	397.0	-2.85441343619	151.355163728	-10.2696493638	1985.0	258	512130.0
4932.YGL220W	120.0	-2.85578700019	160.116666667	-10.3121804428	600.0	45	27000.0
4932.YGL221C	288.0	-2.871855242	145.28125	-9.79744153224	1440.0	161	231840.0
4932.YGL223C	417.0	-2.73079905831	136.726618705	-10.7464991659	2085.0	41	85485.0
4932.YGL225W	337.0	-2.78159395858	136.183976262	-8.12505320816	1685.0	29	48865.0
4932.YGL227W	958.0	-2.81542582752	130.035490605	-10.6639425634	4790.0	62	296980.0
4932.YGL228W	577.0	-2.83728239936	144.571923743	-9.66054864512	2885.0	230	663550.0
4932.YGL229C	818.0	-2.83730249851	142.293398533	-10.1668388721	4090.0	39	159510.0
4932.YGL231C	190.0	-2.83349730301	149.136842105	-10.9287130941	950.0	17	16150.0
4932.YGL232W	289.0	-2.81435331911	146.858131488	-11.0052761206	1445.0	103	148835.0
4932.YGL233W	910.0	-2.80760906172	131.607692308	-10.388418159	4550.0	43	195650.0
4932.YGL234W	802.0	-2.83969524821	116.096009975	-6.44733312387	4010.0	162	649620.0
4932.YGL238W	960.0	-2.80294294234	120.864583333	-8.33785373266	4800.0	141	676800.0
4932.YGL240W	250.0	-2.90555920945	151.94	-12.9902805941	1250.0	17	21250.0
4932.YGL241W	1004.0	-2.80384919131	128.064741036	-11.0301998616	5020.0	32	160640.0
4932.YGL244W	558.0	-2.77477940044	136.419354839	-8.99840194404	2790.0	23	64170.0
4932.YGL245W	708.0	-2.86325012705	142.718926554	-6.31829180422	3540.0	53	187620.0
4932.YGL246C	387.0	-2.85260902686	137.826873385	-10.2952690247	1935.0	82	158670.0
4932.YGL248W	369.0	-2.86243554026	140.344173442	-12.5532345465	1845.0	95	175275.0
4932.YGL252C	588.0	-2.86038208389	130.00170068	-9.1120764806	2940.0	69	202860.0
4932.YGL255W	376.0	-2.85870550391	142.151595744	-11.6659519506	1880.0	33	62040.0
4932.YGL256W	382.0	-2.81566958738	128.068062827	-12.0856387966	1910.0	-1042	-1990220.0
4932.YGR001C	248.0	-2.8333782078	145.576612903	-9.33683305554	1240.0	51	63240.0
4932.YGR002C	476.0	-2.80045588947	138.430672269	-10.6754050089	2380.0	48	114240.0
4932.YGR003W	744.0	-2.8360159149	145.650537634	-11.8185022423	3720.0	19	70680.0
4932.YGR005C	400.0	-2.81572595927	140.8275	-11.6552186435	2000.0	-244	-488000.0
4932.YGR007W	323.0	-2.90247185296	164.018575852	-10.2544776069	1615.0	173	279395.0
4932.YGR008C	84.0	-2.75436323692	152.416666667	-10.0723510251	420.0	75	31500.0
4932.YGR010W	395.0	-2.88795046313	138.491139241	-11.7938201759	1975.0	65	128375.0
4932.YGR012W	393.0	-2.84807060715	131.628498728	-10.4778481505	1965.0	-373	-732945.0
4932.YGR013W	620.0	-2.77912520564	129.688709677	-13.0779705727	3100.0	73	226300.0
4932.YGR014W	1306.0	-2.47690234845	98.9578866768	-8.52191745817	6530.0	38	248140.0
4932.YGR017W	297.0	-2.86583898101	156.138047138	-10.5971075615	1485.0	180	267300.0
4932.YGR019W	471.0	-2.87518063788	139.403397028	-8.89867612971	2355.0	67	157785.0
4932.YGR020C	118.0	-2.74759999841	114.788135593	-9.15366925811	590.0	49	28910.0
4932.YGR024C	237.0	-2.86326923766	157.835443037	-11.5094509699	1185.0	-653	-773805.0
4932.YGR027C	108.0	-2.63086367446	132.074074074	-7.11294692078	540.0	82	44280.0
4932.YGR028W	362.0	-2.78872702693	122.220994475	-11.726616405	1810.0	36	65160.0
4932.YGR030C	158.0	-2.7714959704	142.784810127	-11.3765985794	790.0	27	21330.0
4932.YGR031W	342.0	-2.88247039034	137.69883041	-10.4149270007	1710.0	-1024	-1751040.0
4932.YGR033C	239.0	-2.83150908308	138.414225941	-11.6489466579	1195.0	26	31070.0
4932.YGR034W	127.0	-2.66273215547	112.307086614	-7.34558743368	635.0	-120	-76200.0
4932.YGR037C	87.0	-2.7023566227	142.701149425	-8.18366944341	435.0	-164	-71340.0
4932.YGR038W	222.0	-2.88092380595	145.157657658	-10.829240276	1110.0	151	167610.0
4932.YGR040W	368.0	-2.89477679312	153.279891304	-9.44756888798	1840.0	83	152720.0
4932.YGR043C	333.0	-2.80768417981	128.735735736	-10.8539780999	1665.0	61	101565.0
4932.YGR047C	1025.0	-2.83641974225	138.781463415	-10.9158771214	5125.0	23	117875.0
4932.YGR048W	361.0	-2.80897394047	119.299168975	-10.2319924398	1805.0	70	126350.0
4932.YGR049W	187.0	-2.83025335121	144.935828877	-13.4039168441	935.0	29	27115.0
4932.YGR055W	574.0	-2.83078718354	131.285714286	-7.91091909461	2870.0	35	100450.0
4932.YGR056W	928.0	-2.87043474058	137.648706897	-10.9721857358	4640.0	32	148480.0
4932.YGR060W	309.0	-2.91942439234	186.915857605	-7.98577188228	1545.0	-646	-998070.0
4932.YGR061C	1358.0	-2.87946696173	128.804860088	-6.00985811462	6790.0	33	224070.0
4932.YGR067C	794.0	-2.83824032649	147.920654912	-12.9529795314	3970.0	-250	-992500.0
4932.YGR068C	586.0	-2.85001837445	129.646757679	-12.4489957327	2930.0	25	73250.0
4932.YGR071C	860.0	-2.76318743943	138.119767442	-11.4507479677	4300.0	38	163400.0
4932.YGR072W	387.0	-2.72123613981	143.118863049	-10.7737132373	1935.0	33	63855.0
4932.YGR074W	146.0	-2.6948819208	111.609589041	-10.7939106567	730.0	128	93440.0
4932.YGR076C	157.0	-2.7258268721	151.617834395	-11.4658714445	785.0	64	50240.0
4932.YGR078C	199.0	-2.81726888618	136.979899497	-9.3324684009	995.0	38	37810.0
4932.YGR080W	332.0	-2.80186254523	117.259036145	-10.1433070638	1660.0	150	249000.0
4932.YGR081C	210.0	-2.71663571354	121.009523809	-10.4719013453	1050.0	109	114450.0
4932.YGR082W	183.0	-2.77214259987	110.661202186	-9.48590761455	915.0	-998	-913170.0
4932.YGR084C	339.0	-2.84811728107	135.769911504	-9.54727501525	1695.0	82	138990.0
4932.YGR085C	174.0	-2.83157308257	128.695402299	-7.1820393127	870.0	-77	-66990.0
4932.YGR086C	339.0	-2.76395389199	112.525073746	-7.17158038854	1695.0	113	191535.0
4932.YGR088W	562.0	-2.91127044743	148.202846975	-10.2985844981	2810.0	33	92730.0
4932.YGR089W	936.0	-2.79363565207	134.771367521	-12.3081272929	4680.0	16	74880.0
4932.YGR090W	1237.0	-2.83713366731	133.57396928	-8.06596002006	6185.0	13266	82050210.0
4932.YGR092W	572.0	-2.88502947402	142.113636364	-9.82820331642	2860.0	11	31460.0
4932.YGR093W	507.0	-2.86163204314	141.806706115	-12.2259766035	2535.0	70	177450.0
4932.YGR094W	1104.0	-2.875212882	145.027173913	-6.05584450003	5520.0	68	375360.0
4932.YGR095C	223.0	-2.76799258064	118.067264574	-10.57083793	1115.0	101	112615.0
4932.YGR097W	1146.0	-2.84129851357	134.376963351	-10.7909947298	5730.0	29	166170.0
4932.YGR099W	688.0	-2.8265235661	129.154069767	-13.7173377074	3440.0	248	853120.0
4932.YGR100W	950.0	-2.87340335408	135.496842105	-11.8482732687	4750.0	106	503500.0
4932.YGR104C	307.0	-2.83103040953	130.615635179	-11.9449858019	1535.0	124	190340.0
4932.YGR106C	265.0	-2.71152471179	132.350943396	-8.7248505375	1325.0	39	51675.0
4932.YGR108W	471.0	-2.85854681146	149.462845011	-12.9105498534	2355.0	14	32970.0
4932.YGR111W	400.0	-2.88702921748	158.617499999	-11.0401038644	2000.0	108	216000.0
4932.YGR112W	389.0	-2.90385510729	153.758354756	-11.6948655304	1945.0	29	56405.0
4932.YGR116W	1451.0	-2.83592682639	134.052377671	-7.6094592145	7255.0	36	261180.0
4932.YGR117C	476.0	-2.83161387002	137.619747899	-10.710222972	2380.0	5	11900.0
4932.YGR118W	145.0	-2.69849261715	129.544827586	-7.38870058767	725.0	265	192125.0
4932.YGR119C	541.0	-2.6904646679	113.369685767	-9.03973669626	2705.0	14	37870.0
4932.YGR120C	262.0	-2.72249312452	132.599236641	-11.0384760295	1310.0	158	206980.0
4932.YGR121C	492.0	-2.86817092898	146.961382114	-10.8638616	2460.0	36	88560.0
4932.YGR123C	513.0	-2.87011015051	140.450292398	-8.94021178184	2565.0	125	320625.0
4932.YGR124W	572.0	-2.90125531449	148.708041958	-6.46025760754	2860.0	41	117260.0
4932.YGR128C	713.0	-2.79557182272	128.322580645	-8.09299366981	3565.0	80	285200.0
4932.YGR130C	816.0	-2.70780355709	124.735294118	-8.04632895513	4080.0	44	179520.0
4932.YGR132C	287.0	-2.77790165784	105.745644599	-9.6251136341	1435.0	27	38745.0
4932.YGR133W	183.0	-2.88418790714	163.661202186	-12.1719721791	915.0	82	75030.0
4932.YGR134W	1122.0	-2.85705450956	140.345811052	-12.7738478217	5610.0	10	56100.0
4932.YGR135W	258.0	-2.77933558014	121.403100775	-8.62047643527	1290.0	47	60630.0
4932.YGR138C	614.0	-2.87378674591	139.563517915	-9.66638871337	3070.0	26	79820.0
4932.YGR140W	956.0	-2.85726492656	146.972803347	-11.40290869	4780.0	101	482780.0
4932.YGR143W	771.0	-2.86170711708	141.060959792	-12.0424876075	3855.0	3	11565.0
4932.YGR147C	288.0	-2.86869283339	141.666666666	-10.5360402414	1440.0	114	164160.0
4932.YGR148C	155.0	-2.62309172891	121.716129032	-6.7546488548	775.0	54	41850.0
4932.YGR149W	432.0	-2.8735110246	168.168981481	-12.6192114912	2160.0	38	82080.0
4932.YGR150C	864.0	-2.86608374496	153.467592592	-12.4490580482	4320.0	23	99360.0
4932.YGR152C	272.0	-2.80452663034	122.488970588	-10.5642779248	1360.0	11	14960.0
4932.YGR156W	425.0	-2.77188681507	115.423529412	-10.3644731636	2125.0	77	163625.0
4932.YGR157W	869.0	-2.87104963365	152.82853855	-8.37837646766	4345.0	43	186835.0
4932.YGR158C	250.0	-2.85799370767	132.424	-10.2331884388	1250.0	38	47500.0
4932.YGR159C	414.0	-2.58350893839	107.995169082	-7.01340924895	2070.0	-258	-534060.0
4932.YGR162W	952.0	-2.81339202828	125.282563025	-6.79919045613	4760.0	42	199920.0
4932.YGR163W	341.0	-2.82749318931	129.357771261	-10.8062260047	1705.0	37	63085.0
4932.YGR165W	345.0	-2.85068737607	133.379710145	-10.2873934724	1725.0	48	82800.0
4932.YGR167W	233.0	-2.68032871472	118.42918455	-9.1539570638	1165.0	23	26795.0
4932.YGR169C	404.0	-2.89341704761	147.918316832	-12.8300784645	2020.0	86	173720.0
4932.YGR171C	575.0	-2.89446848024	150.747826088	-12.6729622373	2875.0	69	198375.0
4932.YGR173W	368.0	-2.84629229432	132.296195652	-8.35750092166	1840.0	150	276000.0
4932.YGR174C	170.0	-2.82232290147	153.082352941	-12.6383141424	850.0	759	645150.0
4932.YGR175C	496.0	-2.86348104302	128.20766129	-7.19433660035	2480.0	40	99200.0
4932.YGR177C	535.0	-2.88804288635	146.022429906	-11.134582315	2675.0	118	315650.0
4932.YGR178C	722.0	-2.83352249478	131.013850415	-8.87097296315	3610.0	-780	-2815800.0
4932.YGR179C	406.0	-2.79241766686	139.965517241	-11.9896132804	2030.0	30	60900.0
4932.YGR180C	345.0	-2.84508022759	147.298550725	-6.48410729231	1725.0	372	641700.0
4932.YGR183C	66.0	-2.70724984954	145.212121212	-11.3869972931	330.0	2048	675840.0
4932.YGR185C	394.0	-2.82638150571	126.296954315	-7.36065339928	1970.0	121	238370.0
4932.YGR186W	735.0	-2.79983246744	122.489795918	-9.59716717675	3675.0	290	1065750.0
4932.YGR187C	394.0	-2.80264920739	129.807106599	-8.81886846208	1970.0	47	92590.0
4932.YGR188C	1021.0	-2.86784040503	137.868756122	-12.3605517522	5105.0	22	112310.0
4932.YGR189C	507.0	-2.61086889201	115.966469428	-9.75338569298	2535.0	31	78585.0
4932.YGR191W	603.0	-2.8394720448	130.527363184	-8.24889039051	3015.0	23	69345.0
4932.YGR193C	410.0	-2.78541741696	120.11707317	-10.144944379	2050.0	46	94300.0
4932.YGR194C	600.0	-2.90181513737	150.301666666	-10.7711278099	3000.0	50	150000.0
4932.YGR195W	246.0	-2.78430892438	120.548780488	-10.354046983	1230.0	-308	-378840.0
4932.YGR196C	817.0	-2.7342946745	126.859241126	-12.1114911988	4085.0	26	106210.0
4932.YGR198W	817.0	-2.83754264448	146.041615667	-11.6205149813	4085.0	16	65360.0
4932.YGR200C	788.0	-2.89303981715	151.637055838	-8.78131098799	3940.0	73	287620.0
4932.YGR202C	424.0	-2.80312236294	138.577830189	-9.96703120543	2120.0	26	55120.0
4932.YGR203W	148.0	-2.84492844494	164.601351352	-11.1958109939	740.0	70	51800.0
4932.YGR204W	946.0	-2.8366630924	114.519027484	-6.10929581771	4730.0	86	406780.0
4932.YGR205W	290.0	-2.85779707608	147.289655173	-10.307657366	1450.0	472	684400.0
4932.YGR207C	261.0	-2.74488642943	116.934865901	-9.1869867195	1305.0	-441	-575505.0
4932.YGR208W	309.0	-2.8217869719	134.553398058	-8.8055128945	1545.0	59	91155.0
4932.YGR210C	411.0	-2.84485610968	127.527980535	-9.72795081535	2055.0	209	429495.0
4932.YGR211W	486.0	-2.8847674777	141.944444444	-7.80496605375	2430.0	13	31590.0
4932.YGR214W	252.0	-2.80310545607	116.384920635	-7.39223932975	1260.0	-324	-408240.0
4932.YGR218W	1084.0	-2.86135198219	136.209409594	-7.96439251274	5420.0	51	276420.0
4932.YGR222W	293.0	-2.79756608244	142.679180887	-13.7154675019	1465.0	89	130385.0
4932.YGR229C	505.0	-2.84586378855	135.691089109	-8.41145015888	2525.0	39	98475.0
4932.YGR231C	310.0	-2.79938325179	107.05483871	-10.2890710985	1550.0	39	60450.0
4932.YGR232W	228.0	-2.84055892766	149.921052632	-10.8033768799	1140.0	-112	-127680.0
4932.YGR233C	1178.0	-2.81854247843	133.483870967	-9.79584251963	5890.0	41	241490.0
4932.YGR234W	399.0	-2.86619071706	138.260651629	-6.76497752046	1995.0	83	165585.0
4932.YGR235C	233.0	-2.885816386	144.944206009	-10.5251591269	1165.0	85	99025.0
4932.YGR237C	785.0	-2.82032511505	137.317197452	-12.5004251231	3925.0	41	160925.0
4932.YGR238C	882.0	-2.85031662474	138.969387756	-12.7464857062	4410.0	39	171990.0
4932.YGR241C	568.0	-2.81330578742	130.725352113	-9.71134229833	2840.0	365	1036600.0
4932.YGR245C	767.0	-2.83852349332	133.782268579	-10.1718434581	3835.0	55	210925.0
4932.YGR246C	596.0	-2.82871319079	130.629194631	-11.2691321349	2980.0	26	77480.0
4932.YGR248W	255.0	-2.87919503896	140.403921569	-10.5501991657	1275.0	-72	-91800.0
4932.YGR250C	781.0	-2.86704537779	144.112676056	-9.47295809361	3905.0	24	93720.0
4932.YGR251W	196.0	-2.69343505434	137.091836734	-11.8587853368	980.0	61	59780.0
4932.YGR252W	439.0	-2.87094801397	143.173120729	-10.8276694937	2195.0	44	96580.0
4932.YGR253C	260.0	-2.78392760357	120.126923077	-7.99380653938	1300.0	-198	-257400.0
4932.YGR255C	479.0	-2.85138998454	130.346555323	-9.92057660749	2395.0	184	440680.0
4932.YGR260W	534.0	-2.89036978291	146.870786517	-9.39957090344	2670.0	31	82770.0
4932.YGR261C	809.0	-2.84065630226	135.369592089	-9.23115036381	4045.0	54	218430.0
4932.YGR262C	261.0	-2.89076747615	148.616858238	-10.9560653622	1305.0	-142	-185310.0
4932.YGR263C	424.0	-2.92579742897	154.889150943	-14.2009463667	2120.0	26	55120.0
4932.YGR264C	751.0	-2.88763414936	148.065246338	-6.74122178863	3755.0	65	244075.0
4932.YGR266W	701.0	-2.91655244328	161.249643367	-9.73287063048	3505.0	30	105150.0
4932.YGR268C	198.0	-2.82706170742	159.419191919	-11.9726766996	990.0	42	41580.0
4932.YGR270W	1379.0	-2.82792963192	122.969543147	-10.8350914554	6895.0	893	6157235.0
4932.YGR271C-A	233.0	-2.72006787599	128.296137339	-10.4124931684	1165.0	-593	-690845.0
4932.YGR271W	1967.0	-2.89316345422	139.546517539	-10.8145559233	9835.0	48	472080.0
4932.YGR275W	157.0	-2.82831918647	142.828025477	-10.2668525997	785.0	-1111	-872135.0
4932.YGR277C	305.0	-2.86370049858	141.049180328	-11.7816081672	1525.0	-587	-895175.0
4932.YGR278W	577.0	-2.82271571523	136.596187175	-11.5020883022	2885.0	63	181755.0
4932.YGR279C	386.0	-2.72273951859	118.002590674	-8.56466760092	1930.0	23	44390.0
4932.YGR280C	271.0	-2.68260898772	157.660516605	-9.60424587277	1355.0	110	149050.0
4932.YGR281W	1477.0	-2.87157750978	133.469871361	-9.04377398572	7385.0	65	480025.0
4932.YGR282C	313.0	-2.80973513645	139.329073482	-8.45566750098	1565.0	27	42255.0
4932.YGR283C	341.0	-2.8530953584	145.753665689	-12.2177183427	1705.0	40	68200.0
4932.YGR284C	310.0	-2.80162384538	137.480645161	-9.04887007974	1550.0	46	71300.0
4932.YGR285C	433.0	-2.73615433058	127.872979214	-6.6122319581	2165.0	107	231655.0
4932.YGR286C	375.0	-2.88079506652	157.445333334	-12.7076329347	1875.0	31	58125.0
4932.YHL001W	138.0	-2.6782654798	124.594202899	-7.33877237648	690.0	163	112470.0
4932.YHL002W	452.0	-2.84226664082	132.084070797	-10.549813439	2260.0	23	51980.0
4932.YHL003C	411.0	-2.88397848673	159.496350365	-9.09102461011	2055.0	48	98640.0
4932.YHL004W	394.0	-2.79663347897	116.875634518	-9.69444950805	1970.0	116	228520.0
4932.YHL007C	939.0	-2.80717461264	127.965921193	-8.86539234278	4695.0	-147	-690165.0
4932.YHL009C	330.0	-2.83724867372	143.3	-11.3549066887	1650.0	26	42900.0
4932.YHL013C	307.0	-2.81934093263	160.055374593	-10.4565661449	1535.0	50	76750.0
4932.YHL014C	405.0	-2.84197904856	131.291358025	-13.3213235937	2025.0	-305	-617625.0
4932.YHL017W	532.0	-2.8706746053	151.107142858	-10.1893828337	2660.0	648	1723680.0
4932.YHL018W	120.0	-2.8401599197	181.691666666	-11.7285643311	600.0	18	10800.0
4932.YHL020C	404.0	-2.77335930206	132.819306931	-10.9155840661	2020.0	76	153520.0
4932.YHL025W	332.0	-2.8556215708	128.984939758	-11.6324997314	1660.0	29	48140.0
4932.YHL027W	625.0	-2.84155216297	142.0128	-11.0151625574	3125.0	2	6250.0
4932.YHL029C	679.0	-2.83611937472	153.544918999	-9.67020163564	3395.0	26	88270.0
4932.YHL030W	1868.0	-2.83288595422	127.998394004	-8.96795564721	9340.0	19	177460.0
4932.YHL032C	709.0	-2.90866973593	144.629055008	-13.1293553353	3545.0	78	276510.0
4932.YHL038C	630.0	-2.88110476332	148.358730159	-11.1206112844	3150.0	51	160650.0
4932.YHL039W	585.0	-2.84027979369	140.078632478	-9.85388956462	2925.0	160	468000.0
4932.YHR001W	437.0	-2.87269817689	137.860411899	-10.540106813	2185.0	41	89585.0
4932.YHR001W-A	77.0	-2.72387524709	147.597402597	-11.4795348524	385.0	2	770.0
4932.YHR001W-A	77.0	-2.72387524709	147.597402597	-11.4795348524	385.0	2	770.0
4932.YHR003C	429.0	-2.86839527355	145.545454545	-9.47501059751	2145.0	122	261690.0
4932.YHR004C	446.0	-2.80472885119	137.674887893	-12.7902350734	2230.0	97	216310.0
4932.YHR005C	472.0	-2.8461459924	137.773305084	-8.88064927992	2360.0	71	167560.0
4932.YHR006W	541.0	-2.84326333757	137.34935305	-12.1805513332	2705.0	17	45985.0
4932.YHR008C	233.0	-2.84042715312	138.961373391	-8.49072437448	1165.0	-392	-456680.0
4932.YHR009C	523.0	-2.85535133296	137.116634799	-9.97458266307	2615.0	82	214430.0
4932.YHR010W	136.0	-2.70043251414	138.522058824	-7.35339037175	680.0	45	30600.0
4932.YHR011W	446.0	-2.86203141862	135.612107623	-13.1861108799	2230.0	61	136030.0
4932.YHR012W	282.0	-2.82848899633	128.382978723	-11.4056915689	1410.0	87	122670.0
4932.YHR013C	238.0	-2.84392587964	142.537815126	-9.91840983935	1190.0	244	290360.0
4932.YHR016C	468.0	-2.78401850297	117.094017094	-11.8721575192	2340.0	8	18720.0
4932.YHR023W	1928.0	-2.7580895417	134.12033195	-9.77940279933	9640.0	42	404880.0
4932.YHR024C	482.0	-2.873597044	131.39626556	-8.91300944502	2410.0	53	127730.0
4932.YHR025W	357.0	-2.84845648741	119.697478991	-7.92938315991	1785.0	73	130305.0
4932.YHR027C	993.0	-2.81927051508	123.357502518	-7.03081131724	4965.0	49	243285.0
4932.YHR029C	294.0	-2.85120314517	131.197278912	-10.4697044147	1470.0	138	202860.0
4932.YHR030C	484.0	-2.89193368862	142.539256198	-9.55822629849	2420.0	62	150040.0
4932.YHR034C	344.0	-2.840099793	146.915697674	-12.2658198729	1720.0	62	106640.0
4932.YHR037W	575.0	-2.8864671908	133.549565217	-8.83482367713	2875.0	132	379500.0
4932.YHR038W	230.0	-2.70630905605	122.734782608	-12.6884593266	1150.0	38	43700.0
4932.YHR039C	644.0	-2.90391615972	142.821428571	-8.2010800077	3220.0	38	122360.0
4932.YHR039C-A	114.0	-2.54083473922	119.859649123	-8.47478438961	570.0	-1639	-934230.0
4932.YHR039C-A	114.0	-2.54083473922	119.859649123	-8.47478438961	570.0	-1639	-934230.0
4932.YHR040W	366.0	-2.89729377748	165.510928962	-11.8953721521	1830.0	2	3660.0
4932.YHR042W	691.0	-2.85787002394	125.056439942	-7.79604116564	3455.0	61	210755.0
4932.YHR043C	246.0	-2.83574925276	130.817073171	-11.2442267975	1230.0	277	340710.0
4932.YHR044C	246.0	-2.81981937585	125.219512195	-13.2057691039	1230.0	18	22140.0
4932.YHR046C	295.0	-2.87343883906	151.745762712	-10.6308429457	1475.0	57	84075.0
4932.YHR047C	856.0	-2.86933976751	138.448598131	-7.77309055067	4280.0	28	119840.0
4932.YHR049W	243.0	-2.84536362801	134.374485597	-8.9113277055	1215.0	49	59535.0
4932.YHR051W	148.0	-2.7513567673	119.25	-8.7412403933	740.0	48	35520.0
4932.YHR052W	376.0	-2.73672521467	126.978723405	-8.25604576459	1880.0	199	374120.0
4932.YHR053C	61.0	-2.41880085804	251.622950819	-11.7789640399	305.0	250	76250.0
4932.YHR055C	61.0	-2.41880085804	251.62295082	-12.4414226486	305.0	189	57645.0
4932.YHR057C	205.0	-2.84570001865	143.204878049	-13.5376238191	1025.0	7	7175.0
4932.YHR058C	295.0	-2.83661582255	130.338983051	-10.597984508	1475.0	26	38350.0
4932.YHR059W	130.0	-2.81136830846	152.784615385	-11.5895526068	650.0	11	7150.0
4932.YHR060W	181.0	-2.76610073666	138.773480663	-12.924661859	905.0	52	47060.0
4932.YHR062C	293.0	-2.80664701031	125.300341297	-10.1768271679	1465.0	46	67390.0
4932.YHR063C	379.0	-2.89241933462	141.583113456	-9.80240209772	1895.0	205	388475.0
4932.YHR066W	453.0	-2.78730407636	128.178807947	-9.43508880378	2265.0	30	67950.0
4932.YHR068W	387.0	-2.88164817668	143.798449612	-7.75083314829	1935.0	218	421830.0
4932.YHR069C	359.0	-2.83894199193	128.805013928	-9.96031898274	1795.0	74	132830.0
4932.YHR070W	499.0	-2.88160837689	140.611222445	-9.52573228548	2495.0	76	189620.0
4932.YHR072W	731.0	-2.92259441171	153.868673051	-9.28469264919	3655.0	18	65790.0
4932.YHR073W	996.0	-2.85027981934	138.416666667	-9.91145023199	4980.0	39	194220.0
4932.YHR074W	714.0	-2.91569232392	146.383753501	-9.31652768445	3570.0	94	335580.0
4932.YHR077C	1089.0	-2.79285762824	130.303948577	-9.76750009176	5445.0	2	10890.0
4932.YHR082C	1029.0	-2.8562693162	144.97473275	-9.10052140825	5145.0	35	180075.0
4932.YHR084W	688.0	-2.85990992133	136.690406977	-9.60696559195	3440.0	34	116960.0
4932.YHR085W	334.0	-2.82957081805	137.958083833	-10.9308011411	1670.0	-320	-534400.0
4932.YHR086W	523.0	-2.79545879303	133.267686424	-9.99106746276	2615.0	62	162130.0
4932.YHR087W	111.0	-2.67192855792	105.405405406	-9.58024542862	555.0	45	24975.0
4932.YHR088W	295.0	-2.7843764281	135.383050848	-12.0512014596	1475.0	57	84075.0
4932.YHR089C	205.0	-2.57698613459	102.312195122	-7.23629965693	1025.0	30	30750.0
4932.YHR090C	282.0	-2.79997141091	144.414893617	-12.4571057915	1410.0	32	45120.0
4932.YHR094C	570.0	-2.89068547747	153.552631579	-10.3068977601	2850.0	-221	-629850.0
4932.YHR097C	366.0	-2.7830305586	131.521857924	-10.9727891426	1830.0	21	38430.0
4932.YHR098C	929.0	-2.87548928721	136.520990312	-8.21812797302	4645.0	15	69675.0
4932.YHR101C	335.0	-2.8008944511	123.868656717	-11.324295321	1675.0	73	122275.0
4932.YHR103W	852.0	-2.83311531309	137.307511737	-11.2248214884	4260.0	7	29820.0
4932.YHR104W	327.0	-2.88152273537	146.733944954	-8.78119463462	1635.0	152	248520.0
4932.YHR106W	342.0	-2.8548947784	122.716374269	-9.47462829753	1710.0	38	64980.0
4932.YHR107C	407.0	-2.85772173558	127.636363636	-8.58266110633	2035.0	121	246235.0
4932.YHR108W	585.0	-2.80067871959	118.545299146	-8.40047309255	2925.0	58	169650.0
4932.YHR109W	585.0	-2.85213738364	139.434188034	-12.2019741376	2925.0	19	55575.0
4932.YHR110W	212.0	-2.83994791202	138.886792453	-11.3665660406	1060.0	48	50880.0
4932.YHR111W	440.0	-2.87286100189	136.138636364	-9.66650309366	2200.0	57	125400.0
4932.YHR112C	378.0	-2.85824411959	131.902116402	-10.6387181941	1890.0	-73	-137970.0
4932.YHR114W	633.0	-2.8267168366	137.2164297	-9.80853169661	3165.0	1187	3756855.0
4932.YHR115C	416.0	-2.87118968559	137.855769231	-12.6715758261	2080.0	24	49920.0
4932.YHR117W	639.0	-2.8041569804	122.084507042	-9.41938820588	3195.0	98	313110.0
4932.YHR119W	1080.0	-2.85303650756	138.95462963	-9.32451569319	5400.0	1814	9795600.0
4932.YHR120W	959.0	-2.85351205907	134.578727842	-11.6544615838	4795.0	78	374010.0
4932.YHR121W	187.0	-2.75556670902	127.497326203	-10.948931333	935.0	38	35530.0
4932.YHR122W	231.0	-2.72690758477	113.415584416	-11.3101762511	1155.0	357	412335.0
4932.YHR127W	243.0	-2.7726748047	125.028806584	-11.3952919345	1215.0	-914	-1110510.0
4932.YHR132C	430.0	-2.91490309207	159.060465116	-9.87582839086	2150.0	11	23650.0
4932.YHR132W-A	131.0	-2.66510923228	119.503816794	-10.9557002552	655.0	734	480770.0
4932.YHR135C	538.0	-2.84900872276	143.19330855	-9.17266474159	2690.0	14	37660.0
4932.YHR137W	513.0	-2.87544158932	136.471734893	-8.62397944962	2565.0	56	143640.0
4932.YHR138C	114.0	-2.77678990152	132.429824561	-12.7330321531	570.0	87	49590.0
4932.YHR141C	106.0	-2.58490220216	175.867924528	-8.15342659845	530.0	2222	1177660.0
4932.YHR143W-A	70.0	-2.71095227067	140.971428572	-10.0585612521	350.0	-679	-237650.0
4932.YHR147C	214.0	-2.81828624539	125.172897196	-11.4764262907	1070.0	73	78110.0
4932.YHR149C	734.0	-2.81926322841	128.257493188	-9.86196021108	3670.0	9	33030.0
4932.YHR154W	1070.0	-2.84851828756	147.394392524	-12.063111957	5350.0	41	219350.0
4932.YHR158C	1164.0	-2.84193990306	131.009450172	-9.14661907178	5820.0	-747	-4347540.0
4932.YHR159W	504.0	-2.78235157019	127.503968254	-13.7641040187	2520.0	29	73080.0
4932.YHR161C	637.0	-2.82576593805	128.990580848	-10.6322593792	3185.0	33	105105.0
4932.YHR163W	249.0	-2.85723038198	134.927710844	-9.36610051058	1245.0	396	493020.0
4932.YHR166C	626.0	-2.87092843123	155.821086262	-11.269382629	3130.0	16	50080.0
4932.YHR167W	261.0	-2.80369191905	139.482758621	-12.1347797556	1305.0	30	39150.0
4932.YHR168W	499.0	-2.87116505535	134.917835671	-14.1874004137	2495.0	73	182135.0
4932.YHR169W	431.0	-2.84241539882	124.127610209	-10.0330726995	2155.0	-186	-400830.0
4932.YHR170W	518.0	-2.90229827351	145.420849421	-8.56189331398	2590.0	80	207200.0
4932.YHR172W	823.0	-2.86490321642	144.210206561	-10.4394365973	4115.0	81	333315.0
4932.YHR174W	437.0	-2.79390343015	120.302059497	-3.56632183577	2185.0	27	58995.0
4932.YHR178W	743.0	-2.88768179231	145.02422611	-12.3253534132	3715.0	37	137455.0
4932.YHR179W	400.0	-2.85666113955	130.2625	-7.17981951867	2000.0	107	214000.0
4932.YHR181W	228.0	-2.80651520653	131.00877193	-11.5287961509	1140.0	30	34200.0
4932.YHR182W	785.0	-2.84637165787	139.896815287	-12.0260010782	3925.0	93	365025.0
4932.YHR186C	1557.0	-2.88754347303	141.192678227	-12.7360030209	7785.0	112	871920.0
4932.YHR187W	309.0	-2.84473108713	133.13592233	-11.1175548661	1545.0	66	101970.0
4932.YHR188C	610.0	-2.86730934707	136.85737705	-10.9714156849	3050.0	42	128100.0
4932.YHR192W	278.0	-2.83949920134	158.802158273	-11.1080473932	1390.0	1175	1633250.0
4932.YHR193C	174.0	-2.69986199423	106.126436782	-7.24891984127	870.0	263	228810.0
4932.YHR195W	321.0	-2.79133836815	127.38317757	-11.3420880126	1605.0	5	8025.0
4932.YHR196W	575.0	-2.79188760584	135.626086957	-9.07871974342	2875.0	36	103500.0
4932.YHR197W	763.0	-2.80762844475	128.745740498	-9.18222306792	3815.0	80	305200.0
4932.YHR198C	321.0	-2.84406786556	142.710280374	-13.2666688779	1605.0	625	1003125.0
4932.YHR199C	310.0	-2.82725959784	129.264516129	-11.1234866508	1550.0	88	136400.0
4932.YHR200W	268.0	-2.80620451435	112.208955224	-9.42350254911	1340.0	46	61640.0
4932.YHR201C	397.0	-2.8273725852	131.989924433	-9.3907431889	1985.0	139	275915.0
4932.YHR205W	824.0	-2.87541563258	143.595873786	-9.22837404023	4120.0	32	131840.0
4932.YHR206W	622.0	-2.81950679524	131.135048232	-10.3586612733	3110.0	23	71530.0
4932.YHR207C	526.0	-2.88447769974	156.131178708	-10.3518581687	2630.0	793	2085590.0
4932.YHR208W	393.0	-2.86924801301	134.012722646	-7.18809388573	1965.0	897	1762605.0
4932.YHR215W	467.0	-2.89218359223	148.680942184	-9.38156521661	2335.0	6	14010.0
4932.YHR216W	523.0	-2.84420530837	125.212237094	-8.29516572088	2615.0	54	141210.0
4932.YIL002C	946.0	-2.86558580636	138.77167019	-13.670529681	4730.0	23	108790.0
4932.YIL005W	701.0	-2.86376625422	145.345221112	-10.1688316593	3505.0	21	73605.0
4932.YIL008W	99.0	-2.69250454673	126.919191919	-11.6976868613	495.0	86	42570.0
4932.YIL009W	694.0	-2.87470930556	143.279538905	-8.9201375925	3470.0	58	201260.0
4932.YIL010W	215.0	-2.78251085556	118.334883721	-12.2383730726	1075.0	48	51600.0
4932.YIL014W	630.0	-2.87346281505	142.553968254	-12.4301316728	3150.0	10	31500.0
4932.YIL015W	587.0	-2.82200841035	129.131175468	-9.45525632557	2935.0	7	20545.0
4932.YIL016W	159.0	-2.73226669523	133.276729559	-10.1473194851	795.0	4664	3707880.0
4932.YIL017C	921.0	-2.85140858473	145.226927253	-12.1868016468	4605.0	7	32235.0
4932.YIL020C	261.0	-2.84347369886	156.892720306	-10.4148857225	1305.0	-344	-448920.0
4932.YIL021W	318.0	-2.8909025586	145.254716981	-9.03093357339	1590.0	29	46110.0
4932.YIL026C	1150.0	-2.81107082093	135.088695652	-10.3477800982	5750.0	42	241500.0
4932.YIL027C	141.0	-2.79438712958	137.581560283	-10.2748935885	705.0	35	24675.0
4932.YIL030C	1319.0	-2.89639526435	142.111448067	-9.47504392156	6595.0	6	39570.0
4932.YIL031W	1034.0	-2.79033170033	134.516441006	-11.4254272273	5170.0	14	72380.0
4932.YIL033C	416.0	-2.84168927838	126.23076923	-8.46880390291	2080.0	65	135200.0
4932.YIL034C	287.0	-2.82476180701	132.365853659	-9.40074831675	1435.0	68	97580.0
4932.YIL035C	372.0	-2.87528113663	163.991935484	-9.28822319456	1860.0	62	115320.0
4932.YIL038C	836.0	-2.81071975068	125.740430622	-9.4823983061	4180.0	64	267520.0
4932.YIL039W	473.0	-2.92844039239	166.78858351	-11.1657131455	2365.0	70	165550.0
4932.YIL040W	138.0	-2.76924762209	154.043478261	-10.9518600818	690.0	339	233910.0
4932.YIL041W	326.0	-2.7758449134	120.834355828	-8.13023959918	1630.0	87	141810.0
4932.YIL044C	298.0	-2.76181402726	140.298657717	-10.4950234391	1490.0	51	75990.0
4932.YIL046W	640.0	-2.90065632939	167.0046875	-10.4363653655	3200.0	3	9600.0
4932.YIL047C	902.0	-2.90484615324	154.823725055	-9.60968440305	4510.0	22	99220.0
4932.YIL048W	1151.0	-2.87407300556	138.981754996	-9.28026423445	5755.0	-87	-500685.0
4932.YIL051C	145.0	-2.78475181828	121.124137931	-8.06438062322	725.0	809	586525.0
4932.YIL052C	121.0	-2.71540935812	141.289256198	-8.02176018623	605.0	69	41745.0
4932.YIL053W	250.0	-2.81260431433	138.852	-6.18648563164	1250.0	113	141250.0
4932.YIL056W	640.0	-2.81436590572	125.0953125	-11.2102352537	3200.0	26	83200.0
4932.YIL057C	164.0	-2.75893430804	170.304878049	-12.0617637331	820.0	16	13120.0
4932.YIL061C	300.0	-2.80858053973	124.85	-12.2717624188	1500.0	49	73500.0
4932.YIL062C	154.0	-2.7771748339	114.909090909	-8.99424585904	770.0	32	24640.0
4932.YIL063C	327.0	-2.69624572459	119.006116208	-10.1563771905	1635.0	22	35970.0
4932.YIL064W	257.0	-2.84339957961	138.241245136	-12.3397957501	1285.0	90	115650.0
4932.YIL066C	869.0	-2.91070067541	141.639815881	-9.82632656968	4345.0	64	278080.0
4932.YIL068C	805.0	-2.84515847916	138.423602485	-10.1610932752	4025.0	28	112700.0
4932.YIL069C	135.0	-2.6829273812	114.925925926	-7.08010295634	675.0	-392	-264600.0
4932.YIL070C	266.0	-2.79340940435	119.954887218	-9.16147025237	1330.0	-1024	-1361920.0
4932.YIL074C	469.0	-2.84326706755	122.980810234	-8.32600138798	2345.0	350	820750.0
4932.YIL075C	945.0	-2.83197746284	123.547089947	-7.56242203972	4725.0	400	1890000.0
4932.YIL076W	296.0	-2.73134286958	130.736486486	-8.76342738819	1480.0	20	29600.0
4932.YIL079C	360.0	-2.8655750551	173.769444444	-12.7844865907	1800.0	29	52200.0
4932.YIL083C	365.0	-2.86484134571	136.736986302	-10.3019066231	1825.0	75	136875.0
4932.YIL084C	327.0	-2.80074025744	128.504587156	-11.1188936946	1635.0	27	44145.0
4932.YIL085C	517.0	-2.91624740087	170.880077369	-11.9931517959	2585.0	55	142175.0
4932.YIL090W	491.0	-2.83715295975	155.3401222	-9.72962956632	2455.0	34	83470.0
4932.YIL093C	264.0	-2.86545758001	141.193181818	-10.2650335259	1320.0	-116	-153120.0
4932.YIL094C	371.0	-2.81146857465	110.315363881	-8.45858859386	1855.0	18	33390.0
4932.YIL096C	336.0	-2.80644310705	147.273809524	-13.2692124669	1680.0	25	42000.0
4932.YIL097W	516.0	-2.82443720286	146.912790697	-12.5432181925	2580.0	59	152220.0
4932.YIL098C	155.0	-2.78681874151	138.825806452	-12.2250858656	775.0	84	65100.0
4932.YIL103W	425.0	-2.88334424699	137.92	-10.5079581642	2125.0	38	80750.0
4932.YIL104C	507.0	-2.8508099398	138.597633136	-11.0745855139	2535.0	37	93795.0
4932.YIL105C	686.0	-2.79351324825	129.355685131	-9.46621121848	3430.0	21	72030.0
4932.YIL106W	314.0	-2.90270465377	148.818471338	-10.5833557676	1570.0	87	136590.0
4932.YIL107C	827.0	-2.8501128251	130.500604595	-9.64255260618	4135.0	25	103375.0
4932.YIL108W	696.0	-2.90403662869	138.602011494	-10.9582426751	3480.0	19	66120.0
4932.YIL112W	1083.0	-2.80019216764	129.994459834	-11.3186626453	5415.0	15	81225.0
4932.YIL115C	1460.0	-2.76148503154	113.643835616	-8.38385201215	7300.0	82	598600.0
4932.YIL118W	231.0	-2.83901998313	139.220779221	-10.9888059534	1155.0	171	197505.0
4932.YIL119C	407.0	-2.72349093669	146.985257985	-12.021153429	2035.0	26	52910.0
4932.YIL121W	542.0	-2.8268989947	129.791512915	-9.36986253318	2710.0	52	140920.0
4932.YIL123W	475.0	-2.65414847869	120.741052631	-12.3482871608	2375.0	23	54625.0
4932.YIL124W	297.0	-2.85144913497	127.525252525	-9.82883678762	1485.0	76	112860.0
4932.YIL125W	1014.0	-2.88514258026	137.022682446	-7.61089054442	5070.0	85	430950.0
4932.YIL126W	1359.0	-2.8173685475	128.409860191	-8.36024115724	6795.0	-166	-1127970.0
4932.YIL127C	206.0	-2.71241405732	138.378640777	-10.9402460181	1030.0	60	61800.0
4932.YIL128W	1032.0	-2.79491082256	131.448643411	-9.25350447718	5160.0	24	123840.0
4932.YIL129C	2376.0	-2.85326242192	136.068181818	-11.6255382105	11880.0	299	3552120.0
4932.YIL130W	964.0	-2.8053478089	132.091286307	-9.34201061097	4820.0	3	14460.0
4932.YIL131C	484.0	-2.85288525683	127.171487603	-11.2766203793	2420.0	31	75020.0
4932.YIL133C	199.0	-2.70827103679	119.386934674	-7.21127614908	995.0	1308	1301460.0
4932.YIL135C	436.0	-2.71182146024	127.972477064	-10.4930193247	2180.0	20	43600.0
4932.YIL136W	393.0	-2.72434026733	133.564885496	-10.1675785402	1965.0	115	225975.0
4932.YIL137C	946.0	-2.87689836661	144.727272727	-9.23366761047	4730.0	36	170280.0
4932.YIL138C	161.0	-2.42351057946	133.919254659	-9.13203485072	805.0	24	19320.0
4932.YIL140W	823.0	-2.80649041851	124.589307412	-10.2605786441	4115.0	114	469110.0
4932.YIL143C	843.0	-2.89879404262	135.419928826	-9.92960275853	4215.0	2	8430.0
4932.YIL144W	691.0	-2.75480468344	136.839363242	-9.67969425211	3455.0	39	134745.0
4932.YIL145C	309.0	-2.86611921818	126.504854369	-9.9362990463	1545.0	-104	-160680.0
4932.YIL148W	128.0	-2.78214537551	144.7421875	-7.83848930654	640.0	187	119680.0
4932.YIL149C	1679.0	-2.69592938484	131.705777249	-10.0375226816	8395.0	20	167900.0
4932.YIL151C	1118.0	-2.90115295056	147.131484794	-13.5801105382	5590.0	13	72670.0
4932.YIL154C	346.0	-2.83651151442	135.280346821	-11.6867128065	1730.0	-91	-157430.0
4932.YIL155C	649.0	-2.89559941426	136.696456086	-9.81773787529	3245.0	51	165495.0
4932.YIL156W	1071.0	-2.87154180879	141.027077497	-12.7807958812	5355.0	48	257040.0
4932.YIL157C	197.0	-2.77677316954	114.461928934	-11.769313135	985.0	120	118200.0
4932.YIL160C	417.0	-2.81246441552	114.023980815	-9.38884098435	2085.0	30	62550.0
4932.YIL161W	235.0	-2.76499867019	142.268085106	-11.0477607104	1175.0	62	72850.0
4932.YIR001C	250.0	-2.82660326187	144.964	-11.0099517581	1250.0	609	761250.0
4932.YIR003W	679.0	-2.73010824374	113.326951399	-9.64682039846	3395.0	32	108640.0
4932.YIR004W	432.0	-2.7641840213	126.939814815	-9.55475470843	2160.0	167	360720.0
4932.YIR006C	1480.0	-2.78228674855	112.514189189	-7.51026944515	7400.0	3	22200.0
4932.YIR007W	764.0	-2.92281364665	156.392670157	-11.9477851012	3820.0	270	1031400.0
4932.YIR008C	409.0	-2.89125974311	153.041564792	-11.2311382726	2045.0	60	122700.0
4932.YIR009W	111.0	-2.77322195993	125.900900901	-13.4522283226	555.0	3	1665.0
4932.YIR010W	576.0	-2.82964951826	133.680555555	-10.1782999718	2880.0	22	63360.0
4932.YIR022W	167.0	-2.8290822093	136.473053892	-11.0461401568	835.0	22	18370.0
4932.YIR026C	364.0	-2.90510209401	148.214285714	-9.88092579759	1820.0	40	72800.0
4932.YIR033W	1113.0	-2.83597286462	138.083557951	-11.725531362	5565.0	31	172515.0
4932.YIR034C	373.0	-2.85568435448	128.361930295	-7.97286289041	1865.0	-214	-399110.0
4932.YIR035C	254.0	-2.79095671047	120.137795276	-11.8792848707	1270.0	-101	-128270.0
4932.YIR036C	263.0	-2.8416744226	121.197718631	-11.1422900493	1315.0	54	71010.0
4932.YIR037W	163.0	-2.79188313439	140.576687116	-8.84532591987	815.0	44	35860.0
4932.YIR038C	234.0	-2.82067762444	135.846153846	-10.8874872746	1170.0	66	77220.0
4932.YJL001W	215.0	-2.84994633043	135.865116279	-9.33755036464	1075.0	36	38700.0
4932.YJL002C	476.0	-2.86248025113	135.985294118	-8.29244470805	2380.0	85	202300.0
4932.YJL005W	2026.0	-2.84294005367	134.620434354	-9.26510724726	10130.0	75	759750.0
4932.YJL006C	323.0	-2.84450431474	144.424148607	-11.2185386329	1615.0	28	45220.0
4932.YJL011C	161.0	-2.77557025511	137.484472049	-11.5433345252	805.0	319	256795.0
4932.YJL024C	194.0	-2.79956577746	120.56185567	-10.4799448478	970.0	2108	2044760.0
4932.YJL025W	514.0	-2.88990830271	155.865758754	-12.5191889363	2570.0	15	38550.0
4932.YJL033W	770.0	-2.81980993199	128.075324675	-9.30273125487	3850.0	38	146300.0
4932.YJL034W	682.0	-2.77343185133	110.545454545	-6.96979825689	3410.0	124	422840.0
4932.YJL035C	250.0	-2.92402093265	155.428	-14.6882824374	1250.0	14	17500.0
4932.YJL036W	423.0	-2.81939372327	138.14893617	-10.6696768559	2115.0	201	425115.0
4932.YJL039C	1683.0	-2.81239773418	128.980986334	-8.46908880754	8415.0	194	1632510.0
4932.YJL041W	823.0	-2.56938400572	108.484811665	-8.07683997336	4115.0	13	53495.0
4932.YJL042W	1398.0	-2.84420454802	130.759656652	-8.7173542991	6990.0	125	873750.0
4932.YJL044C	458.0	-2.83836129579	156.272925765	-10.6323320267	2290.0	43	98470.0
4932.YJL047C	842.0	-2.86137786888	150.964370546	-12.4489282919	4210.0	7	29470.0
4932.YJL050W	1073.0	-2.8708263847	134.650512581	-8.39377125294	5365.0	47	252155.0
4932.YJL052W	332.0	-2.81012753041	125.259036145	-6.01533956439	1660.0	85	141100.0
4932.YJL055W	245.0	-2.86642661388	142.489795918	-9.51885077559	1225.0	32	39200.0
4932.YJL060W	444.0	-2.86063966165	130.988738738	-9.99957307057	2220.0	32	71040.0
4932.YJL061W	713.0	-2.82206000425	137.527349228	-9.13573157269	3565.0	81	288765.0
4932.YJL062W	830.0	-2.86589472043	151.33493976	-9.81302854044	4150.0	29	120350.0
4932.YJL062W-A	85.0	-2.81331732612	153.4	-12.7506851993	425.0	120	51000.0
4932.YJL062W-A	85.0	-2.81331732612	153.4	-12.7506851993	425.0	120	51000.0
4932.YJL063C	238.0	-2.8095246932	133.390756303	-10.3231059936	1190.0	105	124950.0
4932.YJL068C	299.0	-2.90865851742	157.107023412	-11.1057579511	1495.0	243	363285.0
4932.YJL069C	594.0	-2.86896834201	138.905723906	-8.95210495623	2970.0	60	178200.0
4932.YJL070C	888.0	-2.86510985529	148.768018018	-12.4621433326	4440.0	63	279720.0
4932.YJL073W	645.0	-2.85198090772	149.675968992	-11.7218745504	3225.0	21	67725.0
4932.YJL074C	1230.0	-2.75692605188	122.386178862	-9.24764110436	6150.0	217	1334550.0
4932.YJL076W	1189.0	-2.70546628808	111.736753575	-8.65147538051	5945.0	43	255635.0
4932.YJL080C	1222.0	-2.78297959557	115.409983633	-6.11824942691	6110.0	183	1118130.0
4932.YJL081C	489.0	-2.85745216393	133.617586912	-10.6084669407	2445.0	86	210270.0
4932.YJL082W	731.0	-2.84392323281	134.210670314	-9.42414453404	3655.0	103	376465.0
4932.YJL084C	1046.0	-2.78574277226	127.200764818	-10.2130685223	5230.0	3	15690.0
4932.YJL085W	623.0	-2.82763198927	132.756019262	-10.027884909	3115.0	12	37380.0
4932.YJL087C	827.0	-2.87336541759	152.753325272	-9.41883272123	4135.0	21	86835.0
4932.YJL088W	338.0	-2.8464017575	137.565088758	-8.04409438913	1690.0	49	82810.0
4932.YJL096W	161.0	-2.76740102851	128.378881988	-11.3966997285	805.0	-67	-53935.0
4932.YJL097W	217.0	-2.69359372136	129.032258065	-9.76339998094	1085.0	-147	-159495.0
4932.YJL098W	1058.0	-2.8207202718	133.943289225	-9.32951949927	5290.0	60	317400.0
4932.YJL099W	746.0	-2.87598426384	155.404825737	-13.3327303616	3730.0	18	67140.0
4932.YJL101C	678.0	-2.90526466475	149.345132744	-10.0133234438	3390.0	2	6780.0
4932.YJL102W	819.0	-2.84734466285	130.262515263	-10.5911906318	4095.0	40	163800.0
4932.YJL104W	149.0	-2.77280657449	120.838926175	-10.0933647388	745.0	2275	1694875.0
4932.YJL109C	1769.0	-2.76363806564	121.379310344	-7.63569303379	8845.0	12	106140.0
4932.YJL110C	551.0	-2.8037910352	133.99092559	-13.9869110405	2755.0	23	63365.0
4932.YJL112W	714.0	-2.83038967729	129.449579831	-10.1322091373	3570.0	25	89250.0
4932.YJL115W	279.0	-2.64871374536	112.082437276	-9.8555361677	1395.0	123	171585.0
4932.YJL121C	238.0	-2.84522755345	141.331932773	-8.94583210613	1190.0	1797	2138430.0
4932.YJL122W	175.0	-2.72047495196	120.108571429	-9.82796245709	875.0	56	49000.0
4932.YJL123C	478.0	-2.74012137738	124.29916318	-9.14408043022	2390.0	57	136230.0
4932.YJL124C	172.0	-2.85069910856	144.575581395	-9.52793359978	860.0	76	65360.0
4932.YJL125C	383.0	-2.897060714	146.652741514	-11.0401759262	1915.0	905	1733075.0
4932.YJL128C	668.0	-2.83973786662	123.597305389	-9.33173857224	3340.0	36	120240.0
4932.YJL130C	2214.0	-2.86411751289	124.180216802	-5.84834929463	11070.0	22	243540.0
4932.YJL131C	356.0	-2.77643790269	139.924157303	-13.0714098906	1780.0	50	89000.0
4932.YJL136C	87.0	-2.77390751784	128.310344828	-7.4915544069	435.0	136	59160.0
4932.YJL137C	380.0	-2.87059848636	148.986842106	-12.792501764	1900.0	6	11400.0
4932.YJL143W	158.0	-2.78541701578	135.373417722	-9.91790174638	790.0	91	71890.0
4932.YJL145W	294.0	-2.81951910115	157.051020408	-9.92884917984	1470.0	331	486570.0
4932.YJL148W	233.0	-2.66770270048	146.055793992	-9.51783256652	1165.0	-525	-611625.0
4932.YJL151C	133.0	-2.81751554816	139.691729323	-9.831003527	665.0	73	48545.0
4932.YJL153C	533.0	-2.86311184119	131.78424015	-9.74857112611	2665.0	38	101270.0
4932.YJL154C	944.0	-2.85138790662	144.913135593	-9.01202665424	4720.0	320	1510400.0
4932.YJL155C	452.0	-2.88041919878	144.234513274	-11.3319002086	2260.0	41	92660.0
4932.YJL157C	830.0	-2.88100087535	143.58313253	-11.3160248905	4150.0	10	41500.0
4932.YJL158C	227.0	-2.7028150506	116.066079295	-10.463006291	1135.0	11	12485.0
4932.YJL159W	413.0	-2.51549051755	99.1888619853	-10.8706851648	2065.0	8	16520.0
4932.YJL162C	583.0	-2.83745695005	146.766723842	-13.8288279388	2915.0	20	58300.0
4932.YJL164C	397.0	-2.88501140591	139.526448363	-10.2352350575	1985.0	-171	-339435.0
4932.YJL165C	855.0	-2.86492540946	140.378947369	-12.0957663612	4275.0	-196	-837900.0
4932.YJL166W	94.0	-2.81376409746	175.882978723	-10.9417354679	470.0	7	3290.0
4932.YJL167W	352.0	-2.84717374243	144.565340909	-8.33543182445	1760.0	13	22880.0
4932.YJL168C	733.0	-2.84578987084	147.136425648	-10.5427244177	3665.0	2	7330.0
4932.YJL171C	396.0	-2.84230522677	141.613636364	-9.60658615141	1980.0	22	43560.0
4932.YJL172W	576.0	-2.85218401517	133.788194444	-8.22113024906	2880.0	9	25920.0
4932.YJL173C	122.0	-2.82203127498	131.352459016	-9.65306366127	610.0	3196	1949560.0
4932.YJL176C	825.0	-2.80650631363	126.562424242	-9.62279658795	4125.0	72	297000.0
4932.YJL177W	184.0	-2.7395073059	120.353260869	-7.33370807213	920.0	21	19320.0
4932.YJL178C	271.0	-2.85340775138	151.32103321	-10.1193968395	1355.0	44	59620.0
4932.YJL180C	325.0	-2.81892295593	128.984615385	-12.2070009112	1625.0	178	289250.0
4932.YJL183W	422.0	-2.87184701859	138.369668247	-9.89869114594	2110.0	8	16880.0
4932.YJL184W	123.0	-2.74381773843	111.065040651	-12.4464745628	615.0	-84	-51660.0
4932.YJL186W	586.0	-2.8904919572	148.220136519	-8.96120533781	2930.0	13	38090.0
4932.YJL187C	819.0	-2.82975683841	134.528693529	-10.8172173444	4095.0	88	360360.0
4932.YJL190C	130.0	-2.84607647222	132.976923077	-7.7034643587	650.0	78	50700.0
4932.YJL191W	138.0	-2.71461213676	104.608695652	-7.8190582016	690.0	-327	-225630.0
4932.YJL192C	234.0	-2.8175489366	120.491452991	-9.67642806011	1170.0	348	407160.0
4932.YJL196C	310.0	-2.88566996576	171.3	-9.11018600259	1550.0	17	26350.0
4932.YJL197W	1254.0	-2.86708766739	139.192982456	-9.18084939691	6270.0	-4068	-25506360.0
4932.YJL198W	881.0	-2.83787782485	131.475595914	-10.3069722623	4405.0	-244	-1074820.0
4932.YJL200C	789.0	-2.87415837399	131.693282636	-6.79632517594	3945.0	34	134130.0
4932.YJL201W	599.0	-2.8007139247	129.424040067	-9.53487713753	2995.0	78	233610.0
4932.YJL207C	2014.0	-2.80728495426	136.539225422	-8.67390278711	10070.0	25	251750.0
4932.YJL208C	329.0	-2.87843161474	133.85106383	-12.1620288657	1645.0	40	65800.0
4932.YJL212C	799.0	-2.90056860347	157.067584481	-9.74772512067	3995.0	2	7990.0
4932.YJL214W	569.0	-2.88301270134	150.033391916	-14.4427646222	2845.0	-75	-213375.0
4932.YJL217W	198.0	-2.84092079659	143.212121212	-9.72016541683	990.0	99	98010.0
4932.YJL222W	1549.0	-2.87202493557	140.242091672	-12.9428022761	7745.0	-218	-1688410.0
4932.YJR001W	602.0	-2.82184226569	124.084717608	-12.5368403997	3010.0	25	75250.0
4932.YJR003C	519.0	-2.81115299778	139.202312139	-10.3101570512	2595.0	59	153105.0
4932.YJR005W	700.0	-2.80646558795	129.175714286	-9.79000767557	3500.0	34	119000.0
4932.YJR006W	487.0	-2.86433962026	140.123203285	-13.2395062292	2435.0	43	104705.0
4932.YJR007W	304.0	-2.79759647271	133.309210527	-7.9248814696	1520.0	42	63840.0
4932.YJR008W	338.0	-2.91390968306	157.662721894	-13.8419707076	1690.0	19	32110.0
4932.YJR010C-A	94.0	-2.79881574294	149.468085106	-11.7162522701	470.0	135	63450.0
4932.YJR010W	511.0	-2.85579667815	122.436399217	-8.4692908792	2555.0	44	112420.0
4932.YJR016C	585.0	-2.86151805398	131.461538462	-6.34721799195	2925.0	45	131625.0
4932.YJR017C	170.0	-2.84574360495	146.876470589	-10.0273562085	850.0	-299	-254150.0
4932.YJR022W	109.0	-2.7463820284	137.917431193	-12.4071498031	545.0	-685	-373325.0
4932.YJR024C	244.0	-2.89351136316	163.209016393	-12.2443732352	1220.0	14	17080.0
4932.YJR025C	177.0	-2.9048373746	158.344632769	-10.105214412	885.0	185	163725.0
4932.YJR031C	1408.0	-2.81138218475	125.407670454	-9.69892186263	7040.0	-137	-964480.0
4932.YJR032W	393.0	-2.85474593389	142.473282443	-10.2447530468	1965.0	41	80565.0
4932.YJR033C	1357.0	-2.88571601083	148.103905674	-10.5958254863	6785.0	-3757	-25491245.0
4932.YJR035W	1085.0	-2.84744002269	138.075576037	-13.1488392631	5425.0	-68	-368900.0
4932.YJR041C	1174.0	-2.81962242566	142.465076661	-9.51940443085	5870.0	32	187840.0
4932.YJR042W	744.0	-2.84741510573	137.315860215	-9.1635867224	3720.0	173	643560.0
4932.YJR046W	604.0	-2.85315439395	132.892384106	-12.2199702594	3020.0	15	45300.0
4932.YJR047C	157.0	-2.80745000727	135.318471338	-9.68561009269	785.0	12	9420.0
4932.YJR048W	109.0	-2.81792243999	165.633027523	-10.4052836985	545.0	61	33245.0
4932.YJR049C	530.0	-2.87396249244	138.724528301	-10.4185553551	2650.0	16	42400.0
4932.YJR051W	501.0	-2.8258250264	125.796407186	-11.5670078437	2505.0	18	45090.0
4932.YJR052W	565.0	-2.80311646131	127.072566372	-12.8941278938	2825.0	37	104525.0
4932.YJR053W	574.0	-2.83441010655	135.604529617	-12.016167548	2870.0	38	109060.0
4932.YJR055W	164.0	-2.80292586754	159.152439024	-12.9884076401	820.0	82	67240.0
4932.YJR057W	216.0	-2.83749235736	141.162037037	-12.4338080198	1080.0	-18395	-19866600.0
4932.YJR059W	818.0	-2.84882326504	140.231051345	-8.76076731328	4090.0	50	204500.0
4932.YJR060W	351.0	-2.73912971748	128.105413106	-9.44715417997	1755.0	38	66690.0
4932.YJR062C	457.0	-2.86815535205	141.41356674	-12.4500932664	2285.0	55	125675.0
4932.YJR063W	125.0	-2.80818930149	157.128	-9.20909741559	625.0	90	56250.0
4932.YJR066W	2470.0	-2.86399331772	137.555870445	-10.3175024962	12350.0	5	61750.0
4932.YJR068W	353.0	-2.86212460799	132.371104816	-10.004485637	1765.0	31	54715.0
4932.YJR069C	197.0	-2.83779804342	130.710659898	-9.65225104654	985.0	51	50235.0
4932.YJR070C	325.0	-2.80187606875	119.636923077	-7.69475973911	1625.0	63	102375.0
4932.YJR072C	385.0	-2.85598678486	134.994805195	-9.32775527652	1925.0	141	271425.0
4932.YJR073C	206.0	-2.88391219399	152.791262136	-9.5786820883	1030.0	203	209090.0
4932.YJR074W	218.0	-2.82957442161	127.880733945	-11.8023253525	1090.0	29	31610.0
4932.YJR075W	396.0	-2.88088875143	146.255050505	-9.86524796476	1980.0	8	15840.0
4932.YJR076C	415.0	-2.79913995984	122.63373494	-8.96165532454	2075.0	62	128650.0
4932.YJR080C	394.0	-2.81282168494	129.527918782	-10.4304579068	1970.0	81	159570.0
4932.YJR082C	113.0	-2.68498221106	154.769911504	-13.9979811876	565.0	184	103960.0
4932.YJR083C	309.0	-2.77737237817	128.640776699	-11.4209670941	1545.0	57	88065.0
4932.YJR084W	423.0	-2.86687714851	149.635933806	-12.2608249624	2115.0	25	52875.0
4932.YJR088C	292.0	-2.75659108691	141.852739725	-9.45809084503	1460.0	-630	-919800.0
4932.YJR091C	1091.0	-2.82008053952	131.960586618	-9.36432458322	5455.0	43	234565.0
4932.YJR093C	327.0	-2.77435335889	120.314984709	-12.3283293433	1635.0	72	117720.0
4932.YJR094W-A	92.0	-2.63997305659	158.706521739	-8.39368196473	460.0	64	29440.0
4932.YJR096W	282.0	-2.8958396552	158.007092199	-11.3834780265	1410.0	63	88830.0
4932.YJR097W	172.0	-2.86229702502	159.296511627	-12.2272279303	860.0	41	35260.0
4932.YJR101W	266.0	-2.83874029648	146.255639098	-10.5268454015	1330.0	93	123690.0
4932.YJR103W	564.0	-2.87956340661	137.556737589	-10.1116364297	2820.0	32	90240.0
4932.YJR104C	154.0	-2.74715896983	113.88961039	-6.95240394965	770.0	-404	-311080.0
4932.YJR105W	340.0	-2.80945857276	118.394117647	-6.91994118771	1700.0	60	102000.0
4932.YJR109C	1118.0	-2.85221839402	123.214669052	-5.44401330403	5590.0	7	39130.0
4932.YJR110W	688.0	-2.87917882125	153.779069768	-11.1894987631	3440.0	19	65360.0
4932.YJR111C	283.0	-2.88710706591	145.745583039	-11.563928666	1415.0	69	97635.0
4932.YJR112W	201.0	-2.80981635819	149.940298508	-10.6249135475	1005.0	170	170850.0
4932.YJR113C	247.0	-2.84446330182	135.538461538	-10.5445235325	1235.0	38	46930.0
4932.YJR117W	453.0	-2.83388694676	143.280353201	-8.48615718663	2265.0	24	54360.0
4932.YJR121W	511.0	-2.77709458687	100.726027397	-6.69284419308	2555.0	6627	16931985.0
4932.YJR122W	497.0	-2.83431830367	128.661971831	-13.0107399989	2485.0	46	114310.0
4932.YJR127C	1380.0	-2.87714034565	142.479710145	-10.5997135621	6900.0	61	420900.0
4932.YJR130C	639.0	-2.87459168144	138.877934272	-10.2205934761	3195.0	45	143775.0
4932.YJR131W	549.0	-2.89419015713	153.839708561	-10.0717398255	2745.0	84	230580.0
4932.YJR132W	1048.0	-2.85156259981	137.948473283	-8.96829774473	5240.0	61	319640.0
4932.YJR133W	209.0	-2.87333450555	142.626794258	-11.9103070827	1045.0	68	71060.0
4932.YJR134C	707.0	-2.71344071015	126.642149929	-11.8218629682	3535.0	1950	6893250.0
4932.YJR135C	239.0	-2.77300914316	131.782426778	-13.3964371705	1195.0	-150	-179250.0
4932.YJR137C	1442.0	-2.84648049659	125.554091539	-8.45773970866	7210.0	125	901250.0
4932.YJR139C	359.0	-2.7381046751	105.685236769	-7.08626225807	1795.0	56	100520.0
4932.YJR140C	1648.0	-2.84864202232	143.900485437	-12.3507647624	8240.0	21	173040.0
4932.YJR142W	342.0	-2.85427567247	140.713450293	-12.7250888727	1710.0	35	59850.0
4932.YJR143C	762.0	-2.90412155206	158.238845144	-9.79027534802	3810.0	19	72390.0
4932.YJR145C	261.0	-2.79447460384	129.252873563	-6.28472511453	1305.0	53	69165.0
4932.YJR154W	346.0	-2.90579833376	155.268786127	-13.5050934297	1730.0	30	51900.0
4932.YKL001C	202.0	-2.82147676522	132.688118812	-10.8914003022	1010.0	5488	5542880.0
4932.YKL004W	401.0	-2.83721240313	149.154613467	-9.51847980176	2005.0	94	188470.0
4932.YKL005C	594.0	-2.81278051057	139.56060606	-12.463553226	2970.0	22	65340.0
4932.YKL006C-A	97.0	-2.67479036017	124.515463917	-11.7396825812	485.0	16	7760.0
4932.YKL006W	138.0	-2.6706292371	124.594202899	-7.01270163944	690.0	-266	-183540.0
4932.YKL007W	268.0	-2.81268909133	134.328358209	-9.4322820737	1340.0	-202	-270680.0
4932.YKL008C	418.0	-2.87921720225	155.157894737	-9.72786553913	2090.0	77	160930.0
4932.YKL009W	236.0	-2.83254128458	131.427966102	-8.59747947972	1180.0	73	86140.0
4932.YKL010C	1483.0	-2.84254711086	130.730950775	-9.52941749299	7415.0	11	81565.0
4932.YKL011C	353.0	-2.8165412988	152.960339944	-12.9773827145	1765.0	65	114725.0
4932.YKL013C	171.0	-2.76651652272	120.976608187	-9.71519122458	855.0	-224	-191520.0
4932.YKL014C	1764.0	-2.82570827025	138.784580499	-8.43378082193	8820.0	45	396900.0
4932.YKL016C	174.0	-2.76754924345	131.362068965	-9.31078827832	870.0	16	13920.0
4932.YKL017C	683.0	-2.82503042812	131.333821376	-12.8248542812	3415.0	35	119525.0
4932.YKL018W	329.0	-2.87720345059	146.674772037	-11.6137290359	1645.0	26	42770.0
4932.YKL019W	316.0	-2.87943291476	166.57278481	-12.9583407334	1580.0	26	41080.0
4932.YKL020C	1082.0	-2.80861022843	136.622920518	-12.8396946405	5410.0	34	183940.0
4932.YKL021C	468.0	-2.86478180412	151.869658119	-9.57884748492	2340.0	171	400140.0
4932.YKL022C	840.0	-2.85257182785	145.430952381	-10.541687274	4200.0	66	277200.0
4932.YKL023W	277.0	-2.68125862444	134.050541516	-11.3814333359	1385.0	44	60940.0
4932.YKL024C	204.0	-2.82968510237	124.142156863	-9.53377012737	1020.0	329	335580.0
4932.YKL025C	679.0	-2.82709554831	138.95287187	-10.3022394174	3395.0	36	122220.0
4932.YKL027W	447.0	-2.84328611046	130.841163311	-9.44853263856	2235.0	59	131865.0
4932.YKL028W	482.0	-2.8012000219	125.661825726	-9.59893541737	2410.0	28	67480.0
4932.YKL029C	669.0	-2.87659496178	126.387144993	-8.09980203849	3345.0	29	97005.0
4932.YKL032C	597.0	-2.68667786365	136.202680067	-9.16649815105	2985.0	10	29850.0
4932.YKL035W	499.0	-2.84112562078	127.683366733	-7.26619374439	2495.0	57	142215.0
4932.YKL040C	256.0	-2.81565659934	137.300781251	-9.51942491525	1280.0	117	149760.0
4932.YKL041W	224.0	-2.71798309897	130.227678571	-10.689420782	1120.0	-77	-86240.0
4932.YKL046C	449.0	-2.86381335326	156.997772829	-9.39712497759	2245.0	40	89800.0
4932.YKL047W	516.0	-2.86283563434	138.773255814	-12.0404046802	2580.0	177	456660.0
4932.YKL051W	353.0	-2.88730118326	165.847025496	-9.61557878611	1765.0	57	100605.0
4932.YKL052C	292.0	-2.81257473674	127.667808219	-10.3689726797	1460.0	3	4380.0
4932.YKL053C-A	86.0	-2.7910631597	169.26744186	-12.756626855	430.0	40	17200.0
4932.YKL055C	278.0	-2.89002453841	146.877697842	-11.1137090358	1390.0	49	68110.0
4932.YKL056C	167.0	-2.80915380811	139.221556886	-6.99797137907	835.0	166	138610.0
4932.YKL058W	122.0	-2.79371563587	132.991803279	-11.0393374827	610.0	170	103700.0
4932.YKL059C	441.0	-2.87678085514	136.315192744	-10.8115157206	2205.0	33	72765.0
4932.YKL060C	359.0	-2.87680881448	137.626740947	-3.90230458823	1795.0	104	186680.0
4932.YKL063C	167.0	-2.73570761186	132.209580838	-11.1000554413	835.0	12	10020.0
4932.YKL064W	969.0	-2.84729626202	135.15376677	-10.4233240287	4845.0	78	377910.0
4932.YKL065C	206.0	-2.80005047862	127.975728155	-9.66872306438	1030.0	1256	1293680.0
4932.YKL067W	153.0	-2.85643775424	137.235294117	-8.6896576783	765.0	-1033	-790245.0
4932.YKL068W	959.0	-2.6110653009	110.61105318	-9.38750984751	4795.0	20	95900.0
4932.YKL069W	180.0	-2.83437302403	152.805555556	-10.9164440593	900.0	25	22500.0
4932.YKL074C	527.0	-2.86988051712	139.15370019	-11.9444440302	2635.0	74	194990.0
4932.YKL075C	450.0	-2.8492413178	151.082222222	-11.2304867548	2250.0	46	103500.0
4932.YKL078W	735.0	-2.86393132734	130.707482993	-11.7810315873	3675.0	46	169050.0
4932.YKL079W	656.0	-2.78222720645	129.678353659	-10.1847218932	3280.0	21	68880.0
4932.YKL080W	392.0	-2.8152972837	123.75255102	-8.03487755992	1960.0	53	103880.0
4932.YKL081W	412.0	-2.83290149037	140.031553398	-6.45063083507	2060.0	105	216300.0
4932.YKL085W	334.0	-2.77763394007	107.733532934	-7.92994607394	1670.0	167	278890.0
4932.YKL088W	571.0	-2.8284848181	131.159369527	-9.53187664285	2855.0	59	168445.0
4932.YKL089W	549.0	-2.78136301723	119.921675774	-11.5230037152	2745.0	75	205875.0
4932.YKL091C	310.0	-2.8613147623	141.538709678	-11.4507454232	1550.0	170	263500.0
4932.YKL092C	1104.0	-2.79223535017	139.235507246	-10.0506647691	5520.0	38	209760.0
4932.YKL094W	313.0	-2.91050110247	152.674121406	-9.74803346903	1565.0	88	137720.0
4932.YKL095W	278.0	-2.79999354205	143.061151079	-9.49399079129	1390.0	76	105640.0
4932.YKL096W	239.0	-2.5709265472	97.7824267785	-9.03302304761	1195.0	25	29875.0
4932.YKL103C	514.0	-2.86280772251	130.118677043	-9.32562769592	2570.0	119	305830.0
4932.YKL104C	717.0	-2.87353896096	133.364016736	-8.28393370168	3585.0	31	111135.0
4932.YKL105C	1132.0	-2.77378806168	124.795053003	-11.9576888311	5660.0	32	181120.0
4932.YKL106W	451.0	-2.9039765008	153.736141907	-10.3341728613	2255.0	42	94710.0
4932.YKL112W	731.0	-2.75642724403	142.518467852	-8.84788282203	3655.0	2	7310.0
4932.YKL113C	382.0	-2.84058539318	137.955497383	-10.113372645	1910.0	-135	-257850.0
4932.YKL114C	367.0	-2.86298230692	143.765667575	-9.69550885729	1835.0	60	110100.0
4932.YKL116C	518.0	-2.86920520921	137.193050193	-10.3925590874	2590.0	58	150220.0
4932.YKL117W	216.0	-2.83267643044	144.027777778	-8.09768824599	1080.0	280	302400.0
4932.YKL120W	324.0	-2.83143763142	123.592592593	-8.69726283571	1620.0	43	69660.0
4932.YKL121W	852.0	-2.86518639736	148.444835681	-13.2449127803	4260.0	5	21300.0
4932.YKL122C	167.0	-2.63394035998	126.347305389	-10.1191231383	835.0	325	271375.0
4932.YKL125W	627.0	-2.86490070109	143.089314194	-13.5796226032	3135.0	31	97185.0
4932.YKL126W	680.0	-2.85892863205	132.002941177	-8.89745102217	3400.0	30	102000.0
4932.YKL127W	570.0	-2.86091997499	129.429824561	-8.89833606865	2850.0	23	65550.0
4932.YKL130C	246.0	-2.80603304036	138.012195122	-10.5384878318	1230.0	2258	2777340.0
4932.YKL135C	726.0	-2.83718900553	135.154269973	-9.46153167811	3630.0	71	257730.0
4932.YKL137W	111.0	-2.8146433763	175.747747748	-13.12207899	555.0	5	2775.0
4932.YKL139W	528.0	-2.84793633764	145.895833333	-11.0081296086	2640.0	22	58080.0
4932.YKL140W	548.0	-2.87348086139	145.319343066	-11.1464360846	2740.0	29	79460.0
4932.YKL141W	198.0	-2.7320531251	133.373737374	-13.1424169816	990.0	24	23760.0
4932.YKL142W	219.0	-2.69327102741	112.99086758	-9.27314281672	1095.0	48	52560.0
4932.YKL144C	212.0	-2.87023691288	141.056603774	-13.2670528261	1060.0	142	150520.0
4932.YKL145W	467.0	-2.8388575056	122.284796574	-7.93805101039	2335.0	9	21015.0
4932.YKL148C	640.0	-2.88401551688	139.184375	-9.35068679808	3200.0	62	198400.0
4932.YKL150W	302.0	-2.85111470455	138.182119206	-8.95601028872	1510.0	53	80030.0
4932.YKL151C	337.0	-2.87164211071	147.026706232	-11.1695081688	1685.0	54	90990.0
4932.YKL152C	247.0	-2.79810663	125.805668016	-5.44079589413	1235.0	-738	-911430.0
4932.YKL154W	244.0	-2.77325829958	118.114754098	-9.90920717265	1220.0	51	62220.0
4932.YKL155C	628.0	-2.86768005876	138.941082803	-10.7342081264	3140.0	47	147580.0
4932.YKL157W	935.0	-2.88140776769	142.945454546	-7.83429481337	4675.0	36	168300.0
4932.YKL159C	211.0	-2.83156300389	138.990521327	-13.6051271573	1055.0	45	47475.0
4932.YKL160W	145.0	-2.71621952828	138.820689655	-10.6308254944	725.0	119	86275.0
4932.YKL164C	341.0	-2.61699848342	105.806451613	-9.76178151577	1705.0	2	3410.0
4932.YKL165C	919.0	-2.850729575	141.587595212	-9.37468883254	4595.0	657	3018915.0
4932.YKL166C	398.0	-2.90987114755	147.766331658	-9.9321254253	1990.0	24	47760.0
4932.YKL170W	138.0	-2.75651754308	144.101449275	-11.4927611527	690.0	-122	-84180.0
4932.YKL173W	1008.0	-2.85102674853	130.325396826	-9.97849524732	5040.0	52	262080.0
4932.YKL176C	828.0	-2.83119960289	133.899758454	-14.6883384433	4140.0	6	24840.0
4932.YKL179C	679.0	-2.7437767192	126.64359352	-9.9095078091	3395.0	23	78085.0
4932.YKL181W	427.0	-2.85342018493	128.032786885	-8.63038039126	2135.0	44	93940.0
4932.YKL182W	2051.0	-2.87563530496	127.897610921	-5.05307064299	10255.0	-66	-676830.0
4932.YKL189W	399.0	-2.85090417964	143.373433584	-11.8733038428	1995.0	19	37905.0
4932.YKL191W	534.0	-2.88078511525	134.462546816	-9.84322758628	2670.0	448	1196160.0
4932.YKL192C	125.0	-2.77185133695	114.424	-9.20956413137	625.0	-3127	-1954375.0
4932.YKL193C	338.0	-2.64551824443	129.227810651	-9.67639443347	1690.0	89	150410.0
4932.YKL194C	462.0	-2.90951333928	155.913419914	-12.4069541535	2310.0	134	309540.0
4932.YKL195W	403.0	-2.74058562272	129.875930521	-9.68849839856	2015.0	22	44330.0
4932.YKL197C	1043.0	-2.86358714681	134.516778523	-10.2527291615	5215.0	57	297255.0
4932.YKL204W	632.0	-2.76748392655	127.303797468	-9.26597032212	3160.0	25	79000.0
4932.YKL205W	1100.0	-2.79638716567	141.865454545	-10.0928525155	5500.0	25	137500.0
4932.YKL206C	267.0	-2.83524588458	142.786516854	-10.8380661531	1335.0	-647	-863745.0
4932.YKL209C	1290.0	-2.86308390305	140.16744186	-8.85171627405	6450.0	186	1199700.0
4932.YKL210W	1024.0	-2.84344599978	124.017578125	-6.37243811022	5120.0	114	583680.0
4932.YKL211C	484.0	-2.87007203939	132.966942149	-8.08284556794	2420.0	518	1253560.0
4932.YKL212W	623.0	-2.88438127903	138.685393258	-7.80604201766	3115.0	57	177555.0
4932.YKL213C	715.0	-2.84779206527	134.436363636	-9.45998001108	3575.0	23	82225.0
4932.YKL214C	203.0	-2.81039403286	136.645320197	-10.7974610913	1015.0	247	250705.0
4932.YKL216W	314.0	-2.82174677766	121.700636943	-6.47127578011	1570.0	203	318710.0
4932.YKL217W	616.0	-2.88990747145	145.160714286	-13.0001915439	3080.0	29	89320.0
4932.YKL219W	407.0	-2.8962012085	174.027027027	-12.7475177104	2035.0	871	1772485.0
4932.YKR001C	704.0	-2.81629332594	118.46875	-7.66034145976	3520.0	79	278080.0
4932.YKR002W	568.0	-2.87848899793	135.110915493	-9.98750637044	2840.0	23	65320.0
4932.YKR003W	448.0	-2.87729710478	142.935267857	-9.68129918013	2240.0	81	181440.0
4932.YKR004C	377.0	-2.84856744091	156.159151193	-13.3959809344	1885.0	53	99905.0
4932.YKR006C	264.0	-2.82813838368	139.492424243	-9.75327987749	1320.0	68	89760.0
4932.YKR007W	184.0	-2.78744926138	121.326086957	-10.7245462679	920.0	88	80960.0
4932.YKR008W	625.0	-2.82407162432	137.6528	-8.83255348748	3125.0	55	171875.0
4932.YKR011C	353.0	-2.84495096958	158.580736543	-12.81882597	1765.0	71	125315.0
4932.YKR013W	329.0	-2.63579275027	117.641337386	-12.2067725604	1645.0	32	52640.0
4932.YKR014C	234.0	-2.82445989796	125.269230769	-8.8696465234	1170.0	773	904410.0
4932.YKR016W	540.0	-2.76115382896	132.053703704	-10.040097374	2700.0	176	475200.0
4932.YKR018C	725.0	-2.82539701543	131.944827586	-8.84043236474	3625.0	19	68875.0
4932.YKR023W	530.0	-2.8098518256	143.0	-10.7348290385	2650.0	31	82150.0
4932.YKR024C	742.0	-2.8724324858	138.894878706	-9.87199474558	3710.0	48	178080.0
4932.YKR025W	282.0	-2.78320080468	121.255319149	-10.4439244129	1410.0	43	60630.0
4932.YKR026C	305.0	-2.85074413425	123.298360656	-9.9190955878	1525.0	-73	-111325.0
4932.YKR027W	765.0	-2.85991298511	146.352941177	-11.0835942203	3825.0	20	76500.0
4932.YKR029C	751.0	-2.84572164464	143.898801598	-11.0244976164	3755.0	3	11265.0
4932.YKR031C	1683.0	-2.87222398595	148.291740939	-9.7187737996	8415.0	19	159885.0
4932.YKR035W-A	204.0	-2.68457923347	128.12254902	-10.3362574707	1020.0	100	102000.0
4932.YKR036C	643.0	-2.86314164621	139.298600311	-11.8005393806	3215.0	34	109310.0
4932.YKR037C	295.0	-2.83693008837	131.508474576	-10.9672240314	1475.0	172	253700.0
4932.YKR038C	386.0	-2.89249273128	142.03626943	-10.211374428	1930.0	279	538470.0
4932.YKR043C	271.0	-2.88982074159	140.206642066	-8.66273282296	1355.0	-131	-177505.0
4932.YKR046C	283.0	-2.76048807895	123.293286219	-10.0733866603	1415.0	43	60845.0
4932.YKR048C	417.0	-2.78928621022	123.803357314	-8.27388848805	2085.0	108	225180.0
4932.YKR052C	304.0	-2.87919729516	145.608552632	-10.8053083354	1520.0	62	94240.0
4932.YKR057W	87.0	-2.76802074575	128.103448276	-7.73689062263	435.0	-167	-72645.0
4932.YKR059W	395.0	-2.83332054365	118.964556962	-6.75775139293	1975.0	-1505	-2972375.0
4932.YKR060W	274.0	-2.79945741515	137.372262774	-10.7399316447	1370.0	26	35620.0
4932.YKR062W	328.0	-2.79205524375	135.341463415	-11.4152131803	1640.0	30	49200.0
4932.YKR064W	863.0	-2.89595715737	160.337195828	-12.900735425	4315.0	109	470335.0
4932.YKR065C	197.0	-2.81849111855	131.126903553	-10.2196364919	985.0	45	44325.0
4932.YKR066C	361.0	-2.86146482906	140.936288088	-9.86548031115	1805.0	-410	-740050.0
4932.YKR067W	743.0	-2.84810511555	127.491251682	-9.34112977234	3715.0	24	89160.0
4932.YKR068C	193.0	-2.86293702433	155.823834197	-11.1135813545	965.0	44	42460.0
4932.YKR070W	352.0	-2.85621669961	127.852272728	-11.0108693716	1760.0	71	124960.0
4932.YKR071C	348.0	-2.7800476703	138.103448276	-9.77754115878	1740.0	59	102660.0
4932.YKR072C	562.0	-2.80671734184	130.59430605	-9.37330053833	2810.0	38	106780.0
4932.YKR074W	155.0	-2.75986808571	149.522580645	-10.8319352894	775.0	-182	-141050.0
4932.YKR076W	370.0	-2.89945535549	157.410810811	-12.0634507406	1850.0	39	72150.0
4932.YKR079C	838.0	-2.86876018449	143.951073986	-10.147108504	4190.0	48	201120.0
4932.YKR080W	320.0	-2.84568142924	137.909375	-8.43886496722	1600.0	197	315200.0
4932.YKR081C	344.0	-2.82251418341	139.950581396	-9.50884466153	1720.0	166	285520.0
4932.YKR082W	1157.0	-2.82718756726	139.531547104	-8.55583610566	5785.0	15	86775.0
4932.YKR084C	611.0	-2.87255228378	132.5400982	-9.67281473982	3055.0	43	131365.0
4932.YKR085C	195.0	-2.88600640379	150.784615384	-11.4099497881	975.0	82	79950.0
4932.YKR087C	345.0	-2.9056331822	146.4	-13.3560256642	1725.0	70	120750.0
4932.YKR089C	910.0	-2.85193453106	134.026373626	-10.4376000813	4550.0	17	77350.0
4932.YKR092C	406.0	-1.95361673123	97.6871921183	-8.64514896484	2030.0	206	418180.0
4932.YKR093W	601.0	-2.8934099778	148.885191348	-10.5059457104	3005.0	23	69115.0
4932.YKR094C	128.0	-2.7821453755	144.742187499	-7.58839558372	640.0	-77	-49280.0
4932.YKR099W	811.0	-2.81401620251	133.530209618	-10.5483994926	4055.0	2	8110.0
4932.YLL001W	757.0	-2.81490258803	121.439894319	-9.69300197122	3785.0	31	117335.0
4932.YLL006W	426.0	-2.83729107423	132.321596244	-12.5918514815	2130.0	42	89460.0
4932.YLL007C	665.0	-2.81436090981	135.62255639	-13.0673569826	3325.0	41	136325.0
4932.YLL010C	427.0	-2.79216460546	126.522248244	-10.1962489606	2135.0	758	1618330.0
4932.YLL011W	489.0	-2.87843824965	151.756646217	-9.29956658025	2445.0	29	70905.0
4932.YLL013C	879.0	-2.81188854268	131.409556314	-9.14023483368	4395.0	326	1432770.0
4932.YLL014W	108.0	-2.80152841646	141.092592593	-11.3965507459	540.0	20	10800.0
4932.YLL018C-A	98.0	-2.83405793421	173.836734694	-11.1064861961	490.0	5	2450.0
4932.YLL019C	737.0	-2.86934879957	142.987788331	-11.5658404687	3685.0	34	125290.0
4932.YLL021W	1466.0	-2.78038864353	121.690995908	-10.0257277821	7330.0	-162	-1187460.0
4932.YLL022C	385.0	-2.79782372551	121.158441558	-10.601241565	1925.0	188	361900.0
4932.YLL026W	908.0	-2.80038993823	115.912995595	-6.36311430121	4540.0	61	276940.0
4932.YLL028W	586.0	-2.85746323271	136.955631399	-8.66264740409	2930.0	181	530330.0
4932.YLL031C	1017.0	-2.85305391901	144.417895772	-9.4639400742	5085.0	-110	-559350.0
4932.YLL032C	825.0	-2.84729238249	136.493333333	-10.1341135469	4125.0	27	111375.0
4932.YLL034C	837.0	-2.79568501296	115.855436081	-9.69616575446	4185.0	20	83700.0
4932.YLL036C	503.0	-2.86226297875	138.306163022	-9.98815949021	2515.0	253	636295.0
4932.YLL038C	247.0	-2.78900105269	122.04048583	-10.7620027116	1235.0	55	67925.0
4932.YLL039C	381.0	-2.69841745087	112.826771654	-8.62730746919	1905.0	13	24765.0
4932.YLL040C	3144.0	-2.85622188702	133.697201018	-8.06525173378	15720.0	-203	-3191160.0
4932.YLL043W	669.0	-2.89309464792	140.726457399	-9.83411707043	3345.0	30	100350.0
4932.YLL045C	256.0	-2.75170760984	122.7890625	-6.27490697676	1280.0	80	102400.0
4932.YLL050C	143.0	-2.77981232106	122.454545455	-8.28579541749	715.0	-226	-161590.0
4932.YLL054C	769.0	-2.84083099057	145.032509753	-12.4327281515	3845.0	45	173025.0
4932.YLL060C	233.0	-2.87703636092	139.502145923	-12.6760124094	1165.0	24	27960.0
4932.YLL062C	324.0	-2.88238230852	142.200617284	-13.1164338546	1620.0	463	750060.0
4932.YLR001C	862.0	-2.82288624004	130.223897912	-10.453976476	4310.0	36	155160.0
4932.YLR002C	663.0	-2.80941766714	128.190045249	-9.17087973709	3315.0	44	145860.0
4932.YLR003C	291.0	-2.71307710282	124.072164948	-11.663461206	1455.0	31	45105.0
4932.YLR005W	461.0	-2.901673469	156.301518438	-11.3676280087	2305.0	16	36880.0
4932.YLR006C	712.0	-2.84298393592	126.412921349	-10.4175460001	3560.0	11	39160.0
4932.YLR015W	505.0	-2.88490022682	143.542574257	-13.2594614143	2525.0	33	83325.0
4932.YLR016C	204.0	-2.85573588962	147.995098039	-13.1252126379	1020.0	40	40800.0
4932.YLR017W	337.0	-2.91356030478	145.908011869	-9.63266010234	1685.0	26	43810.0
4932.YLR020C	538.0	-2.88731982178	153.992565056	-10.5999745293	2690.0	61	164090.0
4932.YLR021W	179.0	-2.85403147944	134.458100559	-13.76511637	895.0	29	25955.0
4932.YLR022C	250.0	-2.8153653504	140.144	-9.49187992784	1250.0	21	26250.0
4932.YLR025W	240.0	-2.69926094798	124.433333333	-10.1082867176	1200.0	324	388800.0
4932.YLR026C	340.0	-2.77765863637	126.564705883	-11.5815677177	1700.0	49	83300.0
4932.YLR027C	418.0	-2.88085546851	135.849282296	-7.78944465982	2090.0	205	428450.0
4932.YLR028C	591.0	-2.86391698193	126.137055838	-7.91899605945	2955.0	59	174345.0
4932.YLR032W	1169.0	-2.85772213294	138.461933276	-12.0330355654	5845.0	84	490980.0
4932.YLR033W	502.0	-2.83784969551	137.848605578	-9.54420661979	2510.0	46	115460.0
4932.YLR038C	83.0	-2.92357323037	208.228915663	-10.4703124034	415.0	7	2905.0
4932.YLR039C	1056.0	-2.83088365098	148.799242424	-11.6492835931	5280.0	54	285120.0
4932.YLR044C	563.0	-2.86043232843	127.010657194	-3.58724275251	2815.0	29	81635.0
4932.YLR045C	888.0	-2.81369075054	130.373873874	-9.81004067505	4440.0	19	84360.0
4932.YLR050C	161.0	-2.82465764692	168.49689441	-10.9984314624	805.0	60	48300.0
4932.YLR052W	250.0	-2.77940695339	130.984	-10.6063247551	1250.0	65	81250.0
4932.YLR055C	602.0	-2.82157204338	130.529900332	-10.7495480623	3010.0	-541	-1628410.0
4932.YLR056W	365.0	-2.89621527441	166.501369863	-8.49550634348	1825.0	45	82125.0
4932.YLR059C	269.0	-2.91177732233	149.055762082	-10.2497747018	1345.0	66	88770.0
4932.YLR060W	595.0	-2.88040527875	135.492436975	-6.87180244267	2975.0	44	130900.0
4932.YLR061W	121.0	-2.7543809436	127.016528925	-7.03652551883	605.0	207	125235.0
4932.YLR063W	365.0	-2.87632999202	146.865753425	-11.7416756217	1825.0	-384	-700800.0
4932.YLR064W	273.0	-2.76654015329	146.73992674	-9.62328626612	1365.0	9	12285.0
4932.YLR068W	151.0	-2.55952225603	135.397350993	-11.6676561136	755.0	34	25670.0
4932.YLR069C	761.0	-2.87408999697	126.989487517	-9.30935329626	3805.0	-5393	-20520365.0
4932.YLR071C	1082.0	-2.84261927009	138.267097967	-10.2283942097	5410.0	61	330010.0
4932.YLR072W	693.0	-2.87679536622	139.831168831	-13.1589627263	3465.0	10	34650.0
4932.YLR074C	166.0	-2.78034081187	134.054216867	-10.1533260448	830.0	49	40670.0
4932.YLR077W	583.0	-2.91011728677	154.799313893	-12.8300197139	2915.0	43	125345.0
4932.YLR079W	284.0	-2.77730838324	113.830985915	-13.6360454928	1420.0	33	46860.0
4932.YLR082C	392.0	-2.82789661994	137.790816327	-12.112390162	1960.0	67	131320.0
4932.YLR084C	1220.0	-2.77243809464	124.629508197	-8.85902351797	6100.0	55	335500.0
4932.YLR085C	438.0	-2.90511808152	148.335616439	-13.2448880029	2190.0	21	45990.0
4932.YLR086W	1418.0	-2.77145808417	126.288434415	-9.77267619103	7090.0	36	255240.0
4932.YLR088W	614.0	-2.84719592779	138.985342019	-10.079014285	3070.0	52	159640.0
4932.YLR089C	592.0	-2.86923830437	129.702702703	-9.56084605628	2960.0	78	230880.0
4932.YLR093C	253.0	-2.85377167052	144.24110672	-11.5572589594	1265.0	46	58190.0
4932.YLR095C	812.0	-2.88699501333	142.93226601	-10.032973542	4060.0	12	48720.0
4932.YLR097C	344.0	-2.88130798178	163.468023256	-10.564811371	1720.0	26	44720.0
4932.YLR098C	648.0	-2.84117703444	140.179012346	-13.8557689902	3240.0	65	210600.0
4932.YLR100W	347.0	-2.84394104727	133.925072046	-9.55121559657	1735.0	32	55520.0
4932.YLR103C	650.0	-2.81945410658	131.084615385	-11.6353654433	3250.0	78	253500.0
4932.YLR104W	131.0	-2.85949553782	179.641221374	-11.9131170984	655.0	85	55675.0
4932.YLR105C	377.0	-2.891780086	153.098143236	-14.0028325606	1885.0	28	52780.0
4932.YLR107W	404.0	-2.85052845112	146.301980198	-14.1160137769	2020.0	80	161600.0
4932.YLR108C	485.0	-2.86537902391	149.577319588	-11.1891651096	2425.0	18	43650.0
4932.YLR109W	176.0	-2.82784875015	140.1875	-5.43803633419	880.0	-106	-93280.0
4932.YLR110C	133.0	-2.44078474137	103.992481203	-6.74032122319	665.0	26	17290.0
4932.YLR113W	435.0	-2.89544452101	140.172413794	-8.87951938632	2175.0	273	593775.0
4932.YLR114C	764.0	-2.80686278498	131.844240838	-9.2356737906	3820.0	112	427840.0
4932.YLR115W	859.0	-2.82432144024	130.421420256	-10.3334816678	4295.0	12	51540.0
4932.YLR116W	476.0	-2.82495902801	125.905462186	-10.5395100282	2380.0	39	92820.0
4932.YLR117C	687.0	-2.845746155	152.077147016	-12.1662749431	3435.0	31	106485.0
4932.YLR118C	227.0	-2.8485333186	133.955947137	-10.6590768543	1135.0	-150	-170250.0
4932.YLR119W	213.0	-2.78832497916	142.079812207	-14.8036767254	1065.0	66	70290.0
4932.YLR120C	569.0	-2.74095386763	113.240773287	-11.744351241	2845.0	11	31295.0
4932.YLR121C	508.0	-2.76234448829	117.938976378	-11.7347142759	2540.0	7	17780.0
4932.YLR126C	251.0	-2.88072087744	147.258964144	-11.9604656617	1255.0	27	33885.0
4932.YLR129W	943.0	-2.85011849888	143.313891835	-9.97226620271	4715.0	41	193315.0
4932.YLR130C	422.0	-2.86073213458	134.642180095	-10.699830133	2110.0	55	116050.0
4932.YLR131C	770.0	-2.82963853461	137.364935065	-12.0073036363	3850.0	3	11550.0
4932.YLR133W	582.0	-2.86963843517	137.99484536	-10.4207397301	2910.0	64	186240.0
4932.YLR135W	748.0	-2.80397081171	123.097593583	-14.2357144006	3740.0	31	115940.0
4932.YLR137W	367.0	-2.83390712152	129.504087193	-13.3099032287	1835.0	48	88080.0
4932.YLR141W	363.0	-2.81651487856	142.429752066	-12.9884202236	1815.0	11	19965.0
4932.YLR143W	685.0	-2.8882611273	145.557664234	-10.9974768343	3425.0	27	92475.0
4932.YLR144C	779.0	-2.89551243591	144.709884468	-10.2320499568	3895.0	22	85690.0
4932.YLR146C	300.0	-2.89924456715	141.413333333	-11.6936676691	1500.0	82	123000.0
4932.YLR148W	918.0	-2.79809037253	154.505446623	-9.80280433924	4590.0	52	238680.0
4932.YLR150W	273.0	-2.66924862053	111.82051282	-6.42151037181	1365.0	184	251160.0
4932.YLR154C	110.0	-2.75045950895	119.081818182	-13.6682033568	550.0	18	9900.0
4932.YLR163C	462.0	-2.84396368832	121.79004329	-9.78575569796	2310.0	1961	4529910.0
4932.YLR166C	871.0	-2.77586613648	131.777267509	-9.30855453951	4355.0	58	252590.0
4932.YLR168C	230.0	-2.89159759946	161.986956521	-11.3930068938	1150.0	72	82800.0
4932.YLR172C	300.0	-2.86699895639	136.41	-9.47089906852	1500.0	403	604500.0
4932.YLR174W	412.0	-2.85610467141	133.946601942	-10.8009210819	2060.0	69	142140.0
4932.YLR175W	483.0	-2.79919382224	142.540372671	-7.55357279449	2415.0	30	72450.0
4932.YLR177W	628.0	-2.83150138449	133.070063694	-11.335375635	3140.0	13	40820.0
4932.YLR178C	219.0	-2.86979680263	142.584474886	-10.2390101233	1095.0	55	60225.0
4932.YLR179C	201.0	-2.85535298359	136.870646766	-8.50942076933	1005.0	66	66330.0
4932.YLR181C	330.0	-2.77136748147	136.115151515	-10.8433093119	1650.0	32	52800.0
4932.YLR182W	803.0	-2.80573226949	130.856787049	-9.63829027856	4015.0	17	68255.0
4932.YLR185W	88.0	-2.61401486215	181.715909092	-7.78603600004	440.0	316	139040.0
4932.YLR187W	1026.0	-2.82729243385	128.524366472	-9.89760609603	5130.0	14	71820.0
4932.YLR188W	695.0	-2.80221487711	112.01294964	-10.7291675787	3475.0	22	76450.0
4932.YLR189C	1198.0	-2.87328835317	135.069282137	-12.1072197068	5990.0	220	1317800.0
4932.YLR190W	491.0	-2.77653088935	123.519348269	-11.4013538594	2455.0	26	63830.0
4932.YLR192C	265.0	-2.74035232097	122.558490566	-8.60210584958	1325.0	36	47700.0
4932.YLR196W	576.0	-2.83779002947	134.109375	-8.0589200106	2880.0	46	132480.0
4932.YLR197W	504.0	-2.76325873485	129.634920635	-7.09821482729	2520.0	18	45360.0
4932.YLR199C	276.0	-2.83371307312	135.22826087	-11.0172593785	1380.0	95	131100.0
4932.YLR200W	114.0	-2.67260578874	115.815789474	-10.4770746303	570.0	112	63840.0
4932.YLR203C	436.0	-2.91376394773	153.493119266	-9.25644994328	2180.0	87	189660.0
4932.YLR206W	613.0	-2.65932799384	129.831973899	-9.45561802347	3065.0	18	55170.0
4932.YLR208W	297.0	-2.83613761031	157.922558923	-8.71323978773	1485.0	-282	-418770.0
4932.YLR209C	311.0	-2.86689567225	129.575562701	-11.3352754533	1555.0	31	48205.0
4932.YLR212C	473.0	-2.85708754327	129.754756871	-9.7075059309	2365.0	41	96965.0
4932.YLR214W	686.0	-2.90208163767	160.568513119	-10.2255367012	3430.0	220	754600.0
4932.YLR215C	360.0	-2.85700272835	142.694444444	-11.6731730916	1800.0	93	167400.0
4932.YLR216C	371.0	-2.83286677452	138.760107817	-6.29332351796	1855.0	89	165095.0
4932.YLR219W	728.0	-2.77618738825	126.10989011	-9.84673155691	3640.0	92	334880.0
4932.YLR220W	322.0	-2.73254163982	105.291925466	-12.2871612299	1610.0	2	3220.0
4932.YLR221C	220.0	-2.66869178899	114.359090909	-10.6688550006	1100.0	83	91300.0
4932.YLR222C	817.0	-2.85951730718	140.122399021	-8.72500097892	4085.0	53	216505.0
4932.YLR225C	407.0	-2.84263381858	145.272727273	-10.5111614953	2035.0	167	339845.0
4932.YLR228C	814.0	-2.82483511991	130.407862408	-12.4372635097	4070.0	2	8140.0
4932.YLR231C	453.0	-2.8941611638	138.783664459	-9.93122344491	2265.0	64	144960.0
4932.YLR234W	656.0	-2.91225729733	145.629573171	-11.8634492016	3280.0	27	88560.0
4932.YLR237W	598.0	-2.88155459392	162.133779264	-11.0942775551	2990.0	33	98670.0
4932.YLR238W	478.0	-2.80450386955	131.466527197	-13.9807801023	2390.0	2	4780.0
4932.YLR240W	875.0	-2.84254346787	137.446857143	-9.61195626579	4375.0	22	96250.0
4932.YLR244C	387.0	-2.91073162293	161.025839793	-8.0102221191	1935.0	669	1294515.0
4932.YLR245C	142.0	-2.88251526027	166.140845071	-11.2133843139	710.0	-419	-297490.0
4932.YLR248W	610.0	-2.82879480247	127.88852459	-8.80707801717	3050.0	72	219600.0
4932.YLR249W	1044.0	-2.86371075336	131.704980843	-3.95777706312	5220.0	191	997020.0
4932.YLR250W	234.0	-2.78962807452	149.512820513	-10.3691871757	1170.0	26	30420.0
4932.YLR253W	569.0	-2.90375136048	154.565905097	-11.2003806801	2845.0	53	150785.0
4932.YLR257W	321.0	-2.724405171	115.68847352	-8.61606464363	1605.0	21	33705.0
4932.YLR260W	687.0	-2.85241361635	140.612809316	-12.7722818223	3435.0	3	10305.0
4932.YLR264W	67.0	-2.56920354575	97.5074626864	-8.36350684385	335.0	110	36850.0
4932.YLR268W	214.0	-2.83456153847	144.144859813	-10.8586441137	1070.0	17	18190.0
4932.YLR270W	350.0	-2.88691885825	152.371428571	-9.33124237809	1750.0	38	66500.0
4932.YLR272C	1176.0	-2.81213928717	133.440476191	-11.7222917235	5880.0	-2499	-14694120.0
4932.YLR274W	775.0	-2.83347315883	121.369032258	-10.2154813767	3875.0	43	166625.0
4932.YLR277C	779.0	-2.87083918064	133.154043646	-10.2718486951	3895.0	34	132430.0
4932.YLR278C	1341.0	-2.84152581341	140.675615213	-10.8752888984	6705.0	25	167625.0
4932.YLR285W	261.0	-2.84245423948	141.088122605	-10.0042577067	1305.0	-229	-298845.0
4932.YLR287C	355.0	-2.77846718048	134.143661972	-9.59302227533	1775.0	83	147325.0
4932.YLR290C	277.0	-2.85172844339	133.682310469	-11.4553821604	1385.0	34	47090.0
4932.YLR291C	381.0	-2.8602267733	123.750656168	-9.23156021245	1905.0	124	236220.0
4932.YLR295C	124.0	-2.76433534246	123.241935484	-9.11864652525	620.0	142	88040.0
4932.YLR299W	660.0	-2.87668550648	137.537878788	-12.2613133975	3300.0	18	59400.0
4932.YLR300W	448.0	-2.90893835363	159.276785714	-8.84406114952	2240.0	15	33600.0
4932.YLR301W	244.0	-2.82947895671	134.430327869	-8.62602618939	1220.0	-944	-1151680.0
4932.YLR304C	778.0	-2.86728545574	131.235218509	-6.70985806512	3890.0	72	280080.0
4932.YLR305C	1900.0	-2.8586013406	135.144736842	-10.8686944926	9500.0	27	256500.0
4932.YLR309C	911.0	-2.61321119024	127.636663008	-9.4598240171	4555.0	219	997545.0
4932.YLR310C	1589.0	-2.81861753312	133.159848961	-11.5536415602	7945.0	16	127120.0
4932.YLR312W-A	253.0	-2.82070879222	137.003952569	-10.400853827	1265.0	453	573045.0
4932.YLR315W	153.0	-2.64437129766	119.111111111	-11.6932969124	765.0	-294	-224910.0
4932.YLR319C	788.0	-2.82890293567	129.338832487	-10.1351576894	3940.0	35	137900.0
4932.YLR321C	426.0	-2.85738719689	139.755868544	-9.76903418628	2130.0	5	10650.0
4932.YLR324W	523.0	-2.82944657336	134.038240918	-10.3882313102	2615.0	54	141210.0
4932.YLR328W	401.0	-2.88372484565	143.815461346	-10.1367646433	2005.0	60	120300.0
4932.YLR330W	671.0	-2.73098092705	116.658718331	-9.67578354764	3355.0	228	764940.0
4932.YLR332W	376.0	-2.52152443278	110.287234043	-9.17796388848	1880.0	53	99640.0
4932.YLR333C	108.0	-2.6145265643	131.148148148	-7.26783513663	540.0	427	230580.0
4932.YLR335W	720.0	-2.65917140183	110.798611111	-8.70656308656	3600.0	21	75600.0
4932.YLR336C	899.0	-2.78920517985	133.006674082	-9.75864750421	4495.0	51	229245.0
4932.YLR344W	127.0	-2.66273215547	112.858267717	-7.32801797838	635.0	358	227330.0
4932.YLR345W	509.0	-2.87405183203	139.194499018	-10.7194914184	2545.0	73	185785.0
4932.YLR347C	861.0	-2.83139881935	122.914053426	-7.08640834336	4305.0	36	154980.0
4932.YLR348C	298.0	-2.86119827791	138.332214765	-10.7400621542	1490.0	398	593020.0
4932.YLR350W	216.0	-2.84891974471	139.356481482	-10.4251487145	1080.0	76	82080.0
4932.YLR351C	291.0	-2.87731266359	130.47766323	-10.3953538335	1455.0	-814	-1184370.0
4932.YLR352W	807.0	-2.87754869468	152.177199504	-11.3893578024	4035.0	7	28245.0
4932.YLR354C	335.0	-2.79132662142	119.050746269	-7.00859315741	1675.0	136	227800.0
4932.YLR355C	395.0	-2.87270661192	133.602531646	-5.89517032218	1975.0	350	691250.0
4932.YLR356W	197.0	-2.7098379072	106.563451776	-12.2058916479	985.0	15	14775.0
4932.YLR357W	889.0	-2.8739853396	134.004499438	-9.37666473819	4445.0	23	102235.0
4932.YLR362W	717.0	-2.86136351207	135.221757322	-12.428465496	3585.0	79	283215.0
4932.YLR363W-A	85.0	-2.36171574807	135.0	-11.200531699	425.0	302	128350.0
4932.YLR364W	109.0	-2.88921803536	155.76146789	-11.7696393611	545.0	16	8720.0
4932.YLR367W	130.0	-2.84741850898	132.9	-7.4690686731	650.0	181	117650.0
4932.YLR369W	657.0	-2.7834928896	109.395738204	-9.99616826493	3285.0	61	200385.0
4932.YLR370C	178.0	-2.85024656222	137.320224719	-8.83218423387	890.0	51	45390.0
4932.YLR372W	345.0	-2.80910256095	152.162318841	-7.68970846299	1725.0	91	156975.0
4932.YLR373C	901.0	-2.81021751923	131.966703662	-9.53781029368	4505.0	22	99110.0
4932.YLR375W	343.0	-2.85388765249	158.653061224	-12.6694577736	1715.0	20	34300.0
4932.YLR377C	348.0	-2.86847894328	126.284482758	-12.1234942323	1740.0	81	140940.0
4932.YLR378C	480.0	-2.78493347274	116.016666667	-6.88802780341	2400.0	174	417600.0
4932.YLR380W	408.0	-2.88793165523	155.230392157	-9.34439332392	2040.0	66	134640.0
4932.YLR381W	733.0	-2.86464701203	151.724420191	-13.4569091075	3665.0	26	95290.0
4932.YLR382C	894.0	-2.90742157378	147.250559284	-12.0866156886	4470.0	46	205620.0
4932.YLR384C	1349.0	-2.85970479592	129.105263158	-7.82642262662	6745.0	165	1112925.0
4932.YLR385C	132.0	-2.76796715455	134.568181818	-12.9370177754	660.0	-312	-205920.0
4932.YLR386W	880.0	-2.82617535258	131.331818182	-9.70792814075	4400.0	60	264000.0
4932.YLR387C	432.0	-2.87830640913	144.134259259	-9.73055813563	2160.0	43	92880.0
4932.YLR388W	56.0	-2.82324367259	200.232142858	-8.21918632697	280.0	-90	-25200.0
4932.YLR393W	279.0	-2.87664467284	145.577060932	-13.7681733456	1395.0	126	175770.0
4932.YLR396C	691.0	-2.83754120356	137.415340087	-10.4718406033	3455.0	34	117470.0
4932.YLR398C	1287.0	-2.86253407431	130.871017871	-8.63514883823	6435.0	40	257400.0
4932.YLR399C	686.0	-2.82904682447	124.278425656	-8.72192453871	3430.0	59	202370.0
4932.YLR401C	668.0	-2.90817951098	146.22754491	-10.2416163641	3340.0	19	63460.0
4932.YLR403W	683.0	-2.78187643684	148.45534407	-10.309172751	3415.0	15	51225.0
4932.YLR405W	367.0	-2.91689577559	159.084468665	-11.8170701352	1835.0	116	212860.0
4932.YLR406C	113.0	-2.73157543792	124.884955752	-7.60204889095	565.0	265	149725.0
4932.YLR413W	675.0	-2.74186221694	123.93037037	-6.82305641448	3375.0	72	243000.0
4932.YLR414C	263.0	-2.79683874173	146.965779468	-9.812613364	1315.0	-1810	-2380150.0
4932.YLR417W	566.0	-2.84256092983	138.100706714	-12.8727224857	2830.0	166	469780.0
4932.YLR418C	393.0	-2.86989117006	137.203562341	-9.60975070169	1965.0	130	255450.0
4932.YLR419W	1435.0	-2.84196001392	133.323344948	-9.9304305156	7175.0	26	186550.0
4932.YLR420W	364.0	-2.86008971603	137.18956044	-8.56533290348	1820.0	94	171080.0
4932.YLR421C	156.0	-2.79344216469	139.403846153	-9.92952023589	780.0	-102	-79560.0
4932.YLR426W	326.0	-2.83531773135	133.619631902	-13.3724208559	1630.0	51	83130.0
4932.YLR427W	670.0	-2.8684343791	142.977611941	-10.3786908214	3350.0	24	80400.0
4932.YLR429W	651.0	-2.80992503882	123.923195084	-8.49457391334	3255.0	23	74865.0
4932.YLR431C	453.0	-2.75074167606	133.36423841	-12.3375562478	2265.0	24	54360.0
4932.YLR432W	523.0	-2.84579311841	124.063097514	-7.07207127522	2615.0	650	1699750.0
4932.YLR433C	553.0	-2.86526890144	141.582278481	-9.50225662297	2765.0	32	88480.0
4932.YLR435W	205.0	-2.77126325372	136.395121951	-10.0281475619	1025.0	27	27675.0
4932.YLR436C	1274.0	-2.80284568786	138.504709576	-9.77330046893	6370.0	40	254800.0
4932.YLR439W	319.0	-2.84050660015	140.379310345	-10.3924014015	1595.0	-384	-612480.0
4932.YLR440C	709.0	-2.82483479118	141.842031029	-9.98204581244	3545.0	35	124075.0
4932.YLR441C	255.0	-2.78361618791	129.156862745	-6.69477188836	1275.0	334	425850.0
4932.YLR447C	345.0	-2.87185531705	142.539130435	-8.17803293039	1725.0	1348	2325300.0
4932.YLR448W	176.0	-2.70217776587	119.715909091	-7.52245504703	880.0	-413	-363440.0
4932.YLR449W	392.0	-2.7257660375	118.831632653	-8.84889888008	1960.0	11	21560.0
4932.YLR450W	1045.0	-2.85721083758	132.063157895	-9.64977429287	5225.0	93	485925.0
4932.YLR451W	886.0	-2.87355435758	137.862302484	-12.9220791337	4430.0	12	53160.0
4932.YLR452C	698.0	-2.86107846583	149.320916906	-9.87759992413	3490.0	60	209400.0
4932.YLR460C	376.0	-2.81799023406	122.35106383	-13.4217848943	1880.0	9	16920.0
4932.YLR462W	202.0	-2.82018462684	135.539603961	-15.1122469555	1010.0	2	2020.0
4932.YML004C	326.0	-2.89470136085	155.291411043	-10.5556395369	1630.0	85	138550.0
4932.YML005W	462.0	-2.86086495128	141.034632035	-11.0409580873	2310.0	63	145530.0
4932.YML007W	650.0	-2.78283927157	130.12	-9.98968699584	3250.0	23	74750.0
4932.YML008C	383.0	-2.87682130332	144.639686684	-7.22109479992	1915.0	135	258525.0
4932.YML010W	1063.0	-2.82202135796	120.906867356	-7.84753479928	5315.0	3	15945.0
4932.YML011C	177.0	-2.8330953758	145.915254237	-12.2252510033	885.0	4	3540.0
4932.YML012W	211.0	-2.80332209711	121.398104266	-8.392806813	1055.0	215	226825.0
4932.YML013W	584.0	-2.85001127319	133.287671233	-10.2774735515	2920.0	51	148920.0
4932.YML014W	279.0	-2.89683631617	153.609318997	-11.8708683686	1395.0	47	65565.0
4932.YML016C	692.0	-2.81854017901	143.209537572	-9.50280474729	3460.0	50	173000.0
4932.YML017W	593.0	-2.77088965396	130.912310287	-9.17448705188	2965.0	20	59300.0
4932.YML019W	332.0	-2.86134196162	149.331325301	-12.5896398211	1660.0	24	39840.0
4932.YML020W	664.0	-2.87079971957	139.567771084	-9.92677406837	3320.0	19	63080.0
4932.YML021C	359.0	-2.86434412345	145.231197771	-12.6635679833	1795.0	36	64620.0
4932.YML022W	187.0	-2.72252484378	106.219251337	-8.85492782669	935.0	-112	-104720.0
4932.YML024W	136.0	-2.74447456153	122.073529412	-6.96927134316	680.0	-1238	-841840.0
4932.YML025C	286.0	-2.80860246982	111.954545455	-10.4013150635	1430.0	50	71500.0
4932.YML026C	146.0	-2.81978677154	145.636986301	-7.40178955245	730.0	321	234330.0
4932.YML028W	196.0	-2.82018314332	119.341836735	-5.9882483814	980.0	-129	-126420.0
4932.YML029W	838.0	-2.86228622591	134.928400955	-11.1732232315	4190.0	18	75420.0
4932.YML030W	159.0	-2.76098604091	139.603773585	-11.2253194131	795.0	63	50085.0
4932.YML031W	655.0	-2.86557702151	135.741984733	-8.60305330092	3275.0	98	320950.0
4932.YML032C	471.0	-2.84438840243	123.50955414	-10.4390562947	2355.0	27	63585.0
4932.YML034W	834.0	-2.83525787324	135.90527578	-11.7347969509	4170.0	31	129270.0
4932.YML035C	810.0	-2.88447312452	146.054320988	-8.93733788209	4050.0	33	133650.0
4932.YML041C	280.0	-2.82319256192	144.957142857	-13.3221138844	1400.0	75	105000.0
4932.YML042W	670.0	-2.90879323527	152.768656716	-10.1420440848	3350.0	47	157450.0
4932.YML043C	507.0	-2.86432912438	145.861932939	-13.0004737698	2535.0	23	58305.0
4932.YML046W	629.0	-2.83349280416	155.769475358	-11.2289317925	3145.0	62	194990.0
4932.YML048W	403.0	-2.85371769177	135.727047146	-9.63271319975	2015.0	108	217620.0
4932.YML051W	435.0	-2.86268060198	127.937931035	-12.9941867886	2175.0	2856	6211800.0
4932.YML052W	302.0	-2.88380362841	149.390728477	-8.24162393765	1510.0	207	312570.0
4932.YML054C	591.0	-2.85264709949	129.148900169	-10.6490806847	2955.0	54	159570.0
4932.YML055W	178.0	-2.72789527444	133.533707865	-10.1518442071	890.0	76	67640.0
4932.YML056C	524.0	-2.83934183964	127.715648855	-7.59884284289	2620.0	65	170300.0
4932.YML057W	604.0	-2.89041628535	143.567880795	-8.77404406693	3020.0	47	141940.0
4932.YML058W-A	68.0	-2.79960099631	133.882352941	-16.0403431173	340.0	3	1020.0
4932.YML061C	859.0	-2.84343695191	132.402793947	-10.495015357	4295.0	166	712970.0
4932.YML062C	392.0	-2.70354897154	123.112244898	-10.6518022951	1960.0	43	84280.0
4932.YML064C	245.0	-2.83969456891	125.32244898	-10.103075607	1225.0	26	31850.0
4932.YML065W	914.0	-2.84015818685	131.959518599	-10.8747334352	4570.0	85	388450.0
4932.YML067C	352.0	-2.86725079733	137.653409091	-9.72864596487	1760.0	166	292160.0
4932.YML070W	584.0	-2.78572848129	113.647260274	-7.64113503502	2920.0	42	122640.0
4932.YML071C	607.0	-2.7331484097	125.174629324	-10.068998008	3035.0	31	94085.0
4932.YML072C	1545.0	-2.83794963184	129.467313916	-7.14297065352	7725.0	32	247200.0
4932.YML076C	944.0	-2.86687828791	145.57309322	-10.8565038455	4720.0	3	14160.0
4932.YML078W	182.0	-2.83939828486	128.807692308	-9.22410416778	910.0	58	52780.0
4932.YML079W	201.0	-2.83876573438	125.004975124	-11.2618881094	1005.0	76	76380.0
4932.YML080W	423.0	-2.90510071378	147.74468085	-10.4942143567	2115.0	37	78255.0
4932.YML081C-A	59.0	-2.73497090737	133.20338983	-11.3428861579	295.0	63	18585.0
4932.YML081W	1251.0	-2.85515199815	140.355715428	-12.506569823	6255.0	3	18765.0
4932.YML082W	649.0	-2.88476204124	139.799691833	-10.1336923682	3245.0	58	188210.0
4932.YML085C	447.0	-2.89353028425	137.845637583	-7.97931285391	2235.0	41	91635.0
4932.YML086C	526.0	-2.90744060587	149.13878327	-8.22639068432	2630.0	39	102570.0
4932.YML091C	1202.0	-2.80952194473	141.22296173	-9.62633711532	6010.0	2	12020.0
4932.YML092C	250.0	-2.78882985679	112.948	-8.35709541622	1250.0	7987	9983750.0
4932.YML093W	899.0	-2.75085563032	129.153503893	-9.08700529253	4495.0	9	40455.0
4932.YML094W	163.0	-2.71027492298	130.343558282	-10.3566082589	815.0	51	41565.0
4932.YML095C	210.0	-2.82748474348	134.933333333	-11.7922844579	1050.0	42	44100.0
4932.YML096W	525.0	-2.85091123401	131.586666667	-11.5328588129	2625.0	34	89250.0
4932.YML097C	451.0	-2.80585778663	131.44345898	-10.5595723856	2255.0	85	191675.0
4932.YML100W	1098.0	-2.86631270956	131.422586521	-7.46016004649	5490.0	39	214110.0
4932.YML101C	117.0	-2.8079258334	127.076923077	-11.3374575054	585.0	-90	-52650.0
4932.YML102W	468.0	-2.8849238425	136.36965812	-10.437031052	2340.0	45	105300.0
4932.YML103C	1655.0	-2.75471203855	127.023564955	-8.28161540167	8275.0	46	380650.0
4932.YML105C	273.0	-2.83037392797	130.476190476	-9.28728131072	1365.0	66	90090.0
4932.YML109W	942.0	-2.78337593991	125.867303609	-12.5397789745	4710.0	47	221370.0
4932.YML110C	307.0	-2.88738306531	139.827361563	-10.5026894794	1535.0	73	112055.0
4932.YML111W	920.0	-2.84227100621	139.684782608	-12.3548277278	4600.0	2	9200.0
4932.YML112W	296.0	-2.80923749895	156.864864865	-11.1785421282	1480.0	94	139120.0
4932.YML114C	510.0	-2.77647161847	127.811764706	-11.6446697461	2550.0	24	61200.0
4932.YML115C	535.0	-2.88895007003	138.514018691	-10.5253714059	2675.0	2	5350.0
4932.YML117W	1134.0	-2.83632094664	131.32010582	-9.20597165652	5670.0	139	788130.0
4932.YML120C	513.0	-2.82281843582	120.937621832	-8.47828337745	2565.0	43	110295.0
4932.YML123C	587.0	-2.87738077945	138.9318569	-7.8644304776	2935.0	25	73375.0
4932.YML124C	445.0	-2.89750330546	139.44494382	-8.63398653127	2225.0	448	996800.0
4932.YML125C	312.0	-2.84910879615	133.128205128	-8.81183898007	1560.0	-146	-227760.0
4932.YML126C	491.0	-2.87326270231	140.132382892	-6.75675040711	2455.0	46	112930.0
4932.YML128C	513.0	-2.7679635322	162.346978557	-9.88978060643	2565.0	34	87210.0
4932.YML131W	365.0	-2.8011622486	126.276712329	-11.92638771	1825.0	-212	-386900.0
4932.YMR001C	705.0	-2.87894401573	142.049645391	-11.9526742204	3525.0	10	35250.0
4932.YMR002W	156.0	-2.71321134985	128.814102564	-9.13856850268	780.0	-3826	-2984280.0
4932.YMR003W	198.0	-2.80204141459	147.898989899	-13.3204393527	990.0	21	20790.0
4932.YMR004W	511.0	-2.84961628529	142.964774951	-10.867252348	2555.0	18	45990.0
4932.YMR005W	388.0	-2.78428402957	119.595360825	-10.8590869109	1940.0	23	44620.0
4932.YMR006C	706.0	-2.78307156991	126.242209632	-12.3089943393	3530.0	2	7060.0
4932.YMR011W	541.0	-2.84805626469	138.822550832	-7.44831077993	2705.0	-961	-2599505.0
4932.YMR012W	1277.0	-2.82915564503	130.453406421	-6.54013472938	6385.0	44	280940.0
4932.YMR014W	519.0	-2.76094284264	142.903660887	-10.0544991358	2595.0	98	254310.0
4932.YMR016C	785.0	-2.74740205462	125.049681529	-10.9221348257	3925.0	3	11775.0
4932.YMR019W	949.0	-2.90261448585	156.983140147	-11.5634752173	4745.0	3	14235.0
4932.YMR020W	508.0	-2.909805539	143.732283464	-11.945447651	2540.0	54	137160.0
4932.YMR022W	165.0	-2.83075282454	135.454545455	-11.7708719659	825.0	31	25575.0
4932.YMR024W	390.0	-2.86503776406	137.887179487	-9.76823327848	1950.0	94	183300.0
4932.YMR026C	399.0	-2.86580988119	145.859649123	-12.3586651091	1995.0	33	65835.0
4932.YMR027W	470.0	-2.87294393503	146.589361703	-8.97212009742	2350.0	26	61100.0
4932.YMR029C	523.0	-2.75798225134	127.988527725	-10.619198096	2615.0	29	75835.0
4932.YMR031C	843.0	-2.74680838666	124.263345196	-8.02478429222	4215.0	9	37935.0
4932.YMR032W	669.0	-2.86097025099	140.614349776	-9.97306406469	3345.0	32	107040.0
4932.YMR037C	704.0	-2.72399416467	132.146306818	-9.98558123685	3520.0	2	7040.0
4932.YMR038C	249.0	-2.8697423663	143.558232932	-8.31185637254	1245.0	-159	-197955.0
4932.YMR039C	292.0	-2.67864574528	120.047945206	-10.1171781082	1460.0	46	67160.0
4932.YMR043W	286.0	-2.62016910554	132.622377623	-10.2310725583	1430.0	-991	-1417130.0
4932.YMR044W	475.0	-2.79959663051	140.797894737	-12.2623349863	2375.0	16	38000.0
4932.YMR048W	317.0	-2.84036964396	133.277602523	-10.3242156288	1585.0	2	3170.0
4932.YMR049C	807.0	-2.84927962677	137.173482032	-9.28784693818	4035.0	17	68595.0
4932.YMR054W	890.0	-2.89255445501	141.829213483	-10.7118695537	4450.0	33	146850.0
4932.YMR058W	636.0	-2.89508146339	150.405660377	-7.48889232526	3180.0	46	146280.0
4932.YMR060C	327.0	-2.81962102109	141.703363915	-13.3453574241	1635.0	21	34335.0
4932.YMR061W	677.0	-2.84863331791	151.552437224	-10.148005664	3385.0	7	23695.0
4932.YMR064W	518.0	-2.84979595005	141.324324325	-13.1999833248	2590.0	84	217560.0
4932.YMR066W	898.0	-2.80992407018	138.550111359	-9.20764762622	4490.0	38	170620.0
4932.YMR067C	416.0	-2.81440660237	131.716346154	-10.9286728715	2080.0	22	45760.0
4932.YMR070W	490.0	-2.67715282949	154.820408163	-10.1177978903	2450.0	5	12250.0
4932.YMR071C	167.0	-2.79510285595	133.952095809	-9.89188732822	835.0	44	36740.0
4932.YMR072W	183.0	-2.7506704391	141.907103825	-7.8790308396	915.0	91	83265.0
4932.YMR073C	201.0	-2.86283745109	160.641791045	-11.7666078654	1005.0	114	114570.0
4932.YMR074C	145.0	-2.6968625466	103.910344827	-10.3958391024	725.0	-116	-84100.0
4932.YMR075W	684.0	-2.78879004348	152.723684211	-11.6552743202	3420.0	37	126540.0
4932.YMR076C	1277.0	-2.81188667718	131.552858262	-9.72777119586	6385.0	35	223475.0
4932.YMR078C	741.0	-2.86347153297	139.350877193	-14.5224008052	3705.0	35	129675.0
4932.YMR079W	304.0	-2.86977227713	138.924342105	-7.72021908858	1520.0	149	226480.0
4932.YMR080C	971.0	-2.89194318106	137.904222451	-8.48373894312	4855.0	18	87390.0
4932.YMR083W	375.0	-2.83909098954	131.565333333	-7.54466107534	1875.0	-431	-808125.0
4932.YMR086W	960.0	-2.72825811998	119.769791667	-9.36655385891	4800.0	40	192000.0
4932.YMR089C	825.0	-2.84748456652	125.890909091	-9.05448576039	4125.0	29	119625.0
4932.YMR090W	227.0	-2.79505603973	114.925110132	-11.142751308	1135.0	109	123715.0
4932.YMR091C	435.0	-2.83059803094	125.202298851	-9.53157917522	2175.0	116	252300.0
4932.YMR093W	513.0	-2.87595978516	135.099415205	-8.51184242506	2565.0	122	312930.0
4932.YMR102C	834.0	-2.85836710764	140.769784173	-11.163113284	4170.0	23	95910.0
4932.YMR104C	677.0	-2.85524585414	138.248153618	-10.6916097944	3385.0	71	240335.0
4932.YMR105C	569.0	-2.86486883595	134.555360282	-7.59845393019	2845.0	43	122335.0
4932.YMR106C	629.0	-2.83310765315	131.825119237	-9.78533701766	3145.0	16	50320.0
4932.YMR107W	115.0	-2.82323208391	137.626086957	-13.927720126	575.0	27	15525.0
4932.YMR108W	687.0	-2.86765043179	123.876273653	-6.94902841215	3435.0	40	137400.0
4932.YMR109W	1219.0	-2.87844857334	130.594749795	-8.1176416886	6095.0	168	1023960.0
4932.YMR110C	532.0	-2.87056087993	131.981203008	-10.6149543535	2660.0	321	853860.0
4932.YMR111C	462.0	-2.84601532235	124.322510822	-12.3178341729	2310.0	10	23100.0
4932.YMR112C	131.0	-2.72769082689	127.740458015	-12.3605181179	655.0	116	75980.0
4932.YMR113W	427.0	-2.87829145574	142.203747073	-11.6070884586	2135.0	54	115290.0
4932.YMR114C	368.0	-2.85804711472	153.116847826	-13.0149740912	1840.0	49	90160.0
4932.YMR115W	501.0	-2.82225560059	140.363273453	-11.1551412159	2505.0	156	390780.0
4932.YMR116C	319.0	-2.83700966124	141.815047022	-6.0189847547	1595.0	157	250415.0
4932.YMR117C	213.0	-2.66082664895	120.704225352	-10.608444443	1065.0	74	78810.0
4932.YMR120C	592.0	-2.85264421967	122.795608109	-5.80417197368	2960.0	39	115440.0
4932.YMR121C	204.0	-2.75995225658	150.990196078	-7.56393018355	1020.0	142	144840.0
4932.YMR123W	122.0	-2.81132323524	144.827868853	-8.86432219192	610.0	57	34770.0
4932.YMR125W	861.0	-2.83055933276	129.957026713	-8.61009120919	4305.0	65	279825.0
4932.YMR128W	1267.0	-2.85555472069	132.239147593	-8.85986646165	6335.0	393	2489655.0
4932.YMR129W	1337.0	-2.84731449568	132.403889304	-9.41351078001	6685.0	46	307510.0
4932.YMR134W	237.0	-2.7624819106	137.599156118	-10.921357133	1185.0	141	167085.0
4932.YMR135C	455.0	-2.83646983739	141.714285715	-11.255663252	2275.0	156	354900.0
4932.YMR137C	661.0	-2.87026985477	155.231467473	-13.3301485437	3305.0	16	52880.0
4932.YMR139W	370.0	-2.8749165507	148.908108109	-10.5363038172	1850.0	21	38850.0
4932.YMR140W	489.0	-2.85597042857	137.593047035	-10.5653098801	2445.0	19	46455.0
4932.YMR142C	199.0	-2.68226381089	110.643216081	-6.70959010358	995.0	67	66665.0
4932.YMR143W	143.0	-2.75091125606	115.51048951	-7.40530128128	715.0	131	93665.0
4932.YMR146C	347.0	-2.87111793398	147.002881844	-8.38207670963	1735.0	1250	2168750.0
4932.YMR148W	148.0	-2.71386529047	106.398648649	-11.1445438232	740.0	-121	-89540.0
4932.YMR149W	286.0	-2.79625661642	114.297202797	-8.99164437115	1430.0	329	470470.0
4932.YMR152W	365.0	-2.84343862236	149.142465754	-9.84192352532	1825.0	27	49275.0
4932.YMR157C	255.0	-2.81002808983	130.666666666	-10.2631887256	1275.0	26	33150.0
4932.YMR159C	150.0	-2.66245328564	125.873333333	-14.5087456279	750.0	56	42000.0
4932.YMR161W	224.0	-2.78109074396	115.267857143	-11.702337866	1120.0	56	62720.0
4932.YMR162C	1656.0	-2.89077625442	142.325483092	-10.2354161857	8280.0	47	389160.0
4932.YMR165C	862.0	-2.79535118364	119.865429234	-9.98828323355	4310.0	72	310320.0
4932.YMR166C	368.0	-2.88280033367	132.828804348	-13.2744162317	1840.0	32	58880.0
4932.YMR168C	608.0	-2.88369786017	156.555921053	-11.5022579547	3040.0	22	66880.0
4932.YMR169C	506.0	-2.83811720494	125.343873518	-10.2903959026	2530.0	34	86020.0
4932.YMR170C	506.0	-2.83403641933	125.04743083	-10.5749279898	2530.0	-2079	-5259870.0
4932.YMR172W	719.0	-2.79087215413	126.292072322	-12.6587647267	3595.0	3	10785.0
4932.YMR173W	430.0	-2.01629921358	137.423255814	-8.49613054148	2150.0	63	135450.0
4932.YMR174C	68.0	-2.56510260555	149.529411765	-12.7472177825	340.0	-178	-60520.0
4932.YMR178W	274.0	-2.88447184568	148.95620438	-10.1914065126	1370.0	-102	-139740.0
4932.YMR184W	198.0	-2.84944603794	150.45959596	-10.8951454158	990.0	22	21780.0
4932.YMR186W	705.0	-2.75642128812	119.578723405	-6.08883472866	3525.0	109	384225.0
4932.YMR188C	237.0	-2.74615203481	124.556962025	-10.2931801859	1185.0	81	95985.0
4932.YMR189W	1034.0	-2.87877539003	134.994197292	-7.31387015452	5170.0	69	356730.0
4932.YMR192W	720.0	-2.82773321869	132.055555555	-9.83747953886	3600.0	19	68400.0
4932.YMR193W	258.0	-2.7996665681	140.782945737	-10.7244266218	1290.0	433	558570.0
4932.YMR194W	100.0	-2.62771740451	116.07	-7.62548511278	500.0	214	107000.0
4932.YMR196W	1088.0	-2.89662731038	150.268382353	-9.03465537671	5440.0	346	1882240.0
4932.YMR199W	546.0	-2.86730245464	144.556776557	-13.3293314312	2730.0	6	16380.0
4932.YMR200W	256.0	-2.85641545713	142.0	-9.51714548794	1280.0	20	25600.0
4932.YMR201C	371.0	-2.8676067398	149.175202156	-11.4414033109	1855.0	31	57505.0
4932.YMR202W	222.0	-2.8616218431	149.112612612	-9.25262347303	1110.0	29	32190.0
4932.YMR205C	959.0	-2.8658614875	126.138686131	-5.33452380053	4795.0	96	460320.0
4932.YMR208W	443.0	-2.823430899	129.568848758	-9.04266044484	2215.0	43	95245.0
4932.YMR209C	457.0	-2.85524759926	139.525164113	-12.2130779218	2285.0	52	118820.0
4932.YMR214W	377.0	-2.85025361319	138.106100796	-10.4824289192	1885.0	67	126295.0
4932.YMR215W	524.0	-2.76315572901	122.312977099	-9.19653799453	2620.0	17	44540.0
4932.YMR216C	742.0	-2.85861407078	143.30458221	-9.38237078052	3710.0	62	230020.0
4932.YMR218C	1102.0	-2.8417500768	140.021778584	-12.4204286801	5510.0	131	721810.0
4932.YMR220W	451.0	-2.88478099151	139.006651885	-9.36870049269	2255.0	92	207460.0
4932.YMR222C	223.0	-2.83637124097	126.107623319	-10.674995252	1115.0	7	7805.0
4932.YMR223W	471.0	-2.88985201223	180.615711252	-11.5404119955	2355.0	11	25905.0
4932.YMR224C	692.0	-2.86169411363	130.699421965	-13.49531188	3460.0	7	24220.0
4932.YMR225C	98.0	-2.82293879123	153.387755103	-12.7028764437	490.0	51	24990.0
4932.YMR226C	267.0	-2.77580141326	106.97752809	-8.06830935009	1335.0	47	62745.0
4932.YMR227C	590.0	-2.70008015253	122.269491525	-11.7943368201	2950.0	55	162250.0
4932.YMR228W	341.0	-2.89027878222	160.064516129	-12.2398450795	1705.0	36	61380.0
4932.YMR229C	1729.0	-2.78703438638	122.266628109	-6.87602688311	8645.0	15	129675.0
4932.YMR230W	105.0	-2.79688320899	154.628571429	-8.13585313541	525.0	1448	760200.0
4932.YMR231W	1029.0	-2.83909060873	133.666666666	-9.84767086556	5145.0	64	329280.0
4932.YMR233W	226.0	-2.72205215128	131.623893805	-12.4259986325	1130.0	106	119780.0
4932.YMR234W	348.0	-2.84582649321	151.74137931	-13.1255263297	1740.0	25	43500.0
4932.YMR235C	407.0	-2.73784579708	121.353808354	-7.72851744227	2035.0	34	69190.0
4932.YMR236W	157.0	-2.82892453163	129.917197452	-10.4430064073	785.0	93	73005.0
4932.YMR237W	724.0	-2.85767607833	137.330110497	-9.06462879473	3620.0	46	166520.0
4932.YMR239C	471.0	-2.79539372561	130.783439491	-10.1942132794	2355.0	103	242565.0
4932.YMR240C	436.0	-2.85628425521	144.419724771	-12.9610966075	2180.0	54	117720.0
4932.YMR241W	314.0	-2.83347862559	133.127388535	-8.31735376379	1570.0	21	32970.0
4932.YMR242C	172.0	-2.83120360092	149.959302326	-7.29107359269	860.0	137	117820.0
4932.YMR243C	442.0	-2.81970590366	132.660633484	-8.83954654037	2210.0	35	77350.0
4932.YMR244C-A	104.0	-2.79255229163	172.480769231	-11.3973634785	520.0	33	17160.0
4932.YMR247C	1562.0	-2.82283725679	138.776568502	-10.850120114	7810.0	3	23430.0
4932.YMR250W	585.0	-2.90240342626	146.844444445	-9.81353466349	2925.0	62	181350.0
4932.YMR253C	414.0	-2.82511404523	132.987922705	-10.8106994537	2070.0	17	35190.0
4932.YMR255W	188.0	-2.64142870062	148.281914894	-11.042877076	940.0	66	62040.0
4932.YMR258C	553.0	-2.85772247453	151.282097649	-12.2503958971	2765.0	53	146545.0
4932.YMR259C	1420.0	-2.83687334389	142.912676056	-9.22831576097	7100.0	89	631900.0
4932.YMR260C	153.0	-2.74186288269	136.699346405	-8.54409055835	765.0	32	24480.0
4932.YMR261C	1054.0	-2.87539686884	138.445920304	-7.76212979705	5270.0	22	115940.0
4932.YMR262W	313.0	-2.90641688654	157.891373802	-12.2580658131	1565.0	39	61035.0
4932.YMR263W	201.0	-2.77526661488	148.661691542	-12.3229022079	1005.0	-263	-264315.0
4932.YMR264W	203.0	-2.83074767878	121.206896551	-12.8108157164	1015.0	25	25375.0
4932.YMR266W	953.0	-2.86438966339	133.863588667	-8.6232138519	4765.0	42	200130.0
4932.YMR267W	310.0	-2.87351225412	148.183870967	-12.2848566265	1550.0	357	553350.0
4932.YMR268C	444.0	-2.85945641065	139.162162162	-13.5098028807	2220.0	52	115440.0
4932.YMR270C	365.0	-2.80065154547	142.712328767	-12.7486470534	1825.0	9	16425.0
4932.YMR271C	227.0	-2.80160066298	112.859030837	-11.5164232791	1135.0	32	36320.0
4932.YMR272C	384.0	-2.88679962704	172.6015625	-9.63297633901	1920.0	77	147840.0
4932.YMR275C	976.0	-2.83269303908	134.526639344	-11.5369044943	4880.0	10	48800.0
4932.YMR276W	373.0	-2.73861532472	115.764075067	-9.72778758608	1865.0	50	93250.0
4932.YMR277W	732.0	-2.86623803785	139.855191257	-9.7264162782	3660.0	20	73200.0
4932.YMR278W	622.0	-2.91386301864	147.721864952	-9.34451472213	3110.0	26	80860.0
4932.YMR280C	1433.0	-2.82430618835	132.739009072	-13.3100019165	7165.0	11	78815.0
4932.YMR282C	580.0	-2.87033215137	151.746551724	-12.3352203647	2900.0	45	130500.0
4932.YMR284W	602.0	-2.82164754578	140.249169435	-10.930003904	3010.0	20	60200.0
4932.YMR285C	515.0	-2.91371592395	159.926213592	-10.8461927458	2575.0	22	56650.0
4932.YMR286W	86.0	-2.67706051011	113.895348837	-11.6492488661	430.0	-131	-56330.0
4932.YMR287C	969.0	-2.87632194955	140.82868937	-12.8291531879	4845.0	35	169575.0
4932.YMR288W	971.0	-2.8760103772	135.174047374	-11.3323837968	4855.0	27	131085.0
4932.YMR289W	374.0	-2.88490270334	141.890374332	-13.1760968613	1870.0	-456	-852720.0
4932.YMR291W	586.0	-2.87833766085	149.808873721	-8.57527727744	2930.0	14	41020.0
4932.YMR292W	138.0	-2.56876934574	105.456521739	-11.0956793771	690.0	8	5520.0
4932.YMR296C	558.0	-2.87527278163	135.940860215	-8.48694871988	2790.0	-167	-465930.0
4932.YMR297W	532.0	-2.88989185299	149.605263157	-8.86670169347	2660.0	13	34580.0
4932.YMR301C	690.0	-2.8466600593	125.35942029	-10.4334414569	3450.0	34	117300.0
4932.YMR302C	850.0	-2.86025968895	130.243529412	-10.9493977304	4250.0	46	195500.0
4932.YMR303C	348.0	-2.82216974083	133.971264368	-6.98471950862	1740.0	41	71340.0
4932.YMR304W	1230.0	-2.86630219228	139.890243902	-8.94025343165	6150.0	20	123000.0
4932.YMR305C	389.0	-2.70662724494	117.76092545	-9.70379324949	1945.0	18	35010.0
4932.YMR308C	1089.0	-2.84014483152	125.887052342	-7.93808196472	5445.0	88	479160.0
4932.YMR309C	812.0	-2.79733323579	126.86453202	-6.63686206607	4060.0	-1457	-5915420.0
4932.YMR310C	317.0	-2.81669673819	128.914826498	-13.099377953	1585.0	18	28530.0
4932.YMR311C	229.0	-2.76706549477	134.96069869	-9.4549018282	1145.0	53	60685.0
4932.YMR313C	642.0	-2.86915018379	141.158878504	-10.4603599027	3210.0	21	67410.0
4932.YMR314W	234.0	-2.81176858617	118.555555556	-8.46218558749	1170.0	-68	-79560.0
4932.YMR315W	349.0	-2.80067053753	119.501432665	-8.51202064227	1745.0	53	92485.0
4932.YMR318C	360.0	-2.87084969648	149.969444444	-8.30040522514	1800.0	57	102600.0
4932.YMR319C	552.0	-2.90340481052	146.532608695	-10.3073346648	2760.0	116	320160.0
4932.YMR322C	237.0	-2.80246491807	124.47257384	-15.5184546355	1185.0	3	3555.0
4932.YNL001W	386.0	-2.75196389012	143.709844559	-9.51677399929	1930.0	106	204580.0
4932.YNL002C	322.0	-2.74289841404	112.329192547	-9.81215933639	1610.0	96	154560.0
4932.YNL003C	284.0	-2.84205717933	132.419014084	-11.5836471226	1420.0	29	41180.0
4932.YNL004W	454.0	-2.75794434091	128.484581498	-9.85618396329	2270.0	3	6810.0
4932.YNL005C	371.0	-2.77653855504	130.129380054	-10.1560293397	1855.0	26	48230.0
4932.YNL006W	303.0	-2.8853993053	163.072607261	-10.7392306819	1515.0	37	56055.0
4932.YNL007C	352.0	-2.7624085525	114.519886364	-7.6294175276	1760.0	274	482240.0
4932.YNL009W	420.0	-2.84669315361	139.085714286	-10.4549178939	2100.0	13	27300.0
4932.YNL010W	241.0	-2.83111756003	141.958506224	-8.05580971984	1205.0	97	116885.0
4932.YNL014W	1044.0	-2.86329332703	131.782567051	-8.00937377752	5220.0	3	15660.0
4932.YNL015W	75.0	-2.58921606765	151.266666666	-9.71600806749	375.0	106	39750.0
4932.YNL016W	453.0	-2.8203546091	137.858719647	-7.60281564791	2265.0	72	163080.0
4932.YNL020C	638.0	-2.84189271795	132.594043887	-12.8868956393	3190.0	37	118030.0
4932.YNL022C	490.0	-2.86459353441	150.151020408	-10.7717768679	2450.0	49	120050.0
4932.YNL023C	965.0	-2.88477311254	191.023834197	-11.4484392012	4825.0	89	429425.0
4932.YNL025C	323.0	-2.88509670453	161.448916408	-13.908299503	1615.0	240	387600.0
4932.YNL027W	678.0	-2.77366665908	134.384955752	-9.97513220174	3390.0	10	33900.0
4932.YNL030W	103.0	-2.61032374523	109.572815534	-7.23868747376	515.0	167	86005.0
4932.YNL031C	136.0	-2.66489733203	108.448529412	-7.87514680338	680.0	223	151640.0
4932.YNL032W	281.0	-2.83350402922	142.306049822	-11.7059110271	1405.0	516	724980.0
4932.YNL035C	389.0	-2.88182079158	153.264781491	-10.2198942528	1945.0	72	140040.0
4932.YNL036W	221.0	-2.87762017449	163.755656108	-10.1643623791	1105.0	14	15470.0
4932.YNL037C	360.0	-2.81561515016	118.588888889	-8.09842060168	1800.0	29	52200.0
4932.YNL039W	594.0	-2.80039830268	127.722222222	-11.1705823367	2970.0	13	38610.0
4932.YNL040W	456.0	-2.84436477668	136.028508772	-10.884503841	2280.0	15	34200.0
4932.YNL041C	839.0	-2.76947383653	128.779499404	-9.71355299379	4195.0	101	423695.0
4932.YNL044W	176.0	-2.74655399142	116.380681818	-9.09028665589	880.0	44	38720.0
4932.YNL048W	548.0	-2.88243371001	154.187956204	-10.1891965	2740.0	152	416480.0
4932.YNL051W	403.0	-2.7384615783	129.915632754	-10.9113174646	2015.0	28	56420.0
4932.YNL052W	153.0	-2.82849898787	142.352941177	-10.5030003637	765.0	250	191250.0
4932.YNL056W	197.0	-2.86082089979	141.365482233	-11.9712589835	985.0	-137	-134945.0
4932.YNL059C	755.0	-2.85716793398	135.956291391	-9.3341776389	3775.0	38	143450.0
4932.YNL061W	618.0	-2.81720669212	124.265372169	-8.00571527375	3090.0	886	2737740.0
4932.YNL062C	478.0	-2.84638491109	137.991631799	-10.7099498499	2390.0	69	164910.0
4932.YNL064C	409.0	-2.81250104927	129.425427873	-6.43653566111	2045.0	34	69530.0
4932.YNL066W	420.0	-2.7223757903	128.795238096	-9.99277276449	2100.0	57	119700.0
4932.YNL067W	191.0	-2.77267908846	130.397905759	-6.10080099359	955.0	-1032	-985560.0
4932.YNL068C	862.0	-2.78707210073	126.954756381	-11.2702594166	4310.0	26	112060.0
4932.YNL071W	482.0	-2.78902470823	109.900414938	-8.04721798463	2410.0	52	125320.0
4932.YNL072W	307.0	-2.87443714741	141.035830619	-13.3927956755	1535.0	49	75215.0
4932.YNL073W	576.0	-2.8595933607	137.041666667	-10.8066471227	2880.0	50	144000.0
4932.YNL079C	199.0	-2.43991821512	127.984924623	-7.96252611987	995.0	153	152235.0
4932.YNL080C	366.0	-2.84597916853	145.770491804	-13.3178744655	1830.0	9	16470.0
4932.YNL081C	143.0	-2.84964960803	157.510489511	-12.3735947664	715.0	15	10725.0
4932.YNL084C	349.0	-2.79246111186	139.550143267	-9.54401744908	1745.0	90	157050.0
4932.YNL085W	830.0	-2.84448172125	130.878313253	-9.22153874557	4150.0	28	116200.0
4932.YNL087W	1178.0	-2.82997565861	130.944821732	-8.43249916714	5890.0	19	111910.0
4932.YNL088W	1428.0	-2.84254401897	138.461484594	-9.01131012887	7140.0	81	578340.0
4932.YNL091W	1240.0	-2.81411851187	135.596774193	-9.47766644441	6200.0	32	198400.0
4932.YNL093W	220.0	-2.87050862871	132.313636364	-13.3460328287	1100.0	28	30800.0
4932.YNL095C	642.0	-2.86604694571	132.277258567	-12.1229532217	3210.0	83	266430.0
4932.YNL096C	190.0	-2.73476283831	112.694736842	-7.14990657688	950.0	-170	-161500.0
4932.YNL097C	330.0	-2.86241338549	149.812121212	-11.685757672	1650.0	49	80850.0
4932.YNL098C	322.0	-2.76451244892	117.832298137	-8.51979607534	1610.0	25	40250.0
4932.YNL099C	238.0	-2.83081613202	133.831932773	-12.6789657319	1190.0	42	49980.0
4932.YNL100W	234.0	-2.86231994876	144.816239316	-10.6338304223	1170.0	126	147420.0
4932.YNL102W	1468.0	-2.87085245879	136.95640327	-10.1331096791	7340.0	-4088	-30005920.0
4932.YNL103W	672.0	-2.74319564906	126.086309523	-9.47142679873	3360.0	9	30240.0
4932.YNL104C	619.0	-2.87497584721	128.678513732	-7.18003827847	3095.0	42	129990.0
4932.YNL106C	1183.0	-2.86105921023	130.715131023	-11.4460059628	5915.0	-98	-579670.0
4932.YNL107W	226.0	-2.83477377434	133.508849557	-12.4671443306	1130.0	92	103960.0
4932.YNL108C	270.0	-2.8560100395	146.296296296	-10.1675131774	1350.0	-409	-552150.0
4932.YNL110C	220.0	-2.7233439807	140.554545455	-9.92348765585	1100.0	155	170500.0
4932.YNL111C	120.0	-2.7728964469	125.125	-11.0333443415	600.0	73	43800.0
4932.YNL113W	142.0	-2.767168752	132.838028169	-8.6776590354	710.0	-302	-214420.0
4932.YNL116W	522.0	-2.86313423152	134.473180076	-12.938666534	2610.0	23	60030.0
4932.YNL118C	970.0	-2.79275196176	129.062886598	-8.45817129138	4850.0	36	174600.0
4932.YNL119W	493.0	-2.83258102192	147.188640973	-11.1603293223	2465.0	51	125715.0
4932.YNL121C	617.0	-2.77658130785	126.589951377	-8.17484015246	3085.0	29	89465.0
4932.YNL123W	997.0	-2.86642291398	128.689067201	-9.43792876265	4985.0	72	358920.0
4932.YNL124W	492.0	-2.8084549709	121.863821138	-12.6524655044	2460.0	82	201720.0
4932.YNL126W	846.0	-2.82272947034	135.491725768	-13.6041974229	4230.0	32	135360.0
4932.YNL127W	953.0	-2.85731688	143.261280168	-12.8121689972	4765.0	84	400260.0
4932.YNL129W	240.0	-2.83288938748	148.475	-13.1346649211	1200.0	-2531	-3037200.0
4932.YNL131W	152.0	-2.68270698789	103.467105263	-10.3864897877	760.0	-197	-149720.0
4932.YNL132W	1056.0	-2.85065468875	128.87310606	-8.22010294475	5280.0	31	163680.0
4932.YNL134C	376.0	-2.8322851321	124.795212766	-8.23894017457	1880.0	104	195520.0
4932.YNL135C	114.0	-2.76922991402	110.122807018	-8.54975115709	570.0	196	111720.0
4932.YNL136W	425.0	-2.71687740782	136.811764706	-13.6835368071	2125.0	11	23375.0
4932.YNL137C	486.0	-2.84740123111	142.561728395	-10.4123221675	2430.0	-130	-315900.0
4932.YNL138W	526.0	-2.82559835676	122.184410646	-7.95310706954	2630.0	87	228810.0
4932.YNL139C	1597.0	-2.84948653737	137.621790858	-9.09360130153	7985.0	86	686710.0
4932.YNL141W	347.0	-2.86374927056	144.308357349	-8.5388468464	1735.0	82	142270.0
4932.YNL147W	115.0	-2.74727019942	132.417391304	-10.3945465855	575.0	-153	-87975.0
4932.YNL148C	254.0	-2.82246777919	119.212598425	-12.4943411949	1270.0	2	2540.0
4932.YNL153C	129.0	-2.65946302105	117.821705426	-9.75015438476	645.0	-2214	-1428030.0
4932.YNL154C	546.0	-2.86033844298	143.082417582	-8.90825032376	2730.0	18	49140.0
4932.YNL155W	274.0	-2.85882028881	160.164233577	-10.9362426942	1370.0	78	106860.0
4932.YNL156C	299.0	-2.84300589911	148.464882944	-10.3605477574	1495.0	47	70265.0
4932.YNL158W	198.0	-2.82613877037	129.833333333	-10.8834072031	990.0	49	48510.0
4932.YNL161W	756.0	-2.86390447865	143.947089947	-12.2639605118	3780.0	31	117180.0
4932.YNL162W	106.0	-2.58490220217	175.867924529	-8.21133419418	530.0	224	118720.0
4932.YNL162W-A	72.0	-2.75043768087	161.888888888	-17.0667163369	360.0	17	6120.0
4932.YNL163C	1110.0	-2.85725592518	127.498198198	-8.89293922539	5550.0	2	11100.0
4932.YNL167C	647.0	-2.70095250247	118.42194745	-10.3840932216	3235.0	18	58230.0
4932.YNL168C	259.0	-2.86849316449	133.444015444	-10.2355227184	1295.0	444	574980.0
4932.YNL169C	500.0	-2.88770794232	138.863999999	-11.1864333346	2500.0	16	40000.0
4932.YNL172W	1748.0	-2.85071267222	131.488558353	-11.9223676981	8740.0	31	270940.0
4932.YNL173C	366.0	-2.71391631474	115.740437159	-10.1290275882	1830.0	40	73200.0
4932.YNL175C	403.0	-2.77356405729	131.320099256	-8.66810992774	2015.0	78	157170.0
4932.YNL177C	309.0	-2.82913647696	133.679611651	-10.758165367	1545.0	151	233295.0
4932.YNL180C	331.0	-2.82815217014	137.870090635	-10.5126126093	1655.0	29	47995.0
4932.YNL181W	407.0	-2.85795544442	142.339066339	-10.2996534942	2035.0	2991	6086685.0
4932.YNL183C	790.0	-2.79805769247	130.944303798	-9.44855644946	3950.0	7	27650.0
4932.YNL185C	158.0	-2.74335102846	115.506329114	-10.6812456013	790.0	169	133510.0
4932.YNL186W	792.0	-2.79979031337	134.777777778	-9.14513424156	3960.0	54	213840.0
4932.YNL189W	542.0	-2.847775329	123.915129151	-9.07179542661	2710.0	39	105690.0
4932.YNL191W	357.0	-2.88167219593	136.078431373	-10.4547952855	1785.0	53	94605.0
4932.YNL197C	661.0	-2.73325285628	120.812405446	-9.00513975255	3305.0	22	72710.0
4932.YNL200C	246.0	-2.86118750615	132.25203252	-11.3481912678	1230.0	141	173430.0
4932.YNL201C	858.0	-2.84213095747	137.906759906	-10.0345024811	4290.0	137	587730.0
4932.YNL206C	455.0	-2.76436594261	122.12967033	-10.4909675102	2275.0	-184	-418600.0
4932.YNL207W	425.0	-2.85580048629	146.665882353	-9.4443502335	2125.0	61	129625.0
4932.YNL209W	613.0	-2.78025148662	105.076672105	-5.40246345127	3065.0	712	2182280.0
4932.YNL212W	782.0	-2.84241465931	134.143222507	-9.4098769226	3910.0	22	86020.0
4932.YNL215W	320.0	-2.6540190904	113.7375	-10.4972434745	1600.0	281	449600.0
4932.YNL216W	827.0	-2.83589145146	123.438935913	-8.76103311707	4135.0	42	173670.0
4932.YNL217W	326.0	-2.89026820998	155.496932516	-12.7723206929	1630.0	41	66830.0
4932.YNL220W	433.0	-2.82291205931	127.967667437	-7.42620413023	2165.0	57	123405.0
4932.YNL224C	767.0	-2.83299520775	130.413298566	-11.0802397946	3835.0	31	118885.0
4932.YNL225C	581.0	-2.79946564633	139.270223752	-12.1297427664	2905.0	29	84245.0
4932.YNL227C	590.0	-2.78269531272	146.866101695	-12.2186067855	2950.0	35	103250.0
4932.YNL229C	354.0	-2.84644330419	139.279661017	-9.7905855001	1770.0	39	69030.0
4932.YNL230C	379.0	-2.84618767033	144.941952507	-11.045959696	1895.0	13	24635.0
4932.YNL231C	351.0	-2.84239382893	142.378917378	-8.63949407349	1755.0	69	121095.0
4932.YNL232W	292.0	-2.82144219112	114.606164384	-9.44020949125	1460.0	53	77380.0
4932.YNL236W	974.0	-2.87480761719	144.049281315	-10.1749818508	4870.0	-293	-1426910.0
4932.YNL238W	814.0	-2.8597719406	135.035626535	-9.39323781223	4070.0	93	378510.0
4932.YNL239W	454.0	-2.86705814219	140.808370044	-9.35312848683	2270.0	20	45400.0
4932.YNL241C	505.0	-2.86000229195	130.388118812	-7.93567180504	2525.0	-117	-295425.0
4932.YNL243W	968.0	-2.8298095974	128.72107438	-7.91841690214	4840.0	480	2323200.0
4932.YNL246W	264.0	-2.81734264833	143.299242424	-10.5655015475	1320.0	-65	-85800.0
4932.YNL247W	767.0	-2.86865288852	142.556714472	-7.79718105026	3835.0	39	149565.0
4932.YNL248C	415.0	-2.77665605151	113.956626506	-9.24403115727	2075.0	113	234475.0
4932.YNL249C	542.0	-2.89134414277	150.987084871	-13.1524178143	2710.0	90	243900.0
4932.YNL250W	1312.0	-2.74521023553	134.733993903	-10.4697871371	6560.0	-924	-6061440.0
4932.YNL251C	575.0	-2.85738441398	130.673043478	-8.56010294695	2875.0	53	152375.0
4932.YNL252C	281.0	-2.82529969174	135.177935943	-11.6071704587	1405.0	43	60415.0
4932.YNL255C	153.0	-2.8329175483	230.437908497	-7.45184408023	765.0	135	103275.0
4932.YNL256W	824.0	-2.87662278581	135.696601942	-10.9060727683	4120.0	13	53560.0
4932.YNL258C	754.0	-2.82622699637	146.860742705	-9.69835509731	3770.0	29	109330.0
4932.YNL259C	73.0	-2.76345523097	145.328767123	-11.2707263288	365.0	39	14235.0
4932.YNL260C	198.0	-2.80885835687	146.191919192	-14.0104131311	990.0	-116	-114840.0
4932.YNL261W	479.0	-2.85558740151	138.828810021	-12.5786458007	2395.0	34	81430.0
4932.YNL262W	2222.0	-2.89119784907	145.07380738	-9.20797782132	11110.0	190	2110900.0
4932.YNL264C	350.0	-2.88289552224	151.571428572	-11.2787036956	1750.0	52	91000.0
4932.YNL265C	298.0	-2.74527119493	136.11409396	-10.6260743855	1490.0	138	205620.0
4932.YNL267W	1066.0	-2.84363836757	129.365853659	-11.8592766414	5330.0	-156	-831480.0
4932.YNL271C	1953.0	-2.81340896643	128.75422427	-10.1157310648	9765.0	79	771435.0
4932.YNL272C	759.0	-2.77216649658	129.488801054	-9.18230663677	3795.0	46	174570.0
4932.YNL273W	1238.0	-2.83475291227	129.306946688	-12.2236128964	6190.0	103	637570.0
4932.YNL274C	350.0	-2.84999166354	125.422857142	-10.2847194574	1750.0	50	87500.0
4932.YNL277W	486.0	-2.87654001802	131.932098765	-13.0436665587	2430.0	23	55890.0
4932.YNL278W	1060.0	-2.85486955762	134.121698113	-9.92937608745	5300.0	2	10600.0
4932.YNL279W	661.0	-2.83679097651	139.461422088	-12.499246598	3305.0	2	6610.0
4932.YNL280C	438.0	-2.85681405909	155.011415525	-8.80597456748	2190.0	218	477420.0
4932.YNL281W	153.0	-2.76783310957	140.888888889	-9.24539231344	765.0	-443	-338895.0
4932.YNL282W	195.0	-2.8287848902	159.646153847	-11.3050793946	975.0	51	49725.0
4932.YNL284C	322.0	-2.80917362601	130.167701864	-9.93114015798	1610.0	109	175490.0
4932.YNL286W	285.0	-2.78152338712	132.705263158	-13.2064968261	1425.0	3	4275.0
4932.YNL287W	935.0	-2.80228411119	120.162566845	-6.96185293215	4675.0	37	172975.0
4932.YNL290W	340.0	-2.83494998682	124.588235294	-9.86470750705	1700.0	54	91800.0
4932.YNL292W	403.0	-2.81220276046	126.330024814	-10.1869490581	2015.0	65	130975.0
4932.YNL297C	1636.0	-2.80924839525	136.341687041	-9.14560552938	8180.0	22	179960.0
4932.YNL298W	842.0	-2.86414557768	141.059382422	-10.6860902663	4210.0	105	442050.0
4932.YNL308C	591.0	-2.67732236717	126.780033841	-6.94278715962	2955.0	31	91605.0
4932.YNL309W	420.0	-2.7521933499	122.911904762	-11.8553031882	2100.0	69	144900.0
4932.YNL310C	174.0	-2.89110523947	170.971264368	-10.6854139185	870.0	101	87870.0
4932.YNL311C	763.0	-2.82344761605	143.131061598	-12.7397006557	3815.0	14	53410.0
4932.YNL312W	273.0	-2.8585292192	132.765567765	-10.2510057048	1365.0	125	170625.0
4932.YNL313C	904.0	-2.84983535279	141.82079646	-8.48856620671	4520.0	47	212440.0
4932.YNL315C	318.0	-2.87587888755	145.201257862	-10.6140919159	1590.0	64	101760.0
4932.YNL316C	334.0	-2.89870888796	146.95508982	-12.2448749967	1670.0	53	88510.0
4932.YNL317W	465.0	-2.92426081261	159.87311828	-10.8028933562	2325.0	38	88350.0
4932.YNL320W	284.0	-2.86364040846	149.186619719	-12.6982670815	1420.0	23	32660.0
4932.YNL323W	414.0	-2.92204109191	153.09178744	-9.66022699371	2070.0	17	35190.0
4932.YNL326C	336.0	-2.91368473718	173.020833334	-11.2701250087	1680.0	33	55440.0
4932.YNL329C	1030.0	-2.87274436831	132.31553398	-10.4698615339	5150.0	44	226600.0
4932.YNL330C	433.0	-2.88834451128	153.251732102	-9.91680945826	2165.0	1168	2528720.0
4932.YNR006W	622.0	-2.81139604718	131.133440515	-10.4139768915	3110.0	7	21770.0
4932.YNR009W	249.0	-2.77375255982	139.493975904	-13.1956543094	1245.0	19	23655.0
4932.YNR010W	149.0	-2.72456419251	135.953020134	-12.8992682081	745.0	30	22350.0
4932.YNR011C	876.0	-2.87163954827	135.014840183	-13.4623122017	4380.0	7	30660.0
4932.YNR012W	501.0	-2.87002742133	136.467065868	-11.9800397085	2505.0	50	125250.0
4932.YNR013C	894.0	-2.84834527094	135.987695749	-9.36118095989	4470.0	37	165390.0
4932.YNR015W	384.0	-2.89213982495	142.7421875	-10.5765391714	1920.0	99	190080.0
4932.YNR016C	2233.0	-2.87623047584	126.815942678	-5.68168823841	11165.0	233	2601445.0
4932.YNR018W	224.0	-2.84465219858	141.28125	-10.5534974125	1120.0	-70	-78400.0
4932.YNR021W	404.0	-2.83609783083	138.517326732	-8.3938370371	2020.0	24	48480.0
4932.YNR024W	186.0	-2.63234544595	136.5	-11.8738872379	930.0	2	1860.0
4932.YNR026C	471.0	-2.78649391923	124.864118896	-10.2532071693	2355.0	61	143655.0
4932.YNR027W	317.0	-2.84519110895	132.798107255	-11.0940759777	1585.0	234	370890.0
4932.YNR029C	429.0	-2.84351429746	136.452214452	-10.8450058785	2145.0	40	85800.0
4932.YNR030W	551.0	-2.84798431814	139.885662432	-9.95130425531	2755.0	59	162545.0
4932.YNR032W	368.0	-2.90955137859	151.413043479	-12.0998468168	1840.0	39	71760.0
4932.YNR033W	787.0	-2.90027819677	144.956797967	-10.326944999	3935.0	28	110180.0
4932.YNR034W	321.0	-2.85611056491	130.514018692	-9.95630457462	1605.0	37	59385.0
4932.YNR034W-A	98.0	-2.77064343912	113.43877551	-10.5042360972	490.0	-78	-38220.0
4932.YNR034W-A	98.0	-2.77064343912	113.43877551	-10.5042360972	490.0	-78	-38220.0
4932.YNR035C	342.0	-2.84224132295	127.842105263	-8.13783104321	1710.0	43	73530.0
4932.YNR036C	153.0	-2.80655849113	138.071895425	-13.4044143005	765.0	13	9945.0
4932.YNR038W	629.0	-2.79979461882	122.920508744	-9.34670946168	3145.0	74	232730.0
4932.YNR039C	605.0	-2.81685652912	127.509090909	-11.5082778638	3025.0	39	117975.0
4932.YNR040W	256.0	-2.8370666821	132.9609375	-11.1947473615	1280.0	44	56320.0
4932.YNR043W	396.0	-2.87360306765	136.325757576	-8.20728436622	1980.0	65	128700.0
4932.YNR046W	135.0	-2.83911994807	145.711111111	-9.92888140754	675.0	36	24300.0
4932.YNR047W	893.0	-2.84121276759	136.346024636	-9.65342634289	4465.0	295	1317175.0
4932.YNR048W	393.0	-2.8900333453	140.605597965	-10.3998412197	1965.0	30	58950.0
4932.YNR049C	210.0	-2.7659805016	135.880952381	-12.660238933	1050.0	39	40950.0
4932.YNR051C	515.0	-2.79148901461	128.130097087	-8.75133833684	2575.0	18	46350.0
4932.YNR052C	433.0	-2.80824830208	139.265588915	-9.81031667728	2165.0	48	103920.0
4932.YNR053C	486.0	-2.85949834449	137.29218107	-7.97834809646	2430.0	381	925830.0
4932.YNR054C	316.0	-2.76582923343	132.42721519	-10.2383677765	1580.0	94	148520.0
4932.YNR074C	378.0	-2.78048077941	116.492063492	-13.2200287013	1890.0	49	92610.0
4932.YOL004W	1536.0	-2.87045803933	134.9453125	-9.88130295157	7680.0	17	130560.0
4932.YOL005C	120.0	-2.74323449356	124.891666667	-9.97958939839	600.0	-167	-100200.0
4932.YOL006C	769.0	-2.80937059567	141.707412224	-9.16975582196	3845.0	35	134575.0
4932.YOL009C	271.0	-2.8218951711	128.044280443	-14.1780009216	1355.0	24	32520.0
4932.YOL010W	367.0	-2.83002552013	122.65667575	-9.66157710647	1835.0	46	84410.0
4932.YOL012C	134.0	-2.62462631334	107.298507462	-9.65528260863	670.0	261	174870.0
4932.YOL013C	551.0	-2.85160722085	146.820326678	-12.8783996477	2755.0	45	123975.0
4932.YOL016C	447.0	-2.84056148828	129.03803132	-9.6743988904	2235.0	-70	-156450.0
4932.YOL019W	551.0	-2.83787066524	125.707803992	-10.8152733605	2755.0	73	201115.0
4932.YOL021C	1001.0	-2.87199875636	132.907092907	-8.99479494714	5005.0	27	135135.0
4932.YOL022C	408.0	-2.84551912454	140.191176471	-9.63617980692	2040.0	44	89760.0
4932.YOL023W	676.0	-2.81343375319	128.98816568	-9.77254334806	3380.0	11	37180.0
4932.YOL025W	660.0	-2.80486883681	131.946969697	-13.1734161808	3300.0	36	118800.0
4932.YOL027C	573.0	-2.78632142536	123.835951134	-8.8404048547	2865.0	43	123195.0
4932.YOL030W	484.0	-2.76397645188	122.5	-9.1558813326	2420.0	11	26620.0
4932.YOL031C	421.0	-2.817813777	135.700712589	-11.4325319792	2105.0	779	1639795.0
4932.YOL032W	246.0	-2.83255504202	121.093495935	-12.5213889322	1230.0	-377	-463710.0
4932.YOL033W	536.0	-2.87289269787	148.518656717	-12.6285148078	2680.0	108	289440.0
4932.YOL034W	1093.0	-2.82138719453	132.569990851	-12.7390831129	5465.0	453	2475645.0
4932.YOL038W	254.0	-2.81210709012	122.38976378	-8.77819739697	1270.0	-115	-146050.0
4932.YOL039W	106.0	-2.44221962331	83.4433962266	-7.86425766294	530.0	159	84270.0
4932.YOL041C	459.0	-2.74816252584	127.117647059	-8.58481360831	2295.0	35	80325.0
4932.YOL042W	363.0	-2.86866500099	157.013774104	-12.8141687519	1815.0	47	85305.0
4932.YOL045W	1101.0	-2.84035061456	134.943687557	-10.2358427083	5505.0	45	247725.0
4932.YOL049W	491.0	-2.82860091132	127.374745417	-10.153123783	2455.0	75	184125.0
4932.YOL051W	1081.0	-2.71689633894	127.934320074	-10.0863611109	5405.0	3	16215.0
4932.YOL052C	396.0	-2.87830614683	161.497474748	-8.93759680656	1980.0	111	219780.0
4932.YOL052C-A	61.0	-2.38299471672	84.1147540982	-16.5488313698	305.0	-475	-144875.0
4932.YOL054W	406.0	-2.78076851939	145.536945813	-12.0840325301	2030.0	54	109620.0
4932.YOL055C	551.0	-2.87579995592	143.762250454	-11.4439179939	2755.0	50	137750.0
4932.YOL056W	303.0	-2.86960442195	138.590759076	-10.4630170799	1515.0	-8292	-12562380.0
4932.YOL057W	711.0	-2.8714337125	136.448663854	-9.31287856823	3555.0	56	199080.0
4932.YOL058W	420.0	-2.8677870073	132.576190476	-6.10465131396	2100.0	135	283500.0
4932.YOL059W	440.0	-2.89428733176	142.434090909	-7.9559885295	2200.0	116	255200.0
4932.YOL060C	706.0	-2.83667488526	130.444759207	-9.78759224962	3530.0	8	28240.0
4932.YOL061W	496.0	-2.84004571515	121.961693548	-8.78828935373	2480.0	124	307520.0
4932.YOL062C	491.0	-2.86832842921	141.018329939	-12.4117621617	2455.0	2	4910.0
4932.YOL064C	357.0	-2.84548078921	130.826330532	-8.99927534716	1785.0	31	55335.0
4932.YOL065C	384.0	-2.87955594483	149.122395833	-13.252915249	1920.0	14	26880.0
4932.YOL066C	591.0	-2.90927639947	146.395939087	-10.728901772	2955.0	42	124110.0
4932.YOL067C	177.0	-2.78355923193	109.203389831	-10.3318443157	885.0	32	28320.0
4932.YOL068C	503.0	-2.8778639087	149.614314115	-13.0485905284	2515.0	56	140840.0
4932.YOL069W	451.0	-2.69407826041	130.988913525	-10.6153399497	2255.0	114	257070.0
4932.YOL070C	501.0	-2.73671153899	113.479041916	-10.0342894822	2505.0	53	132765.0
4932.YOL071W	162.0	-2.80684320434	157.111111111	-12.1533396427	810.0	59	47790.0
4932.YOL076W	796.0	-2.81276010861	150.439698492	-8.48202907122	3980.0	139	553220.0
4932.YOL077C	291.0	-2.86109030326	140.453608248	-9.09067553471	1455.0	170	247350.0
4932.YOL078W	1176.0	-2.81048601068	133.695578231	-11.3885106475	5880.0	11	64680.0
4932.YOL080C	289.0	-2.8026509592	142.328719723	-11.6150512496	1445.0	97	140165.0
4932.YOL081W	3079.0	-2.85556275391	140.291653134	-8.8224464517	15395.0	13	200135.0
4932.YOL087C	1116.0	-2.86446942013	141.193548387	-9.54303496719	5580.0	-394	-2198520.0
4932.YOL088C	277.0	-2.85659564959	154.411552347	-10.993856305	1385.0	35	48475.0
4932.YOL090W	964.0	-2.84036524576	135.890041494	-9.21662291281	4820.0	32	154240.0
4932.YOL092W	308.0	-2.83558433966	138.974025974	-9.33978917237	1540.0	13	20020.0
4932.YOL093W	293.0	-2.85399859269	147.921501706	-11.1918464418	1465.0	-118	-172870.0
4932.YOL094C	323.0	-2.83977307826	134.489164087	-10.2658788282	1615.0	-79	-127585.0
4932.YOL096C	312.0	-2.92507331035	164.82051282	-14.2597658541	1560.0	3	4680.0
4932.YOL097C	432.0	-2.85638672218	138.578703704	-7.94622318263	2160.0	153	330480.0
4932.YOL098C	1037.0	-2.87382331403	140.028929605	-8.20431364765	5185.0	24	124440.0
4932.YOL100W	1081.0	-2.81405533217	132.916743755	-12.5318096951	5405.0	12	64860.0
4932.YOL102C	230.0	-2.82047352811	142.4	-12.4995735118	1150.0	112	128800.0
4932.YOL107W	342.0	-2.81190191912	135.619883041	-11.8923216204	1710.0	32	54720.0
4932.YOL108C	151.0	-2.70603061824	122.741721854	-11.4058144559	755.0	42	31710.0
4932.YOL109W	113.0	-2.44099992373	113.026548673	-8.19361535586	565.0	-674	-380810.0
4932.YOL111C	212.0	-2.74854483463	130.344339623	-9.53666735625	1060.0	176	186560.0
4932.YOL113W	655.0	-2.8856753138	147.464122137	-12.0610894746	3275.0	21	68775.0
4932.YOL115W	584.0	-2.81411467549	129.196917809	-10.3226120926	2920.0	43	125560.0
4932.YOL116W	382.0	-2.82949880923	132.382198953	-12.0919138412	1910.0	9	17190.0
4932.YOL121C	144.0	-2.78491338317	115.9375	-7.51958706102	720.0	-76	-54720.0
4932.YOL124C	433.0	-2.8808206209	138.420323326	-10.3830223991	2165.0	50	108250.0
4932.YOL125W	476.0	-2.87949522984	151.737394958	-11.5714232543	2380.0	61	145180.0
4932.YOL126C	377.0	-2.82042229509	120.562334218	-8.99212060519	1885.0	244	459940.0
4932.YOL129W	184.0	-2.77142631667	129.559782609	-11.0350180621	920.0	-2417	-2223640.0
4932.YOL130W	859.0	-2.87400555605	135.725261932	-10.7211449183	4295.0	13	55835.0
4932.YOL135C	222.0	-2.78898971179	135.315315315	-11.9592875396	1110.0	37	41070.0
4932.YOL137W	497.0	-2.83633307806	141.237424547	-13.9057814836	2485.0	129	320565.0
4932.YOL140W	423.0	-2.85130290948	129.054373523	-7.99348945703	2115.0	81	171315.0
4932.YOL141W	695.0	-2.88067066198	139.102158273	-10.9772055665	3475.0	23	79925.0
4932.YOL142W	240.0	-2.8671805987	133.4	-10.030914189	1200.0	242	290400.0
4932.YOL143C	169.0	-2.84771332685	138.029585799	-9.2240006919	845.0	61	51545.0
4932.YOL144W	484.0	-2.82962804535	151.402892562	-6.93438611713	2420.0	268	648560.0
4932.YOL145C	1077.0	-2.80367478331	139.192200557	-8.28555305828	5385.0	24	129240.0
4932.YOL148C	604.0	-2.80647129792	129.440397351	-11.0019626877	3020.0	25	75500.0
4932.YOL149W	231.0	-2.82913262954	140.54978355	-10.7994984504	1155.0	23	26565.0
4932.YOL151W	342.0	-2.84479357286	132.798245613	-9.30117535203	1710.0	90	153900.0
4932.YOL159C-A	90.0	-2.82661889303	184.144444444	-13.5546158231	450.0	2	900.0
4932.YOR001W	733.0	-2.82358844428	130.630286494	-10.0046942964	3665.0	19	69635.0
4932.YOR004W	254.0	-2.80186923997	137.31496063	-10.2790873049	1270.0	-212	-269240.0
4932.YOR007C	346.0	-2.7477504063	116.797687861	-7.94958524668	1730.0	1551	2683230.0
4932.YOR008C	378.0	-2.66481036623	125.756613756	-9.53018137998	1890.0	25	47250.0
4932.YOR014W	757.0	-2.82688725325	131.632760898	-8.91219477535	3785.0	18	68130.0
4932.YOR016C	207.0	-2.82524457553	133.922705314	-10.1603824058	1035.0	606	627210.0
4932.YOR017W	800.0	-2.83940558941	143.51125	-10.5392856714	4000.0	19	76000.0
4932.YOR018W	837.0	-2.78267693683	121.810035842	-10.3066095597	4185.0	16	66960.0
4932.YOR021C	213.0	-2.76953315959	128.333333333	-10.493693371	1065.0	129	137385.0
4932.YOR022C	715.0	-2.84878102991	134.625174825	-13.2412841563	3575.0	48	171600.0
4932.YOR026W	341.0	-2.8423792592	142.642228739	-10.9327060705	1705.0	22	37510.0
4932.YOR027W	589.0	-2.79648231653	130.843803056	-6.40625805187	2945.0	89	262105.0
4932.YOR035C	789.0	-2.79763053645	125.88973384	-11.3562735904	3945.0	38	149910.0
4932.YOR038C	875.0	-2.85404738599	136.547428571	-11.2298079611	4375.0	29	126875.0
4932.YOR039W	258.0	-2.87966113462	153.434108527	-9.16763999391	1290.0	-1054	-1359660.0
4932.YOR042W	411.0	-2.75718339382	120.338199513	-9.46605865161	2055.0	3	6165.0
4932.YOR043W	486.0	-2.87030108013	141.781893004	-10.2832009569	2430.0	41	99630.0
4932.YOR046C	482.0	-2.81967218788	120.763485477	-8.39904053118	2410.0	70	168700.0
4932.YOR056C	459.0	-2.85645671766	139.832244009	-8.98592670001	2295.0	234	537030.0
4932.YOR057W	395.0	-2.78637455299	138.929113924	-10.990511736	1975.0	34	67150.0
4932.YOR058C	885.0	-2.78258802523	128.031638418	-12.3643251758	4425.0	3	13275.0
4932.YOR061W	339.0	-2.8917986339	152.914454277	-9.14786848524	1695.0	54	91530.0
4932.YOR063W	387.0	-2.82925366962	145.235142119	-5.71060783912	1935.0	120	232200.0
4932.YOR065W	309.0	-2.87189071065	138.029126213	-9.20071484924	1545.0	161	248745.0
4932.YOR069W	675.0	-2.80589979541	123.865185185	-9.92459684366	3375.0	18	60750.0
4932.YOR076C	747.0	-2.7767736938	135.981258367	-13.0241184474	3735.0	20	74700.0
4932.YOR078W	214.0	-2.66287012728	121.485981309	-12.7265477588	1070.0	83	88810.0
4932.YOR083W	295.0	-2.73666777614	115.037288135	-11.3836428634	1475.0	71	104725.0
4932.YOR084W	387.0	-2.90442824042	139.979328165	-9.89807614877	1935.0	63	121905.0
4932.YOR085W	350.0	-2.81540971228	135.097142857	-11.6295670849	1750.0	117	204750.0
4932.YOR086C	1186.0	-2.84315678121	130.618043844	-7.72289105928	5930.0	318	1885740.0
4932.YOR090C	572.0	-2.83406508931	121.881118881	-11.1431820987	2860.0	27	77220.0
4932.YOR091W	345.0	-2.82076132938	152.420289855	-10.5532690642	1725.0	45	77625.0
4932.YOR095C	258.0	-2.80086917476	114.406976744	-9.72212377849	1290.0	-233	-300570.0
4932.YOR098C	1076.0	-2.66820267811	108.369888476	-9.36741508862	5380.0	21	112980.0
4932.YOR099W	393.0	-2.91108194851	170.860050891	-9.48465637983	1965.0	3	5895.0
4932.YOR101W	309.0	-2.76280812821	121.705501618	-10.9681591555	1545.0	106	163770.0
4932.YOR106W	283.0	-2.77150976145	133.862190813	-13.7322519767	1415.0	13	18395.0
4932.YOR108W	604.0	-2.89070479794	132.816225166	-7.96239694705	3020.0	38	114760.0
4932.YOR109W	1107.0	-2.8580511318	130.510388437	-8.76652470051	5535.0	68	376380.0
4932.YOR110W	435.0	-2.87811123956	133.894252873	-10.8513539725	2175.0	32	69600.0
4932.YOR111W	232.0	-2.82656486843	139.293103449	-12.7856094793	1160.0	42	48720.0
4932.YOR112W	761.0	-2.80459786772	125.093298292	-9.52801799004	3805.0	39	148395.0
4932.YOR113W	914.0	-2.77632425036	130.31619256	-11.1986569569	4570.0	6	27420.0
4932.YOR118W	567.0	-2.86830084858	139.285714286	-10.6638923399	2835.0	86	243810.0
4932.YOR120W	312.0	-2.86018118436	138.932692308	-9.58800569386	1560.0	45	70200.0
4932.YOR123C	464.0	-2.72980707326	124.228448276	-9.71690252351	2320.0	49	113680.0
4932.YOR124C	1272.0	-2.84563546232	133.924528302	-9.53033604939	6360.0	80	508800.0
4932.YOR127W	1007.0	-2.83194019743	135.855014896	-13.2263167663	5035.0	37	186295.0
4932.YOR130C	292.0	-2.80643376726	125.47260274	-10.0848719116	1460.0	23	33580.0
4932.YOR131C	218.0	-2.8544482892	141.279816514	-10.6950942091	1090.0	23	25070.0
4932.YOR132W	551.0	-2.8411780047	128.546279492	-9.97328418767	2755.0	20	55100.0
4932.YOR133W	842.0	-2.86437051035	126.57719715	-5.54216226067	4210.0	155	652550.0
4932.YOR136W	369.0	-2.80745637589	110.357723577	-7.52649485921	1845.0	-364	-671580.0
4932.YOR138C	671.0	-2.8627554292	130.129657228	-9.57398415262	3355.0	30	100650.0
4932.YOR140W	766.0	-2.80690060485	126.154046997	-10.3570261663	3830.0	23	88090.0
4932.YOR141C	881.0	-2.83259316306	128.010215664	-10.0068799795	4405.0	199	876595.0
4932.YOR142W	329.0	-2.79258281505	112.802431611	-8.7342114478	1645.0	1026	1687770.0
4932.YOR143C	319.0	-2.82388676903	146.68338558	-12.4715216803	1595.0	82	130790.0
4932.YOR144C	791.0	-2.8272289109	137.929203539	-14.7392698648	3955.0	2	7910.0
4932.YOR150W	163.0	-2.86879896979	148.159509202	-10.6671551537	815.0	-123	-100245.0
4932.YOR152C	256.0	-2.775393539	130.76953125	-11.1586374555	1280.0	69	88320.0
4932.YOR153W	1511.0	-2.90714379085	144.019854401	-6.33257350599	7555.0	89	672395.0
4932.YOR155C	450.0	-2.86360645881	128.322222222	-11.5896627929	2250.0	50	112500.0
4932.YOR156C	726.0	-2.86830252356	139.333333334	-12.3040791529	3630.0	19	68970.0
4932.YOR157C	261.0	-2.86133281914	134.061302682	-8.4945168586	1305.0	254	331470.0
4932.YOR158W	318.0	-2.73222277899	126.185534591	-10.0146972703	1590.0	54	85860.0
4932.YOR160W	972.0	-2.835411649	134.602880658	-9.74488920817	4860.0	68	330480.0
4932.YOR163W	188.0	-2.86685436221	150.287234043	-10.5587816824	940.0	-132	-124080.0
4932.YOR164C	312.0	-2.83527938424	141.413461538	-10.3028428878	1560.0	272	424320.0
4932.YOR165W	776.0	-2.84585654714	136.492268041	-9.04811743758	3880.0	135	523800.0
4932.YOR167C	67.0	-2.57427515879	98.8805970148	-8.07362252036	335.0	117	39195.0
4932.YOR168W	809.0	-2.87329411591	141.124845488	-7.01552504058	4045.0	25	101125.0
4932.YOR171C	624.0	-2.85773790129	137.184294872	-10.571472472	3120.0	47	146640.0
4932.YOR174W	284.0	-2.76983486945	123.26056338	-11.7540305736	1420.0	-157	-222940.0
4932.YOR175C	619.0	-2.89857689383	158.182552504	-10.0675002879	3095.0	-247	-764465.0
4932.YOR176W	393.0	-2.8909869813	138.664122137	-8.8431639942	1965.0	123	241695.0
4932.YOR181W	633.0	-2.72687505653	104.641390205	-9.87878320305	3165.0	20	63300.0
4932.YOR182C	63.0	-2.57985928636	129.571428571	-8.64986819242	315.0	74	23310.0
4932.YOR188W	1137.0	-2.87171106082	143.147757256	-9.65178460242	5685.0	41	233085.0
4932.YOR189W	116.0	-2.70823318784	120.629310345	-11.2339104346	580.0	-230	-133400.0
4932.YOR193W	376.0	-2.77689336413	142.103723404	-14.2624646041	1880.0	42	78960.0
4932.YOR195W	821.0	-2.64599991172	132.618757613	-11.5335948424	4105.0	25	102625.0
4932.YOR196C	414.0	-2.8565047736	139.386473429	-10.0763697682	2070.0	69	142830.0
4932.YOR197W	432.0	-2.8331194722	134.872685185	-9.16895087487	2160.0	19	41040.0
4932.YOR198C	470.0	-2.65900462109	125.061702128	-6.9445066693	2350.0	128	300800.0
4932.YOR201C	412.0	-2.86357152045	138.332524272	-11.6292270973	2060.0	25	51500.0
4932.YOR202W	220.0	-2.81699417967	129.095454546	-11.690581679	1100.0	14	15400.0
4932.YOR205C	556.0	-2.865351839	145.980215827	-13.6978258276	2780.0	53	147340.0
4932.YOR206W	710.0	-2.81945647021	132.573239436	-8.55409027503	3550.0	224	795200.0
4932.YOR207C	1149.0	-2.88626838549	139.844212358	-8.68633129959	5745.0	25	143625.0
4932.YOR209C	429.0	-2.87081809061	144.93939394	-8.52281876035	2145.0	176	377520.0
4932.YOR212W	423.0	-2.87605738398	146.432624113	-10.6307335594	2115.0	74	156510.0
4932.YOR215C	185.0	-2.72042477056	138.481081081	-10.0398245158	925.0	100	92500.0
4932.YOR216C	484.0	-2.66055296816	128.22107438	-9.19183829893	2420.0	8	19360.0
4932.YOR217W	861.0	-2.83418439034	125.792102207	-9.64119390745	4305.0	44	189420.0
4932.YOR219C	931.0	-2.86310318623	138.939849625	-12.4834328112	4655.0	15	69825.0
4932.YOR220W	265.0	-2.71980185566	120.750943396	-10.7955661126	1325.0	25	33125.0
4932.YOR221C	360.0	-2.85120103322	140.077777777	-11.3739397188	1800.0	322	579600.0
4932.YOR224C	146.0	-2.81113840798	127.150684931	-9.72414107666	730.0	-5096	-3720080.0
4932.YOR226C	156.0	-2.82433362517	137.775641025	-9.85415140558	780.0	31	24180.0
4932.YOR227W	1246.0	-2.81288404375	128.412520064	-11.2194377994	6230.0	3	18690.0
4932.YOR229W	467.0	-2.85034682812	131.188436831	-10.4841584896	2335.0	52	121420.0
4932.YOR230W	437.0	-2.84787312747	130.295194508	-7.7138688541	2185.0	62	135470.0
4932.YOR231W	508.0	-2.84287964741	135.578740157	-13.5425995191	2540.0	18	45720.0
4932.YOR233W	800.0	-2.84539781897	131.781250001	-10.4530415381	4000.0	7	28000.0
4932.YOR234C	107.0	-2.7652724369	132.327102804	-7.80394231921	535.0	-208	-111280.0
4932.YOR236W	211.0	-2.88849542839	141.981042654	-11.2358819998	1055.0	36	37980.0
4932.YOR238W	303.0	-2.8765678894	147.297029703	-12.9244674864	1515.0	23	34845.0
4932.YOR239W	628.0	-2.80151215151	130.036624204	-8.08394061559	3140.0	-142	-445880.0
4932.YOR241W	548.0	-2.87359109346	140.614963504	-9.05763682479	2740.0	99	271260.0
4932.YOR243C	676.0	-2.85064492919	129.363905326	-9.25956408339	3380.0	40	135200.0
4932.YOR244W	445.0	-2.87471147281	157.011235955	-11.4006380034	2225.0	208	462800.0
4932.YOR245C	418.0	-2.86589345183	138.748803828	-13.2087750094	2090.0	41	85690.0
4932.YOR246C	330.0	-2.90789193225	159.763636364	-12.7803787374	1650.0	17	28050.0
4932.YOR250C	445.0	-2.8746314201	134.251685393	-11.6992464983	2225.0	9	20025.0
4932.YOR251C	304.0	-2.86817038546	141.819078947	-10.6541565624	1520.0	296	449920.0
4932.YOR252W	178.0	-2.79426916496	138.595505617	-10.5427699594	890.0	62	55180.0
4932.YOR253W	176.0	-2.83935616458	145.392045454	-10.3203169287	880.0	44	38720.0
4932.YOR254C	663.0	-2.86367687927	134.41025641	-8.04405137318	3315.0	-72	-238680.0
4932.YOR260W	578.0	-2.8629633894	136.425605536	-8.64530213933	2890.0	1041	3008490.0
4932.YOR261C	338.0	-2.79387705905	130.730769231	-8.43704677283	1690.0	145	245050.0
4932.YOR262W	347.0	-2.85900163128	141.700288185	-10.5074090678	1735.0	-370	-641950.0
4932.YOR265W	106.0	-2.58591052539	124.990566038	-10.6359612711	530.0	30	15900.0
4932.YOR267C	759.0	-2.88314482481	161.201581028	-10.2447280779	3795.0	24	91080.0
4932.YOR270C	840.0	-2.89103512581	144.360714286	-6.78826271788	4200.0	44	184800.0
4932.YOR271C	327.0	-2.82667368721	122.103975535	-9.14426798501	1635.0	31	50685.0
4932.YOR272W	460.0	-2.83856424839	134.530434782	-8.72853444498	2300.0	52	119600.0
4932.YOR273C	659.0	-2.86544890508	132.437025797	-8.447961182	3295.0	-203	-668885.0
4932.YOR275C	661.0	-2.81138875365	131.190620272	-12.0153278613	3305.0	27	89235.0
4932.YOR276W	161.0	-2.79811775613	134.142857143	-8.94737017457	805.0	-320	-257600.0
4932.YOR278W	275.0	-2.81734856765	123.916363637	-12.72066886	1375.0	89	122375.0
4932.YOR279C	310.0	-2.69723421346	112.222580645	-12.0825871809	1550.0	21	32550.0
4932.YOR281C	286.0	-2.79218242956	125.968531469	-10.0349864946	1430.0	203	290290.0
4932.YOR283W	230.0	-2.86143203253	142.804347826	-9.02204535507	1150.0	68	78200.0
4932.YOR285W	139.0	-2.85456892792	147.748201439	-9.22530084099	695.0	140	97300.0
4932.YOR286W	149.0	-2.81142224257	130.630872483	-9.83542757085	745.0	-405	-301725.0
4932.YOR288C	318.0	-2.8171811601	143.559748428	-11.5439249677	1590.0	20	31800.0
4932.YOR289W	251.0	-2.85963497013	154.370517929	-11.7522538803	1255.0	-152	-190760.0
4932.YOR293W	105.0	-2.80373857641	154.838095238	-8.45921967836	525.0	-123	-64575.0
4932.YOR298C-A	151.0	-2.68662241456	108.079470199	-7.64258912296	755.0	106	80030.0
4932.YOR299W	746.0	-2.87597222163	141.410187667	-11.6263303819	3730.0	62	231260.0
4932.YOR303W	411.0	-2.89308720158	135.206812653	-8.11096470587	2055.0	25	51375.0
4932.YOR304W	1120.0	-2.84738291536	139.607142857	-9.66826302424	5600.0	16	89600.0
4932.YOR308C	587.0	-2.74854195319	126.909710392	-12.222419153	2935.0	22	64570.0
4932.YOR310C	511.0	-2.67179226588	122.005870842	-7.1961544834	2555.0	38	97090.0
4932.YOR312C	172.0	-2.83120360091	149.959302325	-7.24291117692	860.0	-317	-272620.0
4932.YOR316C	439.0	-2.84044726497	139.990888383	-9.98355609515	2195.0	18	39510.0
4932.YOR317W	700.0	-2.88190811866	142.927142857	-7.11207715547	3500.0	-237	-829500.0
4932.YOR319W	213.0	-2.77399630008	131.708920188	-10.2524207028	1065.0	87	92655.0
4932.YOR320C	491.0	-2.82204808275	142.879837067	-11.4177563807	2455.0	3	7365.0
4932.YOR321W	753.0	-2.91101087689	159.06374502	-11.7620714721	3765.0	9	33885.0
4932.YOR323C	456.0	-2.80273793773	119.793859649	-8.14881675671	2280.0	106	241680.0
4932.YOR326W	1574.0	-2.84967429768	135.779542567	-7.55860631799	7870.0	168	1322160.0
4932.YOR327C	115.0	-2.84137077186	132.886956522	-11.0634971951	575.0	10	5750.0
4932.YOR329C	872.0	-2.77423807431	125.282110092	-10.2994121603	4360.0	13	56680.0
4932.YOR330C	1254.0	-2.8934431748	148.708931419	-11.9237956099	6270.0	17	106590.0
4932.YOR332W	233.0	-2.68481977666	113.283261803	-7.48425645963	1165.0	10	11650.0
4932.YOR335C	958.0	-2.83786508064	127.272442589	-6.03499445336	4790.0	108	517320.0
4932.YOR336W	1365.0	-2.84116799883	132.010989011	-11.2227544615	6825.0	7	47775.0
4932.YOR337W	759.0	-2.85567452816	140.417654809	-11.0021128998	3795.0	4	15180.0
4932.YOR340C	326.0	-2.81083492988	132.067484663	-9.27604573627	1630.0	-453	-738390.0
4932.YOR341W	1664.0	-2.88266926533	135.14423077	-6.67692083172	8320.0	27	224640.0
4932.YOR347C	506.0	-2.84096375906	116.501976285	-8.99012888382	2530.0	462	1168860.0
4932.YOR352W	343.0	-2.82927359724	137.104956268	-12.5047969024	1715.0	18	30870.0
4932.YOR353C	791.0	-2.79874525823	129.8482933	-11.3095165621	3955.0	54	213570.0
4932.YOR354C	692.0	-2.84029379658	138.667630058	-9.35233639679	3460.0	80	276800.0
4932.YOR355W	522.0	-2.72248386941	124.270114942	-12.0884258656	2610.0	5	13050.0
4932.YOR356W	631.0	-2.8552820565	134.153724247	-9.06742581714	3155.0	24	75720.0
4932.YOR357C	162.0	-2.8274589631	146.259259259	-11.9929511079	810.0	29	23490.0
4932.YOR359W	523.0	-2.73951796135	132.502868069	-9.96965090412	2615.0	22	57530.0
4932.YOR360C	526.0	-2.88205692417	157.315589354	-9.94462399877	2630.0	45	118350.0
4932.YOR361C	763.0	-2.89156712674	145.066841415	-6.7585798334	3815.0	51	194565.0
4932.YOR362C	288.0	-2.84834263728	128.090277778	-8.35776635613	1440.0	53	76320.0
4932.YOR363C	996.0	-2.83540733133	139.173694779	-11.6935466743	4980.0	3	14940.0
4932.YOR367W	200.0	-2.85108316765	139.4	-11.5197184732	1000.0	1300	1300000.0
4932.YOR370C	603.0	-2.87434137678	129.205638474	-9.00815949211	3015.0	58	174870.0
4932.YOR371C	897.0	-2.87749575346	141.754738016	-10.9958909572	4485.0	28	125580.0
4932.YOR372C	554.0	-2.68264600994	116.725631769	-11.5173188399	2770.0	6	16620.0
4932.YOR373W	851.0	-2.79707918803	131.854289072	-11.4151622886	4255.0	32	136160.0
4932.YOR374W	519.0	-2.85415589482	123.527938343	-7.48209992309	2595.0	41	106395.0
4932.YOR377W	525.0	-2.92455656387	161.034285714	-11.762301977	2625.0	103	270375.0
4932.YOR386W	565.0	-2.92114076766	168.145132743	-12.2589397572	2825.0	28	79100.0
4932.YPL004C	341.0	-2.78924172225	116.167155425	-8.06823936136	1705.0	389	663245.0
4932.YPL007C	588.0	-2.86902944236	151.896258504	-12.2106060805	2940.0	44	129360.0
4932.YPL008W	861.0	-2.87198767753	142.888501742	-12.6411393021	4305.0	67	288435.0
4932.YPL011C	353.0	-2.82067980619	127.807365439	-11.2590073875	1765.0	40	70600.0
4932.YPL013C	121.0	-2.74973682158	123.512396694	-11.7003993538	605.0	59	35695.0
4932.YPL016W	1314.0	-2.72078850816	126.203957382	-9.89171601423	6570.0	6	39420.0
4932.YPL017C	499.0	-2.85912389631	125.653306613	-11.7121970378	2495.0	29	72355.0
4932.YPL018W	369.0	-2.83146155271	143.094850948	-11.9362715046	1845.0	-116	-214020.0
4932.YPL019C	835.0	-2.82469183724	131.258682635	-8.97326169783	4175.0	17	70975.0
4932.YPL020C	621.0	-2.84134605226	144.359098229	-13.6555920184	3105.0	21	65205.0
4932.YPL022W	1100.0	-2.84029470472	134.343636363	-9.98563366246	5500.0	67	368500.0
4932.YPL028W	398.0	-2.78902464996	113.889447236	-7.20802607976	1990.0	117	232830.0
4932.YPL029W	737.0	-2.87251376003	142.211668928	-11.5496042028	3685.0	44	162140.0
4932.YPL030W	567.0	-2.89782698858	145.560846561	-9.6984230264	2835.0	16	45360.0
4932.YPL031C	305.0	-2.88131395631	147.557377049	-10.324892883	1525.0	217	330925.0
4932.YPL032C	825.0	-2.78488290442	126.785454546	-8.71023362668	4125.0	24	99000.0
4932.YPL037C	157.0	-2.70604984436	116.261146497	-7.13622283568	785.0	-103	-80855.0
4932.YPL038W	177.0	-2.8153597214	135.11299435	-11.5715310247	885.0	95	84075.0
4932.YPL040C	1002.0	-2.88461535104	150.474051895	-12.7438184849	5010.0	-194	-971940.0
4932.YPL043W	685.0	-2.79510820457	130.529927007	-8.97758304792	3425.0	22	75350.0
4932.YPL045W	798.0	-2.860248913	149.223057644	-10.2444701092	3990.0	30	119700.0
4932.YPL046C	99.0	-2.70997814473	121.626262626	-14.7678253878	495.0	5	2475.0
4932.YPL047W	99.0	-2.75496623912	134.323232323	-11.652685461	495.0	21	10395.0
4932.YPL048W	415.0	-2.84105467703	142.807228916	-7.71172688545	2075.0	45	93375.0
4932.YPL049C	452.0	-2.80441525152	127.360619469	-9.56220936321	2260.0	26	58760.0
4932.YPL050C	395.0	-2.89413897704	150.989873418	-9.77552842095	1975.0	7	13825.0
4932.YPL053C	446.0	-2.91152938407	160.105381165	-10.2658423554	2230.0	27	60210.0
4932.YPL055C	332.0	-2.74234262924	137.409638554	-10.8879851319	1660.0	15	24900.0
4932.YPL058C	1511.0	-2.91870370137	150.303110523	-7.04345521295	7555.0	-282	-2130510.0
4932.YPL059W	150.0	-2.79952225634	116.786666667	-10.1912993409	750.0	94	70500.0
4932.YPL061W	500.0	-2.8405633245	123.168	-4.92258701105	2500.0	115	287500.0
4932.YPL063W	476.0	-2.84674658918	140.728991596	-8.88263667584	2380.0	39	92820.0
4932.YPL064C	301.0	-2.82848406495	141.19269103	-13.4134780241	1505.0	173	260365.0
4932.YPL065W	242.0	-2.767548609	130.88429752	-13.1982074877	1210.0	259	313390.0
4932.YPL067C	198.0	-2.84013477658	143.186868687	-13.3274247734	990.0	45	44550.0
4932.YPL069C	335.0	-2.78966211429	136.36119403	-11.2571506692	1675.0	95	159125.0
4932.YPL072W	499.0	-2.82361539152	138.082164329	-13.201661232	2495.0	53	132235.0
4932.YPL074W	754.0	-2.77397779783	122.25862069	-13.1289529546	3770.0	40	150800.0
4932.YPL075W	785.0	-2.8093500338	125.821656051	-10.0415959826	3925.0	36	141300.0
4932.YPL079W	160.0	-2.82504789134	140.74375	-7.5676353423	800.0	84	67200.0
4932.YPL081W	197.0	-2.73039273759	110.883248731	-6.81560423089	985.0	169	166465.0
4932.YPL082C	1867.0	-2.84634604031	130.087841457	-7.70422935122	9335.0	60	560100.0
4932.YPL084W	844.0	-2.82846026097	135.877962085	-9.02222322353	4220.0	27	113940.0
4932.YPL086C	557.0	-2.88081478146	143.574506284	-9.52689754198	2785.0	32	89120.0
4932.YPL089C	676.0	-2.7048868939	124.26183432	-11.5522669419	3380.0	32	108160.0
4932.YPL090C	236.0	-2.73862232087	113.063559322	-6.61099209874	1180.0	100	118000.0
4932.YPL091W	483.0	-2.85492382221	134.873706005	-8.14575525648	2415.0	35	84525.0
4932.YPL093W	647.0	-2.86347060083	134.897990726	-7.66653727654	3235.0	28	90580.0
4932.YPL094C	274.0	-2.85183794304	139.828467153	-9.37977226313	1370.0	157	215090.0
4932.YPL096W	363.0	-2.9012172529	169.225895317	-12.0933052238	1815.0	108	196020.0
4932.YPL097W	492.0	-2.85225329089	129.656504065	-10.7953916649	2460.0	33	81180.0
4932.YPL100W	496.0	-2.84386008058	139.830645161	-12.2336710859	2480.0	56	138880.0
4932.YPL101W	456.0	-2.83300832282	125.91008772	-12.9553713447	2280.0	75	171000.0
4932.YPL104W	658.0	-2.87739059149	137.138297872	-12.5336273807	3290.0	65	213850.0
4932.YPL105C	849.0	-2.80009525542	123.647820965	-9.68509089519	4245.0	6	25470.0
4932.YPL106C	693.0	-2.82528758531	123.327561328	-5.6336274433	3465.0	101	349965.0
4932.YPL109C	657.0	-2.86672601718	141.834094368	-12.7645059	3285.0	110	361350.0
4932.YPL110C	1223.0	-2.86357088272	136.682747343	-9.95826132771	6115.0	-202	-1235230.0
4932.YPL111W	333.0	-2.83149233062	132.549549549	-7.72139618319	1665.0	69	114885.0
4932.YPL112C	394.0	-2.79061516307	138.002538071	-9.9108490958	1970.0	180	354600.0
4932.YPL115C	1128.0	-2.78354913747	120.614361702	-9.34841678958	5640.0	60	338400.0
4932.YPL116W	697.0	-2.90566747376	147.426111908	-9.93956403961	3485.0	-32558	-113464630.0
4932.YPL117C	288.0	-2.90334690741	161.96875	-8.37059270103	1440.0	136	195840.0
4932.YPL118W	344.0	-2.83319328329	131.398255814	-10.3536881289	1720.0	16	27520.0
4932.YPL119C	617.0	-2.85178229782	121.97082658	-10.1587595135	3085.0	18	55530.0
4932.YPL122C	513.0	-2.83282154064	133.865497076	-10.8535466816	2565.0	46	117990.0
4932.YPL125W	1032.0	-2.83709640893	137.810077519	-9.45674885137	5160.0	214	1104240.0
4932.YPL126W	896.0	-2.81966379837	138.840401786	-8.68105373574	4480.0	55	246400.0
4932.YPL127C	258.0	-2.54581717952	121.089147287	-9.25041999796	1290.0	35	45150.0
4932.YPL128C	562.0	-2.83679098501	129.87544484	-9.60212541048	2810.0	46	129260.0
4932.YPL129W	244.0	-2.79310803911	120.782786885	-9.89015640078	1220.0	251	306220.0
4932.YPL133C	446.0	-2.86071010146	137.239910314	-12.1636026539	2230.0	12	26760.0
4932.YPL134C	310.0	-2.83324285559	125.206451613	-11.2758907806	1550.0	181	280550.0
4932.YPL135W	165.0	-2.8147480284	133.296969697	-9.00785770103	825.0	25	20625.0
4932.YPL139C	460.0	-2.84883453392	136.22826087	-11.078981727	2300.0	-123	-282900.0
4932.YPL140C	506.0	-2.85973661207	134.614624506	-11.4445327894	2530.0	29	73370.0
4932.YPL144W	148.0	-2.8101779838	135.702702703	-11.731063677	740.0	-108	-79920.0
4932.YPL146C	455.0	-2.68980996363	140.375824176	-9.64707116596	2275.0	33	75075.0
4932.YPL151C	451.0	-2.88642695547	149.10864745	-10.5560219261	2255.0	124	279620.0
4932.YPL153C	821.0	-2.8623545186	132.556638245	-10.6378673473	4105.0	2	8210.0
4932.YPL160W	1090.0	-2.87822906305	140.759633027	-5.84062882924	5450.0	81	441450.0
4932.YPL161C	633.0	-2.76527362432	127.883096366	-9.88927665287	3165.0	39	123435.0
4932.YPL162C	273.0	-2.84648456825	149.692307693	-10.5337699094	1365.0	2	2730.0
4932.YPL169C	599.0	-2.8435722888	131.096828046	-10.3088604887	2995.0	41	122795.0
4932.YPL170W	152.0	-2.83985486507	129.848684211	-10.7489992227	760.0	-470	-357200.0
4932.YPL177C	306.0	-2.81734270183	136.843137255	-13.1284611719	1530.0	27	41310.0
4932.YPL178W	208.0	-2.82726854316	129.240384616	-10.3039515153	1040.0	87	90480.0
4932.YPL181W	506.0	-2.79659265675	129.247035573	-10.7960937013	2530.0	29	73370.0
4932.YPL183C	1013.0	-2.85088508194	144.141164857	-9.4818261864	5065.0	21	106365.0
4932.YPL184C	612.0	-2.86420296017	130.245098039	-9.04541698976	3060.0	65	198900.0
4932.YPL188W	414.0	-2.85103742186	130.944444444	-11.390259236	2070.0	86	178020.0
4932.YPL190C	802.0	-2.80271200986	126.523690773	-9.96388401685	4010.0	38	152380.0
4932.YPL194W	612.0	-2.86865607984	142.609477124	-11.7052923458	3060.0	16	48960.0
4932.YPL195W	932.0	-2.79634383809	130.14055794	-8.91014006395	4660.0	331	1542460.0
4932.YPL198W	244.0	-2.78223517364	124.405737705	-6.89670942778	1220.0	82	100040.0
4932.YPL199C	240.0	-2.83242716524	137.4375	-10.8662896141	1200.0	15	18000.0
4932.YPL203W	380.0	-2.88481930071	145.597368421	-10.7481483954	1900.0	25	47500.0
4932.YPL204W	494.0	-2.88915619626	144.821862348	-9.20714818815	2470.0	25	61750.0
4932.YPL206C	321.0	-2.86613880371	165.514018691	-11.3242936936	1605.0	18	28890.0
4932.YPL207W	810.0	-2.87012301992	146.264197531	-9.01611561929	4050.0	164	664200.0
4932.YPL208W	583.0	-2.84640190889	139.641509434	-10.388235775	2915.0	29	84535.0
4932.YPL209C	367.0	-2.85573241086	152.465940055	-14.2430268818	1835.0	78	143130.0
4932.YPL210C	640.0	-2.80287720074	137.5265625	-8.43005534195	3200.0	53	169600.0
4932.YPL211W	181.0	-2.86692769016	136.983425415	-9.60488080932	905.0	40	36200.0
4932.YPL212C	544.0	-2.84885931828	136.520220588	-8.91172530717	2720.0	151	410720.0
4932.YPL213W	238.0	-2.79515446309	127.516806723	-12.6849055158	1190.0	175	208250.0
4932.YPL214C	540.0	-2.85679113835	129.290740741	-13.8800278072	2700.0	77	207900.0
4932.YPL220W	217.0	-2.78311100239	137.820276497	-6.6512940754	1085.0	76	82460.0
4932.YPL221W	793.0	-2.88272758182	145.968474149	-8.76207037183	3965.0	-338	-1340170.0
4932.YPL222W	688.0	-2.88089497892	139.161337209	-12.7090470652	3440.0	25	86000.0
4932.YPL223C	168.0	-2.60746204687	131.005952381	-11.8081858222	840.0	80	67200.0
4932.YPL225W	146.0	-2.7754681535	144.287671233	-9.62816930372	730.0	34	24820.0
4932.YPL226W	1196.0	-2.85409827842	131.705685619	-6.46882871289	5980.0	33	197340.0
4932.YPL227C	334.0	-2.85669196596	138.350299401	-10.1496748903	1670.0	-121	-202070.0
4932.YPL228W	549.0	-2.81369453074	125.783242258	-10.3736286108	2745.0	33	90585.0
4932.YPL229W	206.0	-2.70354227001	132.470873786	-12.5619732067	1030.0	84	86520.0
4932.YPL231W	1887.0	-2.84483708592	122.051934288	-5.23124244616	9435.0	19	179265.0
4932.YPL232W	290.0	-2.79291116991	125.506896551	-11.1289461981	1450.0	14	20300.0
4932.YPL233W	216.0	-2.77936295351	146.106481482	-11.0712706694	1080.0	26	28080.0
4932.YPL234C	164.0	-2.69193890324	122.420731707	-9.98421446486	820.0	75	61500.0
4932.YPL235W	471.0	-2.79844026204	112.997876858	-9.11032123663	2355.0	250	588750.0
4932.YPL239W	200.0	-2.75557699159	124.18	-9.37689269991	1000.0	25	25000.0
4932.YPL242C	1495.0	-2.85482979416	138.048160534	-12.2250465081	7475.0	-614	-4589650.0
4932.YPL243W	599.0	-2.79632506928	133.871452421	-8.32455101405	2995.0	37	110815.0
4932.YPL247C	523.0	-2.86770786839	142.940726577	-11.5755272576	2615.0	60	156900.0
4932.YPL249C	894.0	-2.81845718222	124.270693512	-11.2433724184	4470.0	-175	-782250.0
4932.YPL254W	488.0	-2.81918606295	127.575819672	-10.8901313823	2440.0	28	68320.0
4932.YPL256C	545.0	-2.86896895484	141.620183487	-12.3976268409	2725.0	5	13625.0
4932.YPL259C	475.0	-2.8507117391	136.703157895	-10.6846903425	2375.0	37	87875.0
4932.YPL260W	551.0	-2.76821746647	129.551724138	-8.36105941468	2755.0	57	157035.0
4932.YPL263C	651.0	-2.83344217586	150.867895546	-8.66562132001	3255.0	29	94395.0
4932.YPL265W	608.0	-2.84255535985	136.508223684	-7.59652162639	3040.0	7	21280.0
4932.YPL270W	773.0	-2.82454831524	119.547218629	-9.74718782463	3865.0	57	220305.0
4932.YPL271W	62.0	-2.65563458007	122.016129032	-9.77020682488	310.0	-176	-54560.0
4932.YPL273W	325.0	-2.88117765558	141.44	-8.40737826171	1625.0	129	209625.0
4932.YPL274W	587.0	-2.83800743305	133.649063032	-9.04601619549	2935.0	16	46960.0
4932.YPL280W	237.0	-2.7985473066	124.063291139	-15.5184546355	1185.0	-158	-187230.0
4932.YPR002W	516.0	-2.87758152932	136.992248062	-12.1975450112	2580.0	34	87720.0
4932.YPR004C	344.0	-2.77095509773	113.761627907	-8.55787960249	1720.0	-164	-282080.0
4932.YPR008W	694.0	-2.80365993235	138.08501441	-10.4911509033	3470.0	17	58990.0
4932.YPR016C	245.0	-2.76611298133	108.044897959	-8.52167307069	1225.0	69	84525.0
4932.YPR017C	143.0	-2.85356745217	154.272727273	-11.4192312122	715.0	154	110110.0
4932.YPR018W	606.0	-2.76263966213	132.301980198	-11.6999207783	3030.0	24	72720.0
4932.YPR019W	933.0	-2.83775450009	125.901393355	-9.03568686446	4665.0	-260	-1212900.0
4932.YPR020W	115.0	-2.67423186313	132.486956522	-9.76021137634	575.0	25	14375.0
4932.YPR022C	1133.0	-2.88457894993	146.88172992	-13.6474792054	5665.0	20	113300.0
4932.YPR023C	401.0	-2.82955703666	143.498753117	-10.823585334	2005.0	70	140350.0
4932.YPR024W	747.0	-2.85326462271	123.878179384	-9.21306454091	3735.0	52	194220.0
4932.YPR025C	393.0	-2.81270505275	135.93129771	-10.5656193751	1965.0	84	165060.0
4932.YPR029C	832.0	-2.76279548018	125.152644231	-10.8096090269	4160.0	27	112320.0
4932.YPR032W	1033.0	-2.86494544341	128.127783155	-10.0086180903	5165.0	46	237590.0
4932.YPR033C	546.0	-2.81682298093	123.664835165	-7.56781259282	2730.0	45	122850.0
4932.YPR034W	477.0	-2.8793357528	137.308176101	-9.33175187864	2385.0	762	1817370.0
4932.YPR035W	370.0	-2.91680081765	152.545945946	-6.06299499119	1850.0	73	135050.0
4932.YPR036W	478.0	-2.79458697796	134.746861925	-7.54156556029	2390.0	223	532970.0
4932.YPR037C	196.0	-2.87818434292	159.423469388	-12.2683429803	980.0	33	32340.0
4932.YPR040W	356.0	-2.87814087172	141.407303371	-10.7289143908	1780.0	129	229620.0
4932.YPR041W	405.0	-2.83941131164	130.807407407	-7.4484692839	2025.0	186	376650.0
4932.YPR043W	92.0	-2.63997305658	158.706521739	-7.9675990519	460.0	264	121440.0
4932.YPR047W	469.0	-2.89191449324	155.686567165	-12.4428595382	2345.0	303	710535.0
4932.YPR049C	1178.0	-2.81053562639	130.163837012	-13.2136493575	5890.0	73	429970.0
4932.YPR051W	176.0	-2.87797331574	153.477272727	-11.4143536556	880.0	235	206800.0
4932.YPR056W	338.0	-2.840306377	132.384615385	-11.3856898944	1690.0	13	21970.0
4932.YPR060C	256.0	-2.80415681942	126.19140625	-8.9703365269	1280.0	3	3840.0
4932.YPR062W	158.0	-2.86375042176	159.170886076	-9.14639415927	790.0	-202	-159580.0
4932.YPR063C	140.0	-2.84786597391	138.914285715	-10.2249637043	700.0	24	16800.0
4932.YPR067W	185.0	-2.75588706946	127.302702702	-11.0996155333	925.0	18	16650.0
4932.YPR070W	566.0	-2.80743447387	136.784452297	-10.2727614903	2830.0	25	70750.0
4932.YPR072W	560.0	-2.82837857089	147.208928572	-9.0466205366	2800.0	26	72800.0
4932.YPR073C	161.0	-2.85845678523	166.583850932	-10.8212204898	805.0	44	35420.0
4932.YPR079W	381.0	-2.85709569855	140.545931758	-10.7428006353	1905.0	252	480060.0
4932.YPR080W	458.0	-2.83825910324	133.176855895	-4.17717716617	2290.0	56	128240.0
4932.YPR081C	618.0	-2.88306063179	138.729773463	-11.2357323138	3090.0	38	117420.0
4932.YPR086W	345.0	-2.84751686189	138.426086957	-10.1660697803	1725.0	17	29325.0
4932.YPR091C	770.0	-2.82013751701	128.672727273	-9.28958359242	3850.0	51	196350.0
4932.YPR097W	1073.0	-2.84144974888	139.446411929	-11.07567869	5365.0	19	101935.0
4932.YPR100W	140.0	-2.83785061578	152.264285714	-11.2957832611	700.0	-390	-273000.0
4932.YPR102C	174.0	-2.83331183506	128.120689655	-7.86000152343	870.0	71	61770.0
4932.YPR103W	287.0	-2.89051493739	139.958188153	-11.1585037731	1435.0	-182	-261170.0
4932.YPR104C	936.0	-2.79040085196	119.15491453	-10.6855917777	4680.0	40	187200.0
4932.YPR105C	861.0	-2.80711890439	131.743321719	-11.9209622936	4305.0	35	150675.0
4932.YPR107C	208.0	-2.86129787758	187.562500001	-12.0570404182	1040.0	146	151840.0
4932.YPR108W	429.0	-2.80409031414	132.566433566	-8.57208009914	2145.0	-101	-216645.0
4932.YPR111W	564.0	-2.88128766653	142.829787234	-10.6941175613	2820.0	16	45120.0
4932.YPR112C	887.0	-2.79518740036	123.00789177	-10.0688011794	4435.0	16	70960.0
4932.YPR113W	220.0	-2.8729035015	159.554545455	-9.94748096473	1100.0	17	18700.0
4932.YPR114W	315.0	-2.84243312644	154.758730158	-9.28436682222	1575.0	27	42525.0
4932.YPR115W	1083.0	-2.81578891776	131.099722992	-10.8981256912	5415.0	3	16245.0
4932.YPR118W	411.0	-2.81380423419	116.931873479	-9.36796318575	2055.0	-308	-632940.0
4932.YPR119W	491.0	-2.86495432301	138.018329939	-11.6579698029	2455.0	22	54010.0
4932.YPR120C	435.0	-2.8830588439	147.055172414	-12.972006039	2175.0	44	95700.0
4932.YPR124W	406.0	-2.79736929054	157.411330049	-9.2192851442	2030.0	80	162400.0
4932.YPR125W	454.0	-2.80847176607	129.308370044	-9.0934293915	2270.0	44	99880.0
4932.YPR127W	345.0	-2.87601422151	134.663768116	-11.6959694972	1725.0	92	158700.0
4932.YPR128C	328.0	-2.80768753009	124.606707317	-10.3800800792	1640.0	39	63960.0
4932.YPR129W	349.0	-2.80565892744	124.965616046	-10.0662961528	1745.0	30	52350.0
4932.YPR131C	195.0	-2.89197189419	161.133333334	-11.7370558544	975.0	140	136500.0
4932.YPR132W	145.0	-2.69849261716	129.544827586	-7.33428329895	725.0	43	31175.0
4932.YPR133C	410.0	-2.74754049748	117.3	-10.0257586654	2050.0	86	176300.0
4932.YPR135W	927.0	-2.87613110317	139.313915858	-11.330749437	4635.0	49	227115.0
4932.YPR137W	573.0	-2.84351728406	131.20069808	-9.33638790981	2865.0	79	226335.0
4932.YPR138C	489.0	-2.86616649922	154.846625767	-10.3516226863	2445.0	1421	3474345.0
4932.YPR139C	300.0	-2.81300193796	135.75	-11.8273937883	1500.0	169	253500.0
4932.YPR140W	381.0	-2.86440340295	140.758530183	-13.7127951256	1905.0	26	49530.0
4932.YPR141C	729.0	-2.78452343321	138.599451304	-12.0751757476	3645.0	27	98415.0
4932.YPR143W	250.0	-2.60750553867	118.916	-9.86472569934	1250.0	66	82500.0
4932.YPR144C	552.0	-2.83159676579	138.894927536	-9.77949473967	2760.0	39	107640.0
4932.YPR147C	304.0	-2.91421607008	162.332236842	-11.5791779595	1520.0	8	12160.0
4932.YPR148C	435.0	-2.753573729	132.868965517	-10.1227803474	2175.0	38	82650.0
4932.YPR152C	465.0	-2.81555231422	138.662365592	-12.7907632903	2325.0	1214	2822550.0
4932.YPR154W	215.0	-2.72228306523	120.665116279	-10.9675161612	1075.0	384	412800.0
4932.YPR155C	616.0	-2.83942905409	138.123376623	-11.2344389216	3080.0	41	126280.0
4932.YPR156C	622.0	-2.86406713662	135.255627009	-8.60123473876	3110.0	35	108850.0
4932.YPR159W	720.0	-2.86646240269	138.906944445	-8.77971117316	3600.0	324	1166400.0
4932.YPR161C	657.0	-2.87699725653	138.92541857	-10.8823729139	3285.0	12	39420.0
4932.YPR162C	529.0	-2.83574677788	130.196597354	-10.4946836559	2645.0	67	177215.0
4932.YPR163C	436.0	-2.75201347913	115.288990825	-7.15915615142	2180.0	67	146060.0
4932.YPR167C	261.0	-2.87585864653	152.636015325	-12.4270416204	1305.0	54	70470.0
4932.YPR168W	157.0	-2.79733202149	116.050955414	-10.8028714434	785.0	55	43175.0
4932.YPR169W	492.0	-2.79824303259	142.867886178	-10.298438662	2460.0	50	123000.0
4932.YPR171W	576.0	-2.6960969652	116.472222222	-11.3180271339	2880.0	65	187200.0
4932.YPR172W	200.0	-2.84006231052	136.56	-10.8100941632	1000.0	142	142000.0
4932.YPR173C	437.0	-2.8114070118	119.187643021	-9.80052963197	2185.0	57	124545.0
4932.YPR174C	221.0	-2.82182847679	133.968325792	-11.5532511295	1105.0	139	153595.0
4932.YPR175W	689.0	-2.87501555216	135.124818578	-10.8328198561	3445.0	62	213590.0
4932.YPR176C	325.0	-2.87015606216	149.772307692	-13.6216945476	1625.0	-65	-105625.0
4932.YPR178W	465.0	-2.85300039309	139.864516129	-12.3805488047	2325.0	57	132525.0
4932.YPR179C	655.0	-2.83520674026	141.283969466	-12.6414467706	3275.0	30	98250.0
4932.YPR180W	347.0	-2.82098567209	121.873198848	-10.256325149	1735.0	85	147475.0
4932.YPR183W	267.0	-2.88629369907	135.003745319	-8.23276553233	1335.0	3	4005.0
4932.YPR184W	1536.0	-2.89988236378	144.10546875	-9.41902417274	7680.0	18	138240.0
4932.YPR187W	155.0	-2.80354895051	124.051612903	-9.05083655469	775.0	-3704	-2870600.0
4932.YPR188C	163.0	-2.74755892246	118.889570552	-12.6714805568	815.0	6	4890.0
4932.YPR189W	1432.0	-2.83645736244	140.254888268	-8.54681482062	7160.0	32	229120.0
4932.YPR190C	654.0	-2.79643887089	123.579510704	-9.7041084746	3270.0	27	88290.0
4932.YPR191W	368.0	-2.72833824363	107.516304348	-8.2866419624	1840.0	352	647680.0
4932.YAL031C	760.0	-2.8237489667	140.057894737	-11.0471449576	3800.0	17	64600.0
4932.YBL005W	976.0	-2.86342534434	144.967213114	-12.0547503368	4880.0	51	248880.0
4932.YBL018C	133.0	-2.83653230462	158.481203007	-13.276123293	665.0	45	29925.0
4932.YBL028C	106.0	-2.64849439727	149.018867924	-10.4128330542	530.0	73	38690.0
4932.YBL038W	232.0	-2.8461802297	139.577586207	-11.5597475179	1160.0	276	320160.0
4932.YBL107C	196.0	-2.82911048906	150.760204082	-13.7717605746	980.0	8	7840.0
4932.YBR097W	1454.0	-2.84682270071	138.535075653	-12.6551773993	7270.0	2	14540.0
4932.YBR271W	419.0	-2.82845149202	141.169451074	-13.0382069952	2095.0	80	167600.0
4932.YBR302C	379.0	-2.84159352324	170.936675462	-16.1857073157	1895.0	8	15160.0
4932.YCL008C	385.0	-2.8495505589	136.067532468	-13.8272674232	1925.0	46	88550.0
4932.YCL047C	258.0	-2.85598959671	146.573643411	-13.5933852595	1290.0	210	270900.0
4932.YCL052C	416.0	-2.86688615369	139.276442308	-10.7933145869	2080.0	-225	-468000.0
4932.YCR063W	157.0	-2.85115169107	183.783439491	-11.0292838572	785.0	26	20410.0
4932.YDL030W	530.0	-2.83500460455	145.833962264	-11.6320871826	2650.0	21	55650.0
4932.YDL035C	961.0	-2.84513987367	151.208116545	-11.2725410722	4805.0	31	148955.0
4932.YDL090C	431.0	-2.90590755406	151.387470998	-12.7070625934	2155.0	65	140075.0
4932.YDL091C	455.0	-2.83048000998	131.652747253	-13.1984631307	2275.0	7	15925.0
4932.YDL098C	194.0	-2.82938812491	149.360824742	-12.8707264178	970.0	35	33950.0
4932.YDL238C	489.0	-2.89656521389	145.72801636	-14.8206285733	2445.0	172	420540.0
4932.YDR052C	704.0	-2.83606386841	142.011363636	-11.9666091544	3520.0	12	42240.0
4932.YDR069C	926.0	-2.84743855961	149.034557235	-10.5611758335	4630.0	69	319470.0
4932.YDR111C	507.0	-2.87751297409	128.830374754	-10.6436742787	2535.0	35	88725.0
4932.YDR147W	534.0	-2.88457976172	160.234082397	-12.6122635335	2670.0	37	98790.0
4932.YDR179C	162.0	-2.77240786858	155.604938272	-12.8885138814	810.0	40	32400.0
4932.YDR191W	370.0	-2.86399027009	139.870270271	-13.4128439964	1850.0	33	61050.0
4932.YDR202C	351.0	-2.85077682175	141.247863248	-11.3076126375	1755.0	1058	1856790.0
4932.YDR222W	415.0	-2.86694103338	149.626506025	-13.4963677714	2075.0	76	157700.0
4932.YDR240C	492.0	-2.88652475578	144.87195122	-12.488001701	2460.0	268	659280.0
4932.YDR243C	588.0	-2.8535547633	131.105442178	-12.7722818233	2940.0	31	91140.0
4932.YDR252W	149.0	-2.77403581652	142.44966443	-11.8240355245	745.0	262	195190.0
4932.YDR410C	239.0	-2.82995694459	152.907949791	-11.3970878883	1195.0	249	297555.0
4932.YDR440W	582.0	-2.85106899052	139.26975945	-12.4857467036	2910.0	63	183330.0
4932.YDR444W	687.0	-2.86480432137	133.26783115	-12.4470361285	3435.0	4	13740.0
4932.YDR488C	533.0	-2.87090358093	136.478424015	-13.450459289	2665.0	55	146575.0
4932.YDR514C	483.0	-2.89211285959	153.204968944	-12.756289252	2415.0	35	84525.0
4932.YDR538W	242.0	-2.8157217562	128.55785124	-13.7906084018	1210.0	27	32670.0
4932.YER054C	548.0	-2.85622462293	138.879562044	-11.4206104349	2740.0	40	109600.0
4932.YER101C	430.0	-2.86513572422	142.997674418	-13.7448576869	2150.0	19	40850.0
4932.YER153C	254.0	-2.77637855397	130.905511811	-12.3183433652	1270.0	83	105410.0
4932.YFL062W	379.0	-2.83590201455	172.005277044	-15.0662034071	1895.0	115	217925.0
4932.YGL047W	202.0	-2.87062118624	135.841584159	-12.012607829	1010.0	-3088	-3118880.0
4932.YGL059W	491.0	-2.86421575994	149.600814664	-14.6411103092	2455.0	57	139935.0
4932.YGL077C	563.0	-2.86430779182	152.14920071	-8.53561652901	2815.0	26	73190.0
4932.YGL142C	616.0	-2.81659204461	147.058441558	-14.4710456873	3080.0	26	80080.0
4932.YGL143C	413.0	-2.83180296882	125.162227603	-14.0080998322	2065.0	123	253995.0
4932.YGL194C	452.0	-2.87374220015	143.920353982	-10.6435175744	2260.0	125	282500.0
4932.YGL212W	316.0	-2.80289004605	128.291139241	-10.8521899859	1580.0	61	96380.0
4932.YGL254W	299.0	-2.8807145573	173.311036789	-13.5060719054	1495.0	84	125580.0
4932.YGR026W	278.0	-2.8147262387	171.712230216	-9.18203758561	1390.0	63	87570.0
4932.YGR091W	494.0	-2.82890640094	132.402834008	-12.5796837978	2470.0	33	81510.0
4932.YGR122W	402.0	-2.81518556914	137.798507463	-12.6652912711	2010.0	138	277380.0
4932.YGR129W	215.0	-2.73195345999	131.213953488	-13.0486134685	1075.0	81	87075.0
4932.YGR201C	225.0	-2.85272716691	139.924444444	-14.1958729074	1125.0	120	135000.0
4932.YGR220C	269.0	-2.85273182079	139.840148699	-10.5441393095	1345.0	65	87425.0
4932.YGR247W	239.0	-2.8843630454	149.259414226	-12.1100011346	1195.0	21	25095.0
4932.YGR257C	366.0	-2.8793826794	150.972677595	-10.2687600961	1830.0	32	58560.0
4932.YGR287C	589.0	-2.89402193113	158.772495756	-13.5914811949	2945.0	4816	14183120.0
4932.YHL024W	713.0	-2.8585915529	140.140252454	-12.3127176359	3565.0	158	563270.0
4932.YHL048W	381.0	-2.83919137502	167.994750656	-11.6738403995	1905.0	19	36195.0
4932.YHR031C	723.0	-2.83945229719	127.526970954	-13.5754887702	3615.0	8	28920.0
4932.YHR116W	151.0	-2.73968468141	153.728476821	-11.8716038901	755.0	3	2265.0
4932.YHR144C	312.0	-2.89464635519	153.631410257	-13.3001604307	1560.0	41	63960.0
4932.YHR156C	340.0	-2.75419934973	154.670588235	-14.23294062	1700.0	7	11900.0
4932.YHR204W	796.0	-2.88970763411	142.657035176	-12.7615734956	3980.0	27	107460.0
4932.YHR209W	291.0	-2.88717307642	150.62886598	-12.8541749866	1455.0	40	58200.0
4932.YIL007C	220.0	-2.80764451092	127.3	-13.0034088922	1100.0	674	741400.0
4932.YIL147C	1220.0	-2.82434573294	119.312295082	-12.7786123688	6100.0	34	207400.0
4932.YIL153W	393.0	-2.91356222776	153.473282443	-10.7740035218	1965.0	131	257415.0
4932.YIL172C	589.0	-2.89316248654	158.12393888	-15.391413692	2945.0	35	103075.0
4932.YJL004C	203.0	-2.79767769776	145.39408867	-12.4622801626	1015.0	57	57855.0
4932.YJL057C	667.0	-2.87023250572	135.434782608	-12.6870614455	3335.0	21	70035.0
4932.YJL065C	167.0	-2.77481480271	121.131736527	-11.5644159338	835.0	29	24215.0
4932.YJL071W	574.0	-2.85546009861	140.581881533	-14.113460457	2870.0	8	22960.0
4932.YJL134W	409.0	-2.89131691519	165.650366748	-14.895803337	2045.0	12	24540.0
4932.YJL209W	654.0	-2.85699735191	156.281345566	-11.7925897788	3270.0	43	140610.0
4932.YJR067C	141.0	-2.84310993807	140.865248226	-12.5529505845	705.0	-385	-271425.0
4932.YJR078W	453.0	-2.89351434004	143.474613686	-12.5219777274	2265.0	20	45300.0
4932.YJR098C	655.0	-2.85521280569	136.525190839	-12.5702191426	3275.0	54	176850.0
4932.YJR126C	811.0	-2.87930216907	139.200986437	-11.2450488398	4055.0	14	56770.0
4932.YJR147W	358.0	-2.87325906886	145.966480446	-11.5085322789	1790.0	42	75180.0
4932.YJR161C	383.0	-2.84554549447	175.206266319	-14.5142876079	1915.0	23	44045.0
4932.YKL048C	640.0	-2.85346572949	140.659375	-13.5555451887	3200.0	42	134400.0
4932.YKL134C	770.0	-2.89697199752	150.354545454	-10.9757356847	3850.0	37	142450.0
4932.YKL149C	405.0	-2.90208357666	169.037037037	-13.7186716819	2025.0	20	40500.0
4932.YKR086W	1071.0	-2.85707397164	131.605975724	-12.8857501286	5355.0	4	21420.0
4932.YKR088C	337.0	-2.82249836272	129.005934718	-10.1168228895	1685.0	98	165130.0
4932.YKR090W	706.0	-2.84331539748	133.770538244	-10.1116258119	3530.0	98	345940.0
4932.YLL012W	573.0	-2.89732135875	154.998254799	-10.1543599831	2865.0	32	91680.0
4932.YLL027W	250.0	-2.82382663578	134.816	-10.4271994131	1250.0	85	106250.0
4932.YLL058W	575.0	-2.83948778819	129.580869566	-12.837021782	2875.0	38	109250.0
4932.YLR011W	191.0	-2.83454981666	135.057591623	-14.4580584871	955.0	84	80220.0
4932.YLR139C	643.0	-2.78086730068	138.276827371	-12.6202771894	3215.0	-3308	-10635220.0
4932.YLR223C	1085.0	-2.73845731076	128.749308756	-11.9386633012	5425.0	62	336350.0
4932.YLR226W	395.0	-2.84999549657	147.402531645	-11.033053953	1975.0	115	227125.0
4932.YLR239C	328.0	-2.86844936645	142.932926829	-13.7917314914	1640.0	-83	-136120.0
4932.YLR275W	110.0	-2.7590791122	139.190909091	-13.0046348081	550.0	44	24200.0
4932.YLR289W	645.0	-2.85456351156	128.108527132	-11.6020237506	3225.0	-82	-264450.0
4932.YLR316C	322.0	-2.87475276535	154.201863354	-13.0868238581	1610.0	25	40250.0
4932.YLR323C	259.0	-2.79228696091	167.266409267	-14.0057507558	1295.0	45	58275.0
4932.YLR326W	240.0	-2.91457563214	163.5375	-13.7423498355	1200.0	115	138000.0
4932.YLR361C	578.0	-2.89822822548	149.94982699	-12.5061208246	2890.0	10	28900.0
4932.YLR390W	112.0	-2.81512440224	135.535714286	-13.179530205	560.0	190	106400.0
4932.YLR392C	518.0	-2.85865562442	137.088803089	-12.4180764629	2590.0	-218	-564620.0
4932.YLR407W	229.0	-2.81224548886	140.349344978	-10.8822162123	1145.0	46	52670.0
4932.YML009C	70.0	-2.60777931329	125.485714286	-12.2360523536	350.0	664	232400.0
4932.YML027W	385.0	-2.71773692141	121.664935065	-13.3940490828	1925.0	3	5775.0
4932.YML132W	379.0	-2.84159352324	170.936675462	-14.6760905619	1895.0	33	62535.0
4932.YMR097C	367.0	-2.84850058197	139.073569483	-13.6267295558	1835.0	69	126615.0
4932.YMR098C	612.0	-2.8420355724	140.911764706	-13.0681631195	3060.0	-124	-379440.0
4932.YMR124W	943.0	-2.78513223604	123.706256628	-9.8542464677	4715.0	430	2027450.0
4932.YMR179W	758.0	-2.8076128648	126.777044855	-11.9818128531	3790.0	45	170550.0
4932.YMR204C	420.0	-2.81660011955	131.509523809	-13.8888149336	2100.0	30	63000.0
4932.YMR213W	590.0	-2.82243824642	131.525423729	-12.9866806177	2950.0	28	82600.0
4932.YMR293C	464.0	-2.79477830614	119.724137931	-13.9322781386	2320.0	85	197200.0
4932.YNL011C	444.0	-2.83687194242	138.621621621	-12.1621307553	2220.0	28	62160.0
4932.YNL029C	522.0	-2.91965512142	166.511494253	-13.3010381644	2610.0	16	41760.0
4932.YNL152W	409.0	-2.82842277425	136.391198044	-13.1461146313	2045.0	26	53170.0
4932.YNL242W	1592.0	-2.83053825128	128.3209799	-11.225810861	7960.0	574	4569040.0
4932.YNL295W	524.0	-2.87369638311	150.255725191	-12.5379564091	2620.0	15	39300.0
4932.YNL336W	381.0	-2.83457137465	171.412073491	-10.2513064403	1905.0	58	110490.0
4932.YOL011W	686.0	-2.84730081656	129.750728862	-10.4814147456	3430.0	15	51450.0
4932.YOL017W	714.0	-2.87024459716	147.078431372	-14.1170917361	3570.0	30	107100.0
4932.YOL072W	455.0	-2.86948951996	148.984615385	-13.7299478402	2275.0	66	150150.0
4932.YOL117W	645.0	-2.81020644718	141.751937985	-13.5700232895	3225.0	51	164475.0
4932.YOR006C	313.0	-2.84700847907	157.060702875	-11.0101309008	1565.0	58	90770.0
4932.YOR081C	749.0	-2.84981651978	140.29105474	-11.0031164433	3745.0	17	63665.0
4932.YOR179C	188.0	-2.79532732663	137.521276596	-11.6644106225	940.0	287	269780.0
4932.YOR213C	248.0	-2.87989557348	149.500000001	-14.134396844	1240.0	68	84320.0
4932.YOR256C	809.0	-2.85203234714	134.734239802	-12.5774901407	4045.0	2	8090.0
4932.YOR274W	428.0	-2.89506658295	161.079439252	-11.1854638053	2140.0	12	25680.0
4932.YOR349W	1014.0	-2.82685038832	141.444773176	-11.6685568834	5070.0	16	81120.0
4932.YPL006W	1170.0	-2.88281042496	145.902564102	-12.1870770306	5850.0	84	491400.0
4932.YPL057C	382.0	-2.85689379019	162.410994764	-10.1755989015	1910.0	33	63030.0
4932.YPL103C	468.0	-2.90880428017	164.632478633	-13.8940617716	2340.0	14	32760.0
4932.YPL138C	353.0	-2.89307137222	178.866855524	-13.4867816659	1765.0	40	70600.0
4932.YPL152W	358.0	-2.89884655516	165.592178772	-12.7169335259	1790.0	-1019	-1824010.0
4932.YPL193W	381.0	-2.8350931815	142.979002625	-14.0548241255	1905.0	30	57150.0
4932.YPL202C	416.0	-2.8167928334	142.180288461	-14.8282821192	2080.0	35	72800.0
4932.YPR045C	470.0	-2.8518624237	146.474468085	-10.6871310123	2350.0	58	136300.0
4932.YPR046W	181.0	-2.69727507317	129.574585635	-12.7670649048	905.0	104	94120.0
4932.YPR068C	470.0	-2.89694836743	159.102127659	-14.6936949373	2350.0	6	14100.0
4932.YPR186C	429.0	-2.85575145262	179.375291375	-13.6553040723	2145.0	99	212355.0
4932.YAL032C	379.0	-2.82651464825	124.224274406	-11.5625756861	1895.0	474	898230.0
4932.YAL056W	880.0	-2.88080272156	140.067045455	-14.7797841416	4400.0	8	35200.0
4932.YAR003W	426.0	-2.88613860697	150.596244132	-13.7144696962	2130.0	42	89460.0
4932.YBL010C	280.0	-2.81436829977	138.146428571	-14.2599673044	1400.0	111	155400.0
4932.YBL021C	144.0	-2.82889121196	135.458333333	-11.8497665211	720.0	51	36720.0
4932.YBL029W	376.0	-2.72817476985	130.888297872	-13.1144439905	1880.0	31	58280.0
4932.YBL052C	831.0	-2.85855102442	147.553549939	-12.7061168164	4155.0	7	29085.0
4932.YBL060W	687.0	-2.84979358408	147.858806404	-15.434906487	3435.0	22	75570.0
4932.YBL074C	355.0	-2.89787935268	160.732394366	-12.2051477013	1775.0	250	443750.0
4932.YBL091C-A	175.0	-2.83401818323	125.0	-15.3038159327	875.0	15	13125.0
4932.YBL108W	101.0	-2.82666044659	192.455445545	-16.4733437574	505.0	8	4040.0
4932.YBR007C	736.0	-2.80280578607	138.622282609	-14.2684094077	3680.0	20	73600.0
4932.YBR028C	525.0	-2.85318465623	139.552380952	-9.86332213519	2625.0	64	168000.0
4932.YBR043C	689.0	-2.87531782182	134.103047896	-10.7633488602	3445.0	30	103350.0
4932.YBR062C	180.0	-2.87136607347	162.338888889	-14.5994485245	900.0	8	7200.0
4932.YBR066C	220.0	-2.82914506801	166.413636363	-14.0237893591	1100.0	10	11000.0
4932.YBR071W	211.0	-2.65790615902	134.023696683	-14.5859935273	1055.0	3	3165.0
4932.YBR105C	362.0	-2.87735390763	142.127071823	-9.47590866025	1810.0	-3982	-7207420.0
4932.YBR119W	298.0	-2.75380090603	126.174496644	-13.2999447642	1490.0	-18948	-28232520.0
4932.YBR131W	704.0	-2.83560287774	143.984375	-11.0885174491	3520.0	30	105600.0
4932.YBR132C	596.0	-2.88905935642	144.540268456	-9.65324745504	2980.0	89	265220.0
4932.YBR138C	524.0	-2.76652964838	138.801526718	-12.9830916326	2620.0	5	13100.0
4932.YBR141C	337.0	-2.83308612271	146.537091988	-14.6834704362	1685.0	13	21905.0
4932.YBR148W	609.0	-2.76526974842	140.446633826	-12.1682251156	3045.0	18	54810.0
4932.YBR156C	698.0	-2.76458594078	131.462750716	-11.8098572849	3490.0	13	45370.0
4932.YBR158W	549.0	-2.86447095015	144.162112933	-12.4641619233	2745.0	17	46665.0
4932.YBR162W-A	65.0	-2.65716347433	130.769230769	-12.6852642761	325.0	4	1300.0
4932.YBR167C	140.0	-2.75141216161	143.028571428	-12.5702286551	700.0	66	46200.0
4932.YBR168W	413.0	-2.84915587053	154.624697337	-15.8929743975	2065.0	49	101185.0
4932.YBR188C	140.0	-2.76971083806	121.507142857	-11.8955234619	700.0	-268	-187600.0
4932.YBR197C	217.0	-2.80106477931	130.382488479	-14.3136202488	1085.0	93	100905.0
4932.YBR201W	211.0	-2.84580748762	155.17535545	-14.1952133631	1055.0	3	3165.0
4932.YBR225W	900.0	-2.83650626586	138.075555556	-13.5328445228	4500.0	9	40500.0
4932.YBR235W	1120.0	-2.86536501004	130.432142857	-14.6413776674	5600.0	31	173600.0
4932.YBR238C	731.0	-2.89907794486	156.875512995	-12.7825590828	3655.0	19	69445.0
4932.YBR255W	694.0	-2.83262058568	140.873198847	-13.3191532754	3470.0	3	10410.0
4932.YBR290W	321.0	-2.84682804337	126.457943925	-10.7256100244	1605.0	48	77040.0
4932.YBR299W	584.0	-2.89907745136	158.513698631	-12.3628901489	2920.0	42	122640.0
4932.YCL005W	256.0	-2.87454925044	142.8125	-15.0290779572	1280.0	42	53760.0
4932.YCL056C	144.0	-2.7531149617	163.006944444	-13.3853104572	720.0	37	26640.0
4932.YCL063W	423.0	-2.79729205198	125.78250591	-13.9098661907	2115.0	31	65565.0
4932.YCR008W	603.0	-2.88640661705	149.529021559	-13.7018545986	3015.0	12	36180.0
4932.YCR018C	221.0	-2.77757741324	152.294117647	-13.44678091	1105.0	2	2210.0
4932.YCR020C	215.0	-2.8513008056	165.339534884	-15.4960148162	1075.0	65	69875.0
4932.YCR038C	642.0	-2.85025429054	150.099688474	-12.4952161597	3210.0	122	391620.0
4932.YCR039C	210.0	-2.74431267146	132.719047619	-16.4851850593	1050.0	107	112350.0
4932.YCR043C	127.0	-2.86615054411	187.039370079	-10.9271440243	635.0	27	17145.0
4932.YCR048W	610.0	-2.90476581191	163.621311476	-15.1343819742	3050.0	36	109800.0
4932.YCR065W	564.0	-2.84351733264	136.929078014	-11.4782515665	2820.0	15	42300.0
4932.YCR068W	520.0	-2.91754387964	159.661538461	-12.8030432163	2600.0	12	31200.0
4932.YCR069W	318.0	-2.87050616178	141.433962264	-12.1105080979	1590.0	41	65190.0
4932.YCR075C	260.0	-2.86617803004	172.673076923	-13.6405270115	1300.0	7	9100.0
4932.YDL008W	165.0	-2.91169789077	170.787878788	-11.451757359	825.0	11	9075.0
4932.YDL036C	462.0	-2.8857078527	145.716450216	-14.1934831414	2310.0	129	297990.0
4932.YDL069C	229.0	-2.77057894883	141.707423581	-14.4448663358	1145.0	120	137400.0
4932.YDL085W	545.0	-2.86417005282	132.355963303	-13.1102416707	2725.0	48	130800.0
4932.YDL087C	261.0	-2.85614464364	146.938697318	-13.7121365973	1305.0	-591	-771255.0
4932.YDL104C	407.0	-2.87191819992	136.695331696	-13.4690304564	2035.0	130	264550.0
4932.YDL105W	402.0	-2.83093938574	135.529850747	-14.9864247621	2010.0	25	50250.0
4932.YDL123W	140.0	-2.79700634997	144.857142857	-10.6305705749	700.0	63	44100.0
4932.YDL138W	763.0	-2.84411285057	125.786369594	-14.5605283319	3815.0	3	11445.0
4932.YDL146W	491.0	-2.83269968996	143.236252546	-11.7381334887	2455.0	3	7365.0
4932.YDL149W	997.0	-2.86184015461	141.902708124	-11.8593480651	4985.0	2	9970.0
4932.YDL177C	170.0	-2.84477674932	154.95882353	-15.3336398765	850.0	110	93500.0
4932.YDL203C	623.0	-2.86304183712	140.247191012	-10.996427968	3115.0	24	74760.0
4932.YDL216C	440.0	-2.85080246219	144.938636364	-13.7364221688	2200.0	24	52800.0
4932.YDL227C	586.0	-2.90291093559	152.377133107	-13.3736732906	2930.0	2	5860.0
4932.YDL233W	458.0	-2.86499848913	128.79257642	-13.2631950696	2290.0	45	103050.0
4932.YDL241W	123.0	-2.78908095295	147.195121951	-14.7398095869	615.0	13	7995.0
4932.YDR003W	210.0	-2.85946668279	129.538095238	-11.0776508055	1050.0	78	81900.0
4932.YDR007W	224.0	-2.81725273054	122.151785714	-11.4268547422	1120.0	52	58240.0
4932.YDR014W	647.0	-2.77485811154	137.015455951	-14.0430274559	3235.0	15	48525.0
4932.YDR020C	232.0	-2.81428037949	134.715517241	-11.8201712249	1160.0	27	31320.0
4932.YDR022C	196.0	-2.70543681603	121.234693878	-15.244562025	980.0	165	161700.0
4932.YDR043C	231.0	-2.87140675736	161.662337662	-13.9853663467	1155.0	10	11550.0
4932.YDR065W	365.0	-2.81486416165	158.654794521	-12.8705816985	1825.0	31	56575.0
4932.YDR066C	196.0	-2.84717949598	153.372448979	-12.3924684786	980.0	113	110740.0
4932.YDR075W	308.0	-2.89789657352	150.532467532	-11.4557572835	1540.0	61	93940.0
4932.YDR076W	406.0	-2.83384869531	132.852216749	-12.9492428743	2030.0	14	28420.0
4932.YDR090C	310.0	-2.87660850641	147.358064516	-10.7539887535	1550.0	87	134850.0
4932.YDR103W	917.0	-2.82457308202	130.05125409	-11.4211715336	4585.0	5	22925.0
4932.YDR109C	715.0	-2.89280265526	137.855944056	-13.2365155371	3575.0	3	10725.0
4932.YDR115W	105.0	-2.5850009459	135.285714286	-12.6757169603	525.0	93	48825.0
4932.YDR118W	652.0	-2.83750296105	136.311349693	-11.8932018933	3260.0	100	326000.0
4932.YDR124W	324.0	-2.8294953787	142.138888889	-12.008652959	1620.0	65	105300.0
4932.YDR125C	453.0	-2.87199397317	159.10816777	-13.198867783	2265.0	33	74745.0
4932.YDR128W	1148.0	-2.90087244512	153.641986063	-13.4716498649	5740.0	3	17220.0
4932.YDR159W	1301.0	-2.8435478931	138.724058417	-13.1318562968	6505.0	35	227675.0
4932.YDR179W-A	463.0	-2.85567960649	154.349892008	-15.0471234055	2315.0	24	55560.0
4932.YDR183W	230.0	-2.80763984672	139.469565218	-13.7893458206	1150.0	20	23000.0
4932.YDR184C	294.0	-2.71916443882	139.105442177	-14.3289125464	1470.0	2	2940.0
4932.YDR185C	179.0	-2.88946229695	163.150837989	-14.0277412345	895.0	25	22375.0
4932.YDR197W	389.0	-2.82398178057	135.264781491	-13.4019671818	1945.0	73	141985.0
4932.YDR198C	479.0	-2.83667566115	152.78079332	-13.4939983301	2395.0	28	67060.0
4932.YDR217C	1309.0	-2.82891186705	131.040488924	-12.2684664601	6545.0	-562	-3678290.0
4932.YDR230W	115.0	-2.78276072561	136.304347826	-13.9615866587	575.0	3	1725.0
4932.YDR275W	235.0	-2.80922416003	136.85106383	-13.925299083	1175.0	73	85775.0
4932.YDR277C	433.0	-2.82047036137	136.205542725	-10.5423594781	2165.0	28	60620.0
4932.YDR288W	303.0	-2.77787759448	120.693069307	-13.7023477156	1515.0	22	33330.0
4932.YDR291W	1077.0	-2.9037819644	143.817084494	-12.0327384868	5385.0	16	86160.0
4932.YDR309C	383.0	-2.73708527365	127.328981723	-11.7755789476	1915.0	13	24895.0
4932.YDR314C	692.0	-2.85603790209	153.343930636	-16.3137392332	3460.0	11	38060.0
4932.YDR319C	274.0	-2.85581665304	179.762773722	-14.1838680393	1370.0	44	60280.0
4932.YDR323C	515.0	-2.84497778926	157.662135922	-11.9246765184	2575.0	3	7725.0
4932.YDR332W	689.0	-2.86137503913	142.611030479	-14.5468214986	3445.0	46	158470.0
4932.YDR338C	695.0	-2.85826904845	131.627338129	-13.7042132384	3475.0	18	62550.0
4932.YDR357C	122.0	-2.77308197455	146.0	-15.3317227588	610.0	22	13420.0
4932.YDR364C	455.0	-2.87234080494	156.013186814	-11.2556656161	2275.0	38	86450.0
4932.YDR367W	221.0	-2.83546231241	155.796380091	-10.5821298643	1105.0	173	191165.0
4932.YDR370C	442.0	-2.8822374707	153.502262443	-14.1792244158	2210.0	54	119340.0
4932.YDR371W	511.0	-2.8699277806	156.287671232	-12.9632088265	2555.0	62	158410.0
4932.YDR379C-A	79.0	-2.7710147833	150.025316456	-14.4424494199	395.0	11	4345.0
4932.YDR409W	904.0	-2.80796225512	130.216814159	-12.1077846649	4520.0	7	31640.0
4932.YDR419W	632.0	-2.86375050124	148.530063291	-13.121615334	3160.0	61	192760.0
4932.YDR437W	140.0	-2.79552028501	157.442857143	-14.7707446895	700.0	-109	-76300.0
4932.YDR451C	353.0	-2.80901884837	137.796033994	-14.1893612894	1765.0	3	5295.0
4932.YDR461W	36.0	-2.65472422536	153.944444445	-10.7857034264	180.0	93	16740.0
4932.YDR478W	198.0	-2.75306617287	158.040404041	-14.6930037209	990.0	75	74250.0
4932.YDR479C	554.0	-2.86432035658	138.209386282	-11.1305036502	2770.0	52	144040.0
4932.YDR482C	135.0	-2.69024055896	137.081481482	-12.5839039866	675.0	2	1350.0
4932.YDR492W	316.0	-2.86886242238	168.987341772	-16.5697066128	1580.0	49	77420.0
4932.YDR506C	608.0	-2.91059953463	157.157894737	-13.9608449529	3040.0	10	30400.0
4932.YDR525W-A	79.0	-2.73586738794	152.113924051	-10.1503528612	395.0	224	88480.0
4932.YDR528W	423.0	-2.78800511282	129.621749409	-11.8336165806	2115.0	55	116325.0
4932.YDR540C	179.0	-2.78436695798	161.944134078	-14.9742109135	895.0	6	5370.0
4932.YEL004W	342.0	-2.80976669327	147.222222222	-15.6609099744	1710.0	49	83790.0
4932.YEL005C	282.0	-2.76578166826	131.964539007	-15.3694731331	1410.0	75	105750.0
4932.YEL006W	335.0	-2.82804694929	126.925373134	-13.6603558977	1675.0	10	16750.0
4932.YEL008W	126.0	-2.86385900101	183.888888889	-15.3286439457	630.0	341	214830.0
4932.YEL016C	493.0	-2.91413164905	156.738336714	-11.7506345921	2465.0	7	17255.0
4932.YEL017C-A	43.0	-2.57759614383	133.046511628	-9.23940574041	215.0	-167	-35905.0
4932.YEL041W	495.0	-2.87476097492	137.12929293	-12.8888197448	2475.0	70	173250.0
4932.YEL048C	152.0	-2.74195831771	124.039473684	-12.2824185912	760.0	607	461320.0
4932.YEL061C	1000.0	-2.78885623038	137.402	-13.435424205	5000.0	25	125000.0
4932.YEL063C	590.0	-2.8502181974	135.089830509	-8.25483593315	2950.0	29	85550.0
4932.YER005W	630.0	-2.89605248115	146.514285715	-13.9564163795	3150.0	35	110250.0
4932.YER013W	1145.0	-2.87089570771	132.530131004	-11.6563256793	5725.0	45	257625.0
4932.YER032W	876.0	-2.7790670846	133.141552512	-15.6529156833	4380.0	3	13140.0
4932.YER035W	145.0	-2.7381403066	139.386206897	-11.1253618764	725.0	52	37700.0
4932.YER037W	321.0	-2.84519852677	146.3894081	-15.093608459	1605.0	36	57780.0
4932.YER038C	464.0	-2.80485116082	140.213362069	-15.9638382541	2320.0	172	399040.0
4932.YER041W	759.0	-2.85826068429	138.826086956	-12.699054048	3795.0	18	68310.0
4932.YER051W	492.0	-2.89421850203	154.140243902	-12.2466199338	2460.0	38	93480.0
4932.YER071C	126.0	-2.67233303701	142.825396826	-14.8832627006	630.0	67	42210.0
4932.YER084W	128.0	-2.68873520438	140.0	-11.8486665469	640.0	17	10880.0
4932.YER093C-A	137.0	-2.77220655176	130.240875912	-13.8468695766	685.0	1178	806930.0
4932.YER098W	754.0	-2.86354671939	149.183023873	-12.4488261096	3770.0	9	33930.0
4932.YER104W	208.0	-2.82054674294	148.427884615	-15.4616197786	1040.0	3	3120.0
4932.YER124C	573.0	-2.83621458116	150.383944154	-12.8335716452	2865.0	2	5730.0
4932.YER128W	203.0	-2.83052159606	147.674876847	-10.560432127	1015.0	117	118755.0
4932.YER144C	805.0	-2.89181904352	144.836024845	-13.1015296978	4025.0	14	56350.0
4932.YER170W	225.0	-2.76155518523	115.297777778	-12.3649147648	1125.0	135	151875.0
4932.YER173W	659.0	-2.85784606436	143.716236722	-12.5691914677	3295.0	15	49425.0
4932.YER185W	303.0	-2.78035302489	120.145214521	-12.4337576032	1515.0	33	49995.0
4932.YFL017W-A	77.0	-2.71663488222	114.974025974	-11.5608300258	385.0	297	114345.0
4932.YFL025C	1029.0	-2.8559868974	138.326530612	-15.5406534277	5145.0	69	355005.0
4932.YFL027C	497.0	-2.84294244572	144.736418511	-14.0067166598	2485.0	55	136675.0
4932.YFL046W	207.0	-2.82552374188	138.584541062	-15.0675883241	1035.0	63	65205.0
4932.YFL050C	858.0	-2.86924754677	135.324009324	-12.5033630678	4290.0	3	12870.0
4932.YFL060C	222.0	-2.88327619366	142.009009009	-13.7518081369	1110.0	73	81030.0
4932.YFR007W	353.0	-2.85948673901	137.648725212	-14.3081871273	1765.0	68	120020.0
4932.YFR008W	221.0	-2.72568315191	136.796380091	-14.3064993	1105.0	36	39780.0
4932.YFR020W	232.0	-2.89369580507	159.051724138	-15.0557515776	1160.0	49	56840.0
4932.YFR055W	340.0	-2.83238933695	132.35	-12.5707079068	1700.0	30	51000.0
4932.YGL029W	120.0	-2.48565769827	146.558333334	-10.2633022282	600.0	36	21600.0
4932.YGL079W	218.0	-2.72720557626	117.128440367	-13.8537003614	1090.0	39	42510.0
4932.YGL108C	140.0	-2.65667768836	140.842857143	-12.2520425004	700.0	-102	-71400.0
4932.YGL113W	668.0	-2.80418917366	136.393712575	-12.523062414	3340.0	16	53440.0
4932.YGL134W	433.0	-2.82131853049	134.625866051	-13.3295338587	2165.0	10	21650.0
4932.YGL154C	272.0	-2.85361542892	138.558823529	-14.3782868827	1360.0	94	127840.0
4932.YGL160W	570.0	-2.81740521755	141.259649123	-14.0512120667	2850.0	95	270750.0
4932.YGL162W	299.0	-2.78221240492	134.046822742	-13.2032540756	1495.0	21	31395.0
4932.YGL163C	898.0	-2.88461390323	138.838530067	-12.0711896386	4490.0	14	62860.0
4932.YGL175C	345.0	-2.82504818421	134.898550724	-14.5064178842	1725.0	16	27600.0
4932.YGL209W	382.0	-2.80268209113	131.767015707	-11.1868488567	1910.0	15	28650.0
4932.YGL216W	805.0	-2.84696569388	130.12173913	-10.1232097017	4025.0	12	48300.0
4932.YGL219C	459.0	-2.80981875751	132.851851852	-14.7224304405	2295.0	45	103275.0
4932.YGL226W	123.0	-2.87597641181	156.544715447	-14.9230840435	615.0	23	14145.0
4932.YGL247W	197.0	-2.85691371187	142.07106599	-12.3717053962	985.0	-131	-129035.0
4932.YGR016W	190.0	-2.77964425774	147.263157895	-15.701682019	950.0	9	8550.0
4932.YGR021W	290.0	-2.80419553523	121.134482759	-11.103069446	1450.0	-4890	-7090500.0
4932.YGR041W	547.0	-2.85581845447	126.307129799	-13.7728469502	2735.0	40	109400.0
4932.YGR042W	271.0	-2.82768956368	131.055350554	-13.2714424657	1355.0	14	18970.0
4932.YGR046W	385.0	-2.86103518299	142.392207792	-12.8368867196	1925.0	35	67375.0
4932.YGR052W	369.0	-2.90682984977	170.273712737	-15.0549653387	1845.0	35	64575.0
4932.YGR058W	335.0	-2.87902659892	135.03880597	-13.5434170796	1675.0	16	26800.0
4932.YGR065C	593.0	-2.90409792865	168.39460371	-9.6326831486	2965.0	42	124530.0
4932.YGR075C	242.0	-2.83043622032	155.541322314	-11.2403854267	1210.0	29	35090.0
4932.YGR077C	589.0	-2.82826733354	148.68081494	-14.2854320127	2945.0	26	76570.0
4932.YGR101W	346.0	-2.82152154917	145.476878613	-13.6864315004	1730.0	56	96880.0
4932.YGR102C	183.0	-2.82995658394	147.202185792	-12.2337960998	915.0	65	59475.0
4932.YGR141W	467.0	-2.91721867433	170.338329765	-14.4782284636	2335.0	36	84060.0
4932.YGR142W	410.0	-2.75080307852	130.609756098	-14.3431505911	2050.0	13	26650.0
4932.YGR146C	211.0	-2.67787282468	143.161137441	-12.476402735	1055.0	18	18990.0
4932.YGR161C	263.0	-2.73381549491	123.399239544	-11.7086018601	1315.0	57	74955.0
4932.YGR168C	376.0	-2.81592491414	156.776595745	-17.3949550761	1880.0	58	109040.0
4932.YGR197C	547.0	-2.8830703844	139.729433273	-14.126016492	2735.0	29	79315.0
4932.YGR206W	101.0	-2.83711737976	164.732673267	-12.9632193331	505.0	16	8080.0
4932.YGR216C	609.0	-2.83729992152	142.380952381	-12.2045280903	3045.0	102	310590.0
4932.YGR221C	622.0	-2.80508724277	129.57073955	-15.7465307225	3110.0	140	435400.0
4932.YGR243W	146.0	-2.82378826818	144.198630137	-11.5362711278	730.0	44	32120.0
4932.YGR291C	73.0	-2.66544444306	152.94520548	-15.8501739397	365.0	3	1095.0
4932.YGR292W	584.0	-2.90005132853	158.327054794	-12.1877113066	2920.0	35	102200.0
4932.YHL008C	627.0	-2.8535831232	125.733652312	-11.9015389335	3135.0	134	420090.0
4932.YHL019C	605.0	-2.85590544626	143.704132232	-12.7638974916	3025.0	2	6050.0
4932.YHL036W	546.0	-2.8060971945	134.208791209	-12.8442029623	2730.0	55	150150.0
4932.YHR015W	659.0	-2.82478101593	142.73141123	-12.9945845239	3295.0	2	6590.0
4932.YHR035W	630.0	-2.87744418709	153.976190477	-12.7384880732	3150.0	38	119700.0
4932.YHR050W	549.0	-2.81489254471	121.176684882	-14.9551203616	2745.0	29	79605.0
4932.YHR061C	314.0	-2.80725430281	137.369426751	-12.0036149725	1570.0	2	3140.0
4932.YHR067W	280.0	-2.91133297076	159.071428571	-13.7488743853	1400.0	-187	-261800.0
4932.YHR129C	384.0	-2.85908190169	140.005208333	-13.3852862786	1920.0	-290	-556800.0
4932.YHR131C	850.0	-2.80070074552	129.828235294	-13.1255414301	4250.0	39	165750.0
4932.YHR136C	148.0	-2.87178562728	149.101351352	-10.5206139856	740.0	39	28860.0
4932.YHR143W	325.0	-2.38251448034	95.9538461539	-14.3432357862	1625.0	1323	2149875.0
4932.YHR143W-A	70.0	-2.71095227067	140.971428572	-10.0585612521	350.0	-679	-237650.0
4932.YHR152W	173.0	-2.75416401634	141.826589595	-13.1630576787	865.0	14	12110.0
4932.YHR155W	1228.0	-2.86218382856	149.610749186	-12.3798298324	6140.0	35	214900.0
4932.YHR162W	129.0	-2.82156952823	144.410852713	-10.8892706897	645.0	42	27090.0
4932.YHR175W	189.0	-2.88042319617	198.492063492	-11.5534459434	945.0	-261	-246645.0
4932.YHR189W	190.0	-2.82134023443	140.152631579	-15.5534581433	950.0	82	77900.0
4932.YHR194W	579.0	-2.84690762091	135.208981001	-13.0059144132	2895.0	10	28950.0
4932.YIL001W	513.0	-2.85332833703	140.65497076	-14.5902199139	2565.0	24	61560.0
4932.YIL042C	394.0	-2.87847324803	150.946700507	-11.5286304311	1970.0	121	238370.0
4932.YIL045W	538.0	-2.83977592749	145.347583643	-12.6430403517	2690.0	2	5380.0
4932.YIL050W	285.0	-2.80977654015	131.771929825	-12.6393051712	1425.0	19	27075.0
4932.YIL055C	627.0	-2.85111521487	130.164274322	-15.7671287515	3135.0	16	50160.0
4932.YIL077C	320.0	-2.84598056394	142.3625	-13.9902067046	1600.0	62	99200.0
4932.YIL089W	205.0	-2.83450592146	156.175609756	-14.3341840987	1025.0	3	3075.0
4932.YIL092W	633.0	-2.82570730702	136.000000001	-12.8070219991	3165.0	3	9495.0
4932.YIL095W	810.0	-2.84224378896	128.062962963	-10.4009212928	4050.0	31	125550.0
4932.YIL101C	647.0	-2.83958557706	138.353941267	-12.7720543743	3235.0	19	61465.0
4932.YIL122W	351.0	-2.82060746562	135.538461538	-13.0163228409	1755.0	26	45630.0
4932.YIL159W	1375.0	-2.80745872343	134.669818182	-10.94326992	6875.0	20	137500.0
4932.YIR011C	319.0	-2.88340413867	146.445141065	-13.7460924967	1595.0	3	4785.0
4932.YIR015W	144.0	-2.84874689553	157.277777778	-12.6471774507	720.0	17	12240.0
4932.YIR021W	363.0	-2.8364664735	141.961432507	-12.5759916558	1815.0	48	87120.0
4932.YIR024C	216.0	-2.72031237905	127.921296296	-14.5367556846	1080.0	413	446040.0
4932.YJL003W	118.0	-2.79572082052	142.177966101	-14.3832466875	590.0	2	1180.0
4932.YJL013C	515.0	-2.81489605876	130.221359223	-12.5133753656	2575.0	30	77250.0
4932.YJL016W	561.0	-2.85462257627	145.140819965	-10.8184207809	2805.0	31	86955.0
4932.YJL023C	347.0	-2.8249843679	137.780979828	-12.5963237337	1735.0	67	116245.0
4932.YJL030W	196.0	-2.83284851201	137.392857143	-14.6592720925	980.0	24	23520.0
4932.YJL048C	396.0	-2.84219812638	143.987373737	-13.0666273735	1980.0	38	75240.0
4932.YJL049W	450.0	-2.77902370754	130.388888889	-13.135056972	2250.0	66	148500.0
4932.YJL056C	880.0	-2.85325686734	178.763636363	-12.3969618534	4400.0	163	717200.0
4932.YJL058C	543.0	-2.81382893508	130.565377532	-13.3490175998	2715.0	28	76020.0
4932.YJL072C	213.0	-2.81900335941	143.070422535	-14.7780270873	1065.0	-115	-122475.0
4932.YJL083W	604.0	-2.84046134862	143.162251655	-12.1312043583	3020.0	23	69460.0
4932.YJL090C	764.0	-2.8297703944	143.513089005	-14.1429974612	3820.0	19	72580.0
4932.YJL092W	1174.0	-2.83223519643	130.52725724	-11.6779200638	5870.0	42	246540.0
4932.YJL094C	873.0	-2.81216861429	122.758304696	-14.0056046203	4365.0	19	82935.0
4932.YJL100W	607.0	-2.90778633041	153.701812191	-13.6852598447	3035.0	-1051	-3189785.0
4932.YJL107C	387.0	-2.79314307475	120.38501292	-12.5809337433	1935.0	100	193500.0
4932.YJL118W	219.0	-2.79140790758	155.488584474	-12.7149358525	1095.0	30	32850.0
4932.YJL127C	640.0	-2.88262780192	140.54375	-12.1985746716	3200.0	22	70400.0
4932.YJL133W	314.0	-2.871849585	151.573248408	-14.0230137266	1570.0	37	58090.0
4932.YJL139C	428.0	-2.89454116828	159.226635514	-12.2735234942	2140.0	15	32100.0
4932.YJL147C	382.0	-2.77201600917	141.701570681	-13.7629208754	1910.0	52	99320.0
4932.YJL149W	663.0	-2.83003664767	149.654600302	-12.8949502881	3315.0	3	9945.0
4932.YJL161W	180.0	-2.78283163199	130.577777778	-15.8235444589	900.0	93	83700.0
4932.YJL203W	280.0	-2.8125919845	142.592857142	-12.6913328362	1400.0	-172	-240800.0
4932.YJL213W	331.0	-2.84863661929	130.265861027	-13.5835435287	1655.0	26	43030.0
4932.YJR011C	261.0	-2.79586375221	149.394636016	-13.4003300185	1305.0	68	88740.0
4932.YJR012C	207.0	-2.8451737551	135.265700483	-15.4602401965	1035.0	419	433665.0
4932.YJR013W	403.0	-2.84227755433	159.985111662	-10.7193158606	2015.0	38	76570.0
4932.YJR015W	510.0	-2.86952167872	139.635294118	-11.6334516543	2550.0	13	33150.0
4932.YJR043C	350.0	-2.7683778892	139.042857143	-12.5257674743	1750.0	76	133000.0
4932.YJR050W	235.0	-2.85557746038	163.953191489	-12.9063390099	1175.0	17	19975.0
4932.YJR056C	236.0	-2.81627596044	141.262711864	-11.3608852627	1180.0	2	2360.0
4932.YJR058C	147.0	-2.81107937048	152.49659864	-14.3811453304	735.0	145	106575.0
4932.YJR119C	728.0	-2.88379951618	157.013736263	-12.5200267022	3640.0	36	131040.0
4932.YJR129C	339.0	-2.86964394	149.286135693	-14.0158737536	1695.0	13	22035.0
4932.YJR136C	421.0	-2.8283646418	143.004750594	-12.7445689063	2105.0	151	317855.0
4932.YJR149W	404.0	-2.87204095244	130.618811881	-14.4716100167	2020.0	93	187860.0
4932.YJR156C	340.0	-2.88356292064	152.817647059	-14.7876467753	1700.0	3	5100.0
4932.YKL026C	167.0	-2.83542626539	157.431137725	-14.4049053912	835.0	50	41750.0
4932.YKL038W	1170.0	-2.82645925387	125.183760684	-13.3427594638	5850.0	14	81900.0
4932.YKL043W	366.0	-2.84532716084	126.344262295	-13.1246759886	1830.0	14	25620.0
4932.YKL072W	766.0	-2.85280449475	154.120104439	-12.8304227297	3830.0	25	95750.0
4932.YKL086W	127.0	-2.78723770223	116.480314961	-12.328146194	635.0	16	10160.0
4932.YKL119C	215.0	-2.73571278016	139.320930233	-13.4831916669	1075.0	30	32250.0
4932.YKL124W	579.0	-2.84354325988	125.445595855	-14.2497727291	2895.0	12	34740.0
4932.YKL138C	131.0	-2.81430940966	168.41221374	-11.2521900392	655.0	-104	-68120.0
4932.YKL168C	724.0	-2.88002058712	147.86878453	-13.5751965785	3620.0	51	184620.0
4932.YKL183W	306.0	-2.86701741922	134.055555556	-11.1431375836	1530.0	114	174420.0
4932.YKL185W	588.0	-2.77214101623	138.384353742	-11.4110806392	2940.0	2	5880.0
4932.YKL208W	271.0	-2.84419344202	144.712177122	-15.1536487995	1355.0	44	59620.0
4932.YKR017C	551.0	-2.90779806538	178.764065336	-12.7378202663	2755.0	23	63365.0
4932.YKR044W	443.0	-2.89227985055	143.713318285	-13.4608775231	2215.0	68	150620.0
4932.YKR045C	183.0	-2.67735338599	117.535519126	-12.6753298461	915.0	39	35685.0
4932.YKR075C	307.0	-2.84203823663	173.413680782	-11.7158428045	1535.0	8	12280.0
4932.YKR077W	363.0	-2.72724368218	119.592286501	-12.6473125685	1815.0	35	63525.0
4932.YKR078W	585.0	-2.81870474118	141.500854701	-12.4762771722	2925.0	-1826	-5341050.0
4932.YKR096W	1195.0	-2.85688495112	140.919665272	-13.9531791527	5975.0	39	233025.0
4932.YLL018C-A	98.0	-2.83405793421	173.836734694	-11.1064861961	490.0	5	2450.0
4932.YLL061W	583.0	-2.85071384384	141.030874786	-11.6179122052	2915.0	2	5830.0
4932.YLR035C	695.0	-2.83140370483	132.707913669	-12.0575583741	3475.0	21	72975.0
4932.YLR036C	203.0	-2.84661455043	159.492610837	-15.0781147218	1015.0	58	58870.0
4932.YLR049C	428.0	-2.81484976319	145.693925233	-14.7242255521	2140.0	11	23540.0
4932.YLR067C	965.0	-2.8785123802	156.649740933	-13.3788228043	4825.0	46	221950.0
4932.YLR073C	200.0	-2.76324366917	129.05	-11.9519243645	1000.0	8	8000.0
4932.YLR091W	293.0	-2.8550163153	147.559726962	-13.666233382	1465.0	171	250515.0
4932.YLR094C	502.0	-2.82084062477	139.185258964	-12.9830909202	2510.0	2	5020.0
4932.YLR127C	853.0	-2.84923456201	150.686987104	-11.9591054478	4265.0	30	127950.0
4932.YLR132C	290.0	-2.86333971162	145.979310345	-14.8842793496	1450.0	29	42050.0
4932.YLR138W	985.0	-2.8593719851	127.571573604	-9.64748593654	4925.0	-299	-1472575.0
4932.YLR149C	730.0	-2.87081524281	143.336986302	-14.6453858753	3650.0	3	10950.0
4932.YLR151C	340.0	-2.87314070257	158.673529411	-13.2233737969	1700.0	31	52700.0
4932.YLR176C	811.0	-2.79263626058	133.13810111	-11.8489846397	4055.0	53	214915.0
4932.YLR183C	489.0	-2.8453272964	138.928425358	-12.5397540578	2445.0	17	41565.0
4932.YLR191W	386.0	-2.8102601748	128.284974093	-12.2780525611	1930.0	44	84920.0
4932.YLR194C	254.0	-2.4812006673	110.732283465	-11.3146557498	1270.0	2	2540.0
4932.YLR201C	260.0	-2.86364589814	149.288461538	-11.4564330774	1300.0	-376	-488800.0
4932.YLR211C	226.0	-2.71904388221	130.115044248	-15.8121736048	1130.0	22	24860.0
4932.YLR254C	189.0	-2.65117466681	121.857142857	-12.1860498584	945.0	45	42525.0
4932.YLR271W	274.0	-2.81079391531	151.215328467	-12.7489268833	1370.0	19	26030.0
4932.YLR281C	155.0	-2.72672637553	135.458064516	-12.5948760225	775.0	115	89125.0
4932.YLR298C	231.0	-2.83247617732	162.268398269	-13.2983058153	1155.0	74	85470.0
4932.YLR313C	661.0	-2.80078357219	122.37065053	-13.1472901994	3305.0	31	102455.0
4932.YLR358C	187.0	-2.72781006498	136.07486631	-14.0645462281	935.0	169	158015.0
4932.YLR360W	439.0	-2.81126442533	139.938496583	-14.2557110729	2195.0	40	87800.0
4932.YLR363C	218.0	-2.85482115767	154.811926605	-10.5669466328	1090.0	93	101370.0
4932.YLR376C	242.0	-2.82471418309	140.723140496	-13.591125544	1210.0	39	47190.0
4932.YLR383W	1114.0	-2.809490368	128.681328546	-12.0568226569	5570.0	57	317490.0
4932.YLR404W	285.0	-2.82289717059	134.221052631	-12.732175974	1425.0	-271	-386175.0
4932.YLR408C	122.0	-2.80906110541	159.090163934	-14.7213940281	610.0	61	37210.0
4932.YLR412W	274.0	-2.82158420641	143.576642336	-11.2477767836	1370.0	-224	-306880.0
4932.YLR423C	417.0	-2.76266173083	136.434052757	-13.496171251	2085.0	43	89655.0
4932.YLR424W	708.0	-2.84999997227	152.483050848	-11.5461532662	3540.0	28	99120.0
4932.YLR453C	395.0	-2.79114042049	142.787341772	-12.9273248665	1975.0	58	114550.0
4932.YLR455W	304.0	-2.79466143396	137.480263158	-10.7317026196	1520.0	104	158080.0
4932.YLR456W	204.0	-2.8186760806	141.68627451	-15.5769392527	1020.0	-293	-298860.0
4932.YML003W	290.0	-2.84408145194	149.131034482	-12.3538239079	1450.0	27	39150.0
4932.YML006C	774.0	-2.78187777329	136.369509044	-13.9312598153	3870.0	50	193500.0
4932.YML018C	393.0	-2.80661086552	129.949109415	-9.51763168189	1965.0	80	157200.0
4932.YML037C	340.0	-2.81081715484	143.952941176	-12.7095073922	1700.0	2	3400.0
4932.YML058W-A	68.0	-2.79960099631	133.882352941	-16.0403431173	340.0	3	1020.0
4932.YML060W	376.0	-2.88705342612	153.845744681	-12.055215435	1880.0	36	67680.0
4932.YML098W	167.0	-2.73830234366	128.604790419	-12.58193324	835.0	32	26720.0
4932.YML104C	1127.0	-2.81179448232	132.250221828	-13.4641770334	5635.0	3	16905.0
4932.YML107C	334.0	-2.86183812665	169.943113773	-13.6862685844	1670.0	182	303940.0
4932.YML108W	105.0	-2.64680561257	145.866666666	-12.2359312583	525.0	59	30975.0
4932.YML113W	248.0	-2.75500488681	125.161290323	-11.1281685654	1240.0	42	52080.0
4932.YML116W	542.0	-2.82448841315	136.924354243	-9.71238246182	2710.0	19	51490.0
4932.YML118W	505.0	-2.90118273122	147.170297029	-13.2517500661	2525.0	68	171700.0
4932.YMR010W	405.0	-2.80910168554	142.844444444	-10.482948731	2025.0	-635	-1285875.0
4932.YMR021C	417.0	-2.8924366286	159.172661871	-11.6628200365	2085.0	93	193905.0
4932.YMR023C	526.0	-2.78839957783	119.404942966	-14.1133899117	2630.0	32	84160.0
4932.YMR036C	554.0	-2.78547958366	138.57400722	-13.1099290524	2770.0	12	33240.0
4932.YMR052W	204.0	-2.71734567727	137.039215687	-14.2746201169	1020.0	7	7140.0
4932.YMR068W	426.0	-2.82485846952	133.124413146	-11.1459816672	2130.0	58	123540.0
4932.YMR069W	285.0	-2.8919432107	156.042105263	-12.7049909316	1425.0	30	42750.0
4932.YMR077C	221.0	-2.73221184286	128.407239819	-11.8467240903	1105.0	124	137020.0
4932.YMR100W	620.0	-2.87210110456	153.083870968	-15.4360331784	3100.0	74	229400.0
4932.YMR127C	338.0	-2.85534801799	163.937869822	-10.6389428169	1690.0	6	10140.0
4932.YMR132C	208.0	-2.86105077143	168.288461539	-13.7146924853	1040.0	38	39520.0
4932.YMR154C	727.0	-2.86879902083	144.661623109	-13.6190082331	3635.0	2	7270.0
4932.YMR163C	705.0	-2.83982593261	142.04822695	-10.2318705995	3525.0	10	35250.0
4932.YMR164C	758.0	-2.71905623299	136.345646438	-13.2253985555	3790.0	19	72010.0
4932.YMR167W	769.0	-2.8137909598	125.289986996	-14.1703795961	3845.0	10	38450.0
4932.YMR175W	79.0	-2.52584512844	191.063291139	-14.4533206155	395.0	34	13430.0
4932.YMR181C	154.0	-2.72194682433	135.87012987	-13.5334513079	770.0	26	20020.0
4932.YMR182C	211.0	-2.80235943564	143.701421801	-14.2804579094	1055.0	-28810	-30394550.0
4932.YMR195W	127.0	-2.78319673742	146.874015748	-13.9246777052	635.0	42	26670.0
4932.YMR198W	594.0	-2.8144610009	144.553872054	-14.4441714679	2970.0	18	53460.0
4932.YMR251W-A	59.0	-2.25811002024	74.5762711866	-9.38299802988	295.0	22	6490.0
4932.YMR251W-A	59.0	-2.25811002024	74.5762711866	-9.38299802988	295.0	22	6490.0
4932.YMR257C	800.0	-2.8629928322	155.9625	-14.1169944642	4000.0	26	104000.0
4932.YMR269W	211.0	-2.54768701515	150.018957346	-11.495136158	1055.0	23	24265.0
4932.YMR273C	915.0	-2.79659996219	126.846994535	-13.4577793341	4575.0	24	109800.0
4932.YMR281W	304.0	-2.87693973512	150.391447368	-15.3529606764	1520.0	52	79040.0
4932.YMR283C	513.0	-2.87086429919	147.105263158	-14.4812778803	2565.0	52	133380.0
4932.YMR299C	312.0	-2.85306902292	159.358974359	-14.3455278321	1560.0	161	251160.0
4932.YMR316W	336.0	-2.89915138644	143.94345238	-13.5359069563	1680.0	20	33600.0
4932.YNL024C	246.0	-2.8078583989	141.085365854	-13.8022652153	1230.0	13	15990.0
4932.YNL046W	172.0	-2.81052173211	133.447674419	-13.6688687465	860.0	29	24940.0
4932.YNL047C	656.0	-2.82297473468	132.818597561	-11.3754298836	3280.0	49	160720.0
4932.YNL053W	489.0	-2.80362672531	129.795501023	-12.8916847353	2445.0	15	36675.0
4932.YNL063W	314.0	-2.88590719452	150.178343949	-11.9847283847	1570.0	92	144440.0
4932.YNL078W	407.0	-2.79299081346	132.633906634	-11.392300538	2035.0	37	75295.0
4932.YNL082W	873.0	-2.85251719221	137.112256586	-13.8343192556	4365.0	2	8730.0
4932.YNL083W	545.0	-2.84227112227	133.482568807	-12.3093498219	2725.0	26	70850.0
4932.YNL092W	400.0	-2.91112581636	155.357499999	-13.3729816522	2000.0	12	24000.0
4932.YNL094W	587.0	-2.8658676771	131.524701874	-13.1337028912	2935.0	64	187840.0
4932.YNL101W	713.0	-2.83230756638	127.468443197	-12.0654875726	3565.0	26	92690.0
4932.YNL122C	115.0	-2.70309881455	159.721739131	-14.2149960343	575.0	-2373	-1364475.0
4932.YNL130C	393.0	-2.86168497454	154.183206106	-10.7799188016	1965.0	39	76635.0
4932.YNL133C	173.0	-2.62874727175	127.132947977	-14.2360694185	865.0	19	16435.0
4932.YNL143C	130.0	-2.74467459473	143.292307692	-10.7240022195	650.0	37	24050.0
4932.YNL184C	108.0	-2.78038722442	137.861111111	-14.7021781687	540.0	95	51300.0
4932.YNL187W	357.0	-2.89651632239	143.899159664	-14.1013249128	1785.0	33	58905.0
4932.YNL190W	204.0	-2.44229839567	151.950980392	-10.5013733228	1020.0	17	17340.0
4932.YNL213C	214.0	-2.79517216846	151.528037383	-13.5180557254	1070.0	62	66340.0
4932.YNL218W	587.0	-2.85504406731	135.833049403	-12.0199807917	2935.0	22	64570.0
4932.YNL223W	494.0	-2.88600905341	139.093117409	-12.1920296181	2470.0	38	93860.0
4932.YNL234W	426.0	-2.85129823323	141.964788733	-12.8123454425	2130.0	25	53250.0
4932.YNL245C	179.0	-2.64506879125	135.977653632	-12.5961594257	895.0	8	7160.0
4932.YNL254C	401.0	-2.83306104434	138.842892768	-12.8825324172	2005.0	14	28070.0
4932.YNL268W	611.0	-2.86449259124	136.22913257	-8.43997673068	3055.0	21	64155.0
4932.YNL275W	576.0	-2.86185492855	135.204861111	-11.0367037197	2880.0	6	17280.0
4932.YNL289W	279.0	-2.82953666888	144.899641577	-12.1944065992	1395.0	3	4185.0
4932.YNL293W	633.0	-2.88431963615	149.679304897	-11.5674422717	3165.0	23	72795.0
4932.YNL299W	642.0	-2.83919205737	137.666666667	-12.43583895	3210.0	35	112350.0
4932.YNL300W	102.0	-2.42306916316	104.098039216	-10.0488649822	510.0	-146	-74460.0
4932.YNL304W	417.0	-2.89089665882	141.899280576	-12.4932725332	2085.0	24	50040.0
4932.YNL322C	313.0	-2.47975833923	107.996805112	-8.97780509157	1565.0	14	21910.0
4932.YNL325C	879.0	-2.89897432094	151.053469852	-9.97732224785	4395.0	18	79110.0
4932.YNR004W	146.0	-2.75559163428	138.739726027	-14.3977802111	730.0	-71	-51830.0
4932.YNR014W	212.0	-2.70624652037	140.787735849	-10.9365665129	1060.0	109	115540.0
4932.YNR045W	489.0	-2.88090343351	148.339468302	-14.7339253203	2445.0	68	166260.0
4932.YNR058W	480.0	-2.91408647378	154.535416667	-13.2516672317	2400.0	56	134400.0
4932.YNR061C	219.0	-2.74850918064	115.812785388	-15.5524365412	1095.0	7	7665.0
4932.YNR075W	374.0	-2.88972369195	164.815508022	-13.5369567899	1870.0	548	1024760.0
4932.YOL001W	293.0	-2.82137263726	138.034129693	-15.533733624	1465.0	208	304720.0
4932.YOL020W	592.0	-2.8515125704	146.097972973	-9.00706942427	2960.0	26	76960.0
4932.YOL028C	245.0	-2.79051120197	128.771428571	-13.1983957446	1225.0	18	22050.0
4932.YOL043C	380.0	-2.89437872486	160.884210527	-13.4632119538	1900.0	-3648	-6931200.0
4932.YOL044W	383.0	-2.81957238924	145.289817232	-13.7353425274	1915.0	143	273845.0
4932.YOL047C	356.0	-2.84054362248	145.311797753	-14.1079986444	1780.0	35	62300.0
4932.YOL048C	342.0	-2.84227665918	141.157894737	-11.345660775	1710.0	112	191520.0
4932.YOL082W	415.0	-2.84470203588	143.320481928	-13.8816321544	2075.0	41	85075.0
4932.YOL101C	312.0	-2.79251317452	149.746794871	-14.1241896549	1560.0	19	29640.0
4932.YOL103W	609.0	-2.85731257534	131.696223317	-11.4680271503	3045.0	71	216195.0
4932.YOL104C	352.0	-2.85730777844	151.980113636	-14.2471694203	1760.0	13	22880.0
4932.YOL105C	556.0	-2.62409898712	121.861510791	-10.6806577247	2780.0	41	113980.0
4932.YOL110W	237.0	-2.79261285179	129.637130802	-12.7466963506	1185.0	20	23700.0
4932.YOL112W	492.0	-2.88319319245	146.900406504	-12.5520273763	2460.0	28	68880.0
4932.YOL136C	397.0	-2.80793584397	139.614609572	-14.1302627405	1985.0	52	103220.0
4932.YOL146W	194.0	-2.83032381238	139.298969073	-14.2374368578	970.0	19	18430.0
4932.YOR023C	566.0	-2.77430464784	137.469964664	-14.5706613217	2830.0	24	67920.0
4932.YOR025W	447.0	-2.84418005032	143.243847875	-12.7183647355	2235.0	3	6705.0
4932.YOR033C	702.0	-2.86859293058	138.682336183	-14.1392586781	3510.0	2	7020.0
4932.YOR037W	366.0	-2.85710410336	144.535519126	-12.3515589257	1830.0	147	269010.0
4932.YOR040W	285.0	-2.92267459632	157.466666667	-14.3733731059	1425.0	252	359100.0
4932.YOR044W	157.0	-2.79824427703	140.649681528	-11.5916686097	785.0	7	5495.0
4932.YOR047C	444.0	-2.85291368751	135.166666666	-12.9920915018	2220.0	8	17760.0
4932.YOR052C	150.0	-2.79631904682	164.466666667	-12.8548171529	750.0	103	77250.0
4932.YOR060C	257.0	-2.81472536563	132.408560311	-12.2380779838	1285.0	21	26985.0
4932.YOR062C	268.0	-2.87201873617	160.802238806	-11.5866101098	1340.0	32	42880.0
4932.YOR070C	637.0	-2.88029846082	148.260596546	-14.1705417417	3185.0	21	66885.0
4932.YOR071C	598.0	-2.88671492179	164.329431438	-17.2268192731	2990.0	11	32890.0
4932.YOR073W	590.0	-2.70968882829	126.19661017	-11.9707758011	2950.0	11	32450.0
4932.YOR077W	232.0	-2.87190529432	151.353448276	-11.5727556658	1160.0	38	44080.0
4932.YOR092W	613.0	-2.86034404417	130.177814029	-13.6751360893	3065.0	3	9195.0
4932.YOR104W	282.0	-2.87519953344	150.510638298	-10.7849608745	1410.0	69	97290.0
4932.YOR147W	622.0	-2.80110654678	141.133440514	-11.505892681	3110.0	32	99520.0
4932.YOR154W	587.0	-2.82866968981	134.756388415	-12.7379262123	2935.0	21	61635.0
4932.YOR159C	94.0	-2.72925770722	123.127659574	-14.0285258984	470.0	-80	-37600.0
4932.YOR161C	539.0	-2.8806184107	148.272727273	-10.6308370025	2695.0	43	115885.0
4932.YOR172W	786.0	-2.8681694009	148.997455471	-13.6181225592	3930.0	92	361560.0
4932.YOR177C	464.0	-2.78675570094	153.851293103	-12.9873101676	2320.0	37	85840.0
4932.YOR208W	750.0	-2.8191979613	150.662666666	-14.7267956402	3750.0	3	11250.0
4932.YOR223W	292.0	-2.85741565547	128.226027397	-13.8680662861	1460.0	22	32120.0
4932.YOR237W	434.0	-2.87146954507	145.324884792	-13.534592858	2170.0	25	54250.0
4932.YOR249C	685.0	-2.83257977363	142.997080292	-12.5626470374	3425.0	18	61650.0
4932.YOR264W	430.0	-2.80222221839	131.539534884	-12.1770858633	2150.0	36	77400.0
4932.YOR266W	423.0	-2.8305437732	143.36643026	-12.0962507731	2115.0	34	71910.0
4932.YOR269W	494.0	-2.89801955099	164.248987854	-14.8341220505	2470.0	10	24700.0
4932.YOR284W	243.0	-2.8453537656	149.87654321	-14.4086049452	1215.0	97	117855.0
4932.YOR295W	228.0	-2.735109125	134.960526316	-14.7554086044	1140.0	826	941640.0
4932.YOR296W	1289.0	-2.85862518966	139.117145074	-12.7389309125	6445.0	14	90230.0
4932.YOR305W	242.0	-2.87575358287	159.958677686	-14.3203973737	1210.0	25	30250.0
4932.YOR307C	453.0	-2.8262110595	134.810154525	-10.8412669988	2265.0	90	203850.0
4932.YOR315W	346.0	-2.79567010485	132.624277456	-15.1840794567	1730.0	26	44980.0
4932.YOR324C	602.0	-2.77439201839	119.757475083	-13.8473609294	3010.0	9	27090.0
4932.YOR342C	319.0	-2.84668790795	138.717868339	-11.2147070145	1595.0	15	23925.0
4932.YOR350C	663.0	-2.82725317046	146.004524887	-10.9785735484	3315.0	31	102765.0
4932.YOR358W	242.0	-2.838061407	129.991735537	-14.2104431247	1210.0	-100	-121000.0
4932.YOR385W	290.0	-2.87914372491	152.844827586	-14.4502813345	1450.0	55	79750.0
4932.YPL005W	606.0	-2.85669554798	142.762376237	-13.0657300404	3030.0	11	33330.0
4932.YPL014W	381.0	-2.73602306241	119.556430446	-11.053718048	1905.0	11	20955.0
4932.YPL015C	357.0	-2.86867793292	139.06722689	-10.4354089645	1785.0	33	58905.0
4932.YPL026C	502.0	-2.86139413141	150.288844621	-10.4841930156	2510.0	879	2206290.0
4932.YPL034W	165.0	-2.7700385562	163.157575757	-14.3410426138	825.0	-301	-248325.0
4932.YPL041C	207.0	-2.81569706708	150.371980676	-13.6403380025	1035.0	54	55890.0
4932.YPL051W	198.0	-2.86439328609	142.696969697	-13.7951575355	990.0	72	71280.0
4932.YPL052W	292.0	-2.79195311749	156.77739726	-15.5597784433	1460.0	73	106580.0
4932.YPL060W	413.0	-2.78435803816	129.774818402	-12.9455679706	2065.0	29	59885.0
4932.YPL068C	293.0	-2.77064575133	134.0	-12.9813393035	1465.0	33	48345.0
4932.YPL071C	156.0	-2.82473476329	170.256410256	-14.6249332015	780.0	61	47580.0
4932.YPL083C	467.0	-2.83517175609	145.139186295	-11.5707670195	2335.0	25	58375.0
4932.YPL107W	248.0	-2.86178923446	146.145161291	-11.6189168253	1240.0	74	91760.0
4932.YPL120W	557.0	-2.75652751512	131.226211849	-11.1637400106	2785.0	24	66840.0
4932.YPL148C	173.0	-2.89397994005	161.930635838	-13.6524645536	865.0	-879	-760335.0
4932.YPL149W	294.0	-2.86596577309	144.948979591	-13.3971585423	1470.0	-629	-924630.0
4932.YPL155C	706.0	-2.7940597157	123.412181303	-11.7119655267	3530.0	-394	-1390820.0
4932.YPL158C	758.0	-2.75379846908	121.357519789	-12.7683875119	3790.0	2	7580.0
4932.YPL166W	213.0	-2.79237383942	143.272300469	-12.1335188404	1065.0	48	51120.0
4932.YPL168W	430.0	-2.82946383562	138.525581396	-12.5979912853	2150.0	107	230050.0
4932.YPL174C	868.0	-2.74548309146	130.981566821	-12.7890747568	4340.0	10	43400.0
4932.YPL176C	783.0	-2.89067560936	137.011494253	-13.9288182917	3915.0	3	11745.0
4932.YPL191C	360.0	-2.80884214944	132.119444445	-13.0809123079	1800.0	-537	-966600.0
4932.YPL196W	273.0	-2.86550841044	143.468864469	-13.5466726175	1365.0	411	561015.0
4932.YPL216W	1102.0	-2.85705375154	148.99092559	-11.7351889519	5510.0	52	286520.0
4932.YPL219W	492.0	-2.80006851631	128.782520325	-14.5218776	2460.0	14	34440.0
4932.YPL241C	268.0	-2.76890991237	145.044776119	-14.022932091	1340.0	44	58960.0
4932.YPL250C	136.0	-2.74570671118	130.205882353	-12.8066462407	680.0	-197	-133960.0
4932.YPL268W	869.0	-2.88291323407	146.295742232	-11.4591970524	4345.0	3	13035.0
4932.YPL269W	644.0	-2.80036649255	131.043478261	-14.0162579798	3220.0	30	96600.0
4932.YPR003C	754.0	-2.81839053658	124.641909814	-11.4076137063	3770.0	35	131950.0
4932.YPR006C	575.0	-2.88935211083	144.784347827	-13.1339223196	2875.0	60	172500.0
4932.YPR031W	748.0	-2.90651867113	157.71657754	-13.7504416833	3740.0	12	44880.0
4932.YPR057W	341.0	-2.84925969688	148.565982405	-13.7810690428	1705.0	-175	-298375.0
4932.YPR061C	301.0	-2.8885526421	165.980066445	-13.2127555136	1505.0	11	16555.0
4932.YPR065W	368.0	-2.72921155191	137.820652174	-11.2779201402	1840.0	52	95680.0
4932.YPR071W	211.0	-2.88465050204	155.758293839	-13.7633894955	1055.0	165	174075.0
4932.YPR075C	360.0	-2.74736645417	123.605555556	-11.8207243984	1800.0	64	115200.0
4932.YPR083W	579.0	-2.7734913184	136.445595855	-12.8395479145	2895.0	33	95535.0
4932.YPR098C	161.0	-2.77828057445	135.422360248	-13.1970110595	805.0	65	52325.0
4932.YPR101W	175.0	-2.79967784764	133.748571429	-12.469630672	875.0	-154	-134750.0
4932.YPR116W	277.0	-2.81235335626	136.537906137	-13.7761295533	1385.0	960	1329600.0
4932.YPR122W	1208.0	-2.83955055359	136.402317881	-13.5170696309	6040.0	53	320120.0
4932.YPR134W	268.0	-2.85323391276	138.623134328	-14.6603576107	1340.0	34	45560.0
4932.YPR185W	738.0	-2.81712326179	133.982384824	-13.5453626134	3690.0	14	51660.0
4932.YCR082W	128.0	-2.78718135772	142.3515625	-13.1340825033	640.0	21	13440.0
4932.YDR520C	772.0	-2.86492979709	147.35880829	-13.0697642962	3860.0	16	61760.0
4932.YGL124C	644.0	-2.84427859882	142.450310559	-16.1575140597	3220.0	37	119140.0
4932.YKL061W	113.0	-2.6684395113	140.415929203	-11.9594067971	565.0	54	30510.0
4932.YLR193C	175.0	-2.84600610178	142.497142858	-12.1038610607	875.0	6	5250.0
4932.YLR251W	197.0	-2.87684448782	160.862944162	-14.413137822	985.0	44	43340.0
4932.YLR265C	342.0	-2.80017685516	136.552631579	-15.5214585137	1710.0	28	47880.0
4932.YNL077W	528.0	-2.87798669573	146.606060606	-13.5195934306	2640.0	20	52800.0
4932.YPL002C	233.0	-2.84779433337	149.931330472	-14.8899294531	1165.0	96	111840.0
4932.YPL150W	901.0	-2.80434344225	127.469478357	-17.3033700517	4505.0	9	40545.0
4932.YBR067C	210.0	-2.45526332258	84.6809523808	-9.34152067956	1050.0	233	244650.0
4932.YDL184C	25.0	-1.69753517149	177.2	-9.14697201301	125.0	34	4250.0
4932.YDR034W-B	51.0	-2.64877448413	262.980392158	-12.6455113036	255.0	-83	-21165.0
4932.YDR210W	75.0	-2.26398032375	186.04	-12.064771593	375.0	-1610	-603750.0
4932.YER053C-A	37.0	-2.75339298556	143.324324325	-11.3735675574	185.0	-231	-42735.0
4932.YGR036C	239.0	-2.8505755389	151.008368201	-10.6098416022	1195.0	-110	-131450.0
4932.YGR105W	77.0	-2.68922062714	112.727272727	-12.293634625	385.0	84	32340.0
4932.YGR269W	108.0	-2.85859604715	161.361111111	-11.9824799832	540.0	39	21060.0
4932.YJR044C	140.0	-2.7408539164	152.85	-11.6431423553	700.0	-175	-122500.0
4932.YLR218C	150.0	-2.82280741985	173.92	-11.8550265049	750.0	437	327750.0
4932.YLR457C	319.0	-2.73118317175	129.746081505	-11.1917461614	1595.0	31	49445.0
4932.YML007C-A	36.0	-2.3682121363	135.305555555	-12.6616309887	180.0	2981	536580.0
4932.YOR247W	210.0	-2.46973493259	116.342857143	-10.9976277749	1050.0	56	58800.0
4932.YPL076W	280.0	-2.72420009963	144.210714286	-11.8626925057	1400.0	70	98000.0
4932.YPL183W-A	93.0	-2.76553679567	157.76344086	-11.4897886291	465.0	2298	1068570.0
4932.YJL144W	104.0	-2.70543223181	133.807692308	-13.2751804849	520.0	15	7800.0
4932.YLR042C	161.0	-2.59224142765	105.049689441	-10.5593995691	805.0	-94	-75670.0
4932.YMR138W	191.0	-2.80228044192	151.303664921	-12.7173996434	955.0	64	61120.0
4932.YOR199W	109.0	-2.86925316328	194.550458716	-12.9907814897	545.0	372	202740.0
4932.YCR079W	442.0	-2.88206721366	141.692307692	-14.1768615279	2210.0	67	148070.0
4932.YDL109C	647.0	-2.88949040539	144.710973725	-12.2480248265	3235.0	15	48525.0
4932.YPR066W	299.0	-2.86332666365	149.876254181	-12.1523510316	1495.0	30	44850.0
4932.YBR163W	585.0	-2.85979205557	151.492307692	-12.7042816788	2925.0	27	78975.0
4932.YDL197C	525.0	-2.75170598851	129.523809524	-13.2676185592	2625.0	24	63000.0
4932.YER158C	573.0	-2.76452350381	129.839441536	-13.5532795543	2865.0	3	8595.0
4932.YLL002W	436.0	-2.84008814095	129.394495413	-13.3212675858	2180.0	150	327000.0
4932.YNL291C	548.0	-2.8503968391	151.089416058	-12.4156841357	2740.0	10	27400.0
4932.YBR266C	150.0	-2.45269921397	142.646666667	-16.4878778173	750.0	11	8250.0
4932.YDL176W	708.0	-2.89009919678	151.973163842	-14.9360690177	3540.0	3	10620.0
4932.YDR004W	460.0	-2.8671359735	134.332608696	-15.720310991	2300.0	34	78200.0
4932.YDR072C	527.0	-2.87335393219	153.092979127	-14.6494500011	2635.0	23	60605.0
4932.YER087C-A	183.0	-2.75602313191	168.568306011	-16.7361599731	915.0	55	50325.0
4932.YHR079C	1115.0	-2.85800790421	134.98206278	-14.7507447446	5575.0	32	178400.0
4932.YHR173C	112.0	-2.93420214794	183.383928571	-17.6026801544	560.0	4	2240.0
4932.YIL054W	105.0	-2.75824222201	159.295238095	-16.4138945572	525.0	6	3150.0
4932.YIL071C	444.0	-2.819053162	146.675675676	-15.0060354768	2220.0	33	73260.0
4932.YJR079W	109.0	-2.7299772291	132.95412844	-15.8226824278	545.0	44	23980.0
4932.YKL162C	402.0	-2.85141483799	148.552238806	-14.3260796117	2010.0	16	32160.0
4932.YKR041W	250.0	-2.85628347491	152.952000001	-16.4241852081	1250.0	37	46250.0
4932.YLR145W	201.0	-2.83132094646	155.124378109	-15.7005958758	1005.0	-327	-328635.0
4932.YML023C	556.0	-2.84050310814	139.061151079	-14.1932620158	2780.0	36	100080.0
4932.YML053C	212.0	-2.69820203731	161.533018868	-15.4814106568	1060.0	12	12720.0
4932.YMR252C	134.0	-2.80277992303	157.798507462	-17.2776643019	670.0	-157	-105190.0
4932.YMR290W-A	115.0	-2.69978278148	134.173913044	-17.2007139976	575.0	209	120175.0
4932.YNL162W-A	72.0	-2.75043768087	161.888888888	-17.0667163369	360.0	17	6120.0
4932.YOL052C-A	61.0	-2.38299471672	84.1147540982	-16.5488313698	305.0	-475	-144875.0
4932.YOR129C	893.0	-2.84614971258	131.424412094	-13.8853475816	4465.0	24	107160.0
4932.YOR258W	217.0	-2.82888973746	173.304147466	-15.9634851023	1085.0	50	54250.0
4932.YPL066W	479.0	-2.74692548886	134.501043841	-15.1716818585	2395.0	20	47900.0
4932.YPL267W	209.0	-2.78517016217	122.28708134	-15.4472236066	1045.0	5	5225.0
4932.YPR106W	443.0	-2.84074061545	140.334085779	-14.9742851373	2215.0	14	31010.0
